Epoch,Step,Global_Step,Loss
1,1,1,10.568612
1,1,1,11.762474
1,1,1,10.938022
1,1,1,12.183432
1,1,1,9.874956
1,1,1,11.802094
1,1,1,10.736303
1,1,1,9.965186
1,2,2,3.129282
1,2,2,3.330668
1,2,2,4.008132
1,2,2,3.468215
1,2,2,3.195585
1,2,2,3.344360
1,2,2,3.497978
1,2,2,4.067986
1,3,3,2.169070
1,3,3,1.777254
1,3,3,1.988022
1,3,3,2.264742
1,3,3,2.124346
1,3,3,2.014593
1,3,3,1.907720
1,3,3,2.212545
1,4,4,1.340963
1,4,4,1.467209
1,4,4,1.360093
1,4,4,1.530731
1,4,4,1.407295
1,4,4,1.270312
1,4,4,1.422736
1,4,4,1.467974
1,5,5,1.160187
1,5,5,1.080675
1,5,5,0.948169
1,5,5,0.951932
1,5,5,1.166210
1,5,5,1.145465
1,5,5,1.141391
1,5,5,1.122241
1,6,6,0.861085
1,6,6,0.915700
1,6,6,0.829351
1,6,6,0.787592
1,6,6,0.823919
1,6,6,0.814641
1,6,6,0.742008
1,6,6,0.790889
1,7,7,0.681370
1,7,7,0.684186
1,7,7,0.672511
1,7,7,0.708216
1,7,7,0.670892
1,7,7,0.637364
1,7,7,0.723165
1,7,7,0.669982
1,8,8,0.665917
1,8,8,0.653583
1,8,8,0.566625
1,8,8,0.544301
1,8,8,0.583152
1,8,8,0.674784
1,8,8,0.611121
1,8,8,0.708938
1,9,9,0.513481
1,9,9,0.481445
1,9,9,0.674119
1,9,9,0.558216
1,9,9,0.460148
1,9,9,0.497585
1,9,9,0.493845
1,9,9,0.582268
1,10,10,0.429475
1,10,10,0.411283
1,10,10,0.469678
1,10,10,0.432675
1,10,10,0.436221
1,10,10,0.519244
1,10,10,0.440052
1,10,10,0.482187
1,11,11,0.379143
1,11,11,0.401285
1,11,11,0.431345
1,11,11,0.373807
1,11,11,0.407090
1,11,11,0.376289
1,11,11,0.426510
1,11,11,0.395877
1,12,12,0.449296
1,12,12,0.343951
1,12,12,0.375054
1,12,12,0.361374
1,12,12,0.370687
1,12,12,0.392481
1,12,12,0.424538
1,12,12,0.339070
1,13,13,0.313337
1,13,13,0.370584
1,13,13,0.329930
1,13,13,0.369922
1,13,13,0.351499
1,13,13,0.374561
1,13,13,0.335016
1,13,13,0.376644
1,14,14,0.313961
1,14,14,0.352496
1,14,14,0.356224
1,14,14,0.356525
1,14,14,0.313384
1,14,14,0.337478
1,14,14,0.374164
1,14,14,0.341035
1,15,15,0.300275
1,15,15,0.302708
1,15,15,0.302318
1,15,15,0.284077
1,15,15,0.314383
1,15,15,0.306571
1,15,15,0.285887
1,15,15,0.278027
1,16,16,0.281511
1,16,16,0.301685
1,16,16,0.270662
1,16,16,0.308391
1,16,16,0.274070
1,16,16,0.295678
1,16,16,0.263845
1,16,16,0.333619
1,17,17,0.285237
1,17,17,0.250150
1,17,17,0.266756
1,17,17,0.316106
1,17,17,0.264736
1,17,17,0.291726
1,17,17,0.298367
1,17,17,0.290242
1,18,18,0.253757
1,18,18,0.274269
1,18,18,0.315729
1,18,18,0.261474
1,18,18,0.279136
1,18,18,0.307489
1,18,18,0.271912
1,18,18,0.261517
1,19,19,0.268778
1,19,19,0.258223
1,19,19,0.265102
1,19,19,0.255086
1,19,19,0.287168
1,19,19,0.260509
1,19,19,0.276731
1,19,19,0.298453
1,20,20,0.255919
1,20,20,0.260037
1,20,20,0.263389
1,20,20,0.308928
1,20,20,0.242327
1,20,20,0.274918
1,20,20,0.270370
1,20,20,0.260793
1,21,21,0.223718
1,21,21,0.236331
1,21,21,0.237782
1,21,21,0.298358
1,21,21,0.218821
1,21,21,0.231168
1,21,21,0.230269
1,21,21,0.248707
1,22,22,0.223073
1,22,22,0.287041
1,22,22,0.230347
1,22,22,0.235738
1,22,22,0.222352
1,22,22,0.245697
1,22,22,0.240611
1,22,22,0.236589
1,23,23,0.220421
1,23,23,0.238886
1,23,23,0.219777
1,23,23,0.241677
1,23,23,0.255055
1,23,23,0.242817
1,23,23,0.232071
1,23,23,0.248093
1,24,24,0.229399
1,24,24,0.235671
1,24,24,0.226619
1,24,24,0.231773
1,24,24,0.217380
1,24,24,0.224312
1,24,24,0.216536
1,24,24,0.229407
1,25,25,0.212865
1,25,25,0.227833
1,25,25,0.236022
1,25,25,0.229437
1,25,25,0.248204
1,25,25,0.233617
1,25,25,0.233369
1,25,25,0.212536
1,26,26,0.226230
1,26,26,0.223161
1,26,26,0.215975
1,26,26,0.228209
1,26,26,0.202406
1,26,26,0.221474
1,26,26,0.214516
1,26,26,0.203341
1,27,27,0.220697
1,27,27,0.207712
1,27,27,0.206475
1,27,27,0.207417
1,27,27,0.226039
1,27,27,0.201956
1,27,27,0.214786
1,27,27,0.194728
1,28,28,0.215567
1,28,28,0.215699
1,28,28,0.220412
1,28,28,0.203019
1,28,28,0.203139
1,28,28,0.228409
1,28,28,0.216703
1,28,28,0.218438
1,29,29,0.202247
1,29,29,0.220855
1,29,29,0.226417
1,29,29,0.228289
1,29,29,0.204517
1,29,29,0.225789
1,29,29,0.204731
1,29,29,0.207686
1,30,30,0.208086
1,30,30,0.215959
1,30,30,0.209982
1,30,30,0.193566
1,30,30,0.228576
1,30,30,0.206428
1,30,30,0.205987
1,30,30,0.223850
1,31,31,0.194726
1,31,31,0.227297
1,31,31,0.204222
1,31,31,0.198118
1,31,31,0.201358
1,31,31,0.205891
1,31,31,0.212108
1,31,31,0.195939
1,32,32,0.183351
1,32,32,0.206204
1,32,32,0.206938
1,32,32,0.210506
1,32,32,0.199143
1,32,32,0.188141
1,32,32,0.187098
1,32,32,0.205516
1,33,33,0.194109
1,33,33,0.194088
1,33,33,0.209076
1,33,33,0.221020
1,33,33,0.200298
1,33,33,0.199566
1,33,33,0.183172
1,33,33,0.199519
1,34,34,0.179903
1,34,34,0.185059
1,34,34,0.206400
1,34,34,0.188677
1,34,34,0.195575
1,34,34,0.187614
1,34,34,0.196012
1,34,34,0.207856
1,35,35,0.187056
1,35,35,0.190910
1,35,35,0.164904
1,35,35,0.188120
1,35,35,0.187026
1,35,35,0.185268
1,35,35,0.182175
1,35,35,0.187295
1,36,36,0.193952
1,36,36,0.204688
1,36,36,0.202011
1,36,36,0.175425
1,36,36,0.185908
1,36,36,0.190651
1,36,36,0.184541
1,36,36,0.177067
1,37,37,0.178514
1,37,37,0.205891
1,37,37,0.178534
1,37,37,0.175232
1,37,37,0.199729
1,37,37,0.191893
1,37,37,0.192623
1,37,37,0.174264
1,38,38,0.177205
1,38,38,0.180678
1,38,38,0.176945
1,38,38,0.191888
1,38,38,0.185971
1,38,38,0.184660
1,38,38,0.186819
1,38,38,0.200306
1,39,39,0.173856
1,39,39,0.183813
1,39,39,0.174275
1,39,39,0.171254
1,39,39,0.171879
1,39,39,0.171662
1,39,39,0.179580
1,39,39,0.184666
1,40,40,0.180900
1,40,40,0.170431
1,40,40,0.182519
1,40,40,0.192683
1,40,40,0.174355
1,40,40,0.182927
1,40,40,0.168147
1,40,40,0.169496
1,41,41,0.162188
1,41,41,0.191722
1,41,41,0.171307
1,41,41,0.178006
1,41,41,0.178317
1,41,41,0.169936
1,41,41,0.177980
1,41,41,0.165439
1,42,42,0.183724
1,42,42,0.206552
1,42,42,0.169711
1,42,42,0.177208
1,42,42,0.167463
1,42,42,0.178946
1,42,42,0.173820
1,42,42,0.175936
1,43,43,0.207256
1,43,43,0.191570
1,43,43,0.194412
1,43,43,0.185894
1,43,43,0.180101
1,43,43,0.171296
1,43,43,0.165983
1,43,43,0.173248
1,44,44,0.165943
1,44,44,0.166020
1,44,44,0.165699
1,44,44,0.161531
1,44,44,0.175318
1,44,44,0.170308
1,44,44,0.173639
1,44,44,0.169821
1,45,45,0.169183
1,45,45,0.169651
1,45,45,0.164151
1,45,45,0.175309
1,45,45,0.167351
1,45,45,0.173052
1,45,45,0.172131
1,45,45,0.189369
1,46,46,0.175754
1,46,46,0.162937
1,46,46,0.172932
1,46,46,0.173949
1,46,46,0.173969
1,46,46,0.170930
1,46,46,0.166288
1,46,46,0.165495
1,47,47,0.177176
1,47,47,0.162379
1,47,47,0.169945
1,47,47,0.165499
1,47,47,0.167259
1,47,47,0.174627
1,47,47,0.161589
1,47,47,0.178582
1,48,48,0.173459
1,48,48,0.164337
1,48,48,0.169862
1,48,48,0.161459
1,48,48,0.175158
1,48,48,0.180892
1,48,48,0.172280
1,48,48,0.192923
1,49,49,0.162181
1,49,49,0.179715
1,49,49,0.174226
1,49,49,0.155804
1,49,49,0.178033
1,49,49,0.171683
1,49,49,0.154091
1,49,49,0.170754
1,50,50,0.159146
1,50,50,0.191861
1,50,50,0.167986
1,50,50,0.162328
1,50,50,0.170556
1,50,50,0.159418
1,50,50,0.170775
1,50,50,0.158287
1,51,51,0.154454
1,51,51,0.165338
1,51,51,0.163336
1,51,51,0.161284
1,51,51,0.171905
1,51,51,0.182476
1,51,51,0.167791
1,51,51,0.170359
1,52,52,0.157957
1,52,52,0.169043
1,52,52,0.162332
1,52,52,0.163674
1,52,52,0.165647
1,52,52,0.161920
1,52,52,0.160078
1,52,52,0.160586
1,53,53,0.158283
1,53,53,0.161175
1,53,53,0.176288
1,53,53,0.157829
1,53,53,0.153242
1,53,53,0.168155
1,53,53,0.163356
1,53,53,0.159943
1,54,54,0.171085
1,54,54,0.163843
1,54,54,0.158595
1,54,54,0.154694
1,54,54,0.164634
1,54,54,0.157322
1,54,54,0.158850
1,54,54,0.167310
1,55,55,0.146881
1,55,55,0.157188
1,55,55,0.161560
1,55,55,0.160178
1,55,55,0.174310
1,55,55,0.168517
1,55,55,0.155878
1,55,55,0.154368
1,56,56,0.159189
1,56,56,0.171814
1,56,56,0.155481
1,56,56,0.164709
1,56,56,0.153006
1,56,56,0.156610
1,56,56,0.162052
1,56,56,0.168389
1,57,57,0.158972
1,57,57,0.154559
1,57,57,0.154633
1,57,57,0.154187
1,57,57,0.152553
1,57,57,0.153571
1,57,57,0.173006
1,57,57,0.165478
1,58,58,0.151980
1,58,58,0.167023
1,58,58,0.159908
1,58,58,0.166117
1,58,58,0.164403
1,58,58,0.162952
1,58,58,0.164237
1,58,58,0.156661
1,59,59,0.153838
1,59,59,0.153628
1,59,59,0.157168
1,59,59,0.166091
1,59,59,0.148721
1,59,59,0.155757
1,59,59,0.161476
1,59,59,0.160585
1,60,60,0.148042
1,60,60,0.165460
1,60,60,0.153970
1,60,60,0.149120
1,60,60,0.160607
1,60,60,0.156436
1,60,60,0.167943
1,60,60,0.149784
1,61,61,0.151185
1,61,61,0.148086
1,61,61,0.155539
1,61,61,0.153333
1,61,61,0.152487
1,61,61,0.156190
1,61,61,0.157305
1,61,61,0.150659
1,62,62,0.145488
1,62,62,0.168473
1,62,62,0.166656
1,62,62,0.147284
1,62,62,0.147609
1,62,62,0.164182
1,62,62,0.154914
1,62,62,0.159436
1,63,63,0.158802
1,63,63,0.154312
1,63,63,0.155983
1,63,63,0.154665
1,63,63,0.151280
1,63,63,0.225987
1,63,63,0.148634
1,63,63,0.149560
1,64,64,0.159089
1,64,64,0.153525
1,64,64,0.156262
1,64,64,0.155117
1,64,64,0.152435
1,64,64,0.147404
1,64,64,0.146222
1,64,64,0.166423
1,65,65,0.148578
1,65,65,0.157568
1,65,65,0.155628
1,65,65,0.142811
1,65,65,0.150472
1,65,65,0.144084
1,65,65,0.149776
1,65,65,0.161434
1,66,66,0.155627
1,66,66,0.145640
1,66,66,0.152407
1,66,66,0.151991
1,66,66,0.146903
1,66,66,0.144955
1,66,66,0.145050
1,66,66,0.160404
1,67,67,0.149743
1,67,67,0.161351
1,67,67,0.166917
1,67,67,0.151021
1,67,67,0.143621
1,67,67,0.136649
1,67,67,0.149449
1,67,67,0.159670
1,68,68,0.142237
1,68,68,0.151104
1,68,68,0.142222
1,68,68,0.150772
1,68,68,0.146600
1,68,68,0.143714
1,68,68,0.156075
1,68,68,0.141974
1,69,69,0.146805
1,69,69,0.143687
1,69,69,0.148511
1,69,69,0.144897
1,69,69,0.142024
1,69,69,0.150965
1,69,69,0.163047
1,69,69,0.136509
1,70,70,0.153682
1,70,70,0.145465
1,70,70,0.141650
1,70,70,0.152002
1,70,70,0.140465
1,70,70,0.137617
1,70,70,0.140321
1,70,70,0.148133
1,71,71,0.146968
1,71,71,0.143832
1,71,71,0.147444
1,71,71,0.147563
1,71,71,0.143670
1,71,71,0.175581
1,71,71,0.147272
1,71,71,0.152745
1,72,72,0.147114
1,72,72,0.145099
1,72,72,0.139842
1,72,72,0.153265
1,72,72,0.147514
1,72,72,0.150120
1,72,72,0.144275
1,72,72,0.164511
1,73,73,0.150275
1,73,73,0.147161
1,73,73,0.144143
1,73,73,0.145060
1,73,73,0.135829
1,73,73,0.145008
1,73,73,0.150036
1,73,73,0.138509
1,74,74,0.144296
1,74,74,0.142325
1,74,74,0.149156
1,74,74,0.144780
1,74,74,0.142676
1,74,74,0.153730
1,74,74,0.140972
1,74,74,0.143095
1,75,75,0.140067
1,75,75,0.150923
1,75,75,0.144934
1,75,75,0.148624
1,75,75,0.142538
1,75,75,0.140249
1,75,75,0.145149
1,75,75,0.153336
1,76,76,0.140772
1,76,76,0.150341
1,76,76,0.144914
1,76,76,0.144098
1,76,76,0.135024
1,76,76,0.140122
1,76,76,0.147432
1,76,76,0.139830
1,77,77,0.146081
1,77,77,0.146942
1,77,77,0.154933
1,77,77,0.145680
1,77,77,0.148746
1,77,77,0.150859
1,77,77,0.141707
1,77,77,0.153184
1,78,78,0.139802
1,78,78,0.141337
1,78,78,0.148802
1,78,78,0.164366
1,78,78,0.140874
1,78,78,0.143970
1,78,78,0.142816
1,78,78,0.138800
1,79,79,0.141713
1,79,79,0.141001
1,79,79,0.156337
1,79,79,0.134066
1,79,79,0.141498
1,79,79,0.143585
1,79,79,0.153576
1,79,79,0.140213
1,80,80,0.146699
1,80,80,0.145356
1,80,80,0.145656
1,80,80,0.160153
1,80,80,0.142109
1,80,80,0.145800
1,80,80,0.142291
1,80,80,0.144647
1,81,81,0.145230
1,81,81,0.138905
1,81,81,0.137573
1,81,81,0.139667
1,81,81,0.141879
1,81,81,0.139697
1,81,81,0.143738
1,81,81,0.141995
1,82,82,0.136737
1,82,82,0.147513
1,82,82,0.144048
1,82,82,0.152221
1,82,82,0.138671
1,82,82,0.151789
1,82,82,0.146670
1,82,82,0.143286
1,83,83,0.133421
1,83,83,0.147094
1,83,83,0.144677
1,83,83,0.141196
1,83,83,0.136657
1,83,83,0.134455
1,83,83,0.138979
1,83,83,0.144277
1,84,84,0.138437
1,84,84,0.139219
1,84,84,0.140414
1,84,84,0.143242
1,84,84,0.147426
1,84,84,0.136348
1,84,84,0.146953
1,84,84,0.132912
1,85,85,0.140101
1,85,85,0.134147
1,85,85,0.137277
1,85,85,0.142087
1,85,85,0.141001
1,85,85,0.140664
1,85,85,0.133282
1,85,85,0.137696
1,86,86,0.139743
1,86,86,0.139242
1,86,86,0.137453
1,86,86,0.138767
1,86,86,0.140453
1,86,86,0.134547
1,86,86,0.144177
1,86,86,0.138628
1,87,87,0.140970
1,87,87,0.137662
1,87,87,0.135815
1,87,87,0.136399
1,87,87,0.139533
1,87,87,0.141357
1,87,87,0.133326
1,87,87,0.139104
1,88,88,0.143527
1,88,88,0.140903
1,88,88,0.137723
1,88,88,0.134430
1,88,88,0.143792
1,88,88,0.133155
1,88,88,0.140757
1,88,88,0.139994
1,89,89,0.138368
1,89,89,0.138561
1,89,89,0.140934
1,89,89,0.139237
1,89,89,0.136203
1,89,89,0.142115
1,89,89,0.138701
1,89,89,0.141133
1,90,90,0.136753
1,90,90,0.138626
1,90,90,0.140378
1,90,90,0.141362
1,90,90,0.134576
1,90,90,0.148314
1,90,90,0.154001
1,90,90,0.137930
1,91,91,0.140811
1,91,91,0.140678
1,91,91,0.143163
1,91,91,0.144690
1,91,91,0.148959
1,91,91,0.136244
1,91,91,0.133847
1,91,91,0.137410
1,92,92,0.141815
1,92,92,0.139574
1,92,92,0.141374
1,92,92,0.142774
1,92,92,0.140286
1,92,92,0.143006
1,92,92,0.134692
1,92,92,0.145181
1,93,93,0.137142
1,93,93,0.145167
1,93,93,0.135225
1,93,93,0.138478
1,93,93,0.146278
1,93,93,0.144546
1,93,93,0.138172
1,93,93,0.138493
1,94,94,0.146180
1,94,94,0.139105
1,94,94,0.138109
1,94,94,0.126639
1,94,94,0.133414
1,94,94,0.130712
1,94,94,0.142015
1,94,94,0.143019
1,95,95,0.132199
1,95,95,0.133061
1,95,95,0.147488
1,95,95,0.139332
1,95,95,0.137175
1,95,95,0.134789
1,95,95,0.140106
1,95,95,0.136316
1,96,96,0.133934
1,96,96,0.138237
1,96,96,0.132830
1,96,96,0.138292
1,96,96,0.139526
1,96,96,0.145577
1,96,96,0.131727
1,96,96,0.135732
1,97,97,0.145224
1,97,97,0.144980
1,97,97,0.137964
1,97,97,0.137580
1,97,97,0.144516
1,97,97,0.131085
1,97,97,0.140100
1,97,97,0.135772
1,98,98,0.132613
1,98,98,0.134181
1,98,98,0.129386
1,98,98,0.143910
1,98,98,0.141641
1,98,98,0.134172
1,98,98,0.134808
1,98,98,0.142770
1,99,99,0.136270
1,99,99,0.134896
1,99,99,0.152526
1,99,99,0.139445
1,99,99,0.142335
1,99,99,0.143893
1,99,99,0.134261
1,99,99,0.143185
1,100,100,0.141914
1,100,100,0.141198
1,100,100,0.134685
1,100,100,0.137878
1,100,100,0.142484
1,100,100,0.146461
1,100,100,0.138249
1,100,100,0.135105
1,101,101,0.136261
1,101,101,0.142942
1,101,101,0.133315
1,101,101,0.135936
1,101,101,0.134711
1,101,101,0.144503
1,101,101,0.146109
1,101,101,0.138495
1,102,102,0.132882
1,102,102,0.135234
1,102,102,0.136226
1,102,102,0.138884
1,102,102,0.132810
1,102,102,0.142817
1,102,102,0.135385
1,102,102,0.137764
1,103,103,0.129530
1,103,103,0.138934
1,103,103,0.133874
1,103,103,0.149144
1,103,103,0.132980
1,103,103,0.133248
1,103,103,0.136050
1,103,103,0.142038
1,104,104,0.142918
1,104,104,0.130174
1,104,104,0.133874
1,104,104,0.137567
1,104,104,0.144199
1,104,104,0.133420
1,104,104,0.137757
1,104,104,0.135776
1,105,105,0.133325
1,105,105,0.134457
1,105,105,0.148288
1,105,105,0.140160
1,105,105,0.237302
1,105,105,0.134465
1,105,105,0.137662
1,105,105,0.151136
1,106,106,0.136336
1,106,106,0.135638
1,106,106,0.133626
1,106,106,0.135577
1,106,106,0.143811
1,106,106,0.141864
1,106,106,0.135776
1,106,106,0.132943
1,107,107,0.129871
1,107,107,0.139356
1,107,107,0.140021
1,107,107,0.150785
1,107,107,0.129848
1,107,107,0.130381
1,107,107,0.135267
1,107,107,0.131832
1,108,108,0.134256
1,108,108,0.135043
1,108,108,0.142504
1,108,108,0.135137
1,108,108,0.151973
1,108,108,0.148497
1,108,108,0.135339
1,108,108,0.139992
1,109,109,0.136703
1,109,109,0.129503
1,109,109,0.138344
1,109,109,0.142694
1,109,109,0.137568
1,109,109,0.132309
1,109,109,0.138093
1,109,109,0.138707
1,110,110,0.138842
1,110,110,0.134453
1,110,110,0.136445
1,110,110,0.139072
1,110,110,0.130151
1,110,110,0.142393
1,110,110,0.139372
1,110,110,0.170648
1,111,111,0.140090
1,111,111,0.137645
1,111,111,0.131309
1,111,111,0.140905
1,111,111,0.141104
1,111,111,0.137057
1,111,111,0.137305
1,111,111,0.141610
1,112,112,0.135320
1,112,112,0.136915
1,112,112,0.133521
1,112,112,0.133221
1,112,112,0.138601
1,112,112,0.131212
1,112,112,0.143916
1,112,112,0.136527
1,113,113,0.131972
1,113,113,0.131307
1,113,113,0.133044
1,113,113,0.143922
1,113,113,0.147582
1,113,113,0.125120
1,113,113,0.133460
1,113,113,0.136268
1,114,114,0.141355
1,114,114,0.128906
1,114,114,0.135228
1,114,114,0.138844
1,114,114,0.146083
1,114,114,0.127762
1,114,114,0.138528
1,114,114,0.136184
1,115,115,0.128789
1,115,115,0.137891
1,115,115,0.138460
1,115,115,0.136858
1,115,115,0.132340
1,115,115,0.138346
1,115,115,0.143764
1,115,115,0.141687
1,116,116,0.140606
1,116,116,0.129627
1,116,116,0.133236
1,116,116,0.127837
1,116,116,0.127720
1,116,116,0.131990
1,116,116,0.134402
1,116,116,0.131627
1,117,117,0.130104
1,117,117,0.133184
1,117,117,0.129355
1,117,117,0.139475
1,117,117,0.135733
1,117,117,0.138901
1,117,117,0.141305
1,117,117,0.136283
1,118,118,0.130003
1,118,118,0.132601
1,118,118,0.134008
1,118,118,0.136219
1,118,118,0.133345
1,118,118,0.131970
1,118,118,0.137400
1,118,118,0.137816
1,119,119,0.138523
1,119,119,0.144692
1,119,119,0.131154
1,119,119,0.145660
1,119,119,0.135272
1,119,119,0.135502
1,119,119,0.135093
1,119,119,0.134139
1,120,120,0.134219
1,120,120,0.137214
1,120,120,0.131422
1,120,120,0.130945
1,120,120,0.137574
1,120,120,0.133888
1,120,120,0.135904
1,120,120,0.140470
1,121,121,0.137386
1,121,121,0.131267
1,121,121,0.142238
1,121,121,0.131647
1,121,121,0.136526
1,121,121,0.141081
1,121,121,0.151960
1,121,121,0.132721
1,122,122,0.135184
1,122,122,0.133592
1,122,122,0.138157
1,122,122,0.132928
1,122,122,0.140161
1,122,122,0.138933
1,122,122,0.138295
1,122,122,0.131026
1,123,123,0.136700
1,123,123,0.134332
1,123,123,0.125714
1,123,123,0.129655
1,123,123,0.129383
1,123,123,0.134344
1,123,123,0.136560
1,123,123,0.135172
1,124,124,0.131703
1,124,124,0.137254
1,124,124,0.136601
1,124,124,0.133111
1,124,124,0.133046
1,124,124,0.129156
1,124,124,0.130372
1,124,124,0.128703
1,125,125,0.135429
1,125,125,0.134806
1,125,125,0.130808
1,125,125,0.132559
1,125,125,0.137612
1,125,125,0.126744
1,125,125,0.146618
1,125,125,0.130757
1,126,126,0.132134
1,126,126,0.132564
1,126,126,0.144744
1,126,126,0.129216
1,126,126,0.125806
1,126,126,0.136872
1,126,126,0.132997
1,126,126,0.132279
1,127,127,0.130465
1,127,127,0.131785
1,127,127,0.128876
1,127,127,0.133888
1,127,127,0.124204
1,127,127,0.144670
1,127,127,0.134338
1,127,127,0.132867
1,128,128,0.129686
1,128,128,0.130129
1,128,128,0.131470
1,128,128,0.134621
1,128,128,0.125301
1,128,128,0.135037
1,128,128,0.129634
1,128,128,0.131322
1,129,129,0.139399
1,129,129,0.127535
1,129,129,0.131490
1,129,129,0.139013
1,129,129,0.137928
1,129,129,0.142469
1,129,129,0.137421
1,129,129,0.136163
1,130,130,0.141179
1,130,130,0.133680
1,130,130,0.149906
1,130,130,0.135585
1,130,130,0.131801
1,130,130,0.135818
1,130,130,0.139897
1,130,130,0.138997
1,131,131,0.137000
1,131,131,0.141304
1,131,131,0.129006
1,131,131,0.129671
1,131,131,0.128327
1,131,131,0.132275
1,131,131,0.127335
1,131,131,0.134535
1,132,132,0.131859
1,132,132,0.132574
1,132,132,0.128543
1,132,132,0.136638
1,132,132,0.137808
1,132,132,0.135635
1,132,132,0.131202
1,132,132,0.133313
1,133,133,0.131310
1,133,133,0.128299
1,133,133,0.126802
1,133,133,0.146743
1,133,133,0.129866
1,133,133,0.134237
1,133,133,0.128471
1,133,133,0.136887
1,134,134,0.124028
1,134,134,0.131115
1,134,134,0.132941
1,134,134,0.130609
1,134,134,0.137298
1,134,134,0.129010
1,134,134,0.143867
1,134,134,0.134586
1,135,135,0.135730
1,135,135,0.129604
1,135,135,0.140751
1,135,135,0.134705
1,135,135,0.128956
1,135,135,0.129284
1,135,135,0.134184
1,135,135,0.136662
1,136,136,0.140385
1,136,136,0.134784
1,136,136,0.129240
1,136,136,0.126127
1,136,136,0.130750
1,136,136,0.140056
1,136,136,0.131758
1,136,136,0.138450
1,137,137,0.130627
1,137,137,0.135837
1,137,137,0.128484
1,137,137,0.139915
1,137,137,0.136848
1,137,137,0.130103
1,137,137,0.125598
1,137,137,0.132498
1,138,138,0.131544
1,138,138,0.128771
1,138,138,0.135656
1,138,138,0.129972
1,138,138,0.126524
1,138,138,0.134558
1,138,138,0.140680
1,138,138,0.137008
1,139,139,0.135531
1,139,139,0.140164
1,139,139,0.128250
1,139,139,0.132480
1,139,139,0.126221
1,139,139,0.129515
1,139,139,0.142971
1,139,139,0.132565
1,140,140,0.140092
1,140,140,0.138661
1,140,140,0.139871
1,140,140,0.127908
1,140,140,0.131401
1,140,140,0.129125
1,140,140,0.136892
1,140,140,0.136847
1,141,141,0.142708
1,141,141,0.132230
1,141,141,0.152017
1,141,141,0.136228
1,141,141,0.133378
1,141,141,0.130327
1,141,141,0.131820
1,141,141,0.130636
1,142,142,0.142165
1,142,142,0.131932
1,142,142,0.134578
1,142,142,0.133491
1,142,142,0.128134
1,142,142,0.132981
1,142,142,0.138701
1,142,142,0.128804
1,143,143,0.130152
1,143,143,0.131787
1,143,143,0.128965
1,143,143,0.131027
1,143,143,0.152118
1,143,143,0.137415
1,143,143,0.130093
1,143,143,0.128052
1,144,144,0.127569
1,144,144,0.129097
1,144,144,0.132847
1,144,144,0.126404
1,144,144,0.129612
1,144,144,0.127996
1,144,144,0.136417
1,144,144,0.126806
1,145,145,0.132252
1,145,145,0.130852
1,145,145,0.129347
1,145,145,0.127516
1,145,145,0.135721
1,145,145,0.133402
1,145,145,0.131217
1,145,145,0.128467
1,146,146,0.134454
1,146,146,0.128918
1,146,146,0.130278
1,146,146,0.134724
1,146,146,0.130903
1,146,146,0.136994
1,146,146,0.130248
1,146,146,0.129355
1,147,147,0.140853
1,147,147,0.137339
1,147,147,0.126156
1,147,147,0.133271
1,147,147,0.138590
1,147,147,0.130084
1,147,147,0.126688
1,147,147,0.151800
1,148,148,0.134249
1,148,148,0.133647
1,148,148,0.129058
1,148,148,0.132162
1,148,148,0.132924
1,148,148,0.142633
1,148,148,0.133401
1,148,148,0.132365
1,149,149,0.135460
1,149,149,0.125311
1,149,149,0.128970
1,149,149,0.131342
1,149,149,0.129436
1,149,149,0.129582
1,149,149,0.130721
1,149,149,0.130544
1,150,150,0.126510
1,150,150,0.131563
1,150,150,0.127508
1,150,150,0.127597
1,150,150,0.127984
1,150,150,0.131907
1,150,150,0.139540
1,150,150,0.133677
1,151,151,0.127236
1,151,151,0.127578
1,151,151,0.131042
1,151,151,0.133487
1,151,151,0.133214
1,151,151,0.147445
1,151,151,0.131273
1,151,151,0.133129
1,152,152,0.134090
1,152,152,0.147222
1,152,152,0.131414
1,152,152,0.128152
1,152,152,0.128959
1,152,152,0.134010
1,152,152,0.129211
1,152,152,0.131204
1,153,153,0.133902
1,153,153,0.136845
1,153,153,0.125193
1,153,153,0.130542
1,153,153,0.133560
1,153,153,0.129478
1,153,153,0.139254
1,153,153,0.129289
1,154,154,0.132357
1,154,154,0.127175
1,154,154,0.126762
1,154,154,0.131926
1,154,154,0.130406
1,154,154,0.127962
1,154,154,0.126899
1,154,154,0.128139
1,155,155,0.128878
1,155,155,0.131762
1,155,155,0.127503
1,155,155,0.128976
1,155,155,0.128159
1,155,155,0.126057
1,155,155,0.127721
1,155,155,0.131852
1,156,156,0.132719
1,156,156,0.125466
1,156,156,0.126742
1,156,156,0.128245
1,156,156,0.137120
1,156,156,0.129878
1,156,156,0.128883
1,156,156,0.124537
1,157,157,0.130492
1,157,157,0.129163
1,157,157,0.129222
1,157,157,0.131033
1,157,157,0.127837
1,157,157,0.136286
1,157,157,0.134993
1,157,157,0.131047
1,158,158,0.131744
1,158,158,0.131700
1,158,158,0.129421
1,158,158,0.126753
1,158,158,0.131238
1,158,158,0.135276
1,158,158,0.145687
1,158,158,0.130928
1,159,159,0.129585
1,159,159,0.134644
1,159,159,0.131643
1,159,159,0.128267
1,159,159,0.128760
1,159,159,0.137015
1,159,159,0.130427
1,159,159,0.130278
1,160,160,0.126712
1,160,160,0.131515
1,160,160,0.134128
1,160,160,0.136289
1,160,160,0.129598
1,160,160,0.125405
1,160,160,0.126311
1,160,160,0.127868
1,161,161,0.135391
1,161,161,0.127201
1,161,161,0.130475
1,161,161,0.132556
1,161,161,0.127812
1,161,161,0.129619
1,161,161,0.140129
1,161,161,0.130933
1,162,162,0.133383
1,162,162,0.129620
1,162,162,0.135565
1,162,162,0.124588
1,162,162,0.141990
1,162,162,0.129809
1,162,162,0.125660
1,162,162,0.131938
1,163,163,0.129988
1,163,163,0.130237
1,163,163,0.133358
1,163,163,0.128980
1,163,163,0.124905
1,163,163,0.140838
1,163,163,0.129979
1,163,163,0.129893
1,164,164,0.125327
1,164,164,0.129081
1,164,164,0.135999
1,164,164,0.127520
1,164,164,0.131976
1,164,164,0.132617
1,164,164,0.131925
1,164,164,0.128887
1,165,165,0.127180
1,165,165,0.140290
1,165,165,0.129399
1,165,165,0.131820
1,165,165,0.130182
1,165,165,0.128629
1,165,165,0.133211
1,165,165,0.138479
1,166,166,0.138367
1,166,166,0.130470
1,166,166,0.127019
1,166,166,0.135867
1,166,166,0.129848
1,166,166,0.128604
1,166,166,0.129567
1,166,166,0.135001
1,167,167,0.130592
1,167,167,0.126583
1,167,167,0.144644
1,167,167,0.137362
1,167,167,0.134602
1,167,167,0.134133
1,167,167,0.129168
1,167,167,0.134609
1,168,168,0.135647
1,168,168,0.136485
1,168,168,0.131357
1,168,168,0.126984
1,168,168,0.127415
1,168,168,0.129020
1,168,168,0.130409
1,168,168,0.127142
1,169,169,0.135038
1,169,169,0.131444
1,169,169,0.136287
1,169,169,0.125501
1,169,169,0.128740
1,169,169,0.131725
1,169,169,0.135717
1,169,169,0.125554
1,170,170,0.128423
1,170,170,0.130051
1,170,170,0.126967
1,170,170,0.136119
1,170,170,0.129752
1,170,170,0.129173
1,170,170,0.131146
1,170,170,0.129529
1,171,171,0.124887
1,171,171,0.129119
1,171,171,0.130901
1,171,171,0.130823
1,171,171,0.131420
1,171,171,0.125285
1,171,171,0.127165
1,171,171,0.130628
1,172,172,0.128918
1,172,172,0.129146
1,172,172,0.133694
1,172,172,0.133201
1,172,172,0.124824
1,172,172,0.131383
1,172,172,0.131999
1,172,172,0.127213
1,173,173,0.136035
1,173,173,0.126218
1,173,173,0.126607
1,173,173,0.127730
1,173,173,0.125417
1,173,173,0.128115
1,173,173,0.125273
1,173,173,0.130612
1,174,174,0.130793
1,174,174,0.125519
1,174,174,0.126473
1,174,174,0.128963
1,174,174,0.126140
1,174,174,0.127975
1,174,174,0.127646
1,174,174,0.125030
1,175,175,0.123838
1,175,175,0.124201
1,175,175,0.129648
1,175,175,0.131160
1,175,175,0.125595
1,175,175,0.127797
1,175,175,0.132354
1,175,175,0.127222
1,176,176,0.129839
1,176,176,0.129062
1,176,176,0.135669
1,176,176,0.122734
1,176,176,0.131011
1,176,176,0.134414
1,176,176,0.126526
1,176,176,0.130720
1,177,177,0.130555
1,177,177,0.128684
1,177,177,0.132439
1,177,177,0.136743
1,177,177,0.135080
1,177,177,0.127564
1,177,177,0.132070
1,177,177,0.132393
1,178,178,0.123250
1,178,178,0.130720
1,178,178,0.131871
1,178,178,0.129551
1,178,178,0.129206
1,178,178,0.128492
1,178,178,0.128478
1,178,178,0.129184
1,179,179,0.126498
1,179,179,0.131729
1,179,179,0.125685
1,179,179,0.127339
1,179,179,0.131300
1,179,179,0.131176
1,179,179,0.128493
1,179,179,0.127834
1,180,180,0.129413
1,180,180,0.127105
1,180,180,0.132214
1,180,180,0.130239
1,180,180,0.130087
1,180,180,0.130844
1,180,180,0.130960
1,180,180,0.125583
1,181,181,0.124888
1,181,181,0.134443
1,181,181,0.127494
1,181,181,0.135836
1,181,181,0.132374
1,181,181,0.121918
1,181,181,0.137058
1,181,181,0.130565
1,182,182,0.133054
1,182,182,0.128443
1,182,182,0.127017
1,182,182,0.124703
1,182,182,0.127146
1,182,182,0.134847
1,182,182,0.134954
1,182,182,0.134036
1,183,183,0.125523
1,183,183,0.135256
1,183,183,0.129624
1,183,183,0.130477
1,183,183,0.135379
1,183,183,0.123282
1,183,183,0.129584
1,183,183,0.130742
1,184,184,0.143466
1,184,184,0.131884
1,184,184,0.127826
1,184,184,0.128691
1,184,184,0.127560
1,184,184,0.131808
1,184,184,0.129506
1,184,184,0.128212
1,185,185,0.130023
1,185,185,0.129429
1,185,185,0.122451
1,185,185,0.125516
1,185,185,0.130657
1,185,185,0.124577
1,185,185,0.128615
1,185,185,0.129178
1,186,186,0.129465
1,186,186,0.133555
1,186,186,0.133569
1,186,186,0.129488
1,186,186,0.125197
1,186,186,0.126701
1,186,186,0.128000
1,186,186,0.130717
1,187,187,0.125578
1,187,187,0.128105
1,187,187,0.123801
1,187,187,0.125929
1,187,187,0.125780
1,187,187,0.128205
1,187,187,0.128739
1,187,187,0.125329
1,188,188,0.129031
1,188,188,0.128612
1,188,188,0.132128
1,188,188,0.123156
1,188,188,0.130190
1,188,188,0.126397
1,188,188,0.126828
1,188,188,0.123136
1,189,189,0.129454
1,189,189,0.129339
1,189,189,0.123790
1,189,189,0.125525
1,189,189,0.126344
1,189,189,0.134061
1,189,189,0.129019
1,189,189,0.128400
1,190,190,0.129805
1,190,190,0.138101
1,190,190,0.122554
1,190,190,0.128910
1,190,190,0.131558
1,190,190,0.124501
1,190,190,0.133314
1,190,190,0.123688
1,191,191,0.127426
1,191,191,0.131775
1,191,191,0.130453
1,191,191,0.147316
1,191,191,0.132693
1,191,191,0.130315
1,191,191,0.130822
1,191,191,0.124415
1,192,192,0.124921
1,192,192,0.129491
1,192,192,0.132882
1,192,192,0.132916
1,192,192,0.133215
1,192,192,0.134455
1,192,192,0.132510
1,192,192,0.125978
1,193,193,0.123532
1,193,193,0.136133
1,193,193,0.128385
1,193,193,0.129376
1,193,193,0.134751
1,193,193,0.128162
1,193,193,0.132895
1,193,193,0.125384
1,194,194,0.128682
1,194,194,0.126213
1,194,194,0.133396
1,194,194,0.134263
1,194,194,0.124339
1,194,194,0.129401
1,194,194,0.128483
1,194,194,0.166772
1,195,195,0.130331
1,195,195,0.127254
1,195,195,0.132698
1,195,195,0.133093
1,195,195,0.126771
1,195,195,0.128896
1,195,195,0.129033
1,195,195,0.128748
1,196,196,0.130987
1,196,196,0.129310
1,196,196,0.129012
1,196,196,0.140207
1,196,196,0.136765
1,196,196,0.133238
1,196,196,0.127980
1,196,196,0.133172
1,197,197,0.126182
1,197,197,0.128933
1,197,197,0.131158
1,197,197,0.128640
1,197,197,0.153898
1,197,197,0.131252
1,197,197,0.133774
1,197,197,0.131013
1,198,198,0.128167
1,198,198,0.127111
1,198,198,0.128446
1,198,198,0.126843
1,198,198,0.136318
1,198,198,0.132091
1,198,198,0.134304
1,198,198,0.123344
1,199,199,0.124988
1,199,199,0.127559
1,199,199,0.129450
1,199,199,0.133870
1,199,199,0.130894
1,199,199,0.131070
1,199,199,0.124131
1,199,199,0.125419
1,200,200,0.127965
1,200,200,0.128903
1,200,200,0.136906
1,200,200,0.129925
1,200,200,0.128514
1,200,200,0.127071
1,200,200,0.127954
1,200,200,0.126630
1,201,201,0.130266
1,201,201,0.132088
1,201,201,0.132837
1,201,201,0.127644
1,201,201,0.127295
1,201,201,0.125170
1,201,201,0.133002
1,201,201,0.132524
1,202,202,0.127184
1,202,202,0.128460
1,202,202,0.131800
1,202,202,0.131217
1,202,202,0.124710
1,202,202,0.136655
1,202,202,0.120326
1,202,202,0.129880
1,203,203,0.132657
1,203,203,0.126844
1,203,203,0.126650
1,203,203,0.126714
1,203,203,0.130025
1,203,203,0.129724
1,203,203,0.129470
1,203,203,0.124960
1,204,204,0.126001
1,204,204,0.128526
1,204,204,0.126459
1,204,204,0.128398
1,204,204,0.136170
1,204,204,0.124701
1,204,204,0.135540
1,204,204,0.140153
1,205,205,0.133292
1,205,205,0.127667
1,205,205,0.126799
1,205,205,0.132565
1,205,205,0.121439
1,205,205,0.126724
1,205,205,0.132523
1,205,205,0.123747
1,206,206,0.132950
1,206,206,0.123704
1,206,206,0.123052
1,206,206,0.129396
1,206,206,0.127160
1,206,206,0.126281
1,206,206,0.124803
1,206,206,0.133333
1,207,207,0.133813
1,207,207,0.128283
1,207,207,0.126219
1,207,207,0.126662
1,207,207,0.132472
1,207,207,0.124687
1,207,207,0.127902
1,207,207,0.132086
1,208,208,0.130459
1,208,208,0.123139
1,208,208,0.125182
1,208,208,0.131760
1,208,208,0.128178
1,208,208,0.127660
1,208,208,0.128348
1,208,208,0.130050
1,209,209,0.133434
1,209,209,0.133551
1,209,209,0.125822
1,209,209,0.130190
1,209,209,0.127503
1,209,209,0.130469
1,209,209,0.143331
1,209,209,0.135335
1,210,210,0.144567
1,210,210,0.130886
1,210,210,0.132584
1,210,210,0.124942
1,210,210,0.131996
1,210,210,0.126343
1,210,210,0.129206
1,210,210,0.129323
1,211,211,0.145268
1,211,211,0.126068
1,211,211,0.124572
1,211,211,0.122889
1,211,211,0.127156
1,211,211,0.130186
1,211,211,0.131739
1,211,211,0.133450
1,212,212,0.122676
1,212,212,0.123319
1,212,212,0.127857
1,212,212,0.124359
1,212,212,0.133542
1,212,212,0.128929
1,212,212,0.136939
1,212,212,0.128174
1,213,213,0.128938
1,213,213,0.126679
1,213,213,0.126317
1,213,213,0.130261
1,213,213,0.126724
1,213,213,0.123247
1,213,213,0.131095
1,213,213,0.130239
1,214,214,0.130367
1,214,214,0.124381
1,214,214,0.129436
1,214,214,0.124861
1,214,214,0.122004
1,214,214,0.133368
1,214,214,0.128008
1,214,214,0.127143
1,215,215,0.126910
1,215,215,0.127063
1,215,215,0.128301
1,215,215,0.122468
1,215,215,0.120906
1,215,215,0.134776
1,215,215,0.128915
1,215,215,0.123492
1,216,216,0.124851
1,216,216,0.135839
1,216,216,0.123141
1,216,216,0.132228
1,216,216,0.128245
1,216,216,0.130344
1,216,216,0.127009
1,216,216,0.128166
1,217,217,0.132621
1,217,217,0.121096
1,217,217,0.127335
1,217,217,0.131240
1,217,217,0.129092
1,217,217,0.131164
1,217,217,0.130588
1,217,217,0.135196
1,218,218,0.126333
1,218,218,0.129252
1,218,218,0.126370
1,218,218,0.136510
1,218,218,0.137215
1,218,218,0.126369
1,218,218,0.136818
1,218,218,0.127464
1,219,219,0.133603
1,219,219,0.126983
1,219,219,0.128135
1,219,219,0.130099
1,219,219,0.123756
1,219,219,0.124516
1,219,219,0.139360
1,219,219,0.126492
1,220,220,0.133676
1,220,220,0.124267
1,220,220,0.128747
1,220,220,0.128750
1,220,220,0.133747
1,220,220,0.124528
1,220,220,0.124737
1,220,220,0.129920
1,221,221,0.127263
1,221,221,0.126428
1,221,221,0.125053
1,221,221,0.127165
1,221,221,0.127805
1,221,221,0.126213
1,221,221,0.129127
1,221,221,0.128903
1,222,222,0.130144
1,222,222,0.123987
1,222,222,0.125039
1,222,222,0.132132
1,222,222,0.128645
1,222,222,0.126427
1,222,222,0.129039
1,222,222,0.131491
1,223,223,0.126322
1,223,223,0.133372
1,223,223,0.125663
1,223,223,0.123530
1,223,223,0.130675
1,223,223,0.127055
1,223,223,0.134887
1,223,223,0.129298
1,224,224,0.126191
1,224,224,0.128168
1,224,224,0.129563
1,224,224,0.127635
1,224,224,0.131474
1,224,224,0.124773
1,224,224,0.129433
1,224,224,0.135005
1,225,225,0.127949
1,225,225,0.124983
1,225,225,0.123129
1,225,225,0.137024
1,225,225,0.130185
1,225,225,0.129756
1,225,225,0.125080
1,225,225,0.132934
1,226,226,0.127180
1,226,226,0.129953
1,226,226,0.128532
1,226,226,0.130420
1,226,226,0.140020
1,226,226,0.143671
1,226,226,0.129450
1,226,226,0.131787
1,227,227,0.130457
1,227,227,0.123593
1,227,227,0.128826
1,227,227,0.135558
1,227,227,0.134230
1,227,227,0.130476
1,227,227,0.124398
1,227,227,0.127485
1,228,228,0.122525
1,228,228,0.131097
1,228,228,0.127866
1,228,228,0.132355
1,228,228,0.129337
1,228,228,0.125215
1,228,228,0.126433
1,228,228,0.134902
1,229,229,0.138068
1,229,229,0.134766
1,229,229,0.131813
1,229,229,0.124246
1,229,229,0.130702
1,229,229,0.125563
1,229,229,0.122332
1,229,229,0.124087
1,230,230,0.124770
1,230,230,0.128444
1,230,230,0.124504
1,230,230,0.126588
1,230,230,0.134014
1,230,230,0.125597
1,230,230,0.126535
1,230,230,0.126899
1,231,231,0.132908
1,231,231,0.132158
1,231,231,0.122823
1,231,231,0.128148
1,231,231,0.131806
1,231,231,0.132341
1,231,231,0.125535
1,231,231,0.138139
1,232,232,0.122220
1,232,232,0.127403
1,232,232,0.132616
1,232,232,0.133395
1,232,232,0.125108
1,232,232,0.124854
1,232,232,0.124315
1,232,232,0.121879
1,233,233,0.120961
1,233,233,0.127098
1,233,233,0.125219
1,233,233,0.125933
1,233,233,0.132235
1,233,233,0.122638
1,233,233,0.127573
1,233,233,0.127060
1,234,234,0.125496
1,234,234,0.124241
1,234,234,0.132928
1,234,234,0.124047
1,234,234,0.128657
1,234,234,0.125279
1,234,234,0.125270
1,234,234,0.139372
1,235,235,0.127703
1,235,235,0.124708
1,235,235,0.122902
1,235,235,0.125108
1,235,235,0.126550
1,235,235,0.125665
1,235,235,0.120876
1,235,235,0.126649
1,236,236,0.129543
1,236,236,0.126089
1,236,236,0.127915
1,236,236,0.128400
1,236,236,0.130067
1,236,236,0.132025
1,236,236,0.127307
1,236,236,0.126639
1,237,237,0.126602
1,237,237,0.122903
1,237,237,0.128624
1,237,237,0.130580
1,237,237,0.131827
1,237,237,0.124394
1,237,237,0.134239
1,237,237,0.130894
1,238,238,0.119436
1,238,238,0.120335
1,238,238,0.126239
1,238,238,0.125257
1,238,238,0.141380
1,238,238,0.124895
1,238,238,0.126426
1,238,238,0.133053
1,239,239,0.124709
1,239,239,0.128492
1,239,239,0.124846
1,239,239,0.129041
1,239,239,0.129483
1,239,239,0.123946
1,239,239,0.126311
1,239,239,0.125829
1,240,240,0.121097
1,240,240,0.123802
1,240,240,0.132094
1,240,240,0.129038
1,240,240,0.124312
1,240,240,0.131930
1,240,240,0.123391
1,240,240,0.137027
1,241,241,0.127689
1,241,241,0.126987
1,241,241,0.121806
1,241,241,0.121956
1,241,241,0.122416
1,241,241,0.122542
1,241,241,0.130444
1,241,241,0.124898
1,242,242,0.125402
1,242,242,0.129410
1,242,242,0.123975
1,242,242,0.134388
1,242,242,0.124575
1,242,242,0.128402
1,242,242,0.125122
1,242,242,0.132522
1,243,243,0.128725
1,243,243,0.124917
1,243,243,0.128549
1,243,243,0.122799
1,243,243,0.123089
1,243,243,0.127380
1,243,243,0.126619
1,243,243,0.126868
1,244,244,0.127112
1,244,244,0.128464
1,244,244,0.128484
1,244,244,0.126613
1,244,244,0.125333
1,244,244,0.124539
1,244,244,0.136377
1,244,244,0.128951
1,245,245,0.128348
1,245,245,0.120737
1,245,245,0.125260
1,245,245,0.125387
1,245,245,0.132105
1,245,245,0.126100
1,245,245,0.126492
1,245,245,0.124522
1,246,246,0.126466
1,246,246,0.126852
1,246,246,0.128117
1,246,246,0.128096
1,246,246,0.138759
1,246,246,0.130315
1,246,246,0.129778
1,246,246,0.122971
1,247,247,0.120227
1,247,247,0.128785
1,247,247,0.127768
1,247,247,0.131522
1,247,247,0.125476
1,247,247,0.126266
1,247,247,0.125144
1,247,247,0.130722
1,248,248,0.131446
1,248,248,0.129944
1,248,248,0.127715
1,248,248,0.121448
1,248,248,0.132114
1,248,248,0.124204
1,248,248,0.142796
1,248,248,0.125645
1,249,249,0.131479
1,249,249,0.129727
1,249,249,0.123859
1,249,249,0.122294
1,249,249,0.125221
1,249,249,0.121686
1,249,249,0.143684
1,249,249,0.125482
1,250,250,0.127850
1,250,250,0.130741
1,250,250,0.126571
1,250,250,0.125709
1,250,250,0.126651
1,250,250,0.125414
1,250,250,0.127880
1,250,250,0.127655
1,251,251,0.125399
1,251,251,0.124804
1,251,251,0.123906
1,251,251,0.130307
1,251,251,0.123665
1,251,251,0.132189
1,251,251,0.130088
1,251,251,0.125616
1,252,252,0.130125
1,252,252,0.122263
1,252,252,0.123539
1,252,252,0.128423
1,252,252,0.131616
1,252,252,0.129359
1,252,252,0.129527
1,252,252,0.127342
1,253,253,0.126590
1,253,253,0.125886
1,253,253,0.123387
1,253,253,0.120480
1,253,253,0.126819
1,253,253,0.124092
1,253,253,0.124406
1,253,253,0.125931
1,254,254,0.134293
1,254,254,0.122404
1,254,254,0.124664
1,254,254,0.120900
1,254,254,0.122101
1,254,254,0.126827
1,254,254,0.138762
1,254,254,0.131657
1,255,255,0.125618
1,255,255,0.121786
1,255,255,0.122540
1,255,255,0.130883
1,255,255,0.121709
1,255,255,0.133591
1,255,255,0.124485
1,255,255,0.127987
1,256,256,0.126714
1,256,256,0.135466
1,256,256,0.126006
1,256,256,0.124880
1,256,256,0.123824
1,256,256,0.131298
1,256,256,0.125520
1,256,256,0.123151
1,257,257,0.126429
1,257,257,0.141364
1,257,257,0.123812
1,257,257,0.125092
1,257,257,0.124352
1,257,257,0.122855
1,257,257,0.120589
1,257,257,0.123533
1,258,258,0.128972
1,258,258,0.124825
1,258,258,0.126494
1,258,258,0.128623
1,258,258,0.125961
1,258,258,0.126924
1,258,258,0.125194
1,258,258,0.132134
1,259,259,0.126382
1,259,259,0.129405
1,259,259,0.129682
1,259,259,0.121341
1,259,259,0.128373
1,259,259,0.123635
1,259,259,0.122637
1,259,259,0.122991
1,260,260,0.130307
1,260,260,0.129658
1,260,260,0.124657
1,260,260,0.123067
1,260,260,0.123760
1,260,260,0.126756
1,260,260,0.125037
1,260,260,0.126098
1,261,261,0.120046
1,261,261,0.130791
1,261,261,0.125585
1,261,261,0.130628
1,261,261,0.128676
1,261,261,0.125763
1,261,261,0.127992
1,261,261,0.122853
1,262,262,0.121514
1,262,262,0.124397
1,262,262,0.125329
1,262,262,0.121749
1,262,262,0.130065
1,262,262,0.125144
1,262,262,0.122089
1,262,262,0.129962
1,263,263,0.122413
1,263,263,0.131868
1,263,263,0.123000
1,263,263,0.126477
1,263,263,0.128281
1,263,263,0.123439
1,263,263,0.122806
1,263,263,0.125142
1,264,264,0.125990
1,264,264,0.126850
1,264,264,0.129319
1,264,264,0.123058
1,264,264,0.121054
1,264,264,0.124974
1,264,264,0.131927
1,264,264,0.124356
1,265,265,0.126188
1,265,265,0.124148
1,265,265,0.124457
1,265,265,0.124380
1,265,265,0.120412
1,265,265,0.127975
1,265,265,0.130481
1,265,265,0.126805
1,266,266,0.129531
1,266,266,0.125061
1,266,266,0.127651
1,266,266,0.129296
1,266,266,0.121094
1,266,266,0.123554
1,266,266,0.125107
1,266,266,0.123333
1,267,267,0.126790
1,267,267,0.119524
1,267,267,0.125214
1,267,267,0.130131
1,267,267,0.123312
1,267,267,0.125912
1,267,267,0.122112
1,267,267,0.125610
1,268,268,0.121983
1,268,268,0.127928
1,268,268,0.123030
1,268,268,0.121051
1,268,268,0.131745
1,268,268,0.129905
1,268,268,0.124321
1,268,268,0.125322
1,269,269,0.125133
1,269,269,0.131536
1,269,269,0.124764
1,269,269,0.127186
1,269,269,0.120095
1,269,269,0.122469
1,269,269,0.126311
1,269,269,0.131645
1,270,270,0.131211
1,270,270,0.128419
1,270,270,0.132579
1,270,270,0.125923
1,270,270,0.127644
1,270,270,0.123070
1,270,270,0.123964
1,270,270,0.124545
1,271,271,0.121274
1,271,271,0.124275
1,271,271,0.126746
1,271,271,0.126463
1,271,271,0.137230
1,271,271,0.130834
1,271,271,0.127140
1,271,271,0.124348
1,272,272,0.126294
1,272,272,0.127720
1,272,272,0.125825
1,272,272,0.124932
1,272,272,0.127941
1,272,272,0.124672
1,272,272,0.122372
1,272,272,0.125997
1,273,273,0.128951
1,273,273,0.120950
1,273,273,0.125572
1,273,273,0.132024
1,273,273,0.121816
1,273,273,0.127792
1,273,273,0.129181
1,273,273,0.124992
1,274,274,0.125958
1,274,274,0.129482
1,274,274,0.125936
1,274,274,0.127763
1,274,274,0.125051
1,274,274,0.125965
1,274,274,0.128129
1,274,274,0.124532
1,275,275,0.121538
1,275,275,0.121602
1,275,275,0.128441
1,275,275,0.125055
1,275,275,0.121826
1,275,275,0.132278
1,275,275,0.126097
1,275,275,0.121746
1,276,276,0.128085
1,276,276,0.127652
1,276,276,0.128063
1,276,276,0.127794
1,276,276,0.126467
1,276,276,0.127577
1,276,276,0.125310
1,276,276,0.129372
1,277,277,0.130891
1,277,277,0.128402
1,277,277,0.128194
1,277,277,0.120485
1,277,277,0.128405
1,277,277,0.125107
1,277,277,0.125877
1,277,277,0.122172
1,278,278,0.120752
1,278,278,0.125275
1,278,278,0.119987
1,278,278,0.124556
1,278,278,0.127053
1,278,278,0.126476
1,278,278,0.121675
1,278,278,0.125918
1,279,279,0.126552
1,279,279,0.127778
1,279,279,0.123361
1,279,279,0.132091
1,279,279,0.126769
1,279,279,0.122132
1,279,279,0.123967
1,279,279,0.120980
1,280,280,0.123003
1,280,280,0.127878
1,280,280,0.120591
1,280,280,0.128560
1,280,280,0.122129
1,280,280,0.121905
1,280,280,0.130824
1,280,280,0.126634
1,281,281,0.130092
1,281,281,0.122672
1,281,281,0.121796
1,281,281,0.124285
1,281,281,0.121128
1,281,281,0.121569
1,281,281,0.132441
1,281,281,0.126402
1,282,282,0.126443
1,282,282,0.127216
1,282,282,0.126808
1,282,282,0.126244
1,282,282,0.130461
1,282,282,0.124264
1,282,282,0.124106
1,282,282,0.118270
1,283,283,0.119934
1,283,283,0.127730
1,283,283,0.127945
1,283,283,0.127316
1,283,283,0.127582
1,283,283,0.126575
1,283,283,0.125376
1,283,283,0.123804
1,284,284,0.123274
1,284,284,0.124296
1,284,284,0.124827
1,284,284,0.129490
1,284,284,0.120596
1,284,284,0.132595
1,284,284,0.127378
1,284,284,0.125886
1,285,285,0.121821
1,285,285,0.126981
1,285,285,0.127766
1,285,285,0.129393
1,285,285,0.126670
1,285,285,0.130178
1,285,285,0.130031
1,285,285,0.133586
1,286,286,0.126314
1,286,286,0.119138
1,286,286,0.124150
1,286,286,0.124900
1,286,286,0.125731
1,286,286,0.121213
1,286,286,0.125707
1,286,286,0.127368
1,287,287,0.130799
1,287,287,0.124401
1,287,287,0.120415
1,287,287,0.129258
1,287,287,0.123130
1,287,287,0.128467
1,287,287,0.124983
1,287,287,0.126919
1,288,288,0.126684
1,288,288,0.124971
1,288,288,0.120527
1,288,288,0.125351
1,288,288,0.132962
1,288,288,0.125796
1,288,288,0.122435
1,288,288,0.122929
1,289,289,0.125839
1,289,289,0.120879
1,289,289,0.129179
1,289,289,0.125509
1,289,289,0.127010
1,289,289,0.129440
1,289,289,0.125433
1,289,289,0.129059
1,290,290,0.124993
1,290,290,0.126194
1,290,290,0.127509
1,290,290,0.126402
1,290,290,0.123837
1,290,290,0.123308
1,290,290,0.121167
1,290,290,0.121773
1,291,291,0.124337
1,291,291,0.128540
1,291,291,0.136314
1,291,291,0.130924
1,291,291,0.122169
1,291,291,0.128599
1,291,291,0.131148
1,291,291,0.127221
1,292,292,0.119289
1,292,292,0.123345
1,292,292,0.124382
1,292,292,0.121825
1,292,292,0.124318
1,292,292,0.120113
1,292,292,0.129393
1,292,292,0.119330
1,293,293,0.121850
1,293,293,0.129085
1,293,293,0.131838
1,293,293,0.139974
1,293,293,0.121349
1,293,293,0.123594
1,293,293,0.121247
1,293,293,0.124449
1,294,294,0.121040
1,294,294,0.129752
1,294,294,0.125300
1,294,294,0.124287
1,294,294,0.128256
1,294,294,0.126374
1,294,294,0.122674
1,294,294,0.128531
1,295,295,0.133279
1,295,295,0.131303
1,295,295,0.120891
1,295,295,0.125561
1,295,295,0.124413
1,295,295,0.127236
1,295,295,0.124658
1,295,295,0.132113
1,296,296,0.127520
1,296,296,0.124531
1,296,296,0.130418
1,296,296,0.121422
1,296,296,0.121685
1,296,296,0.126941
1,296,296,0.127441
1,296,296,0.125282
1,297,297,0.122977
1,297,297,0.128732
1,297,297,0.126211
1,297,297,0.120654
1,297,297,0.121481
1,297,297,0.131535
1,297,297,0.126255
1,297,297,0.122964
1,298,298,0.123730
1,298,298,0.127264
1,298,298,0.123057
1,298,298,0.124166
1,298,298,0.121885
1,298,298,0.123779
1,298,298,0.125042
1,298,298,0.125407
1,299,299,0.126597
1,299,299,0.122367
1,299,299,0.122728
1,299,299,0.125289
1,299,299,0.126227
1,299,299,0.130383
1,299,299,0.121407
1,299,299,0.125461
1,300,300,0.125862
1,300,300,0.122627
1,300,300,0.136092
1,300,300,0.121158
1,300,300,0.128889
1,300,300,0.128048
1,300,300,0.121281
1,300,300,0.125339
1,301,301,0.136371
1,301,301,0.124258
1,301,301,0.124642
1,301,301,0.139424
1,301,301,0.126916
1,301,301,0.121466
1,301,301,0.131800
1,301,301,0.125107
1,302,302,0.124450
1,302,302,0.127094
1,302,302,0.130643
1,302,302,0.123427
1,302,302,0.127740
1,302,302,0.127668
1,302,302,0.124296
1,302,302,0.125685
1,303,303,0.126131
1,303,303,0.125668
1,303,303,0.128624
1,303,303,0.128262
1,303,303,0.122241
1,303,303,0.131684
1,303,303,0.124882
1,303,303,0.128925
1,304,304,0.121513
1,304,304,0.122811
1,304,304,0.131235
1,304,304,0.130851
1,304,304,0.123973
1,304,304,0.131313
1,304,304,0.121861
1,304,304,0.123904
1,305,305,0.127446
1,305,305,0.128732
1,305,305,0.122436
1,305,305,0.128752
1,305,305,0.129158
1,305,305,0.122891
1,305,305,0.121648
1,305,305,0.127063
1,306,306,0.126116
1,306,306,0.121839
1,306,306,0.122210
1,306,306,0.127151
1,306,306,0.125085
1,306,306,0.126463
1,306,306,0.124257
1,306,306,0.124400
1,307,307,0.134446
1,307,307,0.131552
1,307,307,0.124969
1,307,307,0.124171
1,307,307,0.125833
1,307,307,0.122583
1,307,307,0.125895
1,307,307,0.128334
1,308,308,0.132967
1,308,308,0.124571
1,308,308,0.124875
1,308,308,0.122146
1,308,308,0.126370
1,308,308,0.123797
1,308,308,0.129035
1,308,308,0.127885
1,309,309,0.125400
1,309,309,0.125038
1,309,309,0.122800
1,309,309,0.122552
1,309,309,0.125435
1,309,309,0.124006
1,309,309,0.127254
1,309,309,0.121980
1,310,310,0.122379
1,310,310,0.124882
1,310,310,0.126977
1,310,310,0.126916
1,310,310,0.131879
1,310,310,0.129741
1,310,310,0.127129
1,310,310,0.126435
1,311,311,0.130288
1,311,311,0.130198
1,311,311,0.129545
1,311,311,0.122850
1,311,311,0.130977
1,311,311,0.128430
1,311,311,0.126696
1,311,311,0.127486
1,312,312,0.126928
1,312,312,0.124144
1,312,312,0.124915
1,312,312,0.120078
1,312,312,0.124906
1,312,312,0.127344
1,312,312,0.125951
1,312,312,0.127493
1,313,313,0.124612
1,313,313,0.128700
1,313,313,0.125766
1,313,313,0.126347
1,313,313,0.124036
1,313,313,0.123936
1,313,313,0.131716
1,313,313,0.121925
1,314,314,0.127153
1,314,314,0.123587
1,314,314,0.125407
1,314,314,0.121979
1,314,314,0.126806
1,314,314,0.129969
1,314,314,0.125994
1,314,314,0.124973
1,315,315,0.129681
1,315,315,0.135369
1,315,315,0.130513
1,315,315,0.125289
1,315,315,0.124333
1,315,315,0.121491
1,315,315,0.121382
1,315,315,0.126980
1,316,316,0.127948
1,316,316,0.124153
1,316,316,0.123005
1,316,316,0.127917
1,316,316,0.121415
1,316,316,0.123080
1,316,316,0.118520
1,316,316,0.122926
1,317,317,0.126568
1,317,317,0.123331
1,317,317,0.123422
1,317,317,0.125605
1,317,317,0.123742
1,317,317,0.126291
1,317,317,0.127199
1,317,317,0.124114
1,318,318,0.122810
1,318,318,0.121777
1,318,318,0.123343
1,318,318,0.131054
1,318,318,0.130823
1,318,318,0.125546
1,318,318,0.130508
1,318,318,0.126752
1,319,319,0.124787
1,319,319,0.120233
1,319,319,0.134681
1,319,319,0.126454
1,319,319,0.125156
1,319,319,0.128618
1,319,319,0.120860
1,319,319,0.131421
1,320,320,0.126663
1,320,320,0.121268
1,320,320,0.123875
1,320,320,0.121400
1,320,320,0.126418
1,320,320,0.125165
1,320,320,0.128819
1,320,320,0.121367
1,321,321,0.121242
1,321,321,0.124056
1,321,321,0.126343
1,321,321,0.123066
1,321,321,0.125186
1,321,321,0.122534
1,321,321,0.127934
1,321,321,0.125236
1,322,322,0.121150
1,322,322,0.127571
1,322,322,0.125168
1,322,322,0.119113
1,322,322,0.125893
1,322,322,0.122186
1,322,322,0.124392
1,322,322,0.127236
1,323,323,0.124243
1,323,323,0.121421
1,323,323,0.127169
1,323,323,0.119467
1,323,323,0.127901
1,323,323,0.129370
1,323,323,0.119629
1,323,323,0.129081
1,324,324,0.126047
1,324,324,0.124031
1,324,324,0.122112
1,324,324,0.119836
1,324,324,0.125015
1,324,324,0.121770
1,324,324,0.129413
1,324,324,0.131685
1,325,325,0.122971
1,325,325,0.124046
1,325,325,0.123448
1,325,325,0.124984
1,325,325,0.123646
1,325,325,0.122613
1,325,325,0.135374
1,325,325,0.131902
1,326,326,0.126758
1,326,326,0.124358
1,326,326,0.121127
1,326,326,0.131119
1,326,326,0.120068
1,326,326,0.124522
1,326,326,0.121334
1,326,326,0.118666
1,327,327,0.119849
1,327,327,0.122152
1,327,327,0.123597
1,327,327,0.128515
1,327,327,0.131681
1,327,327,0.124676
1,327,327,0.122237
1,327,327,0.126581
1,328,328,0.127050
1,328,328,0.125201
1,328,328,0.124338
1,328,328,0.127384
1,328,328,0.121538
1,328,328,0.134428
1,328,328,0.119345
1,328,328,0.130488
1,329,329,0.123377
1,329,329,0.121408
1,329,329,0.123548
1,329,329,0.118224
1,329,329,0.125800
1,329,329,0.123100
1,329,329,0.123366
1,329,329,0.125681
1,330,330,0.123498
1,330,330,0.123348
1,330,330,0.123555
1,330,330,0.122837
1,330,330,0.125223
1,330,330,0.124043
1,330,330,0.123772
1,330,330,0.127947
1,331,331,0.124777
1,331,331,0.124155
1,331,331,0.128405
1,331,331,0.126083
1,331,331,0.121592
1,331,331,0.120394
1,331,331,0.128636
1,331,331,0.133432
1,332,332,0.126300
1,332,332,0.122733
1,332,332,0.125940
1,332,332,0.121429
1,332,332,0.121355
1,332,332,0.127844
1,332,332,0.124949
1,332,332,0.121554
1,333,333,0.126893
1,333,333,0.125809
1,333,333,0.123217
1,333,333,0.124850
1,333,333,0.125142
1,333,333,0.117926
1,333,333,0.125348
1,333,333,0.125530
1,334,334,0.122114
1,334,334,0.125818
1,334,334,0.119188
1,334,334,0.119392
1,334,334,0.122524
1,334,334,0.125337
1,334,334,0.127990
1,334,334,0.121007
1,335,335,0.120292
1,335,335,0.123920
1,335,335,0.128062
1,335,335,0.121995
1,335,335,0.125936
1,335,335,0.122733
1,335,335,0.125045
1,335,335,0.120493
1,336,336,0.119794
1,336,336,0.122955
1,336,336,0.124048
1,336,336,0.122193
1,336,336,0.126217
1,336,336,0.125486
1,336,336,0.126522
1,336,336,0.123406
1,337,337,0.122152
1,337,337,0.124945
1,337,337,0.125939
1,337,337,0.133688
1,337,337,0.123979
1,337,337,0.122839
1,337,337,0.131246
1,337,337,0.121822
1,338,338,0.127414
1,338,338,0.125227
1,338,338,0.124434
1,338,338,0.124329
1,338,338,0.125036
1,338,338,0.123335
1,338,338,0.124834
1,338,338,0.124255
1,339,339,0.131039
1,339,339,0.121989
1,339,339,0.132735
1,339,339,0.126097
1,339,339,0.129550
1,339,339,0.121731
1,339,339,0.122815
1,339,339,0.123047
1,340,340,0.117299
1,340,340,0.126211
1,340,340,0.130843
1,340,340,0.130147
1,340,340,0.125787
1,340,340,0.132408
1,340,340,0.122896
1,340,340,0.123013
1,341,341,0.123474
1,341,341,0.121295
1,341,341,0.126455
1,341,341,0.124862
1,341,341,0.125428
1,341,341,0.128418
1,341,341,0.125275
1,341,341,0.125830
1,342,342,0.128863
1,342,342,0.129118
1,342,342,0.123254
1,342,342,0.127147
1,342,342,0.128354
1,342,342,0.124075
1,342,342,0.124230
1,342,342,0.123938
1,343,343,0.129664
1,343,343,0.135281
1,343,343,0.127384
1,343,343,0.127137
1,343,343,0.125986
1,343,343,0.127067
1,343,343,0.128395
1,343,343,0.131939
1,344,344,0.124865
1,344,344,0.132340
1,344,344,0.129007
1,344,344,0.124305
1,344,344,0.121297
1,344,344,0.126849
1,344,344,0.124269
1,344,344,0.125083
1,345,345,0.126949
1,345,345,0.124332
1,345,345,0.123743
1,345,345,0.125827
1,345,345,0.127535
1,345,345,0.126531
1,345,345,0.126728
1,345,345,0.123781
1,346,346,0.122114
1,346,346,0.120930
1,346,346,0.122713
1,346,346,0.119078
1,346,346,0.125060
1,346,346,0.123967
1,346,346,0.124442
1,346,346,0.122210
1,347,347,0.120821
1,347,347,0.124695
1,347,347,0.126069
1,347,347,0.127434
1,347,347,0.121705
1,347,347,0.128818
1,347,347,0.126120
1,347,347,0.127478
1,348,348,0.119835
1,348,348,0.123752
1,348,348,0.129754
1,348,348,0.126186
1,348,348,0.123803
1,348,348,0.121950
1,348,348,0.122254
1,348,348,0.123420
1,349,349,0.124073
1,349,349,0.123922
1,349,349,0.135456
1,349,349,0.124884
1,349,349,0.124953
1,349,349,0.119912
1,349,349,0.127659
1,349,349,0.130946
1,350,350,0.120997
1,350,350,0.128705
1,350,350,0.125219
1,350,350,0.122405
1,350,350,0.126683
1,350,350,0.122651
1,350,350,0.122214
1,350,350,0.128494
1,351,351,0.124653
1,351,351,0.134820
1,351,351,0.121879
1,351,351,0.121393
1,351,351,0.128338
1,351,351,0.125437
1,351,351,0.125927
1,351,351,0.124404
1,352,352,0.123155
1,352,352,0.122010
1,352,352,0.120327
1,352,352,0.124376
1,352,352,0.123116
1,352,352,0.131848
1,352,352,0.121571
1,352,352,0.127614
1,353,353,0.127860
1,353,353,0.124714
1,353,353,0.118947
1,353,353,0.123975
1,353,353,0.126294
1,353,353,0.128559
1,353,353,0.121036
1,353,353,0.122941
1,354,354,0.127507
1,354,354,0.124125
1,354,354,0.126410
1,354,354,0.120117
1,354,354,0.129653
1,354,354,0.125296
1,354,354,0.124227
1,354,354,0.123411
1,355,355,0.121736
1,355,355,0.121699
1,355,355,0.121728
1,355,355,0.121357
1,355,355,0.123733
1,355,355,0.124598
1,355,355,0.124660
1,355,355,0.126885
1,356,356,0.121414
1,356,356,0.126819
1,356,356,0.124355
1,356,356,0.121202
1,356,356,0.119721
1,356,356,0.126619
1,356,356,0.117542
1,356,356,0.129603
1,357,357,0.127447
1,357,357,0.128751
1,357,357,0.124710
1,357,357,0.121741
1,357,357,0.124674
1,357,357,0.126780
1,357,357,0.120614
1,357,357,0.125987
1,358,358,0.120165
1,358,358,0.119820
1,358,358,0.125092
1,358,358,0.122317
1,358,358,0.121085
1,358,358,0.126260
1,358,358,0.130122
1,358,358,0.127872
1,359,359,0.126600
1,359,359,0.124324
1,359,359,0.119336
1,359,359,0.120153
1,359,359,0.130144
1,359,359,0.126475
1,359,359,0.130531
1,359,359,0.125522
1,360,360,0.125314
1,360,360,0.123745
1,360,360,0.135235
1,360,360,0.121002
1,360,360,0.123054
1,360,360,0.122920
1,360,360,0.121931
1,360,360,0.120465
1,361,361,0.125763
1,361,361,0.129565
1,361,361,0.123793
1,361,361,0.124478
1,361,361,0.128355
1,361,361,0.124624
1,361,361,0.121750
1,361,361,0.133059
1,362,362,0.121213
1,362,362,0.138665
1,362,362,0.122969
1,362,362,0.125732
1,362,362,0.129305
1,362,362,0.122405
1,362,362,0.117344
1,362,362,0.124403
1,363,363,0.123557
1,363,363,0.124874
1,363,363,0.126024
1,363,363,0.121995
1,363,363,0.120177
1,363,363,0.122513
1,363,363,0.122065
1,363,363,0.125686
1,364,364,0.126602
1,364,364,0.121350
1,364,364,0.124398
1,364,364,0.120958
1,364,364,0.123171
1,364,364,0.125088
1,364,364,0.120301
1,364,364,0.129610
1,365,365,0.126525
1,365,365,0.120850
1,365,365,0.126409
1,365,365,0.122677
1,365,365,0.132177
1,365,365,0.124566
1,365,365,0.122501
1,365,365,0.122211
1,366,366,0.121045
1,366,366,0.122051
1,366,366,0.119883
1,366,366,0.129561
1,366,366,0.124461
1,366,366,0.140648
1,366,366,0.123398
1,366,366,0.129233
1,367,367,0.120323
1,367,367,0.125755
1,367,367,0.121599
1,367,367,0.122422
1,367,367,0.121965
1,367,367,0.127890
1,367,367,0.123192
1,367,367,0.119037
1,368,368,0.120130
1,368,368,0.122577
1,368,368,0.123228
1,368,368,0.124986
1,368,368,0.127140
1,368,368,0.128644
1,368,368,0.125471
1,368,368,0.123817
1,369,369,0.129827
1,369,369,0.126554
1,369,369,0.128078
1,369,369,0.138528
1,369,369,0.124263
1,369,369,0.126702
1,369,369,0.121661
1,369,369,0.123318
1,370,370,0.128456
1,370,370,0.124367
1,370,370,0.125770
1,370,370,0.128215
1,370,370,0.121715
1,370,370,0.136565
1,370,370,0.124917
1,370,370,0.121658
1,371,371,0.126586
1,371,371,0.121951
1,371,371,0.128244
1,371,371,0.119826
1,371,371,0.126296
1,371,371,0.121880
1,371,371,0.131500
1,371,371,0.119472
1,372,372,0.126333
1,372,372,0.120963
1,372,372,0.123534
1,372,372,0.127836
1,372,372,0.127827
1,372,372,0.124393
1,372,372,0.121786
1,372,372,0.123183
1,373,373,0.129168
1,373,373,0.123844
1,373,373,0.127563
1,373,373,0.126456
1,373,373,0.123586
1,373,373,0.127324
1,373,373,0.125114
1,373,373,0.124002
1,374,374,0.123545
1,374,374,0.120502
1,374,374,0.124385
1,374,374,0.121796
1,374,374,0.119283
1,374,374,0.129216
1,374,374,0.126271
1,374,374,0.129037
1,375,375,0.122166
1,375,375,0.122073
1,375,375,0.129171
1,375,375,0.124405
1,375,375,0.132969
1,375,375,0.133224
1,375,375,0.125778
1,375,375,0.123008
1,376,376,0.126185
1,376,376,0.130297
1,376,376,0.129402
1,376,376,0.127002
1,376,376,0.125158
1,376,376,0.128501
1,376,376,0.127548
1,376,376,0.123628
1,377,377,0.124290
1,377,377,0.130605
1,377,377,0.124053
1,377,377,0.129394
1,377,377,0.127654
1,377,377,0.125490
1,377,377,0.124357
1,377,377,0.124716
1,378,378,0.121639
1,378,378,0.123528
1,378,378,0.125780
1,378,378,0.124564
1,378,378,0.126664
1,378,378,0.125649
1,378,378,0.125452
1,378,378,0.126701
1,379,379,0.135131
1,379,379,0.121830
1,379,379,0.126419
1,379,379,0.128729
1,379,379,0.126997
1,379,379,0.131823
1,379,379,0.123028
1,379,379,0.123491
1,380,380,0.124061
1,380,380,0.125091
1,380,380,0.122696
1,380,380,0.123056
1,380,380,0.128801
1,380,380,0.128540
1,380,380,0.125362
1,380,380,0.124396
1,381,381,0.122124
1,381,381,0.121700
1,381,381,0.127946
1,381,381,0.124659
1,381,381,0.124644
1,381,381,0.126021
1,381,381,0.119436
1,381,381,0.129562
1,382,382,0.126994
1,382,382,0.138784
1,382,382,0.126273
1,382,382,0.121118
1,382,382,0.121124
1,382,382,0.127905
1,382,382,0.123513
1,382,382,0.125292
1,383,383,0.121401
1,383,383,0.123372
1,383,383,0.121413
1,383,383,0.127395
1,383,383,0.131662
1,383,383,0.118952
1,383,383,0.119328
1,383,383,0.117431
1,384,384,0.121656
1,384,384,0.130172
1,384,384,0.126460
1,384,384,0.120780
1,384,384,0.125324
1,384,384,0.141140
1,384,384,0.123079
1,384,384,0.122587
1,385,385,0.125151
1,385,385,0.122990
1,385,385,0.124637
1,385,385,0.124506
1,385,385,0.129672
1,385,385,0.123400
1,385,385,0.127723
1,385,385,0.129585
1,386,386,0.123817
1,386,386,0.123169
1,386,386,0.123030
1,386,386,0.128803
1,386,386,0.124569
1,386,386,0.128278
1,386,386,0.124532
1,386,386,0.122360
1,387,387,0.119619
1,387,387,0.123006
1,387,387,0.125496
1,387,387,0.128096
1,387,387,0.124556
1,387,387,0.125494
1,387,387,0.121862
1,387,387,0.124482
1,388,388,0.126412
1,388,388,0.124124
1,388,388,0.120252
1,388,388,0.120082
1,388,388,0.123436
1,388,388,0.121202
1,388,388,0.125971
1,388,388,0.122379
1,389,389,0.118073
1,389,389,0.124282
1,389,389,0.120357
1,389,389,0.126621
1,389,389,0.124857
1,389,389,0.125515
1,389,389,0.120264
1,389,389,0.124497
1,390,390,0.127899
1,390,390,0.125857
1,390,390,0.125538
1,390,390,0.121819
1,390,390,0.127032
1,390,390,0.122970
1,390,390,0.126220
1,390,390,0.121279
1,391,391,0.132161
1,391,391,0.126914
1,391,391,0.125546
1,391,391,0.129994
1,391,391,0.126086
1,391,391,0.120142
1,391,391,0.131173
1,391,391,0.128917
1,392,392,0.122495
1,392,392,0.129286
1,392,392,0.125752
1,392,392,0.121589
1,392,392,0.122938
1,392,392,0.118553
1,392,392,0.120779
1,392,392,0.122541
1,393,393,0.127518
1,393,393,0.124516
1,393,393,0.120072
1,393,393,0.123375
1,393,393,0.121653
1,393,393,0.122720
1,393,393,0.128951
1,393,393,0.124785
1,394,394,0.121458
1,394,394,0.122060
1,394,394,0.126460
1,394,394,0.131322
1,394,394,0.124992
1,394,394,0.128765
1,394,394,0.123585
1,394,394,0.132164
1,395,395,0.120821
1,395,395,0.126005
1,395,395,0.123767
1,395,395,0.125294
1,395,395,0.125297
1,395,395,0.127263
1,395,395,0.122293
1,395,395,0.128976
1,396,396,0.121015
1,396,396,0.123788
1,396,396,0.121277
1,396,396,0.122968
1,396,396,0.128914
1,396,396,0.126400
1,396,396,0.119571
1,396,396,0.130603
1,397,397,0.117555
1,397,397,0.122156
1,397,397,0.124229
1,397,397,0.125181
1,397,397,0.123436
1,397,397,0.126370
1,397,397,0.127011
1,397,397,0.123476
1,398,398,0.121545
1,398,398,0.130603
1,398,398,0.122961
1,398,398,0.129742
1,398,398,0.126402
1,398,398,0.124712
1,398,398,0.131445
1,398,398,0.122156
1,399,399,0.118340
1,399,399,0.126131
1,399,399,0.125912
1,399,399,0.125651
1,399,399,0.125779
1,399,399,0.127898
1,399,399,0.126315
1,399,399,0.120708
1,400,400,0.123629
1,400,400,0.123932
1,400,400,0.123631
1,400,400,0.124036
1,400,400,0.127158
1,400,400,0.118489
1,400,400,0.121688
1,400,400,0.130726
1,401,401,0.125200
1,401,401,0.122573
1,401,401,0.121027
1,401,401,0.121280
1,401,401,0.121085
1,401,401,0.122489
1,401,401,0.123685
1,401,401,0.127736
1,402,402,0.123015
1,402,402,0.123673
1,402,402,0.118946
1,402,402,0.128377
1,402,402,0.130281
1,402,402,0.132605
1,402,402,0.123784
1,402,402,0.123608
1,403,403,0.119459
1,403,403,0.120002
1,403,403,0.121080
1,403,403,0.123588
1,403,403,0.126941
1,403,403,0.127213
1,403,403,0.120664
1,403,403,0.124752
1,404,404,0.123144
1,404,404,0.126225
1,404,404,0.118770
1,404,404,0.123569
1,404,404,0.119343
1,404,404,0.129583
1,404,404,0.122891
1,404,404,0.123007
1,405,405,0.126023
1,405,405,0.120341
1,405,405,0.121213
1,405,405,0.121666
1,405,405,0.121869
1,405,405,0.124539
1,405,405,0.124286
1,405,405,0.122144
1,406,406,0.123895
1,406,406,0.121300
1,406,406,0.120100
1,406,406,0.121116
1,406,406,0.123655
1,406,406,0.120418
1,406,406,0.129818
1,406,406,0.126014
1,407,407,0.120032
1,407,407,0.141071
1,407,407,0.126272
1,407,407,0.121987
1,407,407,0.120690
1,407,407,0.121272
1,407,407,0.126728
1,407,407,0.121604
1,408,408,0.126264
1,408,408,0.125978
1,408,408,0.118632
1,408,408,0.123434
1,408,408,0.124541
1,408,408,0.120550
1,408,408,0.123933
1,408,408,0.121186
1,409,409,0.124427
1,409,409,0.128425
1,409,409,0.123186
1,409,409,0.124478
1,409,409,0.120776
1,409,409,0.124792
1,409,409,0.123991
1,409,409,0.122657
1,410,410,0.121870
1,410,410,0.122618
1,410,410,0.122874
1,410,410,0.127614
1,410,410,0.123590
1,410,410,0.128250
1,410,410,0.121930
1,410,410,0.121529
1,411,411,0.123813
1,411,411,0.121969
1,411,411,0.124475
1,411,411,0.124786
1,411,411,0.125731
1,411,411,0.128294
1,411,411,0.123545
1,411,411,0.126038
1,412,412,0.121355
1,412,412,0.128611
1,412,412,0.124256
1,412,412,0.128727
1,412,412,0.121760
1,412,412,0.136279
1,412,412,0.120163
1,412,412,0.125399
1,413,413,0.120349
1,413,413,0.125969
1,413,413,0.136432
1,413,413,0.121543
1,413,413,0.126874
1,413,413,0.125369
1,413,413,0.120353
1,413,413,0.121121
1,414,414,0.117860
1,414,414,0.120264
1,414,414,0.122299
1,414,414,0.126720
1,414,414,0.121209
1,414,414,0.121776
1,414,414,0.124652
1,414,414,0.124674
1,415,415,0.122017
1,415,415,0.117762
1,415,415,0.122787
1,415,415,0.120356
1,415,415,0.121234
1,415,415,0.123576
1,415,415,0.122215
1,415,415,0.122552
1,416,416,0.122827
1,416,416,0.120191
1,416,416,0.124704
1,416,416,0.123470
1,416,416,0.126524
1,416,416,0.130378
1,416,416,0.133804
1,416,416,0.121915
1,417,417,0.121084
1,417,417,0.124303
1,417,417,0.129907
1,417,417,0.131622
1,417,417,0.120225
1,417,417,0.126351
1,417,417,0.131629
1,417,417,0.124220
1,418,418,0.126713
1,418,418,0.121497
1,418,418,0.132368
1,418,418,0.124815
1,418,418,0.121206
1,418,418,0.119575
1,418,418,0.121718
1,418,418,0.125129
1,419,419,0.122416
1,419,419,0.132520
1,419,419,0.124119
1,419,419,0.120106
1,419,419,0.124647
1,419,419,0.120210
1,419,419,0.124802
1,419,419,0.122907
1,420,420,0.126905
1,420,420,0.120366
1,420,420,0.125703
1,420,420,0.121234
1,420,420,0.123626
1,420,420,0.118110
1,420,420,0.123929
1,420,420,0.125202
1,421,421,0.128918
1,421,421,0.121510
1,421,421,0.126668
1,421,421,0.123197
1,421,421,0.128535
1,421,421,0.124320
1,421,421,0.120774
1,421,421,0.122430
1,422,422,0.123616
1,422,422,0.115963
1,422,422,0.120858
1,422,422,0.126472
1,422,422,0.125869
1,422,422,0.125177
1,422,422,0.122249
1,422,422,0.128303
1,423,423,0.128406
1,423,423,0.127708
1,423,423,0.118798
1,423,423,0.120592
1,423,423,0.124597
1,423,423,0.121537
1,423,423,0.122352
1,423,423,0.123997
1,424,424,0.120624
1,424,424,0.117802
1,424,424,0.126229
1,424,424,0.121381
1,424,424,0.122919
1,424,424,0.118999
1,424,424,0.126161
1,424,424,0.123516
1,425,425,0.119220
1,425,425,0.122994
1,425,425,0.122629
1,425,425,0.124907
1,425,425,0.120626
1,425,425,0.125371
1,425,425,0.125031
1,425,425,0.144653
1,426,426,0.120387
1,426,426,0.126599
1,426,426,0.123663
1,426,426,0.122687
1,426,426,0.125736
1,426,426,0.124759
1,426,426,0.123681
1,426,426,0.126698
1,427,427,0.121952
1,427,427,0.127146
1,427,427,0.122708
1,427,427,0.124372
1,427,427,0.120309
1,427,427,0.120333
1,427,427,0.122353
1,427,427,0.119504
1,428,428,0.120150
1,428,428,0.123183
1,428,428,0.120196
1,428,428,0.121222
1,428,428,0.120668
1,428,428,0.118102
1,428,428,0.122298
1,428,428,0.122438
1,429,429,0.123912
1,429,429,0.122384
1,429,429,0.130287
1,429,429,0.119916
1,429,429,0.121684
1,429,429,0.121226
1,429,429,0.122686
1,429,429,0.124514
1,430,430,0.124388
1,430,430,0.121279
1,430,430,0.121170
1,430,430,0.129534
1,430,430,0.125491
1,430,430,0.122435
1,430,430,0.120493
1,430,430,0.119665
1,431,431,0.119260
1,431,431,0.122139
1,431,431,0.122325
1,431,431,0.122649
1,431,431,0.124154
1,431,431,0.125010
1,431,431,0.125296
1,431,431,0.123613
1,432,432,0.122885
1,432,432,0.126171
1,432,432,0.122360
1,432,432,0.122923
1,432,432,0.121440
1,432,432,0.119386
1,432,432,0.120447
1,432,432,0.124924
1,433,433,0.158876
1,433,433,0.122002
1,433,433,0.117950
1,433,433,0.122588
1,433,433,0.122812
1,433,433,0.120301
1,433,433,0.121184
1,433,433,0.122310
1,434,434,0.121042
1,434,434,0.124148
1,434,434,0.119735
1,434,434,0.120275
1,434,434,0.124304
1,434,434,0.121903
1,434,434,0.121800
1,434,434,0.123442
1,435,435,0.123651
1,435,435,0.121493
1,435,435,0.127934
1,435,435,0.120798
1,435,435,0.124082
1,435,435,0.126330
1,435,435,0.123722
1,435,435,0.124260
1,436,436,0.122310
1,436,436,0.119104
1,436,436,0.121844
1,436,436,0.126870
1,436,436,0.120714
1,436,436,0.122299
1,436,436,0.119620
1,436,436,0.123950
1,437,437,0.136129
1,437,437,0.127589
1,437,437,0.122139
1,437,437,0.127798
1,437,437,0.120994
1,437,437,0.124447
1,437,437,0.126177
1,437,437,0.126290
1,438,438,0.129122
1,438,438,0.123249
1,438,438,0.121614
1,438,438,0.125367
1,438,438,0.121606
1,438,438,0.124627
1,438,438,0.128487
1,438,438,0.125032
1,439,439,0.122396
1,439,439,0.120042
1,439,439,0.120969
1,439,439,0.124128
1,439,439,0.124489
1,439,439,0.124086
1,439,439,0.124894
1,439,439,0.123815
1,440,440,0.123823
1,440,440,0.125764
1,440,440,0.119750
1,440,440,0.122782
1,440,440,0.122398
1,440,440,0.127366
1,440,440,0.118981
1,440,440,0.121311
1,441,441,0.128937
1,441,441,0.121692
1,441,441,0.121729
1,441,441,0.124488
1,441,441,0.120262
1,441,441,0.117085
1,441,441,0.126599
1,441,441,0.124479
1,442,442,0.119988
1,442,442,0.123662
1,442,442,0.128607
1,442,442,0.128098
1,442,442,0.125456
1,442,442,0.122252
1,442,442,0.129414
1,442,442,0.120062
1,443,443,0.127313
1,443,443,0.118505
1,443,443,0.122015
1,443,443,0.125333
1,443,443,0.134365
1,443,443,0.125842
1,443,443,0.123800
1,443,443,0.121763
1,444,444,0.123443
1,444,444,0.127115
1,444,444,0.123121
1,444,444,0.122394
1,444,444,0.129433
1,444,444,0.123549
1,444,444,0.122052
1,444,444,0.123076
1,445,445,0.122099
1,445,445,0.120468
1,445,445,0.120370
1,445,445,0.122432
1,445,445,0.126312
1,445,445,0.126547
1,445,445,0.121256
1,445,445,0.117842
1,446,446,0.122091
1,446,446,0.123284
1,446,446,0.130707
1,446,446,0.129110
1,446,446,0.125710
1,446,446,0.117606
1,446,446,0.123458
1,446,446,0.122070
1,447,447,0.122973
1,447,447,0.123719
1,447,447,0.120111
1,447,447,0.123966
1,447,447,0.123363
1,447,447,0.123234
1,447,447,0.126075
1,447,447,0.122213
1,448,448,0.121671
1,448,448,0.122658
1,448,448,0.122713
1,448,448,0.120862
1,448,448,0.126957
1,448,448,0.124313
1,448,448,0.124035
1,448,448,0.123889
1,449,449,0.122352
1,449,449,0.120322
1,449,449,0.124028
1,449,449,0.118739
1,449,449,0.121369
1,449,449,0.122971
1,449,449,0.124348
1,449,449,0.119926
1,450,450,0.129344
1,450,450,0.119092
1,450,450,0.124389
1,450,450,0.123462
1,450,450,0.122994
1,450,450,0.123645
1,450,450,0.120516
1,450,450,0.129059
1,451,451,0.123011
1,451,451,0.128447
1,451,451,0.119618
1,451,451,0.121270
1,451,451,0.123800
1,451,451,0.120674
1,451,451,0.124565
1,451,451,0.119920
1,452,452,0.118283
1,452,452,0.122141
1,452,452,0.122669
1,452,452,0.120429
1,452,452,0.119501
1,452,452,0.119617
1,452,452,0.123607
1,452,452,0.127588
1,453,453,0.135168
1,453,453,0.123811
1,453,453,0.130186
1,453,453,0.119980
1,453,453,0.125351
1,453,453,0.120745
1,453,453,0.122389
1,453,453,0.130789
1,454,454,0.128949
1,454,454,0.121559
1,454,454,0.119722
1,454,454,0.119724
1,454,454,0.119107
1,454,454,0.120097
1,454,454,0.121158
1,454,454,0.125217
1,455,455,0.120057
1,455,455,0.121817
1,455,455,0.119821
1,455,455,0.123213
1,455,455,0.124314
1,455,455,0.121221
1,455,455,0.120162
1,455,455,0.125820
1,456,456,0.120505
1,456,456,0.122291
1,456,456,0.125509
1,456,456,0.126231
1,456,456,0.122552
1,456,456,0.124314
1,456,456,0.121144
1,456,456,0.121961
1,457,457,0.127315
1,457,457,0.119608
1,457,457,0.124482
1,457,457,0.121111
1,457,457,0.122927
1,457,457,0.117531
1,457,457,0.127545
1,457,457,0.127936
1,458,458,0.117064
1,458,458,0.124334
1,458,458,0.119239
1,458,458,0.125320
1,458,458,0.124208
1,458,458,0.118593
1,458,458,0.122041
1,458,458,0.119932
1,459,459,0.126981
1,459,459,0.122636
1,459,459,0.119336
1,459,459,0.123858
1,459,459,0.118632
1,459,459,0.121891
1,459,459,0.123379
1,459,459,0.126951
1,460,460,0.118831
1,460,460,0.120800
1,460,460,0.121854
1,460,460,0.119864
1,460,460,0.120994
1,460,460,0.125092
1,460,460,0.127920
1,460,460,0.120464
1,461,461,0.122481
1,461,461,0.122243
1,461,461,0.123054
1,461,461,0.128432
1,461,461,0.129056
1,461,461,0.122009
1,461,461,0.120512
1,461,461,0.118752
1,462,462,0.126046
1,462,462,0.119354
1,462,462,0.130492
1,462,462,0.122867
1,462,462,0.122552
1,462,462,0.124330
1,462,462,0.126450
1,462,462,0.120709
1,463,463,0.125500
1,463,463,0.124039
1,463,463,0.120253
1,463,463,0.119935
1,463,463,0.119077
1,463,463,0.122991
1,463,463,0.118334
1,463,463,0.125716
1,464,464,0.123688
1,464,464,0.119088
1,464,464,0.120252
1,464,464,0.133808
1,464,464,0.123954
1,464,464,0.121887
1,464,464,0.127809
1,464,464,0.127938
1,465,465,0.121977
1,465,465,0.123707
1,465,465,0.123228
1,465,465,0.130692
1,465,465,0.119075
1,465,465,0.121216
1,465,465,0.119388
1,465,465,0.124115
1,466,466,0.126746
1,466,466,0.123907
1,466,466,0.124631
1,466,466,0.121201
1,466,466,0.134008
1,466,466,0.132070
1,466,466,0.125023
1,466,466,0.128374
1,467,467,0.121804
1,467,467,0.122152
1,467,467,0.120187
1,467,467,0.124774
1,467,467,0.121684
1,467,467,0.120799
1,467,467,0.125562
1,467,467,0.124816
1,468,468,0.124449
1,468,468,0.121082
1,468,468,0.126312
1,468,468,0.121928
1,468,468,0.126258
1,468,468,0.124049
1,468,468,0.125838
1,468,468,0.121156
1,469,469,0.119174
1,469,469,0.118798
1,469,469,0.125421
1,469,469,0.123280
1,469,469,0.118379
1,469,469,0.130806
1,469,469,0.121676
1,469,469,0.127193
1,470,470,0.122123
1,470,470,0.125830
1,470,470,0.121193
1,470,470,0.122728
1,470,470,0.120293
1,470,470,0.121731
1,470,470,0.121480
1,470,470,0.121584
1,471,471,0.126563
1,471,471,0.119901
1,471,471,0.122911
1,471,471,0.119749
1,471,471,0.129339
1,471,471,0.122041
1,471,471,0.135170
1,471,471,0.123279
1,472,472,0.123845
1,472,472,0.120491
1,472,472,0.117936
1,472,472,0.119919
1,472,472,0.119168
1,472,472,0.121111
1,472,472,0.125132
1,472,472,0.122243
1,473,473,0.124802
1,473,473,0.124198
1,473,473,0.126342
1,473,473,0.118050
1,473,473,0.123895
1,473,473,0.121426
1,473,473,0.125986
1,473,473,0.127101
1,474,474,0.124017
1,474,474,0.123845
1,474,474,0.127036
1,474,474,0.124077
1,474,474,0.122300
1,474,474,0.123552
1,474,474,0.118831
1,474,474,0.121418
1,475,475,0.119918
1,475,475,0.118147
1,475,475,0.127999
1,475,475,0.117614
1,475,475,0.123764
1,475,475,0.127572
1,475,475,0.123871
1,475,475,0.120441
1,476,476,0.121574
1,476,476,0.120183
1,476,476,0.123576
1,476,476,0.123822
1,476,476,0.120569
1,476,476,0.120563
1,476,476,0.119284
1,476,476,0.125292
1,477,477,0.127720
1,477,477,0.121218
1,477,477,0.120081
1,477,477,0.125497
1,477,477,0.120848
1,477,477,0.120072
1,477,477,0.125674
1,477,477,0.119154
1,478,478,0.127096
1,478,478,0.119726
1,478,478,0.125889
1,478,478,0.124179
1,478,478,0.119647
1,478,478,0.121251
1,478,478,0.129415
1,478,478,0.126492
1,479,479,0.130671
1,479,479,0.120249
1,479,479,0.120232
1,479,479,0.124602
1,479,479,0.121700
1,479,479,0.120082
1,479,479,0.122337
1,479,479,0.121589
1,480,480,0.121257
1,480,480,0.124605
1,480,480,0.122033
1,480,480,0.125846
1,480,480,0.120798
1,480,480,0.121089
1,480,480,0.123322
1,480,480,0.124412
1,481,481,0.121710
1,481,481,0.128085
1,481,481,0.128240
1,481,481,0.123926
1,481,481,0.125855
1,481,481,0.124602
1,481,481,0.119650
1,481,481,0.123928
1,482,482,0.126493
1,482,482,0.125671
1,482,482,0.123471
1,482,482,0.118302
1,482,482,0.129169
1,482,482,0.122362
1,482,482,0.121385
1,482,482,0.120160
1,483,483,0.120264
1,483,483,0.123031
1,483,483,0.120304
1,483,483,0.124356
1,483,483,0.119888
1,483,483,0.124544
1,483,483,0.126131
1,483,483,0.121207
1,484,484,0.123418
1,484,484,0.119722
1,484,484,0.122352
1,484,484,0.123390
1,484,484,0.118960
1,484,484,0.117774
1,484,484,0.122028
1,484,484,0.124974
1,485,485,0.122774
1,485,485,0.121031
1,485,485,0.121199
1,485,485,0.123290
1,485,485,0.125729
1,485,485,0.130094
1,485,485,0.119980
1,485,485,0.123109
1,486,486,0.125538
1,486,486,0.118099
1,486,486,0.115661
1,486,486,0.116544
1,486,486,0.123292
1,486,486,0.122568
1,486,486,0.124393
1,486,486,0.123641
1,487,487,0.118830
1,487,487,0.121171
1,487,487,0.121757
1,487,487,0.121789
1,487,487,0.125664
1,487,487,0.122425
1,487,487,0.119773
1,487,487,0.123402
1,488,488,0.119975
1,488,488,0.126970
1,488,488,0.122629
1,488,488,0.117485
1,488,488,0.125088
1,488,488,0.120319
1,488,488,0.124907
1,488,488,0.118354
1,489,489,0.121237
1,489,489,0.118983
1,489,489,0.131973
1,489,489,0.123247
1,489,489,0.120663
1,489,489,0.117219
1,489,489,0.132693
1,489,489,0.122366
1,490,490,0.119996
1,490,490,0.118869
1,490,490,0.117903
1,490,490,0.119700
1,490,490,0.121254
1,490,490,0.121264
1,490,490,0.118236
1,490,490,0.123045
1,491,491,0.126451
1,491,491,0.124097
1,491,491,0.121797
1,491,491,0.119821
1,491,491,0.119124
1,491,491,0.121268
1,491,491,0.125325
1,491,491,0.121916
1,492,492,0.118445
1,492,492,0.125652
1,492,492,0.124091
1,492,492,0.120178
1,492,492,0.129684
1,492,492,0.121610
1,492,492,0.121741
1,492,492,0.116777
1,493,493,0.119421
1,493,493,0.122085
1,493,493,0.121874
1,493,493,0.124870
1,493,493,0.119951
1,493,493,0.120621
1,493,493,0.124349
1,493,493,0.122508
1,494,494,0.120016
1,494,494,0.121332
1,494,494,0.120942
1,494,494,0.124432
1,494,494,0.121967
1,494,494,0.119538
1,494,494,0.121532
1,494,494,0.120480
1,495,495,0.120019
1,495,495,0.132332
1,495,495,0.127154
1,495,495,0.122509
1,495,495,0.121378
1,495,495,0.118534
1,495,495,0.120282
1,495,495,0.119137
1,496,496,0.119590
1,496,496,0.116689
1,496,496,0.121298
1,496,496,0.126251
1,496,496,0.121254
1,496,496,0.123754
1,496,496,0.122170
1,496,496,0.128782
1,497,497,0.121261
1,497,497,0.122075
1,497,497,0.120889
1,497,497,0.119766
1,497,497,0.122144
1,497,497,0.119799
1,497,497,0.116681
1,497,497,0.123490
1,498,498,0.119309
1,498,498,0.117959
1,498,498,0.123702
1,498,498,0.121725
1,498,498,0.121574
1,498,498,0.121392
1,498,498,0.118485
1,498,498,0.115467
1,499,499,0.129876
1,499,499,0.126773
1,499,499,0.125067
1,499,499,0.123980
1,499,499,0.121189
1,499,499,0.127552
1,499,499,0.117862
1,499,499,0.121836
1,500,500,0.118696
1,500,500,0.122747
1,500,500,0.121019
1,500,500,0.122449
1,500,500,0.118463
1,500,500,0.128073
1,500,500,0.127631
1,500,500,0.117818
1,501,501,0.123427
1,501,501,0.119699
1,501,501,0.123179
1,501,501,0.121648
1,501,501,0.119886
1,501,501,0.121721
1,501,501,0.121431
1,501,501,0.121748
1,502,502,0.118247
1,502,502,0.119571
1,502,502,0.121708
1,502,502,0.117636
1,502,502,0.121024
1,502,502,0.126634
1,502,502,0.122553
1,502,502,0.127179
1,503,503,0.119836
1,503,503,0.126293
1,503,503,0.123968
1,503,503,0.123364
1,503,503,0.118942
1,503,503,0.123569
1,503,503,0.119430
1,503,503,0.119331
1,504,504,0.120728
1,504,504,0.120934
1,504,504,0.122559
1,504,504,0.127312
1,504,504,0.120295
1,504,504,0.124661
1,504,504,0.122839
1,504,504,0.123384
1,505,505,0.122031
1,505,505,0.128087
1,505,505,0.116965
1,505,505,0.122532
1,505,505,0.123181
1,505,505,0.122567
1,505,505,0.118376
1,505,505,0.121408
1,506,506,0.122080
1,506,506,0.121104
1,506,506,0.119270
1,506,506,0.126271
1,506,506,0.125409
1,506,506,0.117818
1,506,506,0.120726
1,506,506,0.121649
1,507,507,0.123646
1,507,507,0.121519
1,507,507,0.124380
1,507,507,0.120367
1,507,507,0.126115
1,507,507,0.124242
1,507,507,0.120680
1,507,507,0.118395
1,508,508,0.117434
1,508,508,0.118533
1,508,508,0.123857
1,508,508,0.123080
1,508,508,0.124620
1,508,508,0.116480
1,508,508,0.120319
1,508,508,0.126935
1,509,509,0.121140
1,509,509,0.120782
1,509,509,0.119199
1,509,509,0.121778
1,509,509,0.123449
1,509,509,0.121152
1,509,509,0.128256
1,509,509,0.125492
1,510,510,0.121778
1,510,510,0.125920
1,510,510,0.122311
1,510,510,0.117751
1,510,510,0.117627
1,510,510,0.121969
1,510,510,0.127053
1,510,510,0.127605
1,511,511,0.119110
1,511,511,0.127160
1,511,511,0.124249
1,511,511,0.121631
1,511,511,0.122109
1,511,511,0.120587
1,511,511,0.121494
1,511,511,0.120136
1,512,512,0.122079
1,512,512,0.120059
1,512,512,0.121210
1,512,512,0.118380
1,512,512,0.120958
1,512,512,0.118028
1,512,512,0.122752
1,512,512,0.117685
1,513,513,0.121128
1,513,513,0.121642
1,513,513,0.119258
1,513,513,0.121351
1,513,513,0.117697
1,513,513,0.123454
1,513,513,0.123748
1,513,513,0.120653
1,514,514,0.121559
1,514,514,0.124200
1,514,514,0.116419
1,514,514,0.121871
1,514,514,0.117755
1,514,514,0.121449
1,514,514,0.122714
1,514,514,0.121206
1,515,515,0.121092
1,515,515,0.124284
1,515,515,0.124929
1,515,515,0.124193
1,515,515,0.122418
1,515,515,0.118042
1,515,515,0.120306
1,515,515,0.120139
1,516,516,0.123202
1,516,516,0.126249
1,516,516,0.118811
1,516,516,0.123529
1,516,516,0.125523
1,516,516,0.120108
1,516,516,0.120120
1,516,516,0.118140
1,517,517,0.120016
1,517,517,0.121023
1,517,517,0.122469
1,517,517,0.120382
1,517,517,0.120432
1,517,517,0.116957
1,517,517,0.122435
1,517,517,0.121927
1,518,518,0.120842
1,518,518,0.121366
1,518,518,0.119599
1,518,518,0.119012
1,518,518,0.126881
1,518,518,0.119739
1,518,518,0.126307
1,518,518,0.118655
1,519,519,0.124333
1,519,519,0.122735
1,519,519,0.124286
1,519,519,0.132024
1,519,519,0.124659
1,519,519,0.118856
1,519,519,0.118112
1,519,519,0.121835
1,520,520,0.119770
1,520,520,0.125194
1,520,520,0.120712
1,520,520,0.119578
1,520,520,0.120433
1,520,520,0.119544
1,520,520,0.118520
1,520,520,0.130892
1,521,521,0.126772
1,521,521,0.118538
1,521,521,0.122175
1,521,521,0.118499
1,521,521,0.121503
1,521,521,0.120451
1,521,521,0.124840
1,521,521,0.125774
1,522,522,0.115997
1,522,522,0.118362
1,522,522,0.120837
1,522,522,0.123152
1,522,522,0.121617
1,522,522,0.126030
1,522,522,0.119943
1,522,522,0.123147
1,523,523,0.122294
1,523,523,0.123928
1,523,523,0.122919
1,523,523,0.125459
1,523,523,0.124954
1,523,523,0.123920
1,523,523,0.119142
1,523,523,0.121839
1,524,524,0.126934
1,524,524,0.122717
1,524,524,0.127521
1,524,524,0.123679
1,524,524,0.131481
1,524,524,0.119985
1,524,524,0.120439
1,524,524,0.123857
1,525,525,0.128778
1,525,525,0.122429
1,525,525,0.120773
1,525,525,0.131005
1,525,525,0.120401
1,525,525,0.127821
1,525,525,0.125206
1,525,525,0.127373
1,526,526,0.122201
1,526,526,0.121527
1,526,526,0.130854
1,526,526,0.122046
1,526,526,0.122526
1,526,526,0.124924
1,526,526,0.123999
1,526,526,0.119522
1,527,527,0.118738
1,527,527,0.123261
1,527,527,0.118823
1,527,527,0.125185
1,527,527,0.122835
1,527,527,0.120930
1,527,527,0.122403
1,527,527,0.121934
1,528,528,0.120899
1,528,528,0.127275
1,528,528,0.119317
1,528,528,0.127267
1,528,528,0.127311
1,528,528,0.120033
1,528,528,0.116508
1,528,528,0.120609
1,529,529,0.121336
1,529,529,0.124147
1,529,529,0.125412
1,529,529,0.118779
1,529,529,0.120319
1,529,529,0.126131
1,529,529,0.121069
1,529,529,0.121972
1,530,530,0.128626
1,530,530,0.120357
1,530,530,0.121073
1,530,530,0.121527
1,530,530,0.122046
1,530,530,0.121391
1,530,530,0.121099
1,530,530,0.123455
1,531,531,0.119382
1,531,531,0.121893
1,531,531,0.122649
1,531,531,0.122640
1,531,531,0.126601
1,531,531,0.118039
1,531,531,0.121963
1,531,531,0.120041
1,532,532,0.125228
1,532,532,0.123895
1,532,532,0.124118
1,532,532,0.124974
1,532,532,0.121481
1,532,532,0.119657
1,532,532,0.120607
1,532,532,0.121901
1,533,533,0.121322
1,533,533,0.122260
1,533,533,0.121756
1,533,533,0.124172
1,533,533,0.118938
1,533,533,0.122093
1,533,533,0.120889
1,533,533,0.122091
1,534,534,0.120759
1,534,534,0.120976
1,534,534,0.120770
1,534,534,0.130601
1,534,534,0.129806
1,534,534,0.123715
1,534,534,0.120329
1,534,534,0.120663
1,535,535,0.125066
1,535,535,0.127092
1,535,535,0.127306
1,535,535,0.129798
1,535,535,0.124177
1,535,535,0.125223
1,535,535,0.124210
1,535,535,0.119044
1,536,536,0.130024
1,536,536,0.120820
1,536,536,0.121127
1,536,536,0.125038
1,536,536,0.120298
1,536,536,0.122768
1,536,536,0.125076
1,536,536,0.121200
1,537,537,0.123522
1,537,537,0.119132
1,537,537,0.119391
1,537,537,0.121060
1,537,537,0.122161
1,537,537,0.119901
1,537,537,0.122324
1,537,537,0.121675
1,538,538,0.118974
1,538,538,0.119983
1,538,538,0.116963
1,538,538,0.127337
1,538,538,0.123207
1,538,538,0.121289
1,538,538,0.120321
1,538,538,0.122143
1,539,539,0.122811
1,539,539,0.122026
1,539,539,0.121283
1,539,539,0.130676
1,539,539,0.121621
1,539,539,0.118584
1,539,539,0.120493
1,539,539,0.127317
2,1,540,0.127665
2,1,540,0.117818
2,1,540,0.116553
2,1,540,0.123592
2,1,540,0.125805
2,1,540,0.126572
2,1,540,0.121990
2,1,540,0.118932
2,2,541,0.120786
2,2,541,0.121479
2,2,541,0.121085
2,2,541,0.119336
2,2,541,0.118965
2,2,541,0.118293
2,2,541,0.118425
2,2,541,0.118463
2,3,542,0.119436
2,3,542,0.125113
2,3,542,0.120075
2,3,542,0.117401
2,3,542,0.121506
2,3,542,0.123095
2,3,542,0.121116
2,3,542,0.127866
2,4,543,0.120632
2,4,543,0.124939
2,4,543,0.123640
2,4,543,0.123660
2,4,543,0.119331
2,4,543,0.123777
2,4,543,0.119835
2,4,543,0.119340
2,5,544,0.119728
2,5,544,0.118739
2,5,544,0.121816
2,5,544,0.122517
2,5,544,0.121954
2,5,544,0.121934
2,5,544,0.116402
2,5,544,0.115577
2,6,545,0.122491
2,6,545,0.127532
2,6,545,0.124831
2,6,545,0.118511
2,6,545,0.118282
2,6,545,0.121906
2,6,545,0.119790
2,6,545,0.120601
2,7,546,0.118062
2,7,546,0.121558
2,7,546,0.124677
2,7,546,0.124740
2,7,546,0.117833
2,7,546,0.119177
2,7,546,0.129718
2,7,546,0.125695
2,8,547,0.121154
2,8,547,0.124807
2,8,547,0.121763
2,8,547,0.123365
2,8,547,0.121757
2,8,547,0.121718
2,8,547,0.126580
2,8,547,0.124065
2,9,548,0.123413
2,9,548,0.123300
2,9,548,0.121171
2,9,548,0.120981
2,9,548,0.118646
2,9,548,0.124418
2,9,548,0.119568
2,9,548,0.121774
2,10,549,0.121918
2,10,549,0.121727
2,10,549,0.119938
2,10,549,0.121206
2,10,549,0.119417
2,10,549,0.121956
2,10,549,0.123579
2,10,549,0.122086
2,11,550,0.127051
2,11,550,0.120020
2,11,550,0.120108
2,11,550,0.123103
2,11,550,0.120648
2,11,550,0.124142
2,11,550,0.130379
2,11,550,0.124143
2,12,551,0.122487
2,12,551,0.121036
2,12,551,0.119884
2,12,551,0.122477
2,12,551,0.127101
2,12,551,0.124558
2,12,551,0.125975
2,12,551,0.122273
2,13,552,0.124461
2,13,552,0.130022
2,13,552,0.123592
2,13,552,0.120328
2,13,552,0.123683
2,13,552,0.122865
2,13,552,0.117950
2,13,552,0.126693
2,14,553,0.122827
2,14,553,0.117828
2,14,553,0.122073
2,14,553,0.121513
2,14,553,0.120651
2,14,553,0.122982
2,14,553,0.118750
2,14,553,0.118026
2,15,554,0.123760
2,15,554,0.119167
2,15,554,0.131573
2,15,554,0.123370
2,15,554,0.121740
2,15,554,0.125323
2,15,554,0.116656
2,15,554,0.119858
2,16,555,0.121373
2,16,555,0.123398
2,16,555,0.121743
2,16,555,0.126466
2,16,555,0.122435
2,16,555,0.119642
2,16,555,0.120692
2,16,555,0.115579
2,17,556,0.122854
2,17,556,0.124718
2,17,556,0.119440
2,17,556,0.120204
2,17,556,0.119407
2,17,556,0.122636
2,17,556,0.124275
2,17,556,0.120981
2,18,557,0.122972
2,18,557,0.118394
2,18,557,0.128927
2,18,557,0.119823
2,18,557,0.123437
2,18,557,0.118549
2,18,557,0.118663
2,18,557,0.120215
2,19,558,0.125277
2,19,558,0.120470
2,19,558,0.116247
2,19,558,0.120919
2,19,558,0.117765
2,19,558,0.122862
2,19,558,0.121629
2,19,558,0.124540
2,20,559,0.119948
2,20,559,0.124646
2,20,559,0.115814
2,20,559,0.120174
2,20,559,0.119754
2,20,559,0.123823
2,20,559,0.118285
2,20,559,0.120247
2,21,560,0.120069
2,21,560,0.119090
2,21,560,0.122277
2,21,560,0.120839
2,21,560,0.121306
2,21,560,0.123011
2,21,560,0.119039
2,21,560,0.126051
2,22,561,0.122630
2,22,561,0.120216
2,22,561,0.119671
2,22,561,0.117881
2,22,561,0.124751
2,22,561,0.122195
2,22,561,0.126869
2,22,561,0.118512
2,23,562,0.120193
2,23,562,0.123982
2,23,562,0.121260
2,23,562,0.121287
2,23,562,0.117784
2,23,562,0.120554
2,23,562,0.121414
2,23,562,0.115799
2,24,563,0.118891
2,24,563,0.119644
2,24,563,0.120113
2,24,563,0.121413
2,24,563,0.123910
2,24,563,0.123656
2,24,563,0.123470
2,24,563,0.121879
2,25,564,0.120622
2,25,564,0.122880
2,25,564,0.121067
2,25,564,0.122196
2,25,564,0.114911
2,25,564,0.123319
2,25,564,0.120151
2,25,564,0.118996
2,26,565,0.123017
2,26,565,0.123710
2,26,565,0.124008
2,26,565,0.124307
2,26,565,0.120287
2,26,565,0.116762
2,26,565,0.127672
2,26,565,0.119495
2,27,566,0.120529
2,27,566,0.125344
2,27,566,0.123565
2,27,566,0.120980
2,27,566,0.120994
2,27,566,0.118923
2,27,566,0.124346
2,27,566,0.124181
2,28,567,0.117068
2,28,567,0.116896
2,28,567,0.127567
2,28,567,0.124757
2,28,567,0.123723
2,28,567,0.126346
2,28,567,0.118451
2,28,567,0.123243
2,29,568,0.135937
2,29,568,0.127515
2,29,568,0.121730
2,29,568,0.121542
2,29,568,0.121871
2,29,568,0.122659
2,29,568,0.124197
2,29,568,0.121788
2,30,569,0.122119
2,30,569,0.124756
2,30,569,0.121287
2,30,569,0.125052
2,30,569,0.121522
2,30,569,0.123144
2,30,569,0.116586
2,30,569,0.119632
2,31,570,0.118352
2,31,570,0.122111
2,31,570,0.122430
2,31,570,0.123901
2,31,570,0.118716
2,31,570,0.120628
2,31,570,0.119869
2,31,570,0.119942
2,32,571,0.120179
2,32,571,0.125493
2,32,571,0.120453
2,32,571,0.123514
2,32,571,0.124599
2,32,571,0.120442
2,32,571,0.118199
2,32,571,0.122083
2,33,572,0.122434
2,33,572,0.120650
2,33,572,0.123072
2,33,572,0.124283
2,33,572,0.120742
2,33,572,0.121254
2,33,572,0.116275
2,33,572,0.118837
2,34,573,0.122563
2,34,573,0.124116
2,34,573,0.118264
2,34,573,0.120786
2,34,573,0.125022
2,34,573,0.127626
2,34,573,0.125516
2,34,573,0.118231
2,35,574,0.126575
2,35,574,0.115955
2,35,574,0.119471
2,35,574,0.117576
2,35,574,0.120089
2,35,574,0.120666
2,35,574,0.118926
2,35,574,0.122689
2,36,575,0.117060
2,36,575,0.122658
2,36,575,0.122247
2,36,575,0.117732
2,36,575,0.121165
2,36,575,0.122301
2,36,575,0.126595
2,36,575,0.120682
2,37,576,0.116694
2,37,576,0.117008
2,37,576,0.123798
2,37,576,0.121669
2,37,576,0.119736
2,37,576,0.120796
2,37,576,0.125846
2,37,576,0.122679
2,38,577,0.118664
2,38,577,0.120353
2,38,577,0.120855
2,38,577,0.120479
2,38,577,0.123792
2,38,577,0.129843
2,38,577,0.119867
2,38,577,0.118754
2,39,578,0.122314
2,39,578,0.120240
2,39,578,0.119055
2,39,578,0.125367
2,39,578,0.125331
2,39,578,0.121935
2,39,578,0.116303
2,39,578,0.118127
2,40,579,0.124139
2,40,579,0.122174
2,40,579,0.121749
2,40,579,0.123313
2,40,579,0.125274
2,40,579,0.119115
2,40,579,0.119905
2,40,579,0.120732
2,41,580,0.121815
2,41,580,0.122604
2,41,580,0.117627
2,41,580,0.118504
2,41,580,0.120214
2,41,580,0.123687
2,41,580,0.122370
2,41,580,0.120283
2,42,581,0.117397
2,42,581,0.124587
2,42,581,0.121264
2,42,581,0.118778
2,42,581,0.121056
2,42,581,0.124589
2,42,581,0.122246
2,42,581,0.122367
2,43,582,0.115828
2,43,582,0.128009
2,43,582,0.119593
2,43,582,0.122868
2,43,582,0.122056
2,43,582,0.120133
2,43,582,0.123467
2,43,582,0.114675
2,44,583,0.118587
2,44,583,0.123324
2,44,583,0.123773
2,44,583,0.122457
2,44,583,0.115889
2,44,583,0.121937
2,44,583,0.119134
2,44,583,0.118112
2,45,584,0.124654
2,45,584,0.122229
2,45,584,0.120985
2,45,584,0.118008
2,45,584,0.120351
2,45,584,0.120179
2,45,584,0.116890
2,45,584,0.126101
2,46,585,0.119242
2,46,585,0.131279
2,46,585,0.123712
2,46,585,0.120008
2,46,585,0.120199
2,46,585,0.119083
2,46,585,0.122069
2,46,585,0.123824
2,47,586,0.119405
2,47,586,0.124483
2,47,586,0.127829
2,47,586,0.118051
2,47,586,0.117935
2,47,586,0.117300
2,47,586,0.120721
2,47,586,0.120262
2,48,587,0.119974
2,48,587,0.126918
2,48,587,0.122515
2,48,587,0.122699
2,48,587,0.121997
2,48,587,0.123058
2,48,587,0.123414
2,48,587,0.120693
2,49,588,0.118118
2,49,588,0.123128
2,49,588,0.122635
2,49,588,0.120526
2,49,588,0.120306
2,49,588,0.119367
2,49,588,0.124273
2,49,588,0.118565
2,50,589,0.118463
2,50,589,0.117124
2,50,589,0.117383
2,50,589,0.118696
2,50,589,0.120847
2,50,589,0.117836
2,50,589,0.121684
2,50,589,0.122531
2,51,590,0.118880
2,51,590,0.119181
2,51,590,0.120828
2,51,590,0.119009
2,51,590,0.123871
2,51,590,0.124053
2,51,590,0.120987
2,51,590,0.121966
2,52,591,0.120626
2,52,591,0.124003
2,52,591,0.119362
2,52,591,0.125937
2,52,591,0.121010
2,52,591,0.121378
2,52,591,0.120775
2,52,591,0.125133
2,53,592,0.120930
2,53,592,0.125445
2,53,592,0.125462
2,53,592,0.122593
2,53,592,0.128495
2,53,592,0.118779
2,53,592,0.123451
2,53,592,0.116028
2,54,593,0.123769
2,54,593,0.124225
2,54,593,0.119229
2,54,593,0.120028
2,54,593,0.123972
2,54,593,0.123966
2,54,593,0.121894
2,54,593,0.119622
2,55,594,0.120871
2,55,594,0.121574
2,55,594,0.123424
2,55,594,0.123994
2,55,594,0.123414
2,55,594,0.119453
2,55,594,0.120403
2,55,594,0.122630
2,56,595,0.127623
2,56,595,0.118963
2,56,595,0.120768
2,56,595,0.121473
2,56,595,0.122265
2,56,595,0.117673
2,56,595,0.123191
2,56,595,0.124333
2,57,596,0.119552
2,57,596,0.128797
2,57,596,0.125963
2,57,596,0.125002
2,57,596,0.120729
2,57,596,0.129074
2,57,596,0.124569
2,57,596,0.122057
2,58,597,0.123187
2,58,597,0.120783
2,58,597,0.124865
2,58,597,0.118864
2,58,597,0.118165
2,58,597,0.122883
2,58,597,0.119268
2,58,597,0.117745
2,59,598,0.121774
2,59,598,0.125485
2,59,598,0.118803
2,59,598,0.122515
2,59,598,0.120258
2,59,598,0.119434
2,59,598,0.124436
2,59,598,0.118349
2,60,599,0.122469
2,60,599,0.116319
2,60,599,0.119461
2,60,599,0.122625
2,60,599,0.118713
2,60,599,0.119189
2,60,599,0.126738
2,60,599,0.117269
2,61,600,0.119199
2,61,600,0.126442
2,61,600,0.119513
2,61,600,0.117079
2,61,600,0.117775
2,61,600,0.120744
2,61,600,0.123901
2,61,600,0.120926
2,62,601,0.123231
2,62,601,0.122476
2,62,601,0.120235
2,62,601,0.122539
2,62,601,0.119789
2,62,601,0.120218
2,62,601,0.122372
2,62,601,0.119846
2,63,602,0.118077
2,63,602,0.118699
2,63,602,0.118428
2,63,602,0.119253
2,63,602,0.124508
2,63,602,0.123353
2,63,602,0.118220
2,63,602,0.121230
2,64,603,0.123638
2,64,603,0.118786
2,64,603,0.126300
2,64,603,0.122474
2,64,603,0.121287
2,64,603,0.122455
2,64,603,0.121131
2,64,603,0.118716
2,65,604,0.120763
2,65,604,0.120568
2,65,604,0.120697
2,65,604,0.118211
2,65,604,0.114388
2,65,604,0.124407
2,65,604,0.117776
2,65,604,0.114147
2,66,605,0.125065
2,66,605,0.119890
2,66,605,0.126801
2,66,605,0.125281
2,66,605,0.118667
2,66,605,0.124226
2,66,605,0.120896
2,66,605,0.125286
2,67,606,0.119381
2,67,606,0.117587
2,67,606,0.124339
2,67,606,0.119091
2,67,606,0.123984
2,67,606,0.119741
2,67,606,0.116747
2,67,606,0.123679
2,68,607,0.120769
2,68,607,0.121362
2,68,607,0.125317
2,68,607,0.120421
2,68,607,0.117989
2,68,607,0.128455
2,68,607,0.119932
2,68,607,0.118670
2,69,608,0.118596
2,69,608,0.123426
2,69,608,0.118713
2,69,608,0.118304
2,69,608,0.120324
2,69,608,0.121026
2,69,608,0.121320
2,69,608,0.122567
2,70,609,0.118957
2,70,609,0.118618
2,70,609,0.118740
2,70,609,0.121858
2,70,609,0.119457
2,70,609,0.117890
2,70,609,0.119347
2,70,609,0.116277
2,71,610,0.122088
2,71,610,0.121266
2,71,610,0.121906
2,71,610,0.127709
2,71,610,0.120167
2,71,610,0.125717
2,71,610,0.121852
2,71,610,0.122788
2,72,611,0.120211
2,72,611,0.117681
2,72,611,0.123730
2,72,611,0.127087
2,72,611,0.122145
2,72,611,0.121606
2,72,611,0.116645
2,72,611,0.116120
2,73,612,0.118128
2,73,612,0.128689
2,73,612,0.115573
2,73,612,0.120280
2,73,612,0.122352
2,73,612,0.120002
2,73,612,0.120245
2,73,612,0.121560
2,74,613,0.125058
2,74,613,0.124058
2,74,613,0.121772
2,74,613,0.121722
2,74,613,0.119672
2,74,613,0.118001
2,74,613,0.123438
2,74,613,0.125291
2,75,614,0.121639
2,75,614,0.116913
2,75,614,0.119752
2,75,614,0.119568
2,75,614,0.121114
2,75,614,0.119354
2,75,614,0.117391
2,75,614,0.122815
2,76,615,0.125067
2,76,615,0.134165
2,76,615,0.126502
2,76,615,0.119725
2,76,615,0.129387
2,76,615,0.124447
2,76,615,0.117979
2,76,615,0.131255
2,77,616,0.122208
2,77,616,0.118303
2,77,616,0.125902
2,77,616,0.122684
2,77,616,0.121025
2,77,616,0.118057
2,77,616,0.121090
2,77,616,0.118241
2,78,617,0.118566
2,78,617,0.118573
2,78,617,0.121045
2,78,617,0.118305
2,78,617,0.118387
2,78,617,0.127852
2,78,617,0.121415
2,78,617,0.125668
2,79,618,0.120435
2,79,618,0.121133
2,79,618,0.124525
2,79,618,0.120414
2,79,618,0.123263
2,79,618,0.125556
2,79,618,0.121864
2,79,618,0.133139
2,80,619,0.122725
2,80,619,0.119916
2,80,619,0.125852
2,80,619,0.120846
2,80,619,0.119697
2,80,619,0.121447
2,80,619,0.119386
2,80,619,0.114598
2,81,620,0.124961
2,81,620,0.121464
2,81,620,0.128349
2,81,620,0.120828
2,81,620,0.122001
2,81,620,0.125326
2,81,620,0.120514
2,81,620,0.125004
2,82,621,0.120425
2,82,621,0.120335
2,82,621,0.120481
2,82,621,0.122236
2,82,621,0.121902
2,82,621,0.120230
2,82,621,0.120250
2,82,621,0.127495
2,83,622,0.121986
2,83,622,0.123279
2,83,622,0.121847
2,83,622,0.122701
2,83,622,0.116904
2,83,622,0.119490
2,83,622,0.123974
2,83,622,0.123277
2,84,623,0.120225
2,84,623,0.129312
2,84,623,0.118880
2,84,623,0.123834
2,84,623,0.122384
2,84,623,0.121993
2,84,623,0.126394
2,84,623,0.122390
2,85,624,0.121968
2,85,624,0.121254
2,85,624,0.123538
2,85,624,0.128186
2,85,624,0.128017
2,85,624,0.120385
2,85,624,0.120508
2,85,624,0.124469
2,86,625,0.117749
2,86,625,0.121406
2,86,625,0.121933
2,86,625,0.119145
2,86,625,0.120649
2,86,625,0.120331
2,86,625,0.120852
2,86,625,0.116529
2,87,626,0.126808
2,87,626,0.121417
2,87,626,0.117866
2,87,626,0.119298
2,87,626,0.119274
2,87,626,0.125123
2,87,626,0.116507
2,87,626,0.122019
2,88,627,0.117615
2,88,627,0.122976
2,88,627,0.120469
2,88,627,0.124536
2,88,627,0.124659
2,88,627,0.118489
2,88,627,0.125529
2,88,627,0.121728
2,89,628,0.119568
2,89,628,0.122829
2,89,628,0.122657
2,89,628,0.127367
2,89,628,0.128305
2,89,628,0.119377
2,89,628,0.129414
2,89,628,0.119649
2,90,629,0.124045
2,90,629,0.116712
2,90,629,0.116390
2,90,629,0.125245
2,90,629,0.126520
2,90,629,0.121601
2,90,629,0.125908
2,90,629,0.122999
2,91,630,0.121087
2,91,630,0.118059
2,91,630,0.121768
2,91,630,0.118400
2,91,630,0.119977
2,91,630,0.122424
2,91,630,0.119332
2,91,630,0.122125
2,92,631,0.124920
2,92,631,0.124906
2,92,631,0.120229
2,92,631,0.121380
2,92,631,0.123550
2,92,631,0.121512
2,92,631,0.121541
2,92,631,0.123432
2,93,632,0.118873
2,93,632,0.123701
2,93,632,0.118612
2,93,632,0.116657
2,93,632,0.118089
2,93,632,0.121702
2,93,632,0.118254
2,93,632,0.120963
2,94,633,0.120545
2,94,633,0.122216
2,94,633,0.118084
2,94,633,0.121316
2,94,633,0.122510
2,94,633,0.120242
2,94,633,0.120750
2,94,633,0.119715
2,95,634,0.119150
2,95,634,0.121097
2,95,634,0.124074
2,95,634,0.120549
2,95,634,0.119685
2,95,634,0.127544
2,95,634,0.118852
2,95,634,0.121354
2,96,635,0.122338
2,96,635,0.123646
2,96,635,0.119185
2,96,635,0.122445
2,96,635,0.124152
2,96,635,0.124231
2,96,635,0.120236
2,96,635,0.123669
2,97,636,0.124130
2,97,636,0.118365
2,97,636,0.120993
2,97,636,0.124229
2,97,636,0.121342
2,97,636,0.119338
2,97,636,0.122502
2,97,636,0.121063
2,98,637,0.120456
2,98,637,0.120316
2,98,637,0.126217
2,98,637,0.120600
2,98,637,0.128797
2,98,637,0.122857
2,98,637,0.119697
2,98,637,0.121894
2,99,638,0.119213
2,99,638,0.121254
2,99,638,0.124094
2,99,638,0.124896
2,99,638,0.122429
2,99,638,0.119924
2,99,638,0.120282
2,99,638,0.120186
2,100,639,0.121737
2,100,639,0.124855
2,100,639,0.118648
2,100,639,0.118600
2,100,639,0.121195
2,100,639,0.119253
2,100,639,0.123208
2,100,639,0.123401
2,101,640,0.118754
2,101,640,0.121485
2,101,640,0.118287
2,101,640,0.121027
2,101,640,0.122232
2,101,640,0.116670
2,101,640,0.125489
2,101,640,0.120603
2,102,641,0.122130
2,102,641,0.123822
2,102,641,0.119805
2,102,641,0.120880
2,102,641,0.122396
2,102,641,0.120808
2,102,641,0.119471
2,102,641,0.124587
2,103,642,0.124358
2,103,642,0.121597
2,103,642,0.119963
2,103,642,0.118262
2,103,642,0.119000
2,103,642,0.116646
2,103,642,0.117591
2,103,642,0.118619
2,104,643,0.123863
2,104,643,0.119442
2,104,643,0.118267
2,104,643,0.118597
2,104,643,0.118438
2,104,643,0.116632
2,104,643,0.126193
2,104,643,0.118929
2,105,644,0.121815
2,105,644,0.120268
2,105,644,0.120448
2,105,644,0.119898
2,105,644,0.119218
2,105,644,0.121396
2,105,644,0.121522
2,105,644,0.127525
2,106,645,0.119304
2,106,645,0.123247
2,106,645,0.123284
2,106,645,0.119915
2,106,645,0.123809
2,106,645,0.130601
2,106,645,0.128715
2,106,645,0.115334
2,107,646,0.120349
2,107,646,0.117575
2,107,646,0.115730
2,107,646,0.121132
2,107,646,0.121268
2,107,646,0.123390
2,107,646,0.121320
2,107,646,0.117745
2,108,647,0.121419
2,108,647,0.123356
2,108,647,0.120106
2,108,647,0.119649
2,108,647,0.121535
2,108,647,0.121993
2,108,647,0.118579
2,108,647,0.115988
2,109,648,0.115260
2,109,648,0.121344
2,109,648,0.119115
2,109,648,0.119688
2,109,648,0.126422
2,109,648,0.118991
2,109,648,0.120806
2,109,648,0.122933
2,110,649,0.118650
2,110,649,0.118959
2,110,649,0.121615
2,110,649,0.119271
2,110,649,0.122446
2,110,649,0.118506
2,110,649,0.120277
2,110,649,0.117190
2,111,650,0.121390
2,111,650,0.122001
2,111,650,0.126147
2,111,650,0.119655
2,111,650,0.121398
2,111,650,0.118687
2,111,650,0.119976
2,111,650,0.120682
2,112,651,0.118181
2,112,651,0.117821
2,112,651,0.121222
2,112,651,0.116774
2,112,651,0.119828
2,112,651,0.116045
2,112,651,0.120123
2,112,651,0.121202
2,113,652,0.122144
2,113,652,0.121384
2,113,652,0.129085
2,113,652,0.122862
2,113,652,0.122487
2,113,652,0.118620
2,113,652,0.118030
2,113,652,0.119863
2,114,653,0.122969
2,114,653,0.118144
2,114,653,0.120073
2,114,653,0.117650
2,114,653,0.116223
2,114,653,0.118071
2,114,653,0.120608
2,114,653,0.119337
2,115,654,0.115579
2,115,654,0.118221
2,115,654,0.122219
2,115,654,0.118642
2,115,654,0.132645
2,115,654,0.118202
2,115,654,0.122816
2,115,654,0.123917
2,116,655,0.115468
2,116,655,0.120751
2,116,655,0.125740
2,116,655,0.127216
2,116,655,0.116951
2,116,655,0.123984
2,116,655,0.123226
2,116,655,0.120006
2,117,656,0.124607
2,117,656,0.118066
2,117,656,0.125759
2,117,656,0.120814
2,117,656,0.122183
2,117,656,0.122921
2,117,656,0.118766
2,117,656,0.117908
2,118,657,0.120255
2,118,657,0.119009
2,118,657,0.125045
2,118,657,0.121576
2,118,657,0.123346
2,118,657,0.122655
2,118,657,0.125267
2,118,657,0.124195
2,119,658,0.117692
2,119,658,0.119018
2,119,658,0.122557
2,119,658,0.121923
2,119,658,0.121447
2,119,658,0.119182
2,119,658,0.119429
2,119,658,0.118835
2,120,659,0.120267
2,120,659,0.119928
2,120,659,0.120815
2,120,659,0.119471
2,120,659,0.124865
2,120,659,0.121462
2,120,659,0.120853
2,120,659,0.125367
2,121,660,0.119279
2,121,660,0.118176
2,121,660,0.120194
2,121,660,0.118500
2,121,660,0.121129
2,121,660,0.118769
2,121,660,0.114999
2,121,660,0.124184
2,122,661,0.120611
2,122,661,0.138126
2,122,661,0.123570
2,122,661,0.122310
2,122,661,0.121203
2,122,661,0.121397
2,122,661,0.120338
2,122,661,0.121775
2,123,662,0.117200
2,123,662,0.122033
2,123,662,0.120361
2,123,662,0.119046
2,123,662,0.120169
2,123,662,0.124940
2,123,662,0.124319
2,123,662,0.118686
2,124,663,0.123319
2,124,663,0.129189
2,124,663,0.127199
2,124,663,0.121949
2,124,663,0.119429
2,124,663,0.118347
2,124,663,0.123262
2,124,663,0.119958
2,125,664,0.124390
2,125,664,0.123788
2,125,664,0.118138
2,125,664,0.116590
2,125,664,0.117777
2,125,664,0.124807
2,125,664,0.120912
2,125,664,0.118368
2,126,665,0.125509
2,126,665,0.125189
2,126,665,0.128791
2,126,665,0.118545
2,126,665,0.115607
2,126,665,0.120637
2,126,665,0.122264
2,126,665,0.119576
2,127,666,0.122360
2,127,666,0.116110
2,127,666,0.118465
2,127,666,0.117542
2,127,666,0.121430
2,127,666,0.119078
2,127,666,0.124107
2,127,666,0.115854
2,128,667,0.118779
2,128,667,0.117016
2,128,667,0.119909
2,128,667,0.118725
2,128,667,0.121759
2,128,667,0.117346
2,128,667,0.119062
2,128,667,0.122821
2,129,668,0.115710
2,129,668,0.117624
2,129,668,0.124055
2,129,668,0.118394
2,129,668,0.118066
2,129,668,0.119905
2,129,668,0.120782
2,129,668,0.123216
2,130,669,0.120264
2,130,669,0.118652
2,130,669,0.121953
2,130,669,0.120639
2,130,669,0.120124
2,130,669,0.127135
2,130,669,0.118859
2,130,669,0.121506
2,131,670,0.118148
2,131,670,0.121019
2,131,670,0.121477
2,131,670,0.119094
2,131,670,0.119717
2,131,670,0.118687
2,131,670,0.120210
2,131,670,0.119291
2,132,671,0.115319
2,132,671,0.121807
2,132,671,0.120651
2,132,671,0.119491
2,132,671,0.121144
2,132,671,0.124593
2,132,671,0.118227
2,132,671,0.120304
2,133,672,0.120328
2,133,672,0.121279
2,133,672,0.117196
2,133,672,0.123520
2,133,672,0.119940
2,133,672,0.117832
2,133,672,0.121434
2,133,672,0.125274
2,134,673,0.122296
2,134,673,0.125286
2,134,673,0.120899
2,134,673,0.122495
2,134,673,0.120376
2,134,673,0.120142
2,134,673,0.121416
2,134,673,0.123040
2,135,674,0.123037
2,135,674,0.118138
2,135,674,0.126900
2,135,674,0.120186
2,135,674,0.122077
2,135,674,0.115901
2,135,674,0.120891
2,135,674,0.121382
2,136,675,0.117405
2,136,675,0.121004
2,136,675,0.123024
2,136,675,0.118896
2,136,675,0.119943
2,136,675,0.121869
2,136,675,0.119500
2,136,675,0.119029
2,137,676,0.119243
2,137,676,0.119700
2,137,676,0.122545
2,137,676,0.118438
2,137,676,0.117616
2,137,676,0.119065
2,137,676,0.119939
2,137,676,0.119481
2,138,677,0.116781
2,138,677,0.118468
2,138,677,0.116843
2,138,677,0.126970
2,138,677,0.116324
2,138,677,0.123419
2,138,677,0.118014
2,138,677,0.123516
2,139,678,0.118428
2,139,678,0.120210
2,139,678,0.118541
2,139,678,0.121847
2,139,678,0.119492
2,139,678,0.119694
2,139,678,0.124775
2,139,678,0.116647
2,140,679,0.119730
2,140,679,0.114695
2,140,679,0.117531
2,140,679,0.121002
2,140,679,0.118247
2,140,679,0.119495
2,140,679,0.121494
2,140,679,0.122905
2,141,680,0.117212
2,141,680,0.118833
2,141,680,0.122677
2,141,680,0.122524
2,141,680,0.123763
2,141,680,0.120978
2,141,680,0.120707
2,141,680,0.115324
2,142,681,0.121848
2,142,681,0.122141
2,142,681,0.123374
2,142,681,0.119144
2,142,681,0.123985
2,142,681,0.121463
2,142,681,0.123464
2,142,681,0.120516
2,143,682,0.121323
2,143,682,0.123614
2,143,682,0.118800
2,143,682,0.118101
2,143,682,0.116546
2,143,682,0.122099
2,143,682,0.122070
2,143,682,0.122921
2,144,683,0.118888
2,144,683,0.117296
2,144,683,0.122571
2,144,683,0.115532
2,144,683,0.117572
2,144,683,0.120341
2,144,683,0.121222
2,144,683,0.115857
2,145,684,0.119601
2,145,684,0.119781
2,145,684,0.116791
2,145,684,0.117712
2,145,684,0.117158
2,145,684,0.121407
2,145,684,0.119602
2,145,684,0.118280
2,146,685,0.124564
2,146,685,0.121987
2,146,685,0.122441
2,146,685,0.116675
2,146,685,0.115037
2,146,685,0.120347
2,146,685,0.115759
2,146,685,0.121045
2,147,686,0.121685
2,147,686,0.121044
2,147,686,0.122863
2,147,686,0.120567
2,147,686,0.120601
2,147,686,0.122860
2,147,686,0.122600
2,147,686,0.122671
2,148,687,0.127900
2,148,687,0.119438
2,148,687,0.119416
2,148,687,0.119852
2,148,687,0.120113
2,148,687,0.120076
2,148,687,0.120707
2,148,687,0.118825
2,149,688,0.122095
2,149,688,0.116741
2,149,688,0.118961
2,149,688,0.117997
2,149,688,0.117237
2,149,688,0.120698
2,149,688,0.122428
2,149,688,0.123708
2,150,689,0.127057
2,150,689,0.119666
2,150,689,0.122309
2,150,689,0.120827
2,150,689,0.122908
2,150,689,0.121446
2,150,689,0.117738
2,150,689,0.120248
2,151,690,0.125955
2,151,690,0.123003
2,151,690,0.119889
2,151,690,0.123762
2,151,690,0.120306
2,151,690,0.120365
2,151,690,0.118168
2,151,690,0.120156
2,152,691,0.121009
2,152,691,0.119961
2,152,691,0.120561
2,152,691,0.117699
2,152,691,0.123265
2,152,691,0.126934
2,152,691,0.120369
2,152,691,0.124210
2,153,692,0.128825
2,153,692,0.119711
2,153,692,0.121270
2,153,692,0.118918
2,153,692,0.116978
2,153,692,0.114633
2,153,692,0.121584
2,153,692,0.118758
2,154,693,0.119689
2,154,693,0.121814
2,154,693,0.120913
2,154,693,0.121371
2,154,693,0.116172
2,154,693,0.123610
2,154,693,0.125553
2,154,693,0.122863
2,155,694,0.118035
2,155,694,0.126133
2,155,694,0.121959
2,155,694,0.116770
2,155,694,0.125738
2,155,694,0.117159
2,155,694,0.115970
2,155,694,0.115929
2,156,695,0.120758
2,156,695,0.123004
2,156,695,0.117522
2,156,695,0.123106
2,156,695,0.119633
2,156,695,0.116542
2,156,695,0.124132
2,156,695,0.119550
2,157,696,0.118904
2,157,696,0.126155
2,157,696,0.120528
2,157,696,0.123715
2,157,696,0.118645
2,157,696,0.119000
2,157,696,0.117657
2,157,696,0.119716
2,158,697,0.116971
2,158,697,0.117753
2,158,697,0.120770
2,158,697,0.117436
2,158,697,0.122233
2,158,697,0.127565
2,158,697,0.118408
2,158,697,0.120930
2,159,698,0.119792
2,159,698,0.122052
2,159,698,0.120081
2,159,698,0.119761
2,159,698,0.116811
2,159,698,0.118080
2,159,698,0.121195
2,159,698,0.118905
2,160,699,0.121409
2,160,699,0.119362
2,160,699,0.122039
2,160,699,0.119751
2,160,699,0.119963
2,160,699,0.119744
2,160,699,0.122875
2,160,699,0.126443
2,161,700,0.124787
2,161,700,0.124970
2,161,700,0.124780
2,161,700,0.116682
2,161,700,0.116270
2,161,700,0.121025
2,161,700,0.118163
2,161,700,0.117582
2,162,701,0.117706
2,162,701,0.126316
2,162,701,0.119662
2,162,701,0.120252
2,162,701,0.120353
2,162,701,0.124356
2,162,701,0.119389
2,162,701,0.117990
2,163,702,0.118550
2,163,702,0.123767
2,163,702,0.116850
2,163,702,0.121343
2,163,702,0.122600
2,163,702,0.120217
2,163,702,0.125016
2,163,702,0.117484
2,164,703,0.118904
2,164,703,0.125247
2,164,703,0.119201
2,164,703,0.117438
2,164,703,0.121787
2,164,703,0.114900
2,164,703,0.118685
2,164,703,0.118331
2,165,704,0.121346
2,165,704,0.120464
2,165,704,0.120758
2,165,704,0.124592
2,165,704,0.118095
2,165,704,0.119057
2,165,704,0.116971
2,165,704,0.121047
2,166,705,0.115354
2,166,705,0.118620
2,166,705,0.122649
2,166,705,0.123956
2,166,705,0.122496
2,166,705,0.122292
2,166,705,0.119199
2,166,705,0.116451
2,167,706,0.117457
2,167,706,0.120377
2,167,706,0.117168
2,167,706,0.121747
2,167,706,0.126318
2,167,706,0.121021
2,167,706,0.116584
2,167,706,0.125652
2,168,707,0.118102
2,168,707,0.122563
2,168,707,0.119264
2,168,707,0.120787
2,168,707,0.121668
2,168,707,0.117602
2,168,707,0.120703
2,168,707,0.122940
2,169,708,0.120741
2,169,708,0.120559
2,169,708,0.119615
2,169,708,0.116090
2,169,708,0.118445
2,169,708,0.119502
2,169,708,0.119460
2,169,708,0.122174
2,170,709,0.119823
2,170,709,0.119566
2,170,709,0.118912
2,170,709,0.120970
2,170,709,0.121929
2,170,709,0.120905
2,170,709,0.127958
2,170,709,0.121874
2,171,710,0.122730
2,171,710,0.126781
2,171,710,0.119083
2,171,710,0.116910
2,171,710,0.121300
2,171,710,0.119034
2,171,710,0.119468
2,171,710,0.118274
2,172,711,0.121616
2,172,711,0.123469
2,172,711,0.123771
2,172,711,0.120201
2,172,711,0.123343
2,172,711,0.127677
2,172,711,0.125794
2,172,711,0.120679
2,173,712,0.125290
2,173,712,0.126679
2,173,712,0.119689
2,173,712,0.120847
2,173,712,0.122002
2,173,712,0.121403
2,173,712,0.123683
2,173,712,0.127986
2,174,713,0.120759
2,174,713,0.123175
2,174,713,0.124163
2,174,713,0.117315
2,174,713,0.123132
2,174,713,0.126291
2,174,713,0.121833
2,174,713,0.124971
2,175,714,0.133241
2,175,714,0.119343
2,175,714,0.119045
2,175,714,0.121091
2,175,714,0.125267
2,175,714,0.123812
2,175,714,0.119194
2,175,714,0.130012
2,176,715,0.120911
2,176,715,0.119890
2,176,715,0.121309
2,176,715,0.124447
2,176,715,0.119681
2,176,715,0.122973
2,176,715,0.117134
2,176,715,0.118518
2,177,716,0.121054
2,177,716,0.124505
2,177,716,0.115239
2,177,716,0.123029
2,177,716,0.126933
2,177,716,0.124314
2,177,716,0.126799
2,177,716,0.120096
2,178,717,0.118971
2,178,717,0.126791
2,178,717,0.117266
2,178,717,0.119291
2,178,717,0.120835
2,178,717,0.127470
2,178,717,0.123086
2,178,717,0.120634
2,179,718,0.120643
2,179,718,0.120239
2,179,718,0.121811
2,179,718,0.120023
2,179,718,0.118635
2,179,718,0.124808
2,179,718,0.118090
2,179,718,0.119971
2,180,719,0.117304
2,180,719,0.123150
2,180,719,0.117992
2,180,719,0.121947
2,180,719,0.120707
2,180,719,0.123015
2,180,719,0.118031
2,180,719,0.124639
2,181,720,0.120169
2,181,720,0.120869
2,181,720,0.118785
2,181,720,0.119208
2,181,720,0.123489
2,181,720,0.118718
2,181,720,0.122264
2,181,720,0.125626
2,182,721,0.118003
2,182,721,0.118998
2,182,721,0.118738
2,182,721,0.121103
2,182,721,0.119007
2,182,721,0.118742
2,182,721,0.122249
2,182,721,0.121139
2,183,722,0.125277
2,183,722,0.120718
2,183,722,0.123479
2,183,722,0.119983
2,183,722,0.120593
2,183,722,0.122041
2,183,722,0.114935
2,183,722,0.118815
2,184,723,0.124351
2,184,723,0.124297
2,184,723,0.120588
2,184,723,0.118054
2,184,723,0.120895
2,184,723,0.125143
2,184,723,0.122586
2,184,723,0.118834
2,185,724,0.117659
2,185,724,0.125787
2,185,724,0.119851
2,185,724,0.120330
2,185,724,0.124004
2,185,724,0.120165
2,185,724,0.122804
2,185,724,0.121490
2,186,725,0.118842
2,186,725,0.116347
2,186,725,0.119084
2,186,725,0.119511
2,186,725,0.120716
2,186,725,0.119968
2,186,725,0.121121
2,186,725,0.122992
2,187,726,0.124636
2,187,726,0.120232
2,187,726,0.123097
2,187,726,0.117970
2,187,726,0.118817
2,187,726,0.120563
2,187,726,0.128358
2,187,726,0.119553
2,188,727,0.119665
2,188,727,0.119598
2,188,727,0.120189
2,188,727,0.120099
2,188,727,0.120152
2,188,727,0.114723
2,188,727,0.119151
2,188,727,0.117719
2,189,728,0.114364
2,189,728,0.121662
2,189,728,0.122361
2,189,728,0.120003
2,189,728,0.118920
2,189,728,0.120409
2,189,728,0.116441
2,189,728,0.125121
2,190,729,0.118900
2,190,729,0.121315
2,190,729,0.125712
2,190,729,0.117981
2,190,729,0.119881
2,190,729,0.120911
2,190,729,0.126713
2,190,729,0.120503
2,191,730,0.120525
2,191,730,0.118382
2,191,730,0.117069
2,191,730,0.119289
2,191,730,0.120294
2,191,730,0.123750
2,191,730,0.123085
2,191,730,0.116147
2,192,731,0.118821
2,192,731,0.120146
2,192,731,0.116067
2,192,731,0.122126
2,192,731,0.131388
2,192,731,0.120518
2,192,731,0.120408
2,192,731,0.115363
2,193,732,0.119141
2,193,732,0.123744
2,193,732,0.119789
2,193,732,0.118986
2,193,732,0.119433
2,193,732,0.121573
2,193,732,0.118465
2,193,732,0.120202
2,194,733,0.118319
2,194,733,0.119082
2,194,733,0.121992
2,194,733,0.119221
2,194,733,0.120774
2,194,733,0.118969
2,194,733,0.125576
2,194,733,0.120032
2,195,734,0.120460
2,195,734,0.120510
2,195,734,0.124552
2,195,734,0.122586
2,195,734,0.123332
2,195,734,0.119137
2,195,734,0.120991
2,195,734,0.116363
2,196,735,0.118480
2,196,735,0.125578
2,196,735,0.118476
2,196,735,0.122676
2,196,735,0.121410
2,196,735,0.120306
2,196,735,0.119499
2,196,735,0.118083
2,197,736,0.120393
2,197,736,0.117822
2,197,736,0.117524
2,197,736,0.119568
2,197,736,0.124145
2,197,736,0.124306
2,197,736,0.118307
2,197,736,0.125465
2,198,737,0.117505
2,198,737,0.119181
2,198,737,0.119543
2,198,737,0.120083
2,198,737,0.122254
2,198,737,0.125062
2,198,737,0.118446
2,198,737,0.121003
2,199,738,0.123590
2,199,738,0.113739
2,199,738,0.121706
2,199,738,0.117496
2,199,738,0.123019
2,199,738,0.122643
2,199,738,0.115690
2,199,738,0.118552
2,200,739,0.123643
2,200,739,0.121716
2,200,739,0.121815
2,200,739,0.122894
2,200,739,0.115113
2,200,739,0.122105
2,200,739,0.117283
2,200,739,0.125025
2,201,740,0.123005
2,201,740,0.120470
2,201,740,0.120650
2,201,740,0.119771
2,201,740,0.125551
2,201,740,0.121867
2,201,740,0.125988
2,201,740,0.124287
2,202,741,0.120426
2,202,741,0.122339
2,202,741,0.119229
2,202,741,0.123419
2,202,741,0.117453
2,202,741,0.119529
2,202,741,0.122120
2,202,741,0.118396
2,203,742,0.119405
2,203,742,0.122532
2,203,742,0.117011
2,203,742,0.117904
2,203,742,0.120021
2,203,742,0.119273
2,203,742,0.126918
2,203,742,0.118468
2,204,743,0.116333
2,204,743,0.124128
2,204,743,0.118903
2,204,743,0.118638
2,204,743,0.120459
2,204,743,0.120242
2,204,743,0.123703
2,204,743,0.118003
2,205,744,0.120660
2,205,744,0.116327
2,205,744,0.121692
2,205,744,0.119361
2,205,744,0.119227
2,205,744,0.116244
2,205,744,0.123042
2,205,744,0.121466
2,206,745,0.126406
2,206,745,0.117786
2,206,745,0.122189
2,206,745,0.116565
2,206,745,0.126495
2,206,745,0.118052
2,206,745,0.120432
2,206,745,0.117827
2,207,746,0.117799
2,207,746,0.123130
2,207,746,0.119814
2,207,746,0.122990
2,207,746,0.122268
2,207,746,0.116933
2,207,746,0.127904
2,207,746,0.117584
2,208,747,0.118069
2,208,747,0.122193
2,208,747,0.121536
2,208,747,0.128209
2,208,747,0.118223
2,208,747,0.126980
2,208,747,0.116912
2,208,747,0.121353
2,209,748,0.121328
2,209,748,0.123210
2,209,748,0.118365
2,209,748,0.122293
2,209,748,0.123862
2,209,748,0.121475
2,209,748,0.120978
2,209,748,0.119883
2,210,749,0.120317
2,210,749,0.120119
2,210,749,0.122986
2,210,749,0.119411
2,210,749,0.120544
2,210,749,0.120788
2,210,749,0.119934
2,210,749,0.117261
2,211,750,0.120478
2,211,750,0.116409
2,211,750,0.122164
2,211,750,0.122266
2,211,750,0.120012
2,211,750,0.125720
2,211,750,0.120601
2,211,750,0.122007
2,212,751,0.123275
2,212,751,0.116429
2,212,751,0.122301
2,212,751,0.123945
2,212,751,0.120748
2,212,751,0.123253
2,212,751,0.116296
2,212,751,0.119991
2,213,752,0.121165
2,213,752,0.118828
2,213,752,0.119612
2,213,752,0.116545
2,213,752,0.120893
2,213,752,0.123023
2,213,752,0.121507
2,213,752,0.119733
2,214,753,0.127107
2,214,753,0.121323
2,214,753,0.121019
2,214,753,0.119870
2,214,753,0.121052
2,214,753,0.118278
2,214,753,0.124123
2,214,753,0.121351
2,215,754,0.120240
2,215,754,0.117006
2,215,754,0.128514
2,215,754,0.118592
2,215,754,0.122843
2,215,754,0.131060
2,215,754,0.119991
2,215,754,0.118210
2,216,755,0.119537
2,216,755,0.120114
2,216,755,0.121092
2,216,755,0.120927
2,216,755,0.118816
2,216,755,0.121144
2,216,755,0.117977
2,216,755,0.126333
2,217,756,0.127883
2,217,756,0.118838
2,217,756,0.122175
2,217,756,0.114302
2,217,756,0.122587
2,217,756,0.121781
2,217,756,0.120204
2,217,756,0.119315
2,218,757,0.122449
2,218,757,0.123046
2,218,757,0.116568
2,218,757,0.123510
2,218,757,0.120848
2,218,757,0.124728
2,218,757,0.125517
2,218,757,0.122090
2,219,758,0.119675
2,219,758,0.119498
2,219,758,0.115667
2,219,758,0.117535
2,219,758,0.125556
2,219,758,0.121376
2,219,758,0.121973
2,219,758,0.119697
2,220,759,0.121983
2,220,759,0.119124
2,220,759,0.118078
2,220,759,0.120199
2,220,759,0.117956
2,220,759,0.117888
2,220,759,0.117468
2,220,759,0.120961
2,221,760,0.119758
2,221,760,0.121154
2,221,760,0.119221
2,221,760,0.120594
2,221,760,0.125095
2,221,760,0.122035
2,221,760,0.118804
2,221,760,0.120144
2,222,761,0.118866
2,222,761,0.119481
2,222,761,0.126566
2,222,761,0.121588
2,222,761,0.118470
2,222,761,0.121577
2,222,761,0.119880
2,222,761,0.121338
2,223,762,0.115810
2,223,762,0.119677
2,223,762,0.119901
2,223,762,0.125393
2,223,762,0.120055
2,223,762,0.120804
2,223,762,0.115454
2,223,762,0.120162
2,224,763,0.125416
2,224,763,0.116747
2,224,763,0.125402
2,224,763,0.119481
2,224,763,0.118903
2,224,763,0.120297
2,224,763,0.120196
2,224,763,0.119295
2,225,764,0.121393
2,225,764,0.122433
2,225,764,0.121969
2,225,764,0.120989
2,225,764,0.123547
2,225,764,0.123831
2,225,764,0.125144
2,225,764,0.118569
2,226,765,0.115604
2,226,765,0.124125
2,226,765,0.117644
2,226,765,0.121840
2,226,765,0.120149
2,226,765,0.125441
2,226,765,0.119483
2,226,765,0.119112
2,227,766,0.124663
2,227,766,0.120971
2,227,766,0.121470
2,227,766,0.123599
2,227,766,0.126948
2,227,766,0.124113
2,227,766,0.118656
2,227,766,0.116765
2,228,767,0.120103
2,228,767,0.124496
2,228,767,0.122134
2,228,767,0.118953
2,228,767,0.115524
2,228,767,0.116712
2,228,767,0.121445
2,228,767,0.121685
2,229,768,0.122192
2,229,768,0.121071
2,229,768,0.121678
2,229,768,0.122497
2,229,768,0.122704
2,229,768,0.116945
2,229,768,0.125533
2,229,768,0.119008
2,230,769,0.119304
2,230,769,0.123629
2,230,769,0.122372
2,230,769,0.118182
2,230,769,0.130785
2,230,769,0.118287
2,230,769,0.114604
2,230,769,0.120048
2,231,770,0.119113
2,231,770,0.118300
2,231,770,0.117241
2,231,770,0.119294
2,231,770,0.123560
2,231,770,0.119569
2,231,770,0.119484
2,231,770,0.119412
2,232,771,0.120597
2,232,771,0.120100
2,232,771,0.114543
2,232,771,0.116499
2,232,771,0.122834
2,232,771,0.123659
2,232,771,0.120936
2,232,771,0.117099
2,233,772,0.121886
2,233,772,0.117783
2,233,772,0.123880
2,233,772,0.120842
2,233,772,0.118191
2,233,772,0.119782
2,233,772,0.123777
2,233,772,0.115939
2,234,773,0.117716
2,234,773,0.119984
2,234,773,0.120247
2,234,773,0.120057
2,234,773,0.121464
2,234,773,0.117090
2,234,773,0.121002
2,234,773,0.116446
2,235,774,0.122879
2,235,774,0.119688
2,235,774,0.117289
2,235,774,0.119967
2,235,774,0.119498
2,235,774,0.119870
2,235,774,0.121050
2,235,774,0.118709
2,236,775,0.119835
2,236,775,0.121522
2,236,775,0.115143
2,236,775,0.125130
2,236,775,0.119128
2,236,775,0.119294
2,236,775,0.118510
2,236,775,0.121924
2,237,776,0.121697
2,237,776,0.119582
2,237,776,0.121671
2,237,776,0.123124
2,237,776,0.120303
2,237,776,0.122396
2,237,776,0.122057
2,237,776,0.118070
2,238,777,0.116422
2,238,777,0.129167
2,238,777,0.119069
2,238,777,0.119138
2,238,777,0.119846
2,238,777,0.125653
2,238,777,0.117611
2,238,777,0.121113
2,239,778,0.123707
2,239,778,0.118739
2,239,778,0.118052
2,239,778,0.117849
2,239,778,0.121731
2,239,778,0.119745
2,239,778,0.117468
2,239,778,0.117722
2,240,779,0.116692
2,240,779,0.116762
2,240,779,0.119957
2,240,779,0.118084
2,240,779,0.117541
2,240,779,0.114006
2,240,779,0.122051
2,240,779,0.116975
2,241,780,0.119881
2,241,780,0.119086
2,241,780,0.119197
2,241,780,0.119528
2,241,780,0.116926
2,241,780,0.119945
2,241,780,0.116581
2,241,780,0.120139
2,242,781,0.119058
2,242,781,0.118072
2,242,781,0.117534
2,242,781,0.118777
2,242,781,0.118965
2,242,781,0.117001
2,242,781,0.116193
2,242,781,0.116829
2,243,782,0.118613
2,243,782,0.121319
2,243,782,0.116262
2,243,782,0.118618
2,243,782,0.118770
2,243,782,0.118283
2,243,782,0.121546
2,243,782,0.119637
2,244,783,0.160162
2,244,783,0.128934
2,244,783,0.118095
2,244,783,0.119400
2,244,783,0.129135
2,244,783,0.121031
2,244,783,0.115387
2,244,783,0.121117
2,245,784,0.120650
2,245,784,0.123600
2,245,784,0.122784
2,245,784,0.120401
2,245,784,0.125193
2,245,784,0.117058
2,245,784,0.122381
2,245,784,0.115305
2,246,785,0.118539
2,246,785,0.123921
2,246,785,0.122373
2,246,785,0.124575
2,246,785,0.117350
2,246,785,0.119790
2,246,785,0.125760
2,246,785,0.117120
2,247,786,0.119937
2,247,786,0.116407
2,247,786,0.117945
2,247,786,0.119581
2,247,786,0.127478
2,247,786,0.120831
2,247,786,0.117462
2,247,786,0.119451
2,248,787,0.121912
2,248,787,0.117996
2,248,787,0.117305
2,248,787,0.118866
2,248,787,0.120043
2,248,787,0.126129
2,248,787,0.122226
2,248,787,0.119490
2,249,788,0.118972
2,249,788,0.119506
2,249,788,0.118539
2,249,788,0.117623
2,249,788,0.118751
2,249,788,0.120384
2,249,788,0.120104
2,249,788,0.122773
2,250,789,0.119885
2,250,789,0.118755
2,250,789,0.123724
2,250,789,0.117321
2,250,789,0.117969
2,250,789,0.119390
2,250,789,0.125852
2,250,789,0.117591
2,251,790,0.122085
2,251,790,0.116558
2,251,790,0.117983
2,251,790,0.116359
2,251,790,0.121195
2,251,790,0.118508
2,251,790,0.122561
2,251,790,0.126301
2,252,791,0.117856
2,252,791,0.118450
2,252,791,0.122055
2,252,791,0.123624
2,252,791,0.126302
2,252,791,0.116511
2,252,791,0.117246
2,252,791,0.117429
2,253,792,0.119524
2,253,792,0.120194
2,253,792,0.119384
2,253,792,0.121241
2,253,792,0.117923
2,253,792,0.125579
2,253,792,0.130439
2,253,792,0.120826
2,254,793,0.124669
2,254,793,0.120326
2,254,793,0.119927
2,254,793,0.118993
2,254,793,0.119096
2,254,793,0.125244
2,254,793,0.117254
2,254,793,0.119598
2,255,794,0.118908
2,255,794,0.118614
2,255,794,0.123326
2,255,794,0.119751
2,255,794,0.116353
2,255,794,0.119732
2,255,794,0.120511
2,255,794,0.122228
2,256,795,0.117319
2,256,795,0.122088
2,256,795,0.119724
2,256,795,0.126273
2,256,795,0.121548
2,256,795,0.122729
2,256,795,0.123603
2,256,795,0.122055
2,257,796,0.122351
2,257,796,0.122986
2,257,796,0.117787
2,257,796,0.118108
2,257,796,0.118827
2,257,796,0.121615
2,257,796,0.119139
2,257,796,0.120246
2,258,797,0.112543
2,258,797,0.119504
2,258,797,0.117372
2,258,797,0.117958
2,258,797,0.115201
2,258,797,0.119125
2,258,797,0.125863
2,258,797,0.122051
2,259,798,0.115775
2,259,798,0.117370
2,259,798,0.122205
2,259,798,0.118195
2,259,798,0.121366
2,259,798,0.120274
2,259,798,0.119918
2,259,798,0.125745
2,260,799,0.122302
2,260,799,0.118205
2,260,799,0.120171
2,260,799,0.119386
2,260,799,0.118352
2,260,799,0.120266
2,260,799,0.122244
2,260,799,0.123382
2,261,800,0.126839
2,261,800,0.123683
2,261,800,0.124956
2,261,800,0.117546
2,261,800,0.119569
2,261,800,0.120253
2,261,800,0.119078
2,261,800,0.116698
2,262,801,0.124035
2,262,801,0.117923
2,262,801,0.117603
2,262,801,0.120117
2,262,801,0.118227
2,262,801,0.126178
2,262,801,0.119110
2,262,801,0.121573
2,263,802,0.120559
2,263,802,0.122908
2,263,802,0.120301
2,263,802,0.119857
2,263,802,0.121363
2,263,802,0.115713
2,263,802,0.125403
2,263,802,0.122847
2,264,803,0.123267
2,264,803,0.119641
2,264,803,0.119986
2,264,803,0.120637
2,264,803,0.118713
2,264,803,0.141932
2,264,803,0.118592
2,264,803,0.118894
2,265,804,0.120730
2,265,804,0.123139
2,265,804,0.119803
2,265,804,0.119992
2,265,804,0.118913
2,265,804,0.118187
2,265,804,0.120986
2,265,804,0.125790
2,266,805,0.115190
2,266,805,0.124026
2,266,805,0.123444
2,266,805,0.120875
2,266,805,0.116124
2,266,805,0.120428
2,266,805,0.117088
2,266,805,0.119135
2,267,806,0.119153
2,267,806,0.121094
2,267,806,0.120572
2,267,806,0.116824
2,267,806,0.119220
2,267,806,0.117091
2,267,806,0.116028
2,267,806,0.120524
2,268,807,0.122271
2,268,807,0.125047
2,268,807,0.122853
2,268,807,0.122564
2,268,807,0.117628
2,268,807,0.120181
2,268,807,0.125180
2,268,807,0.118209
2,269,808,0.119162
2,269,808,0.127590
2,269,808,0.121174
2,269,808,0.120737
2,269,808,0.119283
2,269,808,0.124870
2,269,808,0.120632
2,269,808,0.120227
2,270,809,0.121270
2,270,809,0.117952
2,270,809,0.116679
2,270,809,0.117126
2,270,809,0.124979
2,270,809,0.119000
2,270,809,0.125126
2,270,809,0.125695
2,271,810,0.126008
2,271,810,0.119563
2,271,810,0.116680
2,271,810,0.126130
2,271,810,0.116867
2,271,810,0.128111
2,271,810,0.120607
2,271,810,0.122334
2,272,811,0.117741
2,272,811,0.119235
2,272,811,0.117649
2,272,811,0.120988
2,272,811,0.117872
2,272,811,0.119638
2,272,811,0.119206
2,272,811,0.121736
2,273,812,0.117049
2,273,812,0.125674
2,273,812,0.121498
2,273,812,0.118739
2,273,812,0.123453
2,273,812,0.119354
2,273,812,0.119051
2,273,812,0.117897
2,274,813,0.118934
2,274,813,0.117821
2,274,813,0.118206
2,274,813,0.120674
2,274,813,0.115563
2,274,813,0.115503
2,274,813,0.114737
2,274,813,0.125053
2,275,814,0.120577
2,275,814,0.119327
2,275,814,0.122993
2,275,814,0.115134
2,275,814,0.122884
2,275,814,0.126661
2,275,814,0.120835
2,275,814,0.116882
2,276,815,0.120079
2,276,815,0.116212
2,276,815,0.119747
2,276,815,0.118349
2,276,815,0.118308
2,276,815,0.119983
2,276,815,0.117930
2,276,815,0.115592
2,277,816,0.122438
2,277,816,0.119322
2,277,816,0.121572
2,277,816,0.117265
2,277,816,0.125230
2,277,816,0.119955
2,277,816,0.117510
2,277,816,0.120890
2,278,817,0.123651
2,278,817,0.116931
2,278,817,0.119369
2,278,817,0.122426
2,278,817,0.121803
2,278,817,0.118780
2,278,817,0.115946
2,278,817,0.122196
2,279,818,0.116447
2,279,818,0.117681
2,279,818,0.123536
2,279,818,0.121499
2,279,818,0.116398
2,279,818,0.121167
2,279,818,0.120637
2,279,818,0.117211
2,280,819,0.119725
2,280,819,0.129370
2,280,819,0.116224
2,280,819,0.116647
2,280,819,0.115813
2,280,819,0.124300
2,280,819,0.119357
2,280,819,0.117955
2,281,820,0.121944
2,281,820,0.123090
2,281,820,0.120255
2,281,820,0.121498
2,281,820,0.120243
2,281,820,0.117060
2,281,820,0.117556
2,281,820,0.119191
2,282,821,0.119555
2,282,821,0.118982
2,282,821,0.117592
2,282,821,0.118471
2,282,821,0.118738
2,282,821,0.121362
2,282,821,0.118834
2,282,821,0.121804
2,283,822,0.117224
2,283,822,0.119083
2,283,822,0.118205
2,283,822,0.122220
2,283,822,0.120278
2,283,822,0.118624
2,283,822,0.127685
2,283,822,0.123719
2,284,823,0.120077
2,284,823,0.123564
2,284,823,0.117249
2,284,823,0.125317
2,284,823,0.121347
2,284,823,0.118395
2,284,823,0.129586
2,284,823,0.116327
2,285,824,0.118274
2,285,824,0.123189
2,285,824,0.120693
2,285,824,0.126061
2,285,824,0.125283
2,285,824,0.117757
2,285,824,0.120591
2,285,824,0.124332
2,286,825,0.118058
2,286,825,0.119781
2,286,825,0.118666
2,286,825,0.123608
2,286,825,0.119387
2,286,825,0.119930
2,286,825,0.120651
2,286,825,0.117674
2,287,826,0.121193
2,287,826,0.122252
2,287,826,0.120359
2,287,826,0.121234
2,287,826,0.117854
2,287,826,0.123339
2,287,826,0.119659
2,287,826,0.121968
2,288,827,0.121367
2,288,827,0.115221
2,288,827,0.118699
2,288,827,0.118694
2,288,827,0.122335
2,288,827,0.125427
2,288,827,0.119324
2,288,827,0.118575
2,289,828,0.119340
2,289,828,0.114674
2,289,828,0.122624
2,289,828,0.121816
2,289,828,0.121193
2,289,828,0.116957
2,289,828,0.119770
2,289,828,0.123056
2,290,829,0.119730
2,290,829,0.117357
2,290,829,0.116625
2,290,829,0.117713
2,290,829,0.119608
2,290,829,0.117485
2,290,829,0.119272
2,290,829,0.120305
2,291,830,0.121916
2,291,830,0.120785
2,291,830,0.121387
2,291,830,0.119330
2,291,830,0.115556
2,291,830,0.118588
2,291,830,0.116193
2,291,830,0.119967
2,292,831,0.118166
2,292,831,0.116740
2,292,831,0.121124
2,292,831,0.120165
2,292,831,0.117098
2,292,831,0.119494
2,292,831,0.117950
2,292,831,0.116449
2,293,832,0.117575
2,293,832,0.124988
2,293,832,0.125753
2,293,832,0.127197
2,293,832,0.118657
2,293,832,0.120733
2,293,832,0.119766
2,293,832,0.117008
2,294,833,0.120904
2,294,833,0.117573
2,294,833,0.122132
2,294,833,0.120664
2,294,833,0.119106
2,294,833,0.123165
2,294,833,0.121470
2,294,833,0.122436
2,295,834,0.117412
2,295,834,0.117792
2,295,834,0.121429
2,295,834,0.119297
2,295,834,0.119371
2,295,834,0.116234
2,295,834,0.120405
2,295,834,0.119013
2,296,835,0.118895
2,296,835,0.119205
2,296,835,0.123489
2,296,835,0.121572
2,296,835,0.119672
2,296,835,0.115952
2,296,835,0.118147
2,296,835,0.117068
2,297,836,0.118712
2,297,836,0.117473
2,297,836,0.126434
2,297,836,0.121120
2,297,836,0.116085
2,297,836,0.115703
2,297,836,0.118348
2,297,836,0.120507
2,298,837,0.116670
2,298,837,0.116661
2,298,837,0.120804
2,298,837,0.116257
2,298,837,0.121903
2,298,837,0.119098
2,298,837,0.115172
2,298,837,0.122919
2,299,838,0.119251
2,299,838,0.122113
2,299,838,0.119262
2,299,838,0.120268
2,299,838,0.117475
2,299,838,0.121530
2,299,838,0.125620
2,299,838,0.118528
2,300,839,0.118993
2,300,839,0.122175
2,300,839,0.120234
2,300,839,0.115311
2,300,839,0.120006
2,300,839,0.119481
2,300,839,0.122198
2,300,839,0.122998
2,301,840,0.121953
2,301,840,0.124886
2,301,840,0.119686
2,301,840,0.116586
2,301,840,0.122194
2,301,840,0.126397
2,301,840,0.118069
2,301,840,0.120934
2,302,841,0.118226
2,302,841,0.120775
2,302,841,0.126174
2,302,841,0.117379
2,302,841,0.120732
2,302,841,0.119459
2,302,841,0.121505
2,302,841,0.120553
2,303,842,0.121703
2,303,842,0.118281
2,303,842,0.120912
2,303,842,0.119946
2,303,842,0.121447
2,303,842,0.117141
2,303,842,0.119930
2,303,842,0.117376
2,304,843,0.122899
2,304,843,0.116459
2,304,843,0.121975
2,304,843,0.115500
2,304,843,0.123252
2,304,843,0.116383
2,304,843,0.119761
2,304,843,0.118254
2,305,844,0.117153
2,305,844,0.118831
2,305,844,0.122275
2,305,844,0.114901
2,305,844,0.126349
2,305,844,0.121708
2,305,844,0.121187
2,305,844,0.119052
2,306,845,0.128454
2,306,845,0.120710
2,306,845,0.120243
2,306,845,0.118129
2,306,845,0.118924
2,306,845,0.117320
2,306,845,0.118435
2,306,845,0.117760
2,307,846,0.118961
2,307,846,0.118190
2,307,846,0.118701
2,307,846,0.120256
2,307,846,0.126286
2,307,846,0.122019
2,307,846,0.119198
2,307,846,0.116851
2,308,847,0.121547
2,308,847,0.116708
2,308,847,0.118489
2,308,847,0.114710
2,308,847,0.119165
2,308,847,0.118674
2,308,847,0.117265
2,308,847,0.124221
2,309,848,0.122457
2,309,848,0.117683
2,309,848,0.123710
2,309,848,0.124219
2,309,848,0.120861
2,309,848,0.119283
2,309,848,0.115951
2,309,848,0.118472
2,310,849,0.125883
2,310,849,0.117799
2,310,849,0.119735
2,310,849,0.117304
2,310,849,0.121493
2,310,849,0.121486
2,310,849,0.118325
2,310,849,0.118545
2,311,850,0.117090
2,311,850,0.119433
2,311,850,0.117666
2,311,850,0.117184
2,311,850,0.115227
2,311,850,0.121222
2,311,850,0.114995
2,311,850,0.119892
2,312,851,0.121346
2,312,851,0.116452
2,312,851,0.118645
2,312,851,0.116139
2,312,851,0.119714
2,312,851,0.121267
2,312,851,0.119719
2,312,851,0.118691
2,313,852,0.119790
2,313,852,0.114712
2,313,852,0.116218
2,313,852,0.117332
2,313,852,0.119850
2,313,852,0.122101
2,313,852,0.114959
2,313,852,0.118488
2,314,853,0.120944
2,314,853,0.123678
2,314,853,0.118939
2,314,853,0.116330
2,314,853,0.119601
2,314,853,0.126057
2,314,853,0.116602
2,314,853,0.113579
2,315,854,0.121590
2,315,854,0.117471
2,315,854,0.120171
2,315,854,0.121133
2,315,854,0.118450
2,315,854,0.118586
2,315,854,0.118792
2,315,854,0.122294
2,316,855,0.121234
2,316,855,0.117435
2,316,855,0.120125
2,316,855,0.118199
2,316,855,0.116264
2,316,855,0.119045
2,316,855,0.121590
2,316,855,0.122150
2,317,856,0.114822
2,317,856,0.119487
2,317,856,0.124694
2,317,856,0.117007
2,317,856,0.122159
2,317,856,0.124875
2,317,856,0.119714
2,317,856,0.113931
2,318,857,0.119612
2,318,857,0.122448
2,318,857,0.121649
2,318,857,0.118389
2,318,857,0.117171
2,318,857,0.116500
2,318,857,0.120638
2,318,857,0.116747
2,319,858,0.116565
2,319,858,0.121642
2,319,858,0.117785
2,319,858,0.121666
2,319,858,0.117992
2,319,858,0.117752
2,319,858,0.118632
2,319,858,0.118527
2,320,859,0.117738
2,320,859,0.126563
2,320,859,0.122899
2,320,859,0.117370
2,320,859,0.120795
2,320,859,0.119661
2,320,859,0.116962
2,320,859,0.120514
2,321,860,0.119907
2,321,860,0.117113
2,321,860,0.124803
2,321,860,0.118458
2,321,860,0.121187
2,321,860,0.122022
2,321,860,0.118663
2,321,860,0.119378
2,322,861,0.117662
2,322,861,0.120662
2,322,861,0.119853
2,322,861,0.117748
2,322,861,0.116486
2,322,861,0.118126
2,322,861,0.125236
2,322,861,0.125382
2,323,862,0.117922
2,323,862,0.119036
2,323,862,0.116275
2,323,862,0.118432
2,323,862,0.122742
2,323,862,0.128311
2,323,862,0.116720
2,323,862,0.117573
2,324,863,0.116576
2,324,863,0.124032
2,324,863,0.119511
2,324,863,0.118388
2,324,863,0.117096
2,324,863,0.120204
2,324,863,0.115623
2,324,863,0.116575
2,325,864,0.118638
2,325,864,0.118698
2,325,864,0.121254
2,325,864,0.119137
2,325,864,0.116860
2,325,864,0.116330
2,325,864,0.117924
2,325,864,0.125824
2,326,865,0.117225
2,326,865,0.123462
2,326,865,0.122224
2,326,865,0.120327
2,326,865,0.117889
2,326,865,0.117419
2,326,865,0.117132
2,326,865,0.123711
2,327,866,0.116255
2,327,866,0.119034
2,327,866,0.120914
2,327,866,0.117810
2,327,866,0.118159
2,327,866,0.119697
2,327,866,0.128494
2,327,866,0.117455
2,328,867,0.121402
2,328,867,0.114658
2,328,867,0.119675
2,328,867,0.118334
2,328,867,0.120370
2,328,867,0.116887
2,328,867,0.119933
2,328,867,0.118638
2,329,868,0.118494
2,329,868,0.118147
2,329,868,0.118406
2,329,868,0.122111
2,329,868,0.121964
2,329,868,0.120112
2,329,868,0.120674
2,329,868,0.118321
2,330,869,0.121621
2,330,869,0.121855
2,330,869,0.125908
2,330,869,0.121830
2,330,869,0.114281
2,330,869,0.117127
2,330,869,0.127091
2,330,869,0.118956
2,331,870,0.118802
2,331,870,0.120990
2,331,870,0.121902
2,331,870,0.119999
2,331,870,0.116554
2,331,870,0.117963
2,331,870,0.125676
2,331,870,0.123962
2,332,871,0.115998
2,332,871,0.116159
2,332,871,0.124861
2,332,871,0.116786
2,332,871,0.120218
2,332,871,0.116147
2,332,871,0.119585
2,332,871,0.124985
2,333,872,0.123587
2,333,872,0.121878
2,333,872,0.118999
2,333,872,0.120051
2,333,872,0.123601
2,333,872,0.119600
2,333,872,0.124019
2,333,872,0.119715
2,334,873,0.120048
2,334,873,0.115709
2,334,873,0.118042
2,334,873,0.122493
2,334,873,0.119191
2,334,873,0.118599
2,334,873,0.115457
2,334,873,0.118303
2,335,874,0.118720
2,335,874,0.122710
2,335,874,0.119084
2,335,874,0.120291
2,335,874,0.122143
2,335,874,0.126392
2,335,874,0.116670
2,335,874,0.124529
2,336,875,0.115716
2,336,875,0.116248
2,336,875,0.117803
2,336,875,0.122808
2,336,875,0.128132
2,336,875,0.120700
2,336,875,0.118500
2,336,875,0.123735
2,337,876,0.119862
2,337,876,0.118468
2,337,876,0.118613
2,337,876,0.124488
2,337,876,0.122999
2,337,876,0.122282
2,337,876,0.117680
2,337,876,0.118526
2,338,877,0.121549
2,338,877,0.124868
2,338,877,0.120048
2,338,877,0.124508
2,338,877,0.119872
2,338,877,0.119893
2,338,877,0.118640
2,338,877,0.120930
2,339,878,0.121140
2,339,878,0.118342
2,339,878,0.119342
2,339,878,0.121251
2,339,878,0.119509
2,339,878,0.122337
2,339,878,0.127345
2,339,878,0.119393
2,340,879,0.122939
2,340,879,0.118320
2,340,879,0.125134
2,340,879,0.124217
2,340,879,0.121590
2,340,879,0.122642
2,340,879,0.114196
2,340,879,0.121310
2,341,880,0.118953
2,341,880,0.118784
2,341,880,0.117228
2,341,880,0.116734
2,341,880,0.121065
2,341,880,0.118036
2,341,880,0.121417
2,341,880,0.116894
2,342,881,0.117620
2,342,881,0.115985
2,342,881,0.122040
2,342,881,0.120100
2,342,881,0.118076
2,342,881,0.116624
2,342,881,0.115831
2,342,881,0.120869
2,343,882,0.120860
2,343,882,0.117059
2,343,882,0.120630
2,343,882,0.113763
2,343,882,0.116894
2,343,882,0.124188
2,343,882,0.119491
2,343,882,0.123771
2,344,883,0.121197
2,344,883,0.118069
2,344,883,0.122478
2,344,883,0.123904
2,344,883,0.124013
2,344,883,0.116261
2,344,883,0.116634
2,344,883,0.121741
2,345,884,0.121323
2,345,884,0.122555
2,345,884,0.117049
2,345,884,0.114454
2,345,884,0.122398
2,345,884,0.118852
2,345,884,0.119196
2,345,884,0.118205
2,346,885,0.120203
2,346,885,0.119546
2,346,885,0.118812
2,346,885,0.117457
2,346,885,0.123156
2,346,885,0.121439
2,346,885,0.119063
2,346,885,0.114444
2,347,886,0.117951
2,347,886,0.115938
2,347,886,0.118345
2,347,886,0.122768
2,347,886,0.119672
2,347,886,0.118418
2,347,886,0.120176
2,347,886,0.120687
2,348,887,0.119071
2,348,887,0.116768
2,348,887,0.117350
2,348,887,0.123284
2,348,887,0.117187
2,348,887,0.118323
2,348,887,0.116890
2,348,887,0.116877
2,349,888,0.119605
2,349,888,0.116237
2,349,888,0.120253
2,349,888,0.119572
2,349,888,0.120329
2,349,888,0.116485
2,349,888,0.119811
2,349,888,0.119636
2,350,889,0.119423
2,350,889,0.121426
2,350,889,0.117219
2,350,889,0.117812
2,350,889,0.119955
2,350,889,0.116604
2,350,889,0.124213
2,350,889,0.118312
2,351,890,0.117235
2,351,890,0.119582
2,351,890,0.119126
2,351,890,0.121445
2,351,890,0.122092
2,351,890,0.121094
2,351,890,0.115969
2,351,890,0.117016
2,352,891,0.119990
2,352,891,0.116494
2,352,891,0.118552
2,352,891,0.117104
2,352,891,0.116433
2,352,891,0.118902
2,352,891,0.116649
2,352,891,0.117594
2,353,892,0.119976
2,353,892,0.116571
2,353,892,0.114685
2,353,892,0.117101
2,353,892,0.121001
2,353,892,0.115325
2,353,892,0.125226
2,353,892,0.121091
2,354,893,0.116845
2,354,893,0.119366
2,354,893,0.120411
2,354,893,0.118980
2,354,893,0.123554
2,354,893,0.121477
2,354,893,0.119988
2,354,893,0.118027
2,355,894,0.119201
2,355,894,0.120024
2,355,894,0.120600
2,355,894,0.117836
2,355,894,0.122205
2,355,894,0.126822
2,355,894,0.120573
2,355,894,0.119847
2,356,895,0.119714
2,356,895,0.117791
2,356,895,0.119459
2,356,895,0.117084
2,356,895,0.121189
2,356,895,0.118060
2,356,895,0.116934
2,356,895,0.120356
2,357,896,0.117541
2,357,896,0.123623
2,357,896,0.119074
2,357,896,0.121161
2,357,896,0.120145
2,357,896,0.119219
2,357,896,0.120365
2,357,896,0.117745
2,358,897,0.122245
2,358,897,0.118023
2,358,897,0.123792
2,358,897,0.116508
2,358,897,0.117948
2,358,897,0.117542
2,358,897,0.119519
2,358,897,0.119049
2,359,898,0.124029
2,359,898,0.118957
2,359,898,0.119005
2,359,898,0.120568
2,359,898,0.125091
2,359,898,0.115568
2,359,898,0.119995
2,359,898,0.120569
2,360,899,0.118918
2,360,899,0.118970
2,360,899,0.122649
2,360,899,0.118174
2,360,899,0.123310
2,360,899,0.120453
2,360,899,0.127325
2,360,899,0.116343
2,361,900,0.118620
2,361,900,0.118764
2,361,900,0.118264
2,361,900,0.120838
2,361,900,0.119642
2,361,900,0.124881
2,361,900,0.119389
2,361,900,0.119069
2,362,901,0.117481
2,362,901,0.116944
2,362,901,0.117721
2,362,901,0.120052
2,362,901,0.118153
2,362,901,0.117701
2,362,901,0.116022
2,362,901,0.118159
2,363,902,0.117569
2,363,902,0.119275
2,363,902,0.121145
2,363,902,0.118669
2,363,902,0.123708
2,363,902,0.118610
2,363,902,0.118809
2,363,902,0.119016
2,364,903,0.117295
2,364,903,0.119089
2,364,903,0.118998
2,364,903,0.121739
2,364,903,0.125404
2,364,903,0.117338
2,364,903,0.119880
2,364,903,0.117650
2,365,904,0.118523
2,365,904,0.119464
2,365,904,0.119189
2,365,904,0.119806
2,365,904,0.116823
2,365,904,0.119911
2,365,904,0.118853
2,365,904,0.121047
2,366,905,0.119841
2,366,905,0.127578
2,366,905,0.128013
2,366,905,0.117439
2,366,905,0.117024
2,366,905,0.115112
2,366,905,0.117392
2,366,905,0.123090
2,367,906,0.122160
2,367,906,0.118667
2,367,906,0.117925
2,367,906,0.120922
2,367,906,0.116220
2,367,906,0.119512
2,367,906,0.115001
2,367,906,0.116970
2,368,907,0.122027
2,368,907,0.117704
2,368,907,0.119991
2,368,907,0.118371
2,368,907,0.116105
2,368,907,0.122947
2,368,907,0.123899
2,368,907,0.120478
2,369,908,0.119815
2,369,908,0.120591
2,369,908,0.116375
2,369,908,0.118138
2,369,908,0.123565
2,369,908,0.121109
2,369,908,0.119481
2,369,908,0.118647
2,370,909,0.114660
2,370,909,0.123008
2,370,909,0.119269
2,370,909,0.122653
2,370,909,0.123988
2,370,909,0.115171
2,370,909,0.121715
2,370,909,0.121072
2,371,910,0.118256
2,371,910,0.216929
2,371,910,0.120171
2,371,910,0.124237
2,371,910,0.118436
2,371,910,0.117208
2,371,910,0.119000
2,371,910,0.121189
2,372,911,0.121365
2,372,911,0.117997
2,372,911,0.118851
2,372,911,0.123182
2,372,911,0.118037
2,372,911,0.119264
2,372,911,0.116072
2,372,911,0.115276
2,373,912,0.118649
2,373,912,0.115678
2,373,912,0.119514
2,373,912,0.118442
2,373,912,0.116135
2,373,912,0.122304
2,373,912,0.115258
2,373,912,0.123378
2,374,913,0.117509
2,374,913,0.123523
2,374,913,0.121868
2,374,913,0.121890
2,374,913,0.121164
2,374,913,0.119035
2,374,913,0.120398
2,374,913,0.120044
2,375,914,0.118981
2,375,914,0.117079
2,375,914,0.117293
2,375,914,0.120250
2,375,914,0.120396
2,375,914,0.116498
2,375,914,0.119060
2,375,914,0.120661
2,376,915,0.122538
2,376,915,0.123149
2,376,915,0.120012
2,376,915,0.120361
2,376,915,0.121152
2,376,915,0.126059
2,376,915,0.119086
2,376,915,0.118878
2,377,916,0.129639
2,377,916,0.131360
2,377,916,0.121270
2,377,916,0.117274
2,377,916,0.119105
2,377,916,0.125176
2,377,916,0.118416
2,377,916,0.121668
2,378,917,0.122955
2,378,917,0.118983
2,378,917,0.119667
2,378,917,0.118008
2,378,917,0.124157
2,378,917,0.116557
2,378,917,0.124557
2,378,917,0.118513
2,379,918,0.114887
2,379,918,0.120527
2,379,918,0.118917
2,379,918,0.121640
2,379,918,0.118143
2,379,918,0.119016
2,379,918,0.121433
2,379,918,0.120118
2,380,919,0.119707
2,380,919,0.118604
2,380,919,0.120950
2,380,919,0.117036
2,380,919,0.120759
2,380,919,0.122116
2,380,919,0.124586
2,380,919,0.119156
2,381,920,0.121845
2,381,920,0.123080
2,381,920,0.117721
2,381,920,0.127022
2,381,920,0.120120
2,381,920,0.120957
2,381,920,0.119186
2,381,920,0.118531
2,382,921,0.120123
2,382,921,0.114135
2,382,921,0.117920
2,382,921,0.117066
2,382,921,0.120301
2,382,921,0.121174
2,382,921,0.119030
2,382,921,0.119516
2,383,922,0.120045
2,383,922,0.127076
2,383,922,0.122043
2,383,922,0.116623
2,383,922,0.124705
2,383,922,0.120330
2,383,922,0.121974
2,383,922,0.116273
2,384,923,0.115318
2,384,923,0.119290
2,384,923,0.124695
2,384,923,0.117043
2,384,923,0.116658
2,384,923,0.117981
2,384,923,0.119232
2,384,923,0.116525
2,385,924,0.118331
2,385,924,0.120980
2,385,924,0.119608
2,385,924,0.116792
2,385,924,0.124410
2,385,924,0.119922
2,385,924,0.117617
2,385,924,0.121545
2,386,925,0.120153
2,386,925,0.120117
2,386,925,0.119956
2,386,925,0.118053
2,386,925,0.115562
2,386,925,0.119116
2,386,925,0.117068
2,386,925,0.116632
2,387,926,0.124290
2,387,926,0.118998
2,387,926,0.122305
2,387,926,0.120723
2,387,926,0.124204
2,387,926,0.119898
2,387,926,0.115109
2,387,926,0.118595
2,388,927,0.117746
2,388,927,0.118461
2,388,927,0.121895
2,388,927,0.120917
2,388,927,0.120315
2,388,927,0.113518
2,388,927,0.124655
2,388,927,0.116486
2,389,928,0.121256
2,389,928,0.116529
2,389,928,0.116716
2,389,928,0.123157
2,389,928,0.118982
2,389,928,0.118046
2,389,928,0.114273
2,389,928,0.124345
2,390,929,0.116817
2,390,929,0.123358
2,390,929,0.116901
2,390,929,0.120993
2,390,929,0.116940
2,390,929,0.119569
2,390,929,0.116890
2,390,929,0.117763
2,391,930,0.119417
2,391,930,0.119877
2,391,930,0.117073
2,391,930,0.120123
2,391,930,0.118761
2,391,930,0.120511
2,391,930,0.119425
2,391,930,0.115805
2,392,931,0.119579
2,392,931,0.117859
2,392,931,0.119027
2,392,931,0.116812
2,392,931,0.119796
2,392,931,0.117160
2,392,931,0.115575
2,392,931,0.121635
2,393,932,0.121480
2,393,932,0.119663
2,393,932,0.117860
2,393,932,0.118859
2,393,932,0.118953
2,393,932,0.118405
2,393,932,0.120616
2,393,932,0.120691
2,394,933,0.118006
2,394,933,0.119602
2,394,933,0.120083
2,394,933,0.119822
2,394,933,0.121634
2,394,933,0.120706
2,394,933,0.117822
2,394,933,0.117202
2,395,934,0.117042
2,395,934,0.117938
2,395,934,0.115874
2,395,934,0.121203
2,395,934,0.120516
2,395,934,0.117386
2,395,934,0.118912
2,395,934,0.116899
2,396,935,0.124361
2,396,935,0.122039
2,396,935,0.119420
2,396,935,0.118374
2,396,935,0.122628
2,396,935,0.116543
2,396,935,0.122743
2,396,935,0.117431
2,397,936,0.120796
2,397,936,0.117407
2,397,936,0.119156
2,397,936,0.119095
2,397,936,0.117798
2,397,936,0.121168
2,397,936,0.117186
2,397,936,0.119988
2,398,937,0.119628
2,398,937,0.122487
2,398,937,0.116461
2,398,937,0.121572
2,398,937,0.124616
2,398,937,0.124078
2,398,937,0.126768
2,398,937,0.124329
2,399,938,0.113998
2,399,938,0.117761
2,399,938,0.116614
2,399,938,0.123508
2,399,938,0.119035
2,399,938,0.121075
2,399,938,0.118346
2,399,938,0.128636
2,400,939,0.117652
2,400,939,0.114916
2,400,939,0.117123
2,400,939,0.119843
2,400,939,0.121740
2,400,939,0.122142
2,400,939,0.118953
2,400,939,0.121333
2,401,940,0.119527
2,401,940,0.124918
2,401,940,0.117146
2,401,940,0.124801
2,401,940,0.123632
2,401,940,0.117422
2,401,940,0.122618
2,401,940,0.128474
2,402,941,0.119406
2,402,941,0.125218
2,402,941,0.112630
2,402,941,0.118359
2,402,941,0.118327
2,402,941,0.123328
2,402,941,0.113797
2,402,941,0.116400
2,403,942,0.119462
2,403,942,0.118837
2,403,942,0.116011
2,403,942,0.120480
2,403,942,0.114690
2,403,942,0.116255
2,403,942,0.119626
2,403,942,0.123143
2,404,943,0.117751
2,404,943,0.118763
2,404,943,0.119598
2,404,943,0.120846
2,404,943,0.124813
2,404,943,0.116105
2,404,943,0.121724
2,404,943,0.117661
2,405,944,0.120376
2,405,944,0.124866
2,405,944,0.119227
2,405,944,0.121207
2,405,944,0.119436
2,405,944,0.119685
2,405,944,0.121626
2,405,944,0.114764
2,406,945,0.118919
2,406,945,0.124363
2,406,945,0.119751
2,406,945,0.118796
2,406,945,0.116782
2,406,945,0.118115
2,406,945,0.116473
2,406,945,0.124521
2,407,946,0.120435
2,407,946,0.118601
2,407,946,0.119402
2,407,946,0.123903
2,407,946,0.120102
2,407,946,0.117740
2,407,946,0.116812
2,407,946,0.120780
2,408,947,0.121019
2,408,947,0.118022
2,408,947,0.121378
2,408,947,0.118638
2,408,947,0.121342
2,408,947,0.119070
2,408,947,0.118775
2,408,947,0.117214
2,409,948,0.116630
2,409,948,0.121092
2,409,948,0.119299
2,409,948,0.121480
2,409,948,0.123292
2,409,948,0.118304
2,409,948,0.121009
2,409,948,0.119870
2,410,949,0.120154
2,410,949,0.118679
2,410,949,0.122648
2,410,949,0.118929
2,410,949,0.117079
2,410,949,0.119523
2,410,949,0.118389
2,410,949,0.115945
2,411,950,0.120270
2,411,950,0.116313
2,411,950,0.122085
2,411,950,0.120382
2,411,950,0.118159
2,411,950,0.116746
2,411,950,0.124810
2,411,950,0.119324
2,412,951,0.117766
2,412,951,0.122841
2,412,951,0.127105
2,412,951,0.124039
2,412,951,0.120112
2,412,951,0.118876
2,412,951,0.118586
2,412,951,0.118964
2,413,952,0.116632
2,413,952,0.119750
2,413,952,0.130407
2,413,952,0.118703
2,413,952,0.120490
2,413,952,0.120572
2,413,952,0.124546
2,413,952,0.126139
2,414,953,0.120016
2,414,953,0.121294
2,414,953,0.115462
2,414,953,0.117326
2,414,953,0.121194
2,414,953,0.121340
2,414,953,0.117220
2,414,953,0.119621
2,415,954,0.120931
2,415,954,0.119037
2,415,954,0.125438
2,415,954,0.118669
2,415,954,0.119949
2,415,954,0.122649
2,415,954,0.119744
2,415,954,0.119376
2,416,955,0.121374
2,416,955,0.118630
2,416,955,0.122478
2,416,955,0.119703
2,416,955,0.128221
2,416,955,0.125878
2,416,955,0.118322
2,416,955,0.121139
2,417,956,0.122770
2,417,956,0.119424
2,417,956,0.131576
2,417,956,0.120640
2,417,956,0.120428
2,417,956,0.120263
2,417,956,0.118956
2,417,956,0.120489
2,418,957,0.120196
2,418,957,0.122332
2,418,957,0.119551
2,418,957,0.118795
2,418,957,0.118314
2,418,957,0.121038
2,418,957,0.116086
2,418,957,0.120003
2,419,958,0.121008
2,419,958,0.117051
2,419,958,0.118770
2,419,958,0.123349
2,419,958,0.118806
2,419,958,0.119370
2,419,958,0.121650
2,419,958,0.123746
2,420,959,0.116031
2,420,959,0.119456
2,420,959,0.121616
2,420,959,0.122706
2,420,959,0.123756
2,420,959,0.116948
2,420,959,0.117735
2,420,959,0.121833
2,421,960,0.118509
2,421,960,0.119930
2,421,960,0.119221
2,421,960,0.114785
2,421,960,0.120092
2,421,960,0.118816
2,421,960,0.118300
2,421,960,0.123292
2,422,961,0.117943
2,422,961,0.118998
2,422,961,0.115708
2,422,961,0.120441
2,422,961,0.119503
2,422,961,0.119655
2,422,961,0.116821
2,422,961,0.113546
2,423,962,0.122986
2,423,962,0.121056
2,423,962,0.123235
2,423,962,0.124744
2,423,962,0.119744
2,423,962,0.121448
2,423,962,0.121426
2,423,962,0.121640
2,424,963,0.121282
2,424,963,0.120260
2,424,963,0.120738
2,424,963,0.119104
2,424,963,0.115614
2,424,963,0.121797
2,424,963,0.119760
2,424,963,0.123618
2,425,964,0.120372
2,425,964,0.122659
2,425,964,0.112523
2,425,964,0.119085
2,425,964,0.117047
2,425,964,0.127001
2,425,964,0.118363
2,425,964,0.120233
2,426,965,0.118413
2,426,965,0.122797
2,426,965,0.119550
2,426,965,0.120417
2,426,965,0.115606
2,426,965,0.122224
2,426,965,0.120428
2,426,965,0.118229
2,427,966,0.115691
2,427,966,0.121703
2,427,966,0.116503
2,427,966,0.123064
2,427,966,0.121539
2,427,966,0.114634
2,427,966,0.128769
2,427,966,0.118611
2,428,967,0.126378
2,428,967,0.119066
2,428,967,0.120383
2,428,967,0.122074
2,428,967,0.122515
2,428,967,0.119203
2,428,967,0.115479
2,428,967,0.120048
2,429,968,0.117256
2,429,968,0.118433
2,429,968,0.119405
2,429,968,0.121075
2,429,968,0.118594
2,429,968,0.122332
2,429,968,0.118567
2,429,968,0.121938
2,430,969,0.118157
2,430,969,0.118114
2,430,969,0.126993
2,430,969,0.117614
2,430,969,0.120312
2,430,969,0.122316
2,430,969,0.116410
2,430,969,0.125477
2,431,970,0.124043
2,431,970,0.119269
2,431,970,0.121319
2,431,970,0.116527
2,431,970,0.124210
2,431,970,0.122668
2,431,970,0.115472
2,431,970,0.120340
2,432,971,0.122463
2,432,971,0.121577
2,432,971,0.119635
2,432,971,0.116557
2,432,971,0.123731
2,432,971,0.119752
2,432,971,0.118716
2,432,971,0.119280
2,433,972,0.120570
2,433,972,0.116951
2,433,972,0.117603
2,433,972,0.119197
2,433,972,0.120199
2,433,972,0.117680
2,433,972,0.118845
2,433,972,0.121578
2,434,973,0.117655
2,434,973,0.118905
2,434,973,0.118017
2,434,973,0.118734
2,434,973,0.119093
2,434,973,0.120368
2,434,973,0.120288
2,434,973,0.125121
2,435,974,0.118480
2,435,974,0.124013
2,435,974,0.119640
2,435,974,0.117850
2,435,974,0.122839
2,435,974,0.118941
2,435,974,0.123770
2,435,974,0.122389
2,436,975,0.118904
2,436,975,0.117198
2,436,975,0.113490
2,436,975,0.119934
2,436,975,0.118206
2,436,975,0.118848
2,436,975,0.118658
2,436,975,0.115984
2,437,976,0.121952
2,437,976,0.120158
2,437,976,0.122273
2,437,976,0.118424
2,437,976,0.121787
2,437,976,0.120085
2,437,976,0.116289
2,437,976,0.117399
2,438,977,0.119483
2,438,977,0.123985
2,438,977,0.119085
2,438,977,0.131118
2,438,977,0.117771
2,438,977,0.112949
2,438,977,0.117478
2,438,977,0.125067
2,439,978,0.122234
2,439,978,0.118663
2,439,978,0.120178
2,439,978,0.123421
2,439,978,0.116337
2,439,978,0.128781
2,439,978,0.122624
2,439,978,0.119265
2,440,979,0.128531
2,440,979,0.121968
2,440,979,0.118024
2,440,979,0.116629
2,440,979,0.125231
2,440,979,0.117562
2,440,979,0.123286
2,440,979,0.117797
2,441,980,0.121929
2,441,980,0.118389
2,441,980,0.120090
2,441,980,0.121849
2,441,980,0.118129
2,441,980,0.119347
2,441,980,0.121208
2,441,980,0.118334
2,442,981,0.114136
2,442,981,0.118561
2,442,981,0.116196
2,442,981,0.117542
2,442,981,0.120783
2,442,981,0.119509
2,442,981,0.122661
2,442,981,0.120347
2,443,982,0.117344
2,443,982,0.120839
2,443,982,0.121157
2,443,982,0.117859
2,443,982,0.121355
2,443,982,0.122053
2,443,982,0.117616
2,443,982,0.117067
2,444,983,0.119343
2,444,983,0.119173
2,444,983,0.120151
2,444,983,0.118092
2,444,983,0.119016
2,444,983,0.118782
2,444,983,0.116687
2,444,983,0.117935
2,445,984,0.113251
2,445,984,0.120667
2,445,984,0.120775
2,445,984,0.118707
2,445,984,0.120781
2,445,984,0.113943
2,445,984,0.117522
2,445,984,0.117183
2,446,985,0.119219
2,446,985,0.118035
2,446,985,0.116808
2,446,985,0.121032
2,446,985,0.116777
2,446,985,0.117173
2,446,985,0.126514
2,446,985,0.117737
2,447,986,0.120739
2,447,986,0.120603
2,447,986,0.117118
2,447,986,0.120334
2,447,986,0.118229
2,447,986,0.117151
2,447,986,0.118072
2,447,986,0.116280
2,448,987,0.121259
2,448,987,0.119608
2,448,987,0.119367
2,448,987,0.119617
2,448,987,0.120491
2,448,987,0.116572
2,448,987,0.116323
2,448,987,0.120447
2,449,988,0.122695
2,449,988,0.123516
2,449,988,0.117645
2,449,988,0.122605
2,449,988,0.117815
2,449,988,0.114724
2,449,988,0.115935
2,449,988,0.118898
2,450,989,0.124032
2,450,989,0.119804
2,450,989,0.118541
2,450,989,0.119332
2,450,989,0.124595
2,450,989,0.116183
2,450,989,0.115977
2,450,989,0.124906
2,451,990,0.119610
2,451,990,0.118356
2,451,990,0.115582
2,451,990,0.118557
2,451,990,0.119121
2,451,990,0.115868
2,451,990,0.120443
2,451,990,0.118821
2,452,991,0.120891
2,452,991,0.115261
2,452,991,0.117017
2,452,991,0.116466
2,452,991,0.118930
2,452,991,0.121218
2,452,991,0.116028
2,452,991,0.117891
2,453,992,0.119263
2,453,992,0.116719
2,453,992,0.122105
2,453,992,0.118755
2,453,992,0.115305
2,453,992,0.120241
2,453,992,0.124067
2,453,992,0.120849
2,454,993,0.118961
2,454,993,0.116871
2,454,993,0.117837
2,454,993,0.120693
2,454,993,0.117890
2,454,993,0.120389
2,454,993,0.119361
2,454,993,0.121025
2,455,994,0.121236
2,455,994,0.116673
2,455,994,0.117940
2,455,994,0.122037
2,455,994,0.117439
2,455,994,0.124760
2,455,994,0.115519
2,455,994,0.118629
2,456,995,0.117024
2,456,995,0.119768
2,456,995,0.124149
2,456,995,0.117804
2,456,995,0.121925
2,456,995,0.119371
2,456,995,0.118361
2,456,995,0.120196
2,457,996,0.119847
2,457,996,0.120332
2,457,996,0.118694
2,457,996,0.120191
2,457,996,0.122228
2,457,996,0.121234
2,457,996,0.117240
2,457,996,0.121888
2,458,997,0.116095
2,458,997,0.120862
2,458,997,0.120362
2,458,997,0.118275
2,458,997,0.120617
2,458,997,0.120363
2,458,997,0.120510
2,458,997,0.125507
2,459,998,0.126830
2,459,998,0.122426
2,459,998,0.120705
2,459,998,0.122932
2,459,998,0.120862
2,459,998,0.116995
2,459,998,0.120623
2,459,998,0.119670
2,460,999,0.112810
2,460,999,0.117508
2,460,999,0.114405
2,460,999,0.118946
2,460,999,0.119426
2,460,999,0.117322
2,460,999,0.119134
2,460,999,0.119807
2,461,1000,0.120240
2,461,1000,0.116703
2,461,1000,0.120053
2,461,1000,0.117775
2,461,1000,0.119391
2,461,1000,0.123253
2,461,1000,0.118546
2,461,1000,0.120343
2,462,1001,0.122809
2,462,1001,0.117008
2,462,1001,0.117670
2,462,1001,0.120123
2,462,1001,0.115336
2,462,1001,0.120216
2,462,1001,0.121066
2,462,1001,0.117271
2,463,1002,0.116163
2,463,1002,0.120355
2,463,1002,0.118058
2,463,1002,0.122074
2,463,1002,0.122437
2,463,1002,0.119422
2,463,1002,0.114985
2,463,1002,0.121685
2,464,1003,0.120885
2,464,1003,0.119531
2,464,1003,0.123655
2,464,1003,0.122148
2,464,1003,0.118838
2,464,1003,0.120277
2,464,1003,0.115436
2,464,1003,0.118043
2,465,1004,0.118170
2,465,1004,0.122716
2,465,1004,0.124369
2,465,1004,0.121979
2,465,1004,0.118041
2,465,1004,0.121454
2,465,1004,0.117820
2,465,1004,0.118573
2,466,1005,0.120210
2,466,1005,0.120121
2,466,1005,0.119636
2,466,1005,0.113683
2,466,1005,0.118594
2,466,1005,0.117340
2,466,1005,0.118171
2,466,1005,0.116653
2,467,1006,0.126353
2,467,1006,0.116355
2,467,1006,0.116492
2,467,1006,0.117243
2,467,1006,0.115007
2,467,1006,0.123835
2,467,1006,0.118509
2,467,1006,0.117171
2,468,1007,0.116247
2,468,1007,0.115203
2,468,1007,0.121643
2,468,1007,0.123677
2,468,1007,0.124843
2,468,1007,0.120455
2,468,1007,0.121815
2,468,1007,0.118406
2,469,1008,0.116073
2,469,1008,0.121394
2,469,1008,0.118120
2,469,1008,0.121600
2,469,1008,0.117760
2,469,1008,0.122508
2,469,1008,0.117698
2,469,1008,0.118371
2,470,1009,0.119849
2,470,1009,0.114162
2,470,1009,0.117654
2,470,1009,0.116539
2,470,1009,0.114751
2,470,1009,0.115751
2,470,1009,0.117451
2,470,1009,0.120176
2,471,1010,0.122046
2,471,1010,0.118605
2,471,1010,0.119801
2,471,1010,0.118204
2,471,1010,0.113030
2,471,1010,0.118856
2,471,1010,0.119545
2,471,1010,0.121782
2,472,1011,0.124951
2,472,1011,0.120254
2,472,1011,0.118435
2,472,1011,0.121226
2,472,1011,0.117910
2,472,1011,0.120227
2,472,1011,0.117412
2,472,1011,0.121059
2,473,1012,0.118083
2,473,1012,0.119361
2,473,1012,0.123031
2,473,1012,0.116801
2,473,1012,0.117684
2,473,1012,0.119649
2,473,1012,0.115127
2,473,1012,0.122319
2,474,1013,0.123069
2,474,1013,0.119883
2,474,1013,0.120748
2,474,1013,0.117896
2,474,1013,0.119656
2,474,1013,0.118130
2,474,1013,0.115743
2,474,1013,0.117051
2,475,1014,0.121502
2,475,1014,0.118424
2,475,1014,0.121279
2,475,1014,0.120008
2,475,1014,0.124006
2,475,1014,0.116663
2,475,1014,0.118397
2,475,1014,0.121191
2,476,1015,0.120126
2,476,1015,0.118538
2,476,1015,0.121508
2,476,1015,0.116308
2,476,1015,0.120671
2,476,1015,0.121658
2,476,1015,0.123261
2,476,1015,0.115659
2,477,1016,0.124110
2,477,1016,0.117494
2,477,1016,0.115625
2,477,1016,0.122492
2,477,1016,0.118487
2,477,1016,0.120083
2,477,1016,0.121259
2,477,1016,0.126103
2,478,1017,0.119151
2,478,1017,0.118096
2,478,1017,0.120762
2,478,1017,0.117112
2,478,1017,0.118784
2,478,1017,0.115636
2,478,1017,0.116866
2,478,1017,0.118491
2,479,1018,0.122642
2,479,1018,0.120502
2,479,1018,0.118559
2,479,1018,0.116176
2,479,1018,0.119792
2,479,1018,0.122236
2,479,1018,0.113154
2,479,1018,0.117638
2,480,1019,0.118822
2,480,1019,0.116774
2,480,1019,0.119525
2,480,1019,0.122984
2,480,1019,0.118296
2,480,1019,0.118522
2,480,1019,0.116391
2,480,1019,0.114925
2,481,1020,0.122706
2,481,1020,0.121298
2,481,1020,0.121103
2,481,1020,0.116437
2,481,1020,0.115844
2,481,1020,0.119012
2,481,1020,0.116704
2,481,1020,0.118300
2,482,1021,0.115762
2,482,1021,0.120311
2,482,1021,0.123443
2,482,1021,0.116290
2,482,1021,0.117060
2,482,1021,0.118491
2,482,1021,0.117924
2,482,1021,0.115902
2,483,1022,0.119075
2,483,1022,0.116529
2,483,1022,0.118584
2,483,1022,0.120740
2,483,1022,0.114001
2,483,1022,0.116708
2,483,1022,0.117661
2,483,1022,0.118907
2,484,1023,0.118717
2,484,1023,0.116937
2,484,1023,0.119313
2,484,1023,0.123814
2,484,1023,0.120375
2,484,1023,0.118537
2,484,1023,0.120735
2,484,1023,0.118364
2,485,1024,0.119209
2,485,1024,0.121214
2,485,1024,0.118987
2,485,1024,0.123404
2,485,1024,0.118972
2,485,1024,0.119792
2,485,1024,0.124472
2,485,1024,0.116204
2,486,1025,0.116969
2,486,1025,0.123240
2,486,1025,0.117003
2,486,1025,0.129123
2,486,1025,0.117841
2,486,1025,0.116357
2,486,1025,0.119384
2,486,1025,0.116094
2,487,1026,0.117702
2,487,1026,0.115479
2,487,1026,0.115281
2,487,1026,0.120419
2,487,1026,0.115491
2,487,1026,0.118086
2,487,1026,0.119695
2,487,1026,0.115515
2,488,1027,0.117537
2,488,1027,0.116578
2,488,1027,0.118992
2,488,1027,0.121119
2,488,1027,0.117169
2,488,1027,0.119440
2,488,1027,0.122031
2,488,1027,0.115597
2,489,1028,0.116721
2,489,1028,0.116500
2,489,1028,0.118064
2,489,1028,0.118907
2,489,1028,0.117774
2,489,1028,0.118817
2,489,1028,0.117493
2,489,1028,0.120719
2,490,1029,0.118723
2,490,1029,0.127593
2,490,1029,0.117665
2,490,1029,0.115885
2,490,1029,0.123185
2,490,1029,0.123037
2,490,1029,0.121600
2,490,1029,0.117718
2,491,1030,0.118583
2,491,1030,0.117869
2,491,1030,0.113992
2,491,1030,0.121136
2,491,1030,0.113622
2,491,1030,0.117533
2,491,1030,0.116669
2,491,1030,0.123395
2,492,1031,0.123313
2,492,1031,0.123853
2,492,1031,0.119341
2,492,1031,0.118586
2,492,1031,0.117439
2,492,1031,0.118123
2,492,1031,0.117417
2,492,1031,0.119829
2,493,1032,0.116869
2,493,1032,0.116778
2,493,1032,0.116231
2,493,1032,0.115050
2,493,1032,0.118628
2,493,1032,0.118848
2,493,1032,0.117588
2,493,1032,0.118562
2,494,1033,0.117323
2,494,1033,0.116793
2,494,1033,0.119613
2,494,1033,0.118295
2,494,1033,0.117116
2,494,1033,0.120639
2,494,1033,0.120667
2,494,1033,0.119815
2,495,1034,0.119138
2,495,1034,0.117208
2,495,1034,0.117182
2,495,1034,0.116215
2,495,1034,0.117081
2,495,1034,0.120057
2,495,1034,0.115961
2,495,1034,0.118877
2,496,1035,0.119195
2,496,1035,0.119680
2,496,1035,0.118716
2,496,1035,0.121469
2,496,1035,0.115827
2,496,1035,0.118379
2,496,1035,0.119852
2,496,1035,0.120113
2,497,1036,0.119342
2,497,1036,0.121070
2,497,1036,0.118809
2,497,1036,0.119621
2,497,1036,0.119396
2,497,1036,0.120691
2,497,1036,0.117587
2,497,1036,0.119932
2,498,1037,0.117011
2,498,1037,0.117996
2,498,1037,0.120050
2,498,1037,0.119694
2,498,1037,0.119133
2,498,1037,0.114116
2,498,1037,0.118691
2,498,1037,0.116732
2,499,1038,0.122327
2,499,1038,0.126652
2,499,1038,0.114558
2,499,1038,0.118403
2,499,1038,0.121078
2,499,1038,0.121994
2,499,1038,0.118516
2,499,1038,0.119947
2,500,1039,0.118080
2,500,1039,0.120217
2,500,1039,0.120650
2,500,1039,0.119498
2,500,1039,0.118538
2,500,1039,0.125358
2,500,1039,0.119457
2,500,1039,0.117402
2,501,1040,0.119556
2,501,1040,0.119181
2,501,1040,0.117393
2,501,1040,0.118942
2,501,1040,0.120589
2,501,1040,0.118068
2,501,1040,0.115799
2,501,1040,0.122412
2,502,1041,0.118343
2,502,1041,0.126222
2,502,1041,0.113436
2,502,1041,0.119923
2,502,1041,0.120649
2,502,1041,0.120061
2,502,1041,0.121366
2,502,1041,0.120729
2,503,1042,0.117921
2,503,1042,0.118326
2,503,1042,0.117995
2,503,1042,0.116740
2,503,1042,0.115742
2,503,1042,0.121594
2,503,1042,0.119536
2,503,1042,0.115742
2,504,1043,0.120016
2,504,1043,0.113983
2,504,1043,0.124304
2,504,1043,0.115715
2,504,1043,0.119767
2,504,1043,0.124142
2,504,1043,0.116858
2,504,1043,0.119999
2,505,1044,0.117193
2,505,1044,0.124090
2,505,1044,0.118922
2,505,1044,0.115894
2,505,1044,0.116163
2,505,1044,0.114399
2,505,1044,0.115407
2,505,1044,0.119986
2,506,1045,0.118401
2,506,1045,0.123843
2,506,1045,0.115025
2,506,1045,0.117665
2,506,1045,0.120875
2,506,1045,0.114393
2,506,1045,0.118816
2,506,1045,0.116862
2,507,1046,0.123031
2,507,1046,0.120311
2,507,1046,0.122778
2,507,1046,0.123432
2,507,1046,0.116649
2,507,1046,0.120034
2,507,1046,0.121225
2,507,1046,0.124524
2,508,1047,0.118706
2,508,1047,0.120687
2,508,1047,0.125616
2,508,1047,0.117487
2,508,1047,0.117020
2,508,1047,0.119601
2,508,1047,0.118576
2,508,1047,0.119106
2,509,1048,0.114560
2,509,1048,0.121706
2,509,1048,0.120241
2,509,1048,0.124781
2,509,1048,0.118409
2,509,1048,0.122545
2,509,1048,0.115960
2,509,1048,0.116243
2,510,1049,0.121233
2,510,1049,0.115213
2,510,1049,0.121779
2,510,1049,0.123675
2,510,1049,0.117557
2,510,1049,0.114840
2,510,1049,0.119386
2,510,1049,0.124841
2,511,1050,0.115988
2,511,1050,0.126991
2,511,1050,0.122510
2,511,1050,0.119297
2,511,1050,0.121014
2,511,1050,0.116778
2,511,1050,0.120409
2,511,1050,0.115676
2,512,1051,0.124273
2,512,1051,0.116948
2,512,1051,0.117681
2,512,1051,0.122152
2,512,1051,0.122093
2,512,1051,0.114421
2,512,1051,0.122091
2,512,1051,0.122248
2,513,1052,0.120205
2,513,1052,0.115642
2,513,1052,0.116827
2,513,1052,0.121232
2,513,1052,0.121172
2,513,1052,0.115558
2,513,1052,0.118145
2,513,1052,0.121828
2,514,1053,0.122377
2,514,1053,0.117866
2,514,1053,0.116881
2,514,1053,0.117659
2,514,1053,0.118505
2,514,1053,0.124634
2,514,1053,0.122799
2,514,1053,0.122498
2,515,1054,0.119628
2,515,1054,0.118781
2,515,1054,0.114414
2,515,1054,0.123755
2,515,1054,0.124819
2,515,1054,0.119594
2,515,1054,0.119631
2,515,1054,0.118235
2,516,1055,0.120188
2,516,1055,0.117635
2,516,1055,0.120831
2,516,1055,0.116787
2,516,1055,0.125158
2,516,1055,0.122004
2,516,1055,0.118010
2,516,1055,0.123404
2,517,1056,0.120438
2,517,1056,0.123484
2,517,1056,0.115311
2,517,1056,0.119317
2,517,1056,0.117311
2,517,1056,0.118462
2,517,1056,0.119612
2,517,1056,0.118048
2,518,1057,0.117766
2,518,1057,0.121491
2,518,1057,0.120289
2,518,1057,0.117374
2,518,1057,0.117588
2,518,1057,0.117352
2,518,1057,0.120659
2,518,1057,0.122861
2,519,1058,0.115134
2,519,1058,0.121228
2,519,1058,0.120578
2,519,1058,0.119336
2,519,1058,0.119428
2,519,1058,0.116137
2,519,1058,0.115686
2,519,1058,0.118067
2,520,1059,0.114516
2,520,1059,0.119454
2,520,1059,0.116256
2,520,1059,0.119355
2,520,1059,0.114214
2,520,1059,0.118631
2,520,1059,0.117721
2,520,1059,0.118200
2,521,1060,0.116826
2,521,1060,0.124465
2,521,1060,0.115057
2,521,1060,0.122007
2,521,1060,0.114009
2,521,1060,0.120074
2,521,1060,0.118663
2,521,1060,0.119267
2,522,1061,0.119802
2,522,1061,0.119863
2,522,1061,0.117135
2,522,1061,0.117520
2,522,1061,0.117322
2,522,1061,0.115796
2,522,1061,0.120083
2,522,1061,0.120548
2,523,1062,0.121105
2,523,1062,0.123202
2,523,1062,0.116910
2,523,1062,0.119988
2,523,1062,0.117458
2,523,1062,0.119550
2,523,1062,0.121156
2,523,1062,0.117213
2,524,1063,0.120437
2,524,1063,0.126761
2,524,1063,0.116827
2,524,1063,0.124460
2,524,1063,0.118188
2,524,1063,0.117540
2,524,1063,0.119254
2,524,1063,0.116042
2,525,1064,0.118998
2,525,1064,0.118856
2,525,1064,0.123588
2,525,1064,0.119117
2,525,1064,0.119651
2,525,1064,0.123130
2,525,1064,0.116880
2,525,1064,0.124440
2,526,1065,0.122755
2,526,1065,0.119011
2,526,1065,0.120753
2,526,1065,0.117003
2,526,1065,0.119875
2,526,1065,0.116077
2,526,1065,0.117539
2,526,1065,0.119341
2,527,1066,0.116460
2,527,1066,0.116071
2,527,1066,0.122782
2,527,1066,0.118376
2,527,1066,0.119899
2,527,1066,0.120464
2,527,1066,0.125410
2,527,1066,0.119358
2,528,1067,0.117625
2,528,1067,0.120716
2,528,1067,0.118146
2,528,1067,0.117173
2,528,1067,0.119690
2,528,1067,0.121008
2,528,1067,0.118016
2,528,1067,0.126780
2,529,1068,0.117722
2,529,1068,0.115348
2,529,1068,0.122251
2,529,1068,0.122837
2,529,1068,0.116400
2,529,1068,0.117930
2,529,1068,0.120710
2,529,1068,0.117700
2,530,1069,0.116112
2,530,1069,0.121031
2,530,1069,0.119276
2,530,1069,0.125715
2,530,1069,0.115783
2,530,1069,0.116639
2,530,1069,0.117146
2,530,1069,0.117980
2,531,1070,0.119021
2,531,1070,0.122064
2,531,1070,0.116382
2,531,1070,0.121315
2,531,1070,0.117415
2,531,1070,0.126942
2,531,1070,0.117806
2,531,1070,0.116579
2,532,1071,0.114809
2,532,1071,0.116468
2,532,1071,0.121846
2,532,1071,0.117691
2,532,1071,0.119806
2,532,1071,0.124454
2,532,1071,0.119223
2,532,1071,0.116614
2,533,1072,0.119610
2,533,1072,0.122637
2,533,1072,0.115568
2,533,1072,0.121086
2,533,1072,0.122577
2,533,1072,0.125573
2,533,1072,0.122721
2,533,1072,0.117083
2,534,1073,0.125366
2,534,1073,0.118235
2,534,1073,0.116436
2,534,1073,0.121781
2,534,1073,0.121467
2,534,1073,0.119359
2,534,1073,0.117432
2,534,1073,0.119240
2,535,1074,0.121046
2,535,1074,0.124029
2,535,1074,0.122427
2,535,1074,0.120409
2,535,1074,0.114804
2,535,1074,0.137374
2,535,1074,0.115410
2,535,1074,0.123808
2,536,1075,0.117204
2,536,1075,0.116693
2,536,1075,0.118274
2,536,1075,0.121977
2,536,1075,0.119590
2,536,1075,0.116892
2,536,1075,0.121233
2,536,1075,0.120218
2,537,1076,0.119835
2,537,1076,0.116324
2,537,1076,0.120827
2,537,1076,0.118863
2,537,1076,0.124192
2,537,1076,0.127949
2,537,1076,0.119974
2,537,1076,0.118233
2,538,1077,0.121292
2,538,1077,0.117819
2,538,1077,0.117711
2,538,1077,0.118333
2,538,1077,0.120473
2,538,1077,0.117856
2,538,1077,0.117096
2,538,1077,0.122421
2,539,1078,0.114584
2,539,1078,0.123578
2,539,1078,0.118841
2,539,1078,0.125166
2,539,1078,0.120288
2,539,1078,0.118349
2,539,1078,0.121181
2,539,1078,0.118737
3,1,1079,0.119777
3,1,1079,0.119796
3,1,1079,0.117273
3,1,1079,0.122110
3,1,1079,0.121920
3,1,1079,0.117613
3,1,1079,0.118167
3,1,1079,0.115584
3,2,1080,0.117597
3,2,1080,0.123602
3,2,1080,0.119611
3,2,1080,0.119479
3,2,1080,0.117239
3,2,1080,0.122561
3,2,1080,0.119722
3,2,1080,0.123584
3,3,1081,0.122468
3,3,1081,0.119175
3,3,1081,0.118332
3,3,1081,0.125451
3,3,1081,0.118564
3,3,1081,0.123183
3,3,1081,0.120320
3,3,1081,0.121101
3,4,1082,0.120742
3,4,1082,0.115027
3,4,1082,0.116755
3,4,1082,0.121523
3,4,1082,0.120518
3,4,1082,0.118399
3,4,1082,0.114348
3,4,1082,0.119609
3,5,1083,0.121319
3,5,1083,0.122159
3,5,1083,0.117707
3,5,1083,0.117611
3,5,1083,0.117624
3,5,1083,0.118126
3,5,1083,0.128529
3,5,1083,0.117756
3,6,1084,0.118418
3,6,1084,0.119292
3,6,1084,0.115924
3,6,1084,0.125764
3,6,1084,0.120018
3,6,1084,0.118778
3,6,1084,0.117364
3,6,1084,0.128960
3,7,1085,0.127233
3,7,1085,0.118794
3,7,1085,0.115793
3,7,1085,0.116890
3,7,1085,0.117247
3,7,1085,0.117533
3,7,1085,0.123921
3,7,1085,0.118529
3,8,1086,0.119013
3,8,1086,0.123883
3,8,1086,0.118977
3,8,1086,0.119629
3,8,1086,0.123029
3,8,1086,0.116153
3,8,1086,0.120628
3,8,1086,0.117734
3,9,1087,0.117106
3,9,1087,0.127886
3,9,1087,0.122522
3,9,1087,0.121835
3,9,1087,0.124955
3,9,1087,0.119070
3,9,1087,0.121042
3,9,1087,0.115608
3,10,1088,0.119462
3,10,1088,0.118738
3,10,1088,0.118665
3,10,1088,0.120145
3,10,1088,0.119205
3,10,1088,0.125850
3,10,1088,0.118048
3,10,1088,0.117636
3,11,1089,0.122846
3,11,1089,0.118874
3,11,1089,0.118921
3,11,1089,0.117406
3,11,1089,0.120845
3,11,1089,0.116480
3,11,1089,0.120295
3,11,1089,0.118571
3,12,1090,0.115268
3,12,1090,0.117178
3,12,1090,0.120576
3,12,1090,0.117986
3,12,1090,0.126804
3,12,1090,0.123580
3,12,1090,0.114243
3,12,1090,0.116970
3,13,1091,0.120827
3,13,1091,0.116946
3,13,1091,0.118369
3,13,1091,0.120388
3,13,1091,0.117961
3,13,1091,0.118970
3,13,1091,0.115851
3,13,1091,0.116986
3,14,1092,0.120119
3,14,1092,0.116490
3,14,1092,0.117548
3,14,1092,0.118029
3,14,1092,0.121585
3,14,1092,0.117262
3,14,1092,0.119415
3,14,1092,0.120187
3,15,1093,0.120971
3,15,1093,0.119171
3,15,1093,0.125383
3,15,1093,0.120625
3,15,1093,0.125914
3,15,1093,0.124795
3,15,1093,0.122079
3,15,1093,0.117792
3,16,1094,0.116865
3,16,1094,0.116674
3,16,1094,0.121129
3,16,1094,0.116729
3,16,1094,0.114120
3,16,1094,0.116049
3,16,1094,0.118547
3,16,1094,0.118216
3,17,1095,0.121031
3,17,1095,0.118577
3,17,1095,0.120166
3,17,1095,0.120342
3,17,1095,0.118570
3,17,1095,0.123925
3,17,1095,0.124482
3,17,1095,0.121169
3,18,1096,0.115915
3,18,1096,0.121920
3,18,1096,0.117178
3,18,1096,0.117829
3,18,1096,0.117799
3,18,1096,0.121994
3,18,1096,0.114296
3,18,1096,0.124593
3,19,1097,0.119145
3,19,1097,0.121259
3,19,1097,0.117788
3,19,1097,0.116989
3,19,1097,0.120050
3,19,1097,0.117573
3,19,1097,0.123602
3,19,1097,0.119171
3,20,1098,0.117837
3,20,1098,0.120971
3,20,1098,0.115851
3,20,1098,0.122219
3,20,1098,0.120178
3,20,1098,0.119390
3,20,1098,0.117921
3,20,1098,0.114985
3,21,1099,0.120363
3,21,1099,0.120325
3,21,1099,0.119188
3,21,1099,0.121563
3,21,1099,0.117935
3,21,1099,0.124967
3,21,1099,0.117970
3,21,1099,0.119755
3,22,1100,0.118713
3,22,1100,0.115454
3,22,1100,0.116751
3,22,1100,0.120167
3,22,1100,0.119233
3,22,1100,0.119610
3,22,1100,0.118005
3,22,1100,0.116558
3,23,1101,0.120303
3,23,1101,0.115839
3,23,1101,0.119421
3,23,1101,0.117287
3,23,1101,0.127844
3,23,1101,0.122410
3,23,1101,0.122481
3,23,1101,0.119853
3,24,1102,0.124897
3,24,1102,0.121856
3,24,1102,0.118743
3,24,1102,0.116941
3,24,1102,0.118669
3,24,1102,0.119387
3,24,1102,0.124303
3,24,1102,0.123811
3,25,1103,0.118436
3,25,1103,0.119819
3,25,1103,0.116132
3,25,1103,0.118751
3,25,1103,0.118040
3,25,1103,0.117185
3,25,1103,0.118645
3,25,1103,0.115365
3,26,1104,0.118127
3,26,1104,0.124067
3,26,1104,0.117101
3,26,1104,0.118749
3,26,1104,0.117457
3,26,1104,0.116928
3,26,1104,0.118832
3,26,1104,0.120533
3,27,1105,0.113631
3,27,1105,0.118674
3,27,1105,0.118563
3,27,1105,0.118094
3,27,1105,0.114381
3,27,1105,0.119702
3,27,1105,0.116779
3,27,1105,0.116563
3,28,1106,0.119027
3,28,1106,0.114740
3,28,1106,0.118371
3,28,1106,0.119402
3,28,1106,0.121138
3,28,1106,0.120909
3,28,1106,0.118996
3,28,1106,0.122239
3,29,1107,0.122126
3,29,1107,0.119650
3,29,1107,0.119098
3,29,1107,0.120907
3,29,1107,0.121880
3,29,1107,0.121646
3,29,1107,0.119273
3,29,1107,0.115379
3,30,1108,0.114380
3,30,1108,0.116931
3,30,1108,0.119271
3,30,1108,0.117507
3,30,1108,0.115549
3,30,1108,0.120760
3,30,1108,0.118789
3,30,1108,0.115692
3,31,1109,0.116844
3,31,1109,0.117734
3,31,1109,0.117104
3,31,1109,0.119014
3,31,1109,0.121360
3,31,1109,0.118536
3,31,1109,0.118868
3,31,1109,0.116573
3,32,1110,0.115542
3,32,1110,0.114776
3,32,1110,0.115646
3,32,1110,0.117186
3,32,1110,0.118557
3,32,1110,0.117931
3,32,1110,0.119227
3,32,1110,0.117688
3,33,1111,0.116479
3,33,1111,0.120551
3,33,1111,0.123099
3,33,1111,0.121313
3,33,1111,0.115736
3,33,1111,0.116319
3,33,1111,0.120854
3,33,1111,0.119692
3,34,1112,0.116926
3,34,1112,0.119215
3,34,1112,0.118873
3,34,1112,0.118299
3,34,1112,0.118819
3,34,1112,0.118423
3,34,1112,0.118092
3,34,1112,0.121348
3,35,1113,0.117980
3,35,1113,0.117527
3,35,1113,0.126441
3,35,1113,0.122637
3,35,1113,0.116962
3,35,1113,0.119173
3,35,1113,0.119540
3,35,1113,0.122318
3,36,1114,0.119618
3,36,1114,0.120708
3,36,1114,0.117195
3,36,1114,0.115572
3,36,1114,0.120070
3,36,1114,0.118435
3,36,1114,0.119096
3,36,1114,0.116373
3,37,1115,0.117468
3,37,1115,0.121005
3,37,1115,0.121627
3,37,1115,0.121005
3,37,1115,0.114100
3,37,1115,0.119306
3,37,1115,0.126751
3,37,1115,0.116411
3,38,1116,0.120160
3,38,1116,0.120819
3,38,1116,0.116785
3,38,1116,0.117209
3,38,1116,0.116005
3,38,1116,0.114680
3,38,1116,0.121503
3,38,1116,0.120323
3,39,1117,0.117475
3,39,1117,0.121720
3,39,1117,0.118168
3,39,1117,0.116137
3,39,1117,0.120765
3,39,1117,0.119888
3,39,1117,0.117322
3,39,1117,0.119407
3,40,1118,0.116547
3,40,1118,0.115715
3,40,1118,0.117956
3,40,1118,0.118414
3,40,1118,0.118079
3,40,1118,0.120632
3,40,1118,0.119098
3,40,1118,0.123946
3,41,1119,0.118992
3,41,1119,0.122741
3,41,1119,0.117459
3,41,1119,0.119918
3,41,1119,0.115871
3,41,1119,0.117648
3,41,1119,0.119476
3,41,1119,0.114953
3,42,1120,0.117028
3,42,1120,0.119503
3,42,1120,0.119246
3,42,1120,0.119744
3,42,1120,0.121789
3,42,1120,0.117417
3,42,1120,0.118933
3,42,1120,0.119806
3,43,1121,0.117388
3,43,1121,0.115613
3,43,1121,0.113942
3,43,1121,0.119604
3,43,1121,0.113789
3,43,1121,0.124065
3,43,1121,0.121315
3,43,1121,0.120989
3,44,1122,0.122242
3,44,1122,0.116281
3,44,1122,0.123759
3,44,1122,0.116872
3,44,1122,0.117266
3,44,1122,0.115133
3,44,1122,0.116099
3,44,1122,0.117408
3,45,1123,0.117389
3,45,1123,0.121772
3,45,1123,0.119830
3,45,1123,0.118130
3,45,1123,0.119575
3,45,1123,0.117277
3,45,1123,0.117394
3,45,1123,0.119932
3,46,1124,0.116562
3,46,1124,0.117193
3,46,1124,0.116871
3,46,1124,0.116404
3,46,1124,0.118778
3,46,1124,0.115709
3,46,1124,0.117889
3,46,1124,0.120578
3,47,1125,0.116192
3,47,1125,0.120001
3,47,1125,0.116576
3,47,1125,0.120580
3,47,1125,0.119735
3,47,1125,0.119056
3,47,1125,0.114799
3,47,1125,0.116304
3,48,1126,0.117352
3,48,1126,0.116590
3,48,1126,0.119220
3,48,1126,0.119627
3,48,1126,0.116130
3,48,1126,0.123248
3,48,1126,0.117815
3,48,1126,0.118008
3,49,1127,0.118282
3,49,1127,0.123473
3,49,1127,0.120068
3,49,1127,0.117466
3,49,1127,0.118700
3,49,1127,0.117938
3,49,1127,0.115661
3,49,1127,0.119766
3,50,1128,0.115549
3,50,1128,0.127018
3,50,1128,0.117564
3,50,1128,0.125462
3,50,1128,0.118089
3,50,1128,0.115296
3,50,1128,0.115313
3,50,1128,0.118475
3,51,1129,0.116551
3,51,1129,0.120042
3,51,1129,0.117311
3,51,1129,0.116444
3,51,1129,0.117988
3,51,1129,0.121557
3,51,1129,0.119385
3,51,1129,0.119303
3,52,1130,0.121879
3,52,1130,0.120020
3,52,1130,0.114581
3,52,1130,0.116307
3,52,1130,0.125982
3,52,1130,0.117415
3,52,1130,0.115173
3,52,1130,0.117276
3,53,1131,0.116674
3,53,1131,0.125312
3,53,1131,0.120338
3,53,1131,0.115374
3,53,1131,0.120791
3,53,1131,0.118533
3,53,1131,0.115566
3,53,1131,0.116991
3,54,1132,0.115360
3,54,1132,0.118524
3,54,1132,0.122628
3,54,1132,0.118167
3,54,1132,0.119215
3,54,1132,0.121639
3,54,1132,0.119179
3,54,1132,0.119681
3,55,1133,0.118661
3,55,1133,0.117896
3,55,1133,0.117822
3,55,1133,0.114572
3,55,1133,0.121939
3,55,1133,0.117492
3,55,1133,0.115302
3,55,1133,0.116537
3,56,1134,0.118873
3,56,1134,0.119270
3,56,1134,0.115510
3,56,1134,0.118444
3,56,1134,0.118547
3,56,1134,0.117661
3,56,1134,0.117754
3,56,1134,0.121408
3,57,1135,0.116271
3,57,1135,0.118963
3,57,1135,0.114622
3,57,1135,0.118937
3,57,1135,0.117144
3,57,1135,0.118080
3,57,1135,0.117944
3,57,1135,0.119955
3,58,1136,0.116686
3,58,1136,0.117268
3,58,1136,0.118248
3,58,1136,0.114333
3,58,1136,0.116619
3,58,1136,0.119099
3,58,1136,0.120848
3,58,1136,0.116462
3,59,1137,0.117130
3,59,1137,0.117080
3,59,1137,0.117877
3,59,1137,0.117766
3,59,1137,0.117367
3,59,1137,0.120951
3,59,1137,0.116483
3,59,1137,0.120859
3,60,1138,0.121180
3,60,1138,0.115419
3,60,1138,0.118888
3,60,1138,0.119178
3,60,1138,0.120727
3,60,1138,0.118444
3,60,1138,0.117162
3,60,1138,0.118422
3,61,1139,0.119028
3,61,1139,0.118308
3,61,1139,0.116546
3,61,1139,0.117659
3,61,1139,0.123401
3,61,1139,0.119499
3,61,1139,0.124551
3,61,1139,0.118552
3,62,1140,0.118340
3,62,1140,0.118443
3,62,1140,0.119215
3,62,1140,0.122543
3,62,1140,0.118899
3,62,1140,0.126442
3,62,1140,0.121165
3,62,1140,0.119142
3,63,1141,0.115700
3,63,1141,0.117538
3,63,1141,0.123921
3,63,1141,0.119565
3,63,1141,0.118938
3,63,1141,0.115467
3,63,1141,0.119923
3,63,1141,0.120190
3,64,1142,0.119026
3,64,1142,0.115854
3,64,1142,0.122601
3,64,1142,0.119806
3,64,1142,0.113324
3,64,1142,0.119843
3,64,1142,0.117080
3,64,1142,0.117770
3,65,1143,0.114972
3,65,1143,0.118748
3,65,1143,0.115816
3,65,1143,0.120509
3,65,1143,0.127097
3,65,1143,0.116217
3,65,1143,0.117302
3,65,1143,0.115521
3,66,1144,0.123537
3,66,1144,0.125176
3,66,1144,0.114926
3,66,1144,0.120536
3,66,1144,0.117869
3,66,1144,0.116961
3,66,1144,0.119735
3,66,1144,0.116554
3,67,1145,0.114897
3,67,1145,0.119722
3,67,1145,0.113819
3,67,1145,0.120742
3,67,1145,0.116982
3,67,1145,0.124825
3,67,1145,0.113807
3,67,1145,0.116507
3,68,1146,0.115780
3,68,1146,0.121659
3,68,1146,0.123389
3,68,1146,0.114682
3,68,1146,0.116417
3,68,1146,0.116201
3,68,1146,0.120633
3,68,1146,0.117274
3,69,1147,0.123847
3,69,1147,0.116088
3,69,1147,0.118397
3,69,1147,0.119019
3,69,1147,0.117195
3,69,1147,0.115632
3,69,1147,0.120489
3,69,1147,0.121225
3,70,1148,0.117244
3,70,1148,0.114517
3,70,1148,0.118842
3,70,1148,0.114777
3,70,1148,0.117288
3,70,1148,0.119463
3,70,1148,0.118694
3,70,1148,0.120901
3,71,1149,0.117761
3,71,1149,0.118937
3,71,1149,0.115320
3,71,1149,0.118239
3,71,1149,0.118086
3,71,1149,0.114428
3,71,1149,0.117147
3,71,1149,0.114582
3,72,1150,0.117330
3,72,1150,0.125684
3,72,1150,0.121453
3,72,1150,0.122157
3,72,1150,0.118646
3,72,1150,0.115662
3,72,1150,0.117737
3,72,1150,0.122821
3,73,1151,0.118221
3,73,1151,0.119226
3,73,1151,0.114585
3,73,1151,0.118134
3,73,1151,0.121382
3,73,1151,0.118008
3,73,1151,0.121197
3,73,1151,0.119639
3,74,1152,0.118138
3,74,1152,0.116049
3,74,1152,0.119550
3,74,1152,0.119221
3,74,1152,0.117233
3,74,1152,0.119595
3,74,1152,0.118314
3,74,1152,0.118478
3,75,1153,0.120536
3,75,1153,0.120871
3,75,1153,0.118148
3,75,1153,0.119609
3,75,1153,0.116565
3,75,1153,0.120156
3,75,1153,0.118076
3,75,1153,0.121621
3,76,1154,0.118113
3,76,1154,0.114644
3,76,1154,0.116658
3,76,1154,0.114339
3,76,1154,0.115295
3,76,1154,0.119236
3,76,1154,0.125251
3,76,1154,0.118559
3,77,1155,0.121373
3,77,1155,0.117439
3,77,1155,0.120582
3,77,1155,0.119097
3,77,1155,0.116196
3,77,1155,0.113949
3,77,1155,0.118890
3,77,1155,0.120038
3,78,1156,0.122171
3,78,1156,0.117426
3,78,1156,0.119119
3,78,1156,0.118316
3,78,1156,0.116504
3,78,1156,0.117509
3,78,1156,0.117454
3,78,1156,0.123078
3,79,1157,0.122626
3,79,1157,0.118129
3,79,1157,0.118373
3,79,1157,0.121995
3,79,1157,0.119952
3,79,1157,0.121081
3,79,1157,0.119352
3,79,1157,0.116351
3,80,1158,0.119928
3,80,1158,0.118302
3,80,1158,0.122562
3,80,1158,0.118004
3,80,1158,0.114008
3,80,1158,0.118788
3,80,1158,0.124941
3,80,1158,0.115850
3,81,1159,0.119404
3,81,1159,0.116838
3,81,1159,0.116053
3,81,1159,0.125852
3,81,1159,0.121269
3,81,1159,0.119433
3,81,1159,0.118417
3,81,1159,0.117085
3,82,1160,0.116586
3,82,1160,0.120336
3,82,1160,0.116405
3,82,1160,0.113437
3,82,1160,0.116187
3,82,1160,0.119288
3,82,1160,0.120106
3,82,1160,0.117914
3,83,1161,0.121550
3,83,1161,0.119273
3,83,1161,0.114740
3,83,1161,0.124501
3,83,1161,0.117813
3,83,1161,0.117737
3,83,1161,0.116588
3,83,1161,0.116039
3,84,1162,0.115054
3,84,1162,0.114607
3,84,1162,0.118873
3,84,1162,0.117190
3,84,1162,0.115087
3,84,1162,0.117272
3,84,1162,0.119667
3,84,1162,0.115620
3,85,1163,0.115595
3,85,1163,0.116740
3,85,1163,0.116838
3,85,1163,0.118979
3,85,1163,0.119449
3,85,1163,0.115466
3,85,1163,0.117584
3,85,1163,0.119249
3,86,1164,0.116432
3,86,1164,0.111710
3,86,1164,0.123974
3,86,1164,0.117042
3,86,1164,0.115974
3,86,1164,0.114240
3,86,1164,0.119698
3,86,1164,0.116851
3,87,1165,0.122439
3,87,1165,0.118805
3,87,1165,0.117009
3,87,1165,0.116170
3,87,1165,0.118483
3,87,1165,0.120621
3,87,1165,0.116341
3,87,1165,0.116835
3,88,1166,0.118237
3,88,1166,0.117602
3,88,1166,0.112448
3,88,1166,0.120285
3,88,1166,0.116257
3,88,1166,0.120170
3,88,1166,0.119118
3,88,1166,0.114649
3,89,1167,0.116883
3,89,1167,0.116349
3,89,1167,0.118563
3,89,1167,0.118077
3,89,1167,0.118835
3,89,1167,0.122407
3,89,1167,0.117591
3,89,1167,0.125638
3,90,1168,0.119290
3,90,1168,0.116709
3,90,1168,0.114349
3,90,1168,0.120676
3,90,1168,0.116107
3,90,1168,0.116948
3,90,1168,0.125465
3,90,1168,0.123484
3,91,1169,0.117019
3,91,1169,0.119106
3,91,1169,0.118709
3,91,1169,0.117135
3,91,1169,0.117200
3,91,1169,0.118853
3,91,1169,0.117700
3,91,1169,0.118839
3,92,1170,0.120213
3,92,1170,0.116643
3,92,1170,0.116058
3,92,1170,0.117222
3,92,1170,0.115790
3,92,1170,0.116036
3,92,1170,0.118891
3,92,1170,0.118026
3,93,1171,0.117963
3,93,1171,0.125776
3,93,1171,0.116463
3,93,1171,0.120708
3,93,1171,0.121718
3,93,1171,0.121432
3,93,1171,0.121328
3,93,1171,0.119712
3,94,1172,0.115232
3,94,1172,0.117342
3,94,1172,0.115248
3,94,1172,0.116931
3,94,1172,0.120138
3,94,1172,0.117905
3,94,1172,0.115919
3,94,1172,0.119190
3,95,1173,0.120229
3,95,1173,0.113700
3,95,1173,0.119295
3,95,1173,0.117123
3,95,1173,0.114940
3,95,1173,0.124317
3,95,1173,0.120214
3,95,1173,0.120300
3,96,1174,0.117096
3,96,1174,0.117823
3,96,1174,0.120814
3,96,1174,0.116259
3,96,1174,0.116043
3,96,1174,0.117804
3,96,1174,0.120606
3,96,1174,0.113828
3,97,1175,0.119108
3,97,1175,0.118642
3,97,1175,0.115758
3,97,1175,0.124900
3,97,1175,0.119507
3,97,1175,0.116995
3,97,1175,0.116602
3,97,1175,0.115115
3,98,1176,0.118881
3,98,1176,0.117289
3,98,1176,0.122387
3,98,1176,0.118905
3,98,1176,0.116889
3,98,1176,0.120819
3,98,1176,0.114650
3,98,1176,0.117913
3,99,1177,0.116655
3,99,1177,0.118164
3,99,1177,0.118270
3,99,1177,0.117698
3,99,1177,0.116665
3,99,1177,0.120132
3,99,1177,0.119638
3,99,1177,0.118883
3,100,1178,0.116269
3,100,1178,0.118386
3,100,1178,0.119112
3,100,1178,0.116739
3,100,1178,0.122642
3,100,1178,0.120074
3,100,1178,0.119862
3,100,1178,0.118106
3,101,1179,0.121949
3,101,1179,0.120953
3,101,1179,0.123713
3,101,1179,0.116082
3,101,1179,0.119446
3,101,1179,0.118811
3,101,1179,0.120000
3,101,1179,0.115913
3,102,1180,0.120272
3,102,1180,0.119384
3,102,1180,0.112790
3,102,1180,0.117554
3,102,1180,0.117172
3,102,1180,0.118830
3,102,1180,0.120467
3,102,1180,0.118836
3,103,1181,0.122747
3,103,1181,0.118526
3,103,1181,0.118682
3,103,1181,0.116770
3,103,1181,0.117486
3,103,1181,0.117765
3,103,1181,0.115424
3,103,1181,0.117699
3,104,1182,0.116511
3,104,1182,0.117897
3,104,1182,0.118565
3,104,1182,0.118012
3,104,1182,0.113229
3,104,1182,0.117340
3,104,1182,0.118794
3,104,1182,0.115823
3,105,1183,0.117674
3,105,1183,0.118495
3,105,1183,0.118652
3,105,1183,0.115707
3,105,1183,0.117109
3,105,1183,0.116603
3,105,1183,0.118158
3,105,1183,0.117972
3,106,1184,0.122103
3,106,1184,0.119989
3,106,1184,0.113411
3,106,1184,0.116579
3,106,1184,0.117225
3,106,1184,0.117812
3,106,1184,0.122353
3,106,1184,0.119855
3,107,1185,0.118663
3,107,1185,0.117292
3,107,1185,0.120862
3,107,1185,0.117469
3,107,1185,0.118043
3,107,1185,0.118803
3,107,1185,0.120095
3,107,1185,0.116526
3,108,1186,0.116652
3,108,1186,0.121490
3,108,1186,0.119933
3,108,1186,0.119194
3,108,1186,0.115200
3,108,1186,0.117518
3,108,1186,0.117637
3,108,1186,0.117201
3,109,1187,0.116990
3,109,1187,0.116201
3,109,1187,0.118076
3,109,1187,0.116533
3,109,1187,0.117974
3,109,1187,0.118191
3,109,1187,0.121315
3,109,1187,0.116950
3,110,1188,0.119122
3,110,1188,0.120696
3,110,1188,0.119174
3,110,1188,0.117951
3,110,1188,0.118157
3,110,1188,0.120410
3,110,1188,0.122547
3,110,1188,0.121005
3,111,1189,0.124252
3,111,1189,0.118249
3,111,1189,0.120240
3,111,1189,0.117566
3,111,1189,0.123333
3,111,1189,0.116153
3,111,1189,0.117843
3,111,1189,0.116017
3,112,1190,0.116754
3,112,1190,0.120499
3,112,1190,0.119104
3,112,1190,0.117956
3,112,1190,0.116378
3,112,1190,0.116774
3,112,1190,0.115915
3,112,1190,0.120138
3,113,1191,0.121414
3,113,1191,0.115030
3,113,1191,0.116995
3,113,1191,0.117101
3,113,1191,0.120848
3,113,1191,0.119605
3,113,1191,0.114891
3,113,1191,0.115046
3,114,1192,0.118108
3,114,1192,0.119834
3,114,1192,0.115364
3,114,1192,0.119671
3,114,1192,0.114517
3,114,1192,0.118611
3,114,1192,0.117778
3,114,1192,0.118426
3,115,1193,0.117332
3,115,1193,0.115902
3,115,1193,0.120143
3,115,1193,0.116586
3,115,1193,0.118081
3,115,1193,0.116619
3,115,1193,0.118636
3,115,1193,0.115549
3,116,1194,0.120617
3,116,1194,0.122608
3,116,1194,0.117272
3,116,1194,0.116126
3,116,1194,0.123507
3,116,1194,0.113227
3,116,1194,0.117048
3,116,1194,0.116078
3,117,1195,0.115276
3,117,1195,0.115800
3,117,1195,0.119589
3,117,1195,0.116674
3,117,1195,0.122361
3,117,1195,0.118898
3,117,1195,0.119440
3,117,1195,0.116414
3,118,1196,0.118251
3,118,1196,0.123017
3,118,1196,0.120448
3,118,1196,0.123258
3,118,1196,0.118210
3,118,1196,0.123718
3,118,1196,0.115488
3,118,1196,0.118228
3,119,1197,0.123457
3,119,1197,0.113039
3,119,1197,0.118060
3,119,1197,0.116542
3,119,1197,0.115640
3,119,1197,0.119957
3,119,1197,0.117012
3,119,1197,0.118445
3,120,1198,0.120331
3,120,1198,0.115387
3,120,1198,0.117526
3,120,1198,0.118589
3,120,1198,0.118833
3,120,1198,0.122512
3,120,1198,0.123333
3,120,1198,0.117877
3,121,1199,0.114592
3,121,1199,0.115326
3,121,1199,0.116991
3,121,1199,0.118405
3,121,1199,0.119348
3,121,1199,0.118948
3,121,1199,0.114995
3,121,1199,0.117207
3,122,1200,0.121963
3,122,1200,0.119848
3,122,1200,0.118770
3,122,1200,0.119658
3,122,1200,0.115807
3,122,1200,0.120792
3,122,1200,0.116890
3,122,1200,0.116735
3,123,1201,0.121085
3,123,1201,0.115870
3,123,1201,0.124537
3,123,1201,0.120299
3,123,1201,0.122969
3,123,1201,0.117248
3,123,1201,0.123142
3,123,1201,0.114343
3,124,1202,0.117497
3,124,1202,0.118955
3,124,1202,0.118971
3,124,1202,0.122993
3,124,1202,0.118089
3,124,1202,0.116840
3,124,1202,0.118842
3,124,1202,0.119420
3,125,1203,0.117290
3,125,1203,0.117626
3,125,1203,0.117681
3,125,1203,0.119276
3,125,1203,0.113895
3,125,1203,0.118913
3,125,1203,0.121024
3,125,1203,0.118128
3,126,1204,0.114688
3,126,1204,0.120734
3,126,1204,0.117964
3,126,1204,0.118981
3,126,1204,0.123292
3,126,1204,0.118874
3,126,1204,0.124103
3,126,1204,0.114655
3,127,1205,0.122901
3,127,1205,0.118562
3,127,1205,0.123400
3,127,1205,0.118952
3,127,1205,0.118790
3,127,1205,0.120517
3,127,1205,0.120852
3,127,1205,0.121242
3,128,1206,0.118050
3,128,1206,0.115301
3,128,1206,0.115361
3,128,1206,0.115427
3,128,1206,0.114806
3,128,1206,0.117880
3,128,1206,0.117182
3,128,1206,0.118026
3,129,1207,0.118933
3,129,1207,0.122728
3,129,1207,0.118336
3,129,1207,0.118014
3,129,1207,0.119426
3,129,1207,0.114606
3,129,1207,0.117721
3,129,1207,0.117111
3,130,1208,0.122729
3,130,1208,0.119596
3,130,1208,0.120117
3,130,1208,0.118990
3,130,1208,0.119638
3,130,1208,0.122664
3,130,1208,0.118086
3,130,1208,0.125746
3,131,1209,0.117105
3,131,1209,0.119529
3,131,1209,0.120329
3,131,1209,0.118698
3,131,1209,0.115231
3,131,1209,0.116934
3,131,1209,0.118005
3,131,1209,0.114146
3,132,1210,0.115749
3,132,1210,0.117370
3,132,1210,0.119110
3,132,1210,0.119458
3,132,1210,0.114413
3,132,1210,0.121113
3,132,1210,0.118356
3,132,1210,0.117327
3,133,1211,0.113105
3,133,1211,0.117047
3,133,1211,0.113738
3,133,1211,0.120529
3,133,1211,0.115696
3,133,1211,0.121637
3,133,1211,0.120687
3,133,1211,0.123665
3,134,1212,0.124610
3,134,1212,0.119579
3,134,1212,0.122571
3,134,1212,0.126406
3,134,1212,0.124770
3,134,1212,0.121133
3,134,1212,0.118756
3,134,1212,0.119547
3,135,1213,0.114644
3,135,1213,0.117443
3,135,1213,0.118250
3,135,1213,0.123953
3,135,1213,0.116747
3,135,1213,0.119321
3,135,1213,0.120224
3,135,1213,0.119025
3,136,1214,0.118624
3,136,1214,0.121297
3,136,1214,0.117036
3,136,1214,0.121293
3,136,1214,0.117631
3,136,1214,0.122046
3,136,1214,0.123199
3,136,1214,0.115857
3,137,1215,0.124256
3,137,1215,0.122502
3,137,1215,0.121488
3,137,1215,0.115413
3,137,1215,0.121333
3,137,1215,0.116284
3,137,1215,0.114999
3,137,1215,0.117083
3,138,1216,0.119061
3,138,1216,0.116195
3,138,1216,0.117813
3,138,1216,0.119196
3,138,1216,0.117137
3,138,1216,0.119023
3,138,1216,0.118761
3,138,1216,0.116836
3,139,1217,0.122805
3,139,1217,0.117394
3,139,1217,0.121109
3,139,1217,0.118594
3,139,1217,0.118540
3,139,1217,0.123488
3,139,1217,0.116651
3,139,1217,0.117836
3,140,1218,0.121066
3,140,1218,0.115701
3,140,1218,0.119879
3,140,1218,0.117840
3,140,1218,0.117732
3,140,1218,0.119671
3,140,1218,0.120512
3,140,1218,0.120843
3,141,1219,0.116887
3,141,1219,0.114950
3,141,1219,0.117815
3,141,1219,0.120349
3,141,1219,0.118056
3,141,1219,0.120167
3,141,1219,0.123636
3,141,1219,0.120396
3,142,1220,0.116048
3,142,1220,0.120940
3,142,1220,0.120457
3,142,1220,0.116914
3,142,1220,0.119727
3,142,1220,0.115602
3,142,1220,0.120010
3,142,1220,0.118551
3,143,1221,0.120772
3,143,1221,0.119130
3,143,1221,0.118727
3,143,1221,0.118010
3,143,1221,0.123356
3,143,1221,0.130219
3,143,1221,0.115884
3,143,1221,0.121148
3,144,1222,0.115497
3,144,1222,0.114762
3,144,1222,0.118907
3,144,1222,0.119989
3,144,1222,0.120411
3,144,1222,0.118867
3,144,1222,0.119336
3,144,1222,0.118790
3,145,1223,0.114235
3,145,1223,0.121608
3,145,1223,0.120489
3,145,1223,0.120923
3,145,1223,0.122556
3,145,1223,0.116488
3,145,1223,0.123980
3,145,1223,0.118252
3,146,1224,0.120544
3,146,1224,0.118806
3,146,1224,0.117556
3,146,1224,0.120147
3,146,1224,0.114858
3,146,1224,0.118250
3,146,1224,0.122524
3,146,1224,0.117617
3,147,1225,0.121457
3,147,1225,0.117278
3,147,1225,0.115129
3,147,1225,0.121830
3,147,1225,0.117656
3,147,1225,0.117479
3,147,1225,0.118699
3,147,1225,0.116983
3,148,1226,0.115864
3,148,1226,0.119703
3,148,1226,0.126867
3,148,1226,0.122693
3,148,1226,0.116774
3,148,1226,0.120456
3,148,1226,0.117063
3,148,1226,0.119077
3,149,1227,0.114141
3,149,1227,0.116773
3,149,1227,0.124062
3,149,1227,0.120349
3,149,1227,0.122302
3,149,1227,0.116689
3,149,1227,0.115085
3,149,1227,0.121574
3,150,1228,0.123379
3,150,1228,0.115094
3,150,1228,0.119765
3,150,1228,0.118491
3,150,1228,0.119119
3,150,1228,0.117672
3,150,1228,0.115129
3,150,1228,0.112544
3,151,1229,0.115163
3,151,1229,0.114962
3,151,1229,0.117797
3,151,1229,0.121329
3,151,1229,0.120497
3,151,1229,0.119189
3,151,1229,0.119581
3,151,1229,0.118750
3,152,1230,0.121778
3,152,1230,0.118757
3,152,1230,0.117611
3,152,1230,0.121398
3,152,1230,0.120024
3,152,1230,0.115293
3,152,1230,0.124669
3,152,1230,0.118000
3,153,1231,0.118700
3,153,1231,0.115570
3,153,1231,0.117743
3,153,1231,0.121271
3,153,1231,0.119538
3,153,1231,0.117676
3,153,1231,0.119429
3,153,1231,0.123156
3,154,1232,0.120247
3,154,1232,0.117286
3,154,1232,0.120044
3,154,1232,0.121722
3,154,1232,0.118375
3,154,1232,0.120692
3,154,1232,0.128032
3,154,1232,0.119691
3,155,1233,0.118617
3,155,1233,0.115084
3,155,1233,0.119645
3,155,1233,0.120356
3,155,1233,0.116769
3,155,1233,0.120182
3,155,1233,0.120227
3,155,1233,0.116347
3,156,1234,0.117823
3,156,1234,0.116237
3,156,1234,0.114121
3,156,1234,0.119389
3,156,1234,0.117217
3,156,1234,0.122655
3,156,1234,0.115253
3,156,1234,0.120412
3,157,1235,0.114517
3,157,1235,0.117342
3,157,1235,0.117975
3,157,1235,0.118123
3,157,1235,0.119805
3,157,1235,0.118008
3,157,1235,0.118737
3,157,1235,0.116737
3,158,1236,0.115458
3,158,1236,0.118564
3,158,1236,0.121491
3,158,1236,0.120989
3,158,1236,0.117983
3,158,1236,0.113022
3,158,1236,0.116663
3,158,1236,0.122355
3,159,1237,0.117284
3,159,1237,0.121583
3,159,1237,0.119358
3,159,1237,0.120105
3,159,1237,0.116703
3,159,1237,0.118088
3,159,1237,0.116039
3,159,1237,0.115792
3,160,1238,0.119128
3,160,1238,0.115577
3,160,1238,0.118362
3,160,1238,0.121979
3,160,1238,0.114096
3,160,1238,0.116821
3,160,1238,0.121383
3,160,1238,0.118576
3,161,1239,0.121747
3,161,1239,0.115688
3,161,1239,0.118776
3,161,1239,0.121622
3,161,1239,0.123121
3,161,1239,0.117210
3,161,1239,0.118806
3,161,1239,0.116921
3,162,1240,0.118326
3,162,1240,0.118285
3,162,1240,0.121208
3,162,1240,0.121083
3,162,1240,0.126317
3,162,1240,0.113934
3,162,1240,0.121138
3,162,1240,0.114821
3,163,1241,0.117201
3,163,1241,0.120734
3,163,1241,0.119422
3,163,1241,0.118742
3,163,1241,0.116620
3,163,1241,0.122457
3,163,1241,0.115099
3,163,1241,0.122560
3,164,1242,0.118781
3,164,1242,0.118496
3,164,1242,0.115561
3,164,1242,0.115912
3,164,1242,0.122522
3,164,1242,0.120224
3,164,1242,0.122231
3,164,1242,0.122765
3,165,1243,0.119686
3,165,1243,0.115835
3,165,1243,0.118897
3,165,1243,0.116361
3,165,1243,0.115467
3,165,1243,0.120950
3,165,1243,0.116178
3,165,1243,0.120968
3,166,1244,0.122346
3,166,1244,0.115220
3,166,1244,0.118586
3,166,1244,0.117495
3,166,1244,0.122803
3,166,1244,0.121385
3,166,1244,0.118099
3,166,1244,0.117543
3,167,1245,0.119639
3,167,1245,0.116475
3,167,1245,0.119325
3,167,1245,0.115538
3,167,1245,0.117021
3,167,1245,0.117417
3,167,1245,0.119745
3,167,1245,0.119747
3,168,1246,0.118468
3,168,1246,0.118897
3,168,1246,0.119008
3,168,1246,0.114578
3,168,1246,0.114053
3,168,1246,0.117264
3,168,1246,0.118329
3,168,1246,0.116973
3,169,1247,0.118116
3,169,1247,0.117693
3,169,1247,0.117579
3,169,1247,0.117765
3,169,1247,0.118808
3,169,1247,0.115968
3,169,1247,0.117345
3,169,1247,0.120079
3,170,1248,0.120677
3,170,1248,0.118084
3,170,1248,0.119721
3,170,1248,0.121238
3,170,1248,0.125924
3,170,1248,0.114850
3,170,1248,0.118336
3,170,1248,0.118607
3,171,1249,0.118335
3,171,1249,0.120359
3,171,1249,0.120956
3,171,1249,0.119487
3,171,1249,0.115071
3,171,1249,0.119634
3,171,1249,0.114021
3,171,1249,0.114583
3,172,1250,0.120601
3,172,1250,0.117869
3,172,1250,0.116965
3,172,1250,0.121890
3,172,1250,0.117908
3,172,1250,0.117773
3,172,1250,0.115101
3,172,1250,0.115570
3,173,1251,0.121860
3,173,1251,0.120809
3,173,1251,0.127374
3,173,1251,0.118679
3,173,1251,0.118712
3,173,1251,0.117407
3,173,1251,0.114568
3,173,1251,0.118391
3,174,1252,0.114585
3,174,1252,0.121069
3,174,1252,0.116799
3,174,1252,0.114684
3,174,1252,0.118493
3,174,1252,0.118779
3,174,1252,0.119680
3,174,1252,0.116336
3,175,1253,0.116095
3,175,1253,0.116512
3,175,1253,0.114154
3,175,1253,0.115493
3,175,1253,0.115786
3,175,1253,0.116902
3,175,1253,0.117466
3,175,1253,0.116106
3,176,1254,0.115782
3,176,1254,0.117412
3,176,1254,0.116555
3,176,1254,0.118486
3,176,1254,0.118904
3,176,1254,0.120039
3,176,1254,0.119274
3,176,1254,0.116644
3,177,1255,0.119895
3,177,1255,0.113649
3,177,1255,0.116614
3,177,1255,0.116112
3,177,1255,0.117195
3,177,1255,0.117739
3,177,1255,0.117251
3,177,1255,0.120104
3,178,1256,0.115727
3,178,1256,0.123092
3,178,1256,0.115003
3,178,1256,0.118453
3,178,1256,0.124275
3,178,1256,0.116411
3,178,1256,0.115916
3,178,1256,0.116813
3,179,1257,0.118577
3,179,1257,0.119746
3,179,1257,0.120391
3,179,1257,0.118414
3,179,1257,0.117478
3,179,1257,0.120218
3,179,1257,0.117394
3,179,1257,0.114967
3,180,1258,0.115961
3,180,1258,0.118375
3,180,1258,0.117750
3,180,1258,0.115263
3,180,1258,0.119148
3,180,1258,0.116329
3,180,1258,0.119461
3,180,1258,0.115655
3,181,1259,0.117428
3,181,1259,0.117308
3,181,1259,0.117750
3,181,1259,0.117119
3,181,1259,0.126589
3,181,1259,0.117731
3,181,1259,0.119730
3,181,1259,0.117530
3,182,1260,0.119212
3,182,1260,0.120684
3,182,1260,0.121644
3,182,1260,0.119883
3,182,1260,0.121384
3,182,1260,0.119135
3,182,1260,0.118150
3,182,1260,0.120396
3,183,1261,0.124660
3,183,1261,0.113990
3,183,1261,0.117392
3,183,1261,0.125208
3,183,1261,0.119616
3,183,1261,0.113448
3,183,1261,0.114474
3,183,1261,0.118745
3,184,1262,0.118526
3,184,1262,0.117457
3,184,1262,0.117151
3,184,1262,0.116744
3,184,1262,0.114062
3,184,1262,0.118948
3,184,1262,0.115184
3,184,1262,0.120158
3,185,1263,0.118646
3,185,1263,0.121259
3,185,1263,0.118746
3,185,1263,0.120097
3,185,1263,0.118013
3,185,1263,0.125295
3,185,1263,0.118620
3,185,1263,0.116640
3,186,1264,0.119079
3,186,1264,0.117687
3,186,1264,0.118957
3,186,1264,0.122372
3,186,1264,0.116250
3,186,1264,0.122271
3,186,1264,0.117949
3,186,1264,0.117910
3,187,1265,0.117319
3,187,1265,0.117377
3,187,1265,0.117981
3,187,1265,0.117049
3,187,1265,0.119172
3,187,1265,0.119496
3,187,1265,0.119676
3,187,1265,0.115845
3,188,1266,0.120096
3,188,1266,0.118174
3,188,1266,0.117849
3,188,1266,0.118200
3,188,1266,0.117166
3,188,1266,0.116670
3,188,1266,0.123883
3,188,1266,0.118169
3,189,1267,0.117519
3,189,1267,0.120511
3,189,1267,0.118074
3,189,1267,0.119637
3,189,1267,0.114008
3,189,1267,0.116094
3,189,1267,0.122178
3,189,1267,0.122431
3,190,1268,0.117033
3,190,1268,0.119099
3,190,1268,0.115924
3,190,1268,0.123160
3,190,1268,0.117094
3,190,1268,0.122138
3,190,1268,0.115494
3,190,1268,0.117290
3,191,1269,0.114439
3,191,1269,0.120996
3,191,1269,0.119323
3,191,1269,0.122131
3,191,1269,0.118476
3,191,1269,0.117344
3,191,1269,0.118942
3,191,1269,0.114923
3,192,1270,0.116696
3,192,1270,0.125027
3,192,1270,0.117095
3,192,1270,0.117293
3,192,1270,0.124565
3,192,1270,0.117047
3,192,1270,0.119292
3,192,1270,0.116134
3,193,1271,0.116653
3,193,1271,0.121562
3,193,1271,0.119617
3,193,1271,0.120189
3,193,1271,0.114541
3,193,1271,0.121107
3,193,1271,0.117171
3,193,1271,0.125525
3,194,1272,0.117597
3,194,1272,0.117508
3,194,1272,0.119415
3,194,1272,0.119860
3,194,1272,0.119481
3,194,1272,0.118268
3,194,1272,0.118815
3,194,1272,0.116729
3,195,1273,0.116241
3,195,1273,0.114978
3,195,1273,0.114503
3,195,1273,0.121411
3,195,1273,0.120407
3,195,1273,0.116727
3,195,1273,0.118444
3,195,1273,0.119485
3,196,1274,0.120702
3,196,1274,0.116380
3,196,1274,0.118065
3,196,1274,0.114360
3,196,1274,0.118882
3,196,1274,0.117579
3,196,1274,0.120749
3,196,1274,0.118214
3,197,1275,0.117029
3,197,1275,0.117020
3,197,1275,0.119386
3,197,1275,0.119362
3,197,1275,0.125282
3,197,1275,0.119538
3,197,1275,0.120184
3,197,1275,0.117816
3,198,1276,0.115409
3,198,1276,0.120493
3,198,1276,0.116737
3,198,1276,0.120006
3,198,1276,0.120613
3,198,1276,0.112917
3,198,1276,0.121510
3,198,1276,0.115974
3,199,1277,0.120161
3,199,1277,0.116852
3,199,1277,0.116647
3,199,1277,0.125517
3,199,1277,0.117835
3,199,1277,0.120831
3,199,1277,0.119831
3,199,1277,0.119023
3,200,1278,0.118134
3,200,1278,0.119054
3,200,1278,0.118621
3,200,1278,0.111804
3,200,1278,0.119038
3,200,1278,0.118686
3,200,1278,0.115524
3,200,1278,0.119565
3,201,1279,0.120283
3,201,1279,0.116428
3,201,1279,0.117830
3,201,1279,0.119185
3,201,1279,0.113260
3,201,1279,0.119664
3,201,1279,0.122168
3,201,1279,0.119470
3,202,1280,0.117249
3,202,1280,0.122783
3,202,1280,0.119497
3,202,1280,0.126544
3,202,1280,0.116252
3,202,1280,0.118449
3,202,1280,0.117595
3,202,1280,0.116593
3,203,1281,0.115688
3,203,1281,0.119852
3,203,1281,0.115913
3,203,1281,0.118839
3,203,1281,0.118842
3,203,1281,0.122852
3,203,1281,0.115917
3,203,1281,0.118876
3,204,1282,0.118089
3,204,1282,0.114678
3,204,1282,0.119309
3,204,1282,0.120049
3,204,1282,0.116293
3,204,1282,0.115736
3,204,1282,0.118427
3,204,1282,0.121223
3,205,1283,0.118586
3,205,1283,0.116842
3,205,1283,0.115574
3,205,1283,0.116901
3,205,1283,0.119157
3,205,1283,0.113832
3,205,1283,0.118575
3,205,1283,0.125258
3,206,1284,0.116947
3,206,1284,0.118363
3,206,1284,0.117758
3,206,1284,0.116390
3,206,1284,0.120951
3,206,1284,0.116005
3,206,1284,0.120160
3,206,1284,0.125959
3,207,1285,0.122440
3,207,1285,0.118009
3,207,1285,0.117171
3,207,1285,0.120941
3,207,1285,0.116459
3,207,1285,0.117771
3,207,1285,0.118237
3,207,1285,0.119155
3,208,1286,0.117531
3,208,1286,0.115860
3,208,1286,0.120626
3,208,1286,0.124655
3,208,1286,0.118110
3,208,1286,0.119012
3,208,1286,0.115019
3,208,1286,0.118547
3,209,1287,0.122447
3,209,1287,0.114764
3,209,1287,0.122208
3,209,1287,0.118637
3,209,1287,0.124720
3,209,1287,0.119739
3,209,1287,0.114608
3,209,1287,0.118596
3,210,1288,0.122281
3,210,1288,0.114938
3,210,1288,0.117969
3,210,1288,0.114953
3,210,1288,0.118120
3,210,1288,0.116401
3,210,1288,0.120585
3,210,1288,0.114138
3,211,1289,0.121089
3,211,1289,0.116589
3,211,1289,0.120120
3,211,1289,0.118790
3,211,1289,0.119375
3,211,1289,0.116729
3,211,1289,0.121740
3,211,1289,0.125469
3,212,1290,0.117588
3,212,1290,0.119824
3,212,1290,0.118276
3,212,1290,0.116739
3,212,1290,0.116843
3,212,1290,0.114676
3,212,1290,0.121107
3,212,1290,0.119495
3,213,1291,0.115835
3,213,1291,0.118511
3,213,1291,0.117511
3,213,1291,0.117697
3,213,1291,0.116086
3,213,1291,0.121688
3,213,1291,0.116612
3,213,1291,0.115329
3,214,1292,0.121489
3,214,1292,0.121350
3,214,1292,0.120981
3,214,1292,0.118131
3,214,1292,0.117678
3,214,1292,0.120594
3,214,1292,0.119743
3,214,1292,0.117442
3,215,1293,0.120774
3,215,1293,0.116610
3,215,1293,0.114943
3,215,1293,0.119452
3,215,1293,0.121665
3,215,1293,0.118324
3,215,1293,0.120596
3,215,1293,0.116648
3,216,1294,0.119500
3,216,1294,0.114314
3,216,1294,0.117701
3,216,1294,0.119981
3,216,1294,0.121156
3,216,1294,0.119957
3,216,1294,0.121561
3,216,1294,0.118166
3,217,1295,0.119218
3,217,1295,0.117828
3,217,1295,0.120607
3,217,1295,0.120279
3,217,1295,0.123127
3,217,1295,0.118557
3,217,1295,0.118583
3,217,1295,0.121650
3,218,1296,0.122423
3,218,1296,0.118709
3,218,1296,0.120775
3,218,1296,0.116423
3,218,1296,0.116390
3,218,1296,0.119755
3,218,1296,0.115453
3,218,1296,0.118493
3,219,1297,0.117907
3,219,1297,0.116166
3,219,1297,0.114109
3,219,1297,0.117341
3,219,1297,0.114726
3,219,1297,0.122215
3,219,1297,0.117398
3,219,1297,0.118521
3,220,1298,0.119270
3,220,1298,0.122768
3,220,1298,0.115863
3,220,1298,0.122560
3,220,1298,0.117687
3,220,1298,0.124247
3,220,1298,0.116392
3,220,1298,0.121794
3,221,1299,0.119399
3,221,1299,0.116568
3,221,1299,0.117764
3,221,1299,0.116133
3,221,1299,0.116389
3,221,1299,0.115533
3,221,1299,0.118982
3,221,1299,0.115478
3,222,1300,0.118509
3,222,1300,0.119464
3,222,1300,0.116450
3,222,1300,0.118624
3,222,1300,0.116354
3,222,1300,0.116936
3,222,1300,0.114897
3,222,1300,0.120005
3,223,1301,0.116503
3,223,1301,0.123291
3,223,1301,0.120045
3,223,1301,0.118556
3,223,1301,0.121628
3,223,1301,0.122239
3,223,1301,0.118725
3,223,1301,0.113685
3,224,1302,0.123022
3,224,1302,0.120865
3,224,1302,0.116917
3,224,1302,0.120312
3,224,1302,0.120888
3,224,1302,0.117768
3,224,1302,0.123474
3,224,1302,0.119489
3,225,1303,0.120500
3,225,1303,0.115088
3,225,1303,0.117356
3,225,1303,0.117073
3,225,1303,0.121712
3,225,1303,0.120242
3,225,1303,0.118088
3,225,1303,0.115061
3,226,1304,0.114331
3,226,1304,0.114033
3,226,1304,0.118797
3,226,1304,0.118992
3,226,1304,0.115978
3,226,1304,0.122806
3,226,1304,0.119042
3,226,1304,0.117567
3,227,1305,0.120613
3,227,1305,0.118114
3,227,1305,0.114207
3,227,1305,0.117389
3,227,1305,0.118125
3,227,1305,0.116934
3,227,1305,0.119307
3,227,1305,0.115930
3,228,1306,0.115734
3,228,1306,0.121988
3,228,1306,0.123546
3,228,1306,0.116618
3,228,1306,0.120557
3,228,1306,0.118697
3,228,1306,0.118323
3,228,1306,0.117711
3,229,1307,0.113323
3,229,1307,0.125094
3,229,1307,0.125895
3,229,1307,0.120524
3,229,1307,0.119358
3,229,1307,0.115542
3,229,1307,0.114089
3,229,1307,0.118573
3,230,1308,0.119735
3,230,1308,0.118449
3,230,1308,0.118512
3,230,1308,0.113044
3,230,1308,0.118395
3,230,1308,0.112857
3,230,1308,0.115185
3,230,1308,0.123280
3,231,1309,0.118329
3,231,1309,0.119676
3,231,1309,0.117842
3,231,1309,0.123371
3,231,1309,0.116472
3,231,1309,0.113844
3,231,1309,0.116247
3,231,1309,0.117072
3,232,1310,0.129437
3,232,1310,0.120458
3,232,1310,0.118480
3,232,1310,0.119979
3,232,1310,0.111066
3,232,1310,0.117771
3,232,1310,0.116868
3,232,1310,0.115167
3,233,1311,0.115773
3,233,1311,0.116710
3,233,1311,0.117623
3,233,1311,0.119522
3,233,1311,0.119532
3,233,1311,0.123951
3,233,1311,0.115115
3,233,1311,0.118240
3,234,1312,0.116901
3,234,1312,0.117680
3,234,1312,0.123058
3,234,1312,0.116914
3,234,1312,0.121120
3,234,1312,0.118068
3,234,1312,0.118302
3,234,1312,0.119750
3,235,1313,0.118335
3,235,1313,0.119450
3,235,1313,0.116177
3,235,1313,0.121273
3,235,1313,0.117303
3,235,1313,0.117773
3,235,1313,0.122350
3,235,1313,0.118236
3,236,1314,0.127320
3,236,1314,0.123172
3,236,1314,0.116293
3,236,1314,0.123719
3,236,1314,0.117791
3,236,1314,0.120008
3,236,1314,0.116277
3,236,1314,0.118568
3,237,1315,0.117671
3,237,1315,0.117922
3,237,1315,0.116598
3,237,1315,0.116712
3,237,1315,0.118564
3,237,1315,0.116171
3,237,1315,0.122093
3,237,1315,0.117375
3,238,1316,0.117278
3,238,1316,0.121565
3,238,1316,0.123830
3,238,1316,0.120493
3,238,1316,0.120644
3,238,1316,0.119242
3,238,1316,0.118788
3,238,1316,0.120359
3,239,1317,0.120239
3,239,1317,0.115533
3,239,1317,0.119709
3,239,1317,0.116739
3,239,1317,0.121290
3,239,1317,0.119104
3,239,1317,0.119633
3,239,1317,0.122263
3,240,1318,0.116947
3,240,1318,0.124925
3,240,1318,0.115620
3,240,1318,0.116127
3,240,1318,0.115056
3,240,1318,0.116636
3,240,1318,0.120300
3,240,1318,0.118319
3,241,1319,0.115458
3,241,1319,0.116931
3,241,1319,0.118235
3,241,1319,0.116073
3,241,1319,0.118301
3,241,1319,0.114347
3,241,1319,0.116029
3,241,1319,0.120713
3,242,1320,0.115520
3,242,1320,0.118874
3,242,1320,0.118276
3,242,1320,0.116762
3,242,1320,0.115696
3,242,1320,0.114271
3,242,1320,0.121347
3,242,1320,0.118072
3,243,1321,0.117537
3,243,1321,0.115654
3,243,1321,0.117877
3,243,1321,0.119824
3,243,1321,0.119875
3,243,1321,0.112450
3,243,1321,0.117208
3,243,1321,0.119336
3,244,1322,0.120775
3,244,1322,0.117011
3,244,1322,0.118365
3,244,1322,0.121090
3,244,1322,0.120195
3,244,1322,0.117182
3,244,1322,0.115439
3,244,1322,0.114566
3,245,1323,0.121255
3,245,1323,0.121066
3,245,1323,0.115586
3,245,1323,0.114417
3,245,1323,0.118214
3,245,1323,0.120145
3,245,1323,0.113550
3,245,1323,0.113962
3,246,1324,0.113077
3,246,1324,0.119851
3,246,1324,0.117565
3,246,1324,0.116996
3,246,1324,0.119663
3,246,1324,0.116436
3,246,1324,0.122650
3,246,1324,0.119604
3,247,1325,0.116226
3,247,1325,0.119843
3,247,1325,0.116930
3,247,1325,0.117536
3,247,1325,0.117457
3,247,1325,0.116106
3,247,1325,0.115813
3,247,1325,0.120643
3,248,1326,0.117915
3,248,1326,0.119970
3,248,1326,0.125619
3,248,1326,0.115337
3,248,1326,0.117250
3,248,1326,0.117937
3,248,1326,0.112214
3,248,1326,0.117624
3,249,1327,0.120577
3,249,1327,0.119676
3,249,1327,0.122412
3,249,1327,0.116531
3,249,1327,0.117984
3,249,1327,0.116049
3,249,1327,0.116576
3,249,1327,0.126723
3,250,1328,0.116455
3,250,1328,0.119551
3,250,1328,0.118153
3,250,1328,0.119992
3,250,1328,0.116447
3,250,1328,0.116207
3,250,1328,0.119817
3,250,1328,0.119077
3,251,1329,0.117205
3,251,1329,0.115883
3,251,1329,0.118695
3,251,1329,0.122917
3,251,1329,0.116769
3,251,1329,0.116278
3,251,1329,0.120254
3,251,1329,0.128037
3,252,1330,0.115916
3,252,1330,0.122501
3,252,1330,0.118487
3,252,1330,0.119272
3,252,1330,0.119339
3,252,1330,0.122476
3,252,1330,0.118250
3,252,1330,0.119220
3,253,1331,0.120121
3,253,1331,0.115907
3,253,1331,0.123379
3,253,1331,0.119264
3,253,1331,0.119410
3,253,1331,0.119521
3,253,1331,0.119083
3,253,1331,0.119020
3,254,1332,0.120245
3,254,1332,0.115305
3,254,1332,0.118872
3,254,1332,0.116014
3,254,1332,0.119528
3,254,1332,0.132900
3,254,1332,0.117905
3,254,1332,0.118847
3,255,1333,0.117728
3,255,1333,0.116188
3,255,1333,0.118699
3,255,1333,0.115805
3,255,1333,0.115771
3,255,1333,0.116590
3,255,1333,0.119112
3,255,1333,0.122073
3,256,1334,0.123276
3,256,1334,0.117726
3,256,1334,0.117982
3,256,1334,0.116625
3,256,1334,0.129955
3,256,1334,0.118825
3,256,1334,0.116765
3,256,1334,0.119733
3,257,1335,0.122460
3,257,1335,0.117550
3,257,1335,0.120393
3,257,1335,0.122079
3,257,1335,0.117849
3,257,1335,0.114080
3,257,1335,0.116523
3,257,1335,0.117429
3,258,1336,0.118134
3,258,1336,0.119770
3,258,1336,0.121305
3,258,1336,0.125028
3,258,1336,0.116980
3,258,1336,0.118554
3,258,1336,0.118977
3,258,1336,0.115697
3,259,1337,0.115547
3,259,1337,0.120166
3,259,1337,0.121406
3,259,1337,0.119248
3,259,1337,0.115687
3,259,1337,0.114225
3,259,1337,0.119285
3,259,1337,0.118982
3,260,1338,0.118243
3,260,1338,0.117687
3,260,1338,0.116085
3,260,1338,0.113740
3,260,1338,0.118171
3,260,1338,0.116727
3,260,1338,0.117336
3,260,1338,0.119293
3,261,1339,0.118655
3,261,1339,0.117088
3,261,1339,0.113665
3,261,1339,0.121372
3,261,1339,0.118744
3,261,1339,0.120994
3,261,1339,0.115156
3,261,1339,0.127409
3,262,1340,0.119859
3,262,1340,0.118356
3,262,1340,0.115501
3,262,1340,0.117193
3,262,1340,0.116501
3,262,1340,0.121537
3,262,1340,0.115552
3,262,1340,0.116371
3,263,1341,0.119796
3,263,1341,0.118651
3,263,1341,0.121618
3,263,1341,0.120284
3,263,1341,0.117336
3,263,1341,0.122959
3,263,1341,0.117581
3,263,1341,0.117522
3,264,1342,0.117837
3,264,1342,0.120119
3,264,1342,0.116215
3,264,1342,0.118833
3,264,1342,0.119116
3,264,1342,0.113894
3,264,1342,0.117937
3,264,1342,0.118178
3,265,1343,0.116862
3,265,1343,0.117869
3,265,1343,0.124705
3,265,1343,0.121010
3,265,1343,0.119942
3,265,1343,0.119884
3,265,1343,0.122451
3,265,1343,0.120085
3,266,1344,0.123439
3,266,1344,0.119053
3,266,1344,0.118534
3,266,1344,0.116331
3,266,1344,0.117735
3,266,1344,0.117539
3,266,1344,0.120041
3,266,1344,0.117565
3,267,1345,0.122540
3,267,1345,0.118389
3,267,1345,0.117536
3,267,1345,0.115631
3,267,1345,0.118696
3,267,1345,0.116774
3,267,1345,0.118641
3,267,1345,0.116956
3,268,1346,0.118417
3,268,1346,0.124711
3,268,1346,0.117725
3,268,1346,0.123111
3,268,1346,0.120984
3,268,1346,0.117740
3,268,1346,0.118882
3,268,1346,0.120397
3,269,1347,0.117387
3,269,1347,0.114755
3,269,1347,0.120172
3,269,1347,0.120928
3,269,1347,0.117538
3,269,1347,0.116222
3,269,1347,0.118861
3,269,1347,0.116793
3,270,1348,0.113869
3,270,1348,0.115281
3,270,1348,0.121340
3,270,1348,0.121797
3,270,1348,0.117998
3,270,1348,0.116181
3,270,1348,0.115716
3,270,1348,0.120919
3,271,1349,0.117933
3,271,1349,0.115640
3,271,1349,0.119423
3,271,1349,0.117155
3,271,1349,0.118272
3,271,1349,0.117994
3,271,1349,0.122174
3,271,1349,0.112629
3,272,1350,0.114981
3,272,1350,0.121930
3,272,1350,0.121037
3,272,1350,0.118728
3,272,1350,0.122132
3,272,1350,0.116110
3,272,1350,0.125980
3,272,1350,0.116471
3,273,1351,0.118370
3,273,1351,0.113082
3,273,1351,0.125541
3,273,1351,0.120014
3,273,1351,0.119524
3,273,1351,0.119192
3,273,1351,0.128502
3,273,1351,0.126225
3,274,1352,0.116718
3,274,1352,0.117405
3,274,1352,0.117071
3,274,1352,0.115812
3,274,1352,0.120169
3,274,1352,0.117793
3,274,1352,0.117924
3,274,1352,0.122491
3,275,1353,0.115949
3,275,1353,0.121565
3,275,1353,0.119568
3,275,1353,0.117663
3,275,1353,0.118709
3,275,1353,0.120152
3,275,1353,0.119554
3,275,1353,0.118284
3,276,1354,0.118737
3,276,1354,0.118837
3,276,1354,0.120891
3,276,1354,0.117740
3,276,1354,0.122415
3,276,1354,0.121705
3,276,1354,0.120315
3,276,1354,0.122622
3,277,1355,0.117086
3,277,1355,0.120741
3,277,1355,0.114804
3,277,1355,0.115505
3,277,1355,0.115016
3,277,1355,0.116846
3,277,1355,0.117269
3,277,1355,0.121895
3,278,1356,0.121234
3,278,1356,0.118158
3,278,1356,0.113819
3,278,1356,0.116579
3,278,1356,0.118186
3,278,1356,0.119672
3,278,1356,0.122336
3,278,1356,0.118665
3,279,1357,0.119426
3,279,1357,0.115686
3,279,1357,0.119733
3,279,1357,0.117417
3,279,1357,0.117066
3,279,1357,0.117355
3,279,1357,0.117025
3,279,1357,0.119352
3,280,1358,0.120538
3,280,1358,0.115788
3,280,1358,0.124814
3,280,1358,0.119886
3,280,1358,0.122088
3,280,1358,0.119876
3,280,1358,0.114178
3,280,1358,0.118886
3,281,1359,0.117589
3,281,1359,0.122241
3,281,1359,0.116487
3,281,1359,0.117927
3,281,1359,0.118882
3,281,1359,0.117596
3,281,1359,0.116520
3,281,1359,0.119837
3,282,1360,0.118345
3,282,1360,0.117788
3,282,1360,0.117485
3,282,1360,0.119389
3,282,1360,0.115954
3,282,1360,0.121524
3,282,1360,0.123980
3,282,1360,0.120253
3,283,1361,0.118467
3,283,1361,0.117232
3,283,1361,0.120479
3,283,1361,0.113720
3,283,1361,0.121469
3,283,1361,0.118263
3,283,1361,0.117064
3,283,1361,0.113932
3,284,1362,0.124466
3,284,1362,0.121005
3,284,1362,0.115512
3,284,1362,0.113134
3,284,1362,0.114889
3,284,1362,0.120533
3,284,1362,0.118526
3,284,1362,0.120344
3,285,1363,0.118390
3,285,1363,0.119292
3,285,1363,0.121211
3,285,1363,0.116390
3,285,1363,0.120001
3,285,1363,0.115672
3,285,1363,0.123341
3,285,1363,0.116899
3,286,1364,0.120625
3,286,1364,0.117907
3,286,1364,0.122088
3,286,1364,0.113308
3,286,1364,0.115963
3,286,1364,0.123410
3,286,1364,0.119529
3,286,1364,0.121715
3,287,1365,0.119098
3,287,1365,0.115777
3,287,1365,0.117465
3,287,1365,0.117951
3,287,1365,0.116182
3,287,1365,0.117571
3,287,1365,0.117600
3,287,1365,0.121087
3,288,1366,0.117793
3,288,1366,0.125331
3,288,1366,0.119610
3,288,1366,0.118724
3,288,1366,0.119477
3,288,1366,0.118862
3,288,1366,0.119085
3,288,1366,0.120449
3,289,1367,0.117436
3,289,1367,0.116641
3,289,1367,0.118092
3,289,1367,0.118608
3,289,1367,0.121077
3,289,1367,0.118106
3,289,1367,0.115244
3,289,1367,0.114442
3,290,1368,0.118259
3,290,1368,0.117704
3,290,1368,0.119463
3,290,1368,0.121444
3,290,1368,0.115791
3,290,1368,0.119696
3,290,1368,0.117865
3,290,1368,0.113828
3,291,1369,0.115252
3,291,1369,0.117816
3,291,1369,0.119533
3,291,1369,0.119454
3,291,1369,0.119404
3,291,1369,0.115423
3,291,1369,0.119072
3,291,1369,0.118781
3,292,1370,0.119123
3,292,1370,0.115955
3,292,1370,0.115533
3,292,1370,0.116197
3,292,1370,0.119455
3,292,1370,0.119836
3,292,1370,0.116963
3,292,1370,0.121524
3,293,1371,0.116534
3,293,1371,0.118190
3,293,1371,0.117712
3,293,1371,0.121101
3,293,1371,0.117085
3,293,1371,0.116179
3,293,1371,0.115320
3,293,1371,0.118211
3,294,1372,0.117855
3,294,1372,0.116740
3,294,1372,0.116843
3,294,1372,0.116920
3,294,1372,0.120516
3,294,1372,0.120808
3,294,1372,0.116852
3,294,1372,0.122289
3,295,1373,0.122899
3,295,1373,0.116301
3,295,1373,0.119839
3,295,1373,0.119468
3,295,1373,0.119998
3,295,1373,0.116913
3,295,1373,0.116377
3,295,1373,0.117847
3,296,1374,0.122538
3,296,1374,0.120017
3,296,1374,0.117694
3,296,1374,0.116931
3,296,1374,0.116076
3,296,1374,0.118498
3,296,1374,0.117962
3,296,1374,0.111297
3,297,1375,0.119272
3,297,1375,0.117038
3,297,1375,0.116056
3,297,1375,0.118290
3,297,1375,0.117010
3,297,1375,0.121208
3,297,1375,0.120046
3,297,1375,0.119390
3,298,1376,0.114095
3,298,1376,0.120524
3,298,1376,0.120963
3,298,1376,0.113580
3,298,1376,0.118236
3,298,1376,0.119111
3,298,1376,0.116344
3,298,1376,0.115305
3,299,1377,0.121030
3,299,1377,0.118393
3,299,1377,0.114571
3,299,1377,0.120145
3,299,1377,0.115873
3,299,1377,0.120568
3,299,1377,0.119444
3,299,1377,0.116284
3,300,1378,0.116752
3,300,1378,0.120474
3,300,1378,0.118127
3,300,1378,0.122340
3,300,1378,0.118633
3,300,1378,0.115721
3,300,1378,0.118769
3,300,1378,0.120094
3,301,1379,0.117093
3,301,1379,0.117912
3,301,1379,0.117382
3,301,1379,0.112902
3,301,1379,0.117297
3,301,1379,0.114842
3,301,1379,0.115603
3,301,1379,0.116146
3,302,1380,0.119623
3,302,1380,0.115676
3,302,1380,0.124084
3,302,1380,0.127772
3,302,1380,0.116817
3,302,1380,0.120271
3,302,1380,0.118934
3,302,1380,0.116707
3,303,1381,0.117171
3,303,1381,0.115564
3,303,1381,0.116873
3,303,1381,0.121901
3,303,1381,0.121303
3,303,1381,0.118731
3,303,1381,0.118117
3,303,1381,0.126323
3,304,1382,0.119380
3,304,1382,0.117679
3,304,1382,0.119962
3,304,1382,0.119001
3,304,1382,0.124543
3,304,1382,0.118393
3,304,1382,0.117740
3,304,1382,0.120010
3,305,1383,0.118980
3,305,1383,0.120760
3,305,1383,0.120172
3,305,1383,0.120178
3,305,1383,0.117073
3,305,1383,0.118231
3,305,1383,0.121403
3,305,1383,0.121460
3,306,1384,0.116891
3,306,1384,0.116776
3,306,1384,0.116613
3,306,1384,0.119953
3,306,1384,0.123007
3,306,1384,0.118682
3,306,1384,0.116576
3,306,1384,0.118859
3,307,1385,0.119771
3,307,1385,0.117721
3,307,1385,0.117187
3,307,1385,0.118969
3,307,1385,0.121244
3,307,1385,0.119130
3,307,1385,0.117511
3,307,1385,0.116504
3,308,1386,0.120056
3,308,1386,0.114742
3,308,1386,0.112118
3,308,1386,0.122245
3,308,1386,0.122212
3,308,1386,0.119832
3,308,1386,0.115310
3,308,1386,0.115898
3,309,1387,0.114705
3,309,1387,0.123780
3,309,1387,0.115925
3,309,1387,0.120335
3,309,1387,0.121998
3,309,1387,0.116484
3,309,1387,0.120885
3,309,1387,0.121329
3,310,1388,0.118182
3,310,1388,0.117791
3,310,1388,0.118486
3,310,1388,0.120288
3,310,1388,0.122025
3,310,1388,0.114861
3,310,1388,0.117643
3,310,1388,0.113557
3,311,1389,0.119156
3,311,1389,0.123287
3,311,1389,0.122242
3,311,1389,0.116714
3,311,1389,0.116307
3,311,1389,0.121237
3,311,1389,0.121062
3,311,1389,0.123866
3,312,1390,0.117089
3,312,1390,0.120739
3,312,1390,0.118697
3,312,1390,0.125355
3,312,1390,0.118461
3,312,1390,0.117656
3,312,1390,0.116287
3,312,1390,0.116764
3,313,1391,0.117644
3,313,1391,0.115862
3,313,1391,0.114666
3,313,1391,0.116147
3,313,1391,0.118671
3,313,1391,0.114328
3,313,1391,0.118644
3,313,1391,0.121030
3,314,1392,0.121222
3,314,1392,0.113540
3,314,1392,0.115612
3,314,1392,0.118144
3,314,1392,0.115669
3,314,1392,0.119636
3,314,1392,0.116211
3,314,1392,0.125429
3,315,1393,0.118911
3,315,1393,0.120104
3,315,1393,0.116594
3,315,1393,0.123719
3,315,1393,0.119603
3,315,1393,0.116197
3,315,1393,0.119333
3,315,1393,0.129276
3,316,1394,0.121261
3,316,1394,0.115591
3,316,1394,0.117056
3,316,1394,0.119396
3,316,1394,0.118990
3,316,1394,0.118225
3,316,1394,0.118210
3,316,1394,0.118069
3,317,1395,0.116928
3,317,1395,0.116786
3,317,1395,0.117046
3,317,1395,0.117481
3,317,1395,0.114647
3,317,1395,0.117736
3,317,1395,0.119072
3,317,1395,0.116364
3,318,1396,0.118407
3,318,1396,0.119024
3,318,1396,0.126065
3,318,1396,0.116796
3,318,1396,0.121130
3,318,1396,0.115093
3,318,1396,0.114809
3,318,1396,0.117084
3,319,1397,0.116012
3,319,1397,0.117348
3,319,1397,0.120345
3,319,1397,0.117631
3,319,1397,0.121625
3,319,1397,0.118879
3,319,1397,0.116476
3,319,1397,0.113425
3,320,1398,0.120098
3,320,1398,0.116862
3,320,1398,0.114669
3,320,1398,0.119430
3,320,1398,0.123994
3,320,1398,0.115772
3,320,1398,0.118847
3,320,1398,0.122107
3,321,1399,0.118619
3,321,1399,0.124764
3,321,1399,0.118621
3,321,1399,0.119533
3,321,1399,0.113850
3,321,1399,0.117034
3,321,1399,0.121037
3,321,1399,0.115434
3,322,1400,0.117910
3,322,1400,0.118787
3,322,1400,0.119416
3,322,1400,0.117229
3,322,1400,0.115167
3,322,1400,0.125279
3,322,1400,0.115421
3,322,1400,0.117800
3,323,1401,0.118506
3,323,1401,0.119774
3,323,1401,0.124577
3,323,1401,0.118882
3,323,1401,0.121428
3,323,1401,0.121681
3,323,1401,0.114912
3,323,1401,0.120150
3,324,1402,0.116543
3,324,1402,0.121359
3,324,1402,0.117671
3,324,1402,0.119137
3,324,1402,0.118796
3,324,1402,0.115217
3,324,1402,0.117475
3,324,1402,0.120927
3,325,1403,0.117488
3,325,1403,0.116798
3,325,1403,0.115798
3,325,1403,0.117641
3,325,1403,0.118564
3,325,1403,0.121669
3,325,1403,0.115522
3,325,1403,0.120708
3,326,1404,0.118766
3,326,1404,0.121206
3,326,1404,0.117375
3,326,1404,0.115495
3,326,1404,0.116571
3,326,1404,0.127322
3,326,1404,0.118484
3,326,1404,0.115588
3,327,1405,0.118615
3,327,1405,0.115250
3,327,1405,0.118714
3,327,1405,0.119742
3,327,1405,0.118480
3,327,1405,0.113831
3,327,1405,0.116569
3,327,1405,0.115229
3,328,1406,0.115617
3,328,1406,0.117251
3,328,1406,0.117716
3,328,1406,0.117865
3,328,1406,0.118663
3,328,1406,0.119149
3,328,1406,0.112205
3,328,1406,0.115583
3,329,1407,0.116824
3,329,1407,0.117348
3,329,1407,0.121946
3,329,1407,0.122052
3,329,1407,0.117583
3,329,1407,0.118511
3,329,1407,0.115491
3,329,1407,0.119967
3,330,1408,0.118742
3,330,1408,0.121724
3,330,1408,0.116739
3,330,1408,0.118623
3,330,1408,0.115162
3,330,1408,0.117092
3,330,1408,0.120844
3,330,1408,0.118015
3,331,1409,0.117856
3,331,1409,0.115077
3,331,1409,0.118020
3,331,1409,0.116596
3,331,1409,0.118541
3,331,1409,0.113834
3,331,1409,0.127034
3,331,1409,0.112374
3,332,1410,0.124312
3,332,1410,0.117114
3,332,1410,0.113175
3,332,1410,0.116109
3,332,1410,0.119963
3,332,1410,0.116888
3,332,1410,0.119172
3,332,1410,0.116400
3,333,1411,0.112017
3,333,1411,0.114640
3,333,1411,0.121218
3,333,1411,0.125635
3,333,1411,0.118759
3,333,1411,0.117303
3,333,1411,0.120050
3,333,1411,0.115785
3,334,1412,0.114566
3,334,1412,0.114157
3,334,1412,0.115359
3,334,1412,0.117477
3,334,1412,0.118023
3,334,1412,0.116104
3,334,1412,0.116861
3,334,1412,0.123729
3,335,1413,0.115653
3,335,1413,0.117001
3,335,1413,0.121685
3,335,1413,0.118274
3,335,1413,0.118079
3,335,1413,0.122411
3,335,1413,0.121293
3,335,1413,0.120368
3,336,1414,0.115878
3,336,1414,0.115661
3,336,1414,0.121984
3,336,1414,0.118858
3,336,1414,0.118685
3,336,1414,0.116323
3,336,1414,0.116235
3,336,1414,0.120822
3,337,1415,0.118362
3,337,1415,0.117153
3,337,1415,0.118535
3,337,1415,0.114969
3,337,1415,0.120520
3,337,1415,0.114369
3,337,1415,0.115214
3,337,1415,0.117638
3,338,1416,0.116048
3,338,1416,0.119540
3,338,1416,0.123075
3,338,1416,0.116745
3,338,1416,0.115950
3,338,1416,0.119467
3,338,1416,0.116377
3,338,1416,0.112623
3,339,1417,0.116179
3,339,1417,0.124557
3,339,1417,0.118577
3,339,1417,0.117506
3,339,1417,0.114328
3,339,1417,0.122846
3,339,1417,0.118087
3,339,1417,0.117245
3,340,1418,0.125490
3,340,1418,0.120102
3,340,1418,0.118381
3,340,1418,0.116324
3,340,1418,0.120367
3,340,1418,0.115339
3,340,1418,0.117135
3,340,1418,0.117856
3,341,1419,0.119338
3,341,1419,0.120296
3,341,1419,0.115632
3,341,1419,0.115357
3,341,1419,0.120349
3,341,1419,0.118393
3,341,1419,0.120616
3,341,1419,0.122971
3,342,1420,0.113823
3,342,1420,0.117430
3,342,1420,0.122092
3,342,1420,0.114857
3,342,1420,0.116578
3,342,1420,0.117540
3,342,1420,0.116616
3,342,1420,0.116945
3,343,1421,0.116082
3,343,1421,0.115549
3,343,1421,0.120966
3,343,1421,0.123624
3,343,1421,0.119677
3,343,1421,0.116327
3,343,1421,0.115744
3,343,1421,0.114223
3,344,1422,0.120809
3,344,1422,0.115863
3,344,1422,0.120191
3,344,1422,0.122099
3,344,1422,0.116305
3,344,1422,0.117551
3,344,1422,0.124291
3,344,1422,0.115710
3,345,1423,0.125834
3,345,1423,0.114311
3,345,1423,0.119191
3,345,1423,0.116408
3,345,1423,0.120632
3,345,1423,0.116235
3,345,1423,0.118661
3,345,1423,0.118017
3,346,1424,0.121509
3,346,1424,0.118674
3,346,1424,0.119155
3,346,1424,0.117295
3,346,1424,0.116034
3,346,1424,0.117924
3,346,1424,0.116983
3,346,1424,0.121198
3,347,1425,0.119621
3,347,1425,0.116906
3,347,1425,0.115919
3,347,1425,0.117126
3,347,1425,0.119484
3,347,1425,0.116775
3,347,1425,0.117738
3,347,1425,0.114694
3,348,1426,0.119531
3,348,1426,0.117692
3,348,1426,0.117691
3,348,1426,0.120437
3,348,1426,0.115940
3,348,1426,0.116623
3,348,1426,0.116310
3,348,1426,0.118334
3,349,1427,0.117052
3,349,1427,0.122042
3,349,1427,0.113778
3,349,1427,0.119680
3,349,1427,0.118021
3,349,1427,0.119826
3,349,1427,0.119874
3,349,1427,0.117679
3,350,1428,0.115028
3,350,1428,0.119542
3,350,1428,0.116881
3,350,1428,0.116908
3,350,1428,0.118731
3,350,1428,0.115192
3,350,1428,0.112644
3,350,1428,0.120262
3,351,1429,0.115603
3,351,1429,0.116614
3,351,1429,0.117233
3,351,1429,0.114739
3,351,1429,0.114050
3,351,1429,0.116518
3,351,1429,0.120058
3,351,1429,0.118195
3,352,1430,0.116178
3,352,1430,0.114736
3,352,1430,0.117534
3,352,1430,0.117671
3,352,1430,0.117212
3,352,1430,0.115368
3,352,1430,0.119092
3,352,1430,0.116253
3,353,1431,0.124371
3,353,1431,0.117297
3,353,1431,0.117119
3,353,1431,0.115729
3,353,1431,0.123829
3,353,1431,0.123161
3,353,1431,0.120612
3,353,1431,0.117218
3,354,1432,0.118937
3,354,1432,0.117243
3,354,1432,0.116037
3,354,1432,0.117866
3,354,1432,0.117228
3,354,1432,0.120731
3,354,1432,0.117718
3,354,1432,0.121655
3,355,1433,0.118466
3,355,1433,0.115710
3,355,1433,0.118130
3,355,1433,0.122981
3,355,1433,0.117083
3,355,1433,0.117575
3,355,1433,0.114870
3,355,1433,0.118976
3,356,1434,0.114307
3,356,1434,0.118244
3,356,1434,0.117264
3,356,1434,0.119483
3,356,1434,0.116679
3,356,1434,0.117951
3,356,1434,0.118020
3,356,1434,0.120696
3,357,1435,0.116617
3,357,1435,0.117719
3,357,1435,0.122372
3,357,1435,0.117256
3,357,1435,0.117712
3,357,1435,0.115964
3,357,1435,0.116841
3,357,1435,0.118806
3,358,1436,0.125033
3,358,1436,0.116942
3,358,1436,0.117021
3,358,1436,0.116722
3,358,1436,0.120065
3,358,1436,0.124308
3,358,1436,0.114978
3,358,1436,0.115676
3,359,1437,0.116324
3,359,1437,0.116234
3,359,1437,0.115513
3,359,1437,0.118680
3,359,1437,0.117298
3,359,1437,0.120657
3,359,1437,0.119140
3,359,1437,0.124516
3,360,1438,0.122191
3,360,1438,0.115429
3,360,1438,0.119177
3,360,1438,0.119605
3,360,1438,0.115572
3,360,1438,0.115318
3,360,1438,0.117765
3,360,1438,0.118707
3,361,1439,0.118827
3,361,1439,0.113446
3,361,1439,0.120318
3,361,1439,0.118069
3,361,1439,0.116573
3,361,1439,0.117338
3,361,1439,0.118322
3,361,1439,0.121360
3,362,1440,0.113801
3,362,1440,0.120928
3,362,1440,0.121561
3,362,1440,0.116216
3,362,1440,0.118295
3,362,1440,0.131977
3,362,1440,0.121135
3,362,1440,0.122213
3,363,1441,0.118334
3,363,1441,0.118551
3,363,1441,0.118750
3,363,1441,0.118002
3,363,1441,0.115924
3,363,1441,0.117321
3,363,1441,0.119136
3,363,1441,0.117649
3,364,1442,0.118291
3,364,1442,0.117394
3,364,1442,0.118480
3,364,1442,0.120303
3,364,1442,0.114221
3,364,1442,0.116518
3,364,1442,0.120269
3,364,1442,0.115757
3,365,1443,0.116092
3,365,1443,0.115710
3,365,1443,0.117055
3,365,1443,0.121168
3,365,1443,0.116003
3,365,1443,0.118513
3,365,1443,0.117196
3,365,1443,0.126354
3,366,1444,0.115044
3,366,1444,0.122396
3,366,1444,0.116430
3,366,1444,0.118210
3,366,1444,0.115046
3,366,1444,0.121127
3,366,1444,0.120363
3,366,1444,0.119180
3,367,1445,0.119614
3,367,1445,0.121090
3,367,1445,0.115048
3,367,1445,0.120774
3,367,1445,0.116542
3,367,1445,0.115261
3,367,1445,0.116696
3,367,1445,0.116412
3,368,1446,0.120791
3,368,1446,0.120068
3,368,1446,0.114319
3,368,1446,0.115754
3,368,1446,0.123762
3,368,1446,0.116365
3,368,1446,0.117010
3,368,1446,0.116219
3,369,1447,0.118588
3,369,1447,0.120231
3,369,1447,0.114701
3,369,1447,0.116005
3,369,1447,0.117400
3,369,1447,0.114818
3,369,1447,0.133438
3,369,1447,0.118347
3,370,1448,0.117068
3,370,1448,0.117034
3,370,1448,0.115765
3,370,1448,0.115646
3,370,1448,0.119631
3,370,1448,0.119041
3,370,1448,0.120990
3,370,1448,0.120178
3,371,1449,0.118338
3,371,1449,0.117686
3,371,1449,0.115925
3,371,1449,0.120636
3,371,1449,0.116343
3,371,1449,0.121855
3,371,1449,0.117716
3,371,1449,0.118060
3,372,1450,0.119058
3,372,1450,0.126133
3,372,1450,0.116532
3,372,1450,0.120969
3,372,1450,0.116423
3,372,1450,0.119257
3,372,1450,0.119888
3,372,1450,0.118855
3,373,1451,0.122123
3,373,1451,0.119656
3,373,1451,0.120891
3,373,1451,0.115753
3,373,1451,0.117880
3,373,1451,0.117799
3,373,1451,0.119244
3,373,1451,0.118711
3,374,1452,0.118080
3,374,1452,0.116157
3,374,1452,0.118436
3,374,1452,0.116146
3,374,1452,0.114885
3,374,1452,0.124525
3,374,1452,0.116062
3,374,1452,0.116635
3,375,1453,0.115088
3,375,1453,0.121864
3,375,1453,0.122961
3,375,1453,0.117150
3,375,1453,0.121001
3,375,1453,0.115974
3,375,1453,0.119175
3,375,1453,0.115554
3,376,1454,0.115979
3,376,1454,0.114107
3,376,1454,0.120088
3,376,1454,0.120037
3,376,1454,0.120817
3,376,1454,0.118608
3,376,1454,0.118896
3,376,1454,0.118207
3,377,1455,0.120723
3,377,1455,0.114899
3,377,1455,0.123342
3,377,1455,0.115139
3,377,1455,0.117475
3,377,1455,0.117717
3,377,1455,0.114589
3,377,1455,0.116025
3,378,1456,0.117534
3,378,1456,0.119933
3,378,1456,0.119570
3,378,1456,0.116204
3,378,1456,0.119982
3,378,1456,0.120068
3,378,1456,0.116674
3,378,1456,0.115190
3,379,1457,0.120806
3,379,1457,0.121517
3,379,1457,0.116367
3,379,1457,0.111253
3,379,1457,0.117845
3,379,1457,0.115618
3,379,1457,0.114090
3,379,1457,0.114847
3,380,1458,0.117064
3,380,1458,0.118272
3,380,1458,0.120528
3,380,1458,0.120746
3,380,1458,0.113573
3,380,1458,0.120717
3,380,1458,0.115418
3,380,1458,0.116041
3,381,1459,0.122060
3,381,1459,0.115953
3,381,1459,0.117632
3,381,1459,0.122350
3,381,1459,0.115624
3,381,1459,0.119012
3,381,1459,0.118146
3,381,1459,0.118105
3,382,1460,0.119670
3,382,1460,0.121253
3,382,1460,0.117246
3,382,1460,0.123098
3,382,1460,0.114025
3,382,1460,0.120970
3,382,1460,0.119694
3,382,1460,0.118077
3,383,1461,0.123752
3,383,1461,0.120424
3,383,1461,0.120707
3,383,1461,0.114060
3,383,1461,0.117766
3,383,1461,0.120868
3,383,1461,0.121530
3,383,1461,0.119782
3,384,1462,0.120734
3,384,1462,0.117018
3,384,1462,0.117293
3,384,1462,0.115917
3,384,1462,0.117108
3,384,1462,0.116621
3,384,1462,0.119552
3,384,1462,0.118633
3,385,1463,0.118876
3,385,1463,0.114179
3,385,1463,0.118646
3,385,1463,0.116752
3,385,1463,0.118788
3,385,1463,0.114633
3,385,1463,0.122307
3,385,1463,0.121650
3,386,1464,0.118099
3,386,1464,0.124563
3,386,1464,0.116456
3,386,1464,0.121856
3,386,1464,0.121700
3,386,1464,0.114819
3,386,1464,0.116595
3,386,1464,0.118368
3,387,1465,0.119099
3,387,1465,0.118332
3,387,1465,0.121428
3,387,1465,0.117498
3,387,1465,0.114928
3,387,1465,0.116452
3,387,1465,0.118091
3,387,1465,0.121167
3,388,1466,0.117933
3,388,1466,0.114846
3,388,1466,0.115887
3,388,1466,0.112482
3,388,1466,0.115005
3,388,1466,0.114187
3,388,1466,0.114843
3,388,1466,0.117012
3,389,1467,0.122128
3,389,1467,0.118990
3,389,1467,0.117096
3,389,1467,0.122178
3,389,1467,0.118273
3,389,1467,0.115798
3,389,1467,0.118624
3,389,1467,0.117645
3,390,1468,0.117298
3,390,1468,0.118380
3,390,1468,0.119440
3,390,1468,0.113574
3,390,1468,0.118082
3,390,1468,0.119332
3,390,1468,0.115185
3,390,1468,0.116364
3,391,1469,0.116049
3,391,1469,0.114401
3,391,1469,0.116553
3,391,1469,0.122297
3,391,1469,0.119228
3,391,1469,0.115807
3,391,1469,0.116749
3,391,1469,0.122142
3,392,1470,0.116502
3,392,1470,0.122991
3,392,1470,0.115930
3,392,1470,0.116696
3,392,1470,0.115784
3,392,1470,0.124184
3,392,1470,0.118446
3,392,1470,0.115134
3,393,1471,0.116533
3,393,1471,0.118192
3,393,1471,0.115515
3,393,1471,0.117273
3,393,1471,0.119927
3,393,1471,0.118779
3,393,1471,0.117316
3,393,1471,0.116543
3,394,1472,0.120826
3,394,1472,0.116878
3,394,1472,0.114518
3,394,1472,0.118386
3,394,1472,0.116144
3,394,1472,0.119417
3,394,1472,0.116749
3,394,1472,0.118233
3,395,1473,0.117694
3,395,1473,0.114897
3,395,1473,0.112079
3,395,1473,0.114039
3,395,1473,0.121200
3,395,1473,0.117577
3,395,1473,0.116528
3,395,1473,0.123938
3,396,1474,0.119184
3,396,1474,0.118199
3,396,1474,0.120649
3,396,1474,0.123547
3,396,1474,0.117557
3,396,1474,0.117178
3,396,1474,0.116953
3,396,1474,0.118049
3,397,1475,0.124830
3,397,1475,0.117102
3,397,1475,0.118559
3,397,1475,0.118382
3,397,1475,0.120209
3,397,1475,0.117276
3,397,1475,0.123468
3,397,1475,0.116732
3,398,1476,0.122536
3,398,1476,0.119888
3,398,1476,0.116464
3,398,1476,0.114969
3,398,1476,0.114402
3,398,1476,0.115391
3,398,1476,0.118963
3,398,1476,0.115224
3,399,1477,0.118934
3,399,1477,0.122092
3,399,1477,0.120173
3,399,1477,0.117013
3,399,1477,0.118608
3,399,1477,0.115644
3,399,1477,0.124795
3,399,1477,0.124064
3,400,1478,0.119278
3,400,1478,0.119739
3,400,1478,0.119829
3,400,1478,0.117721
3,400,1478,0.118670
3,400,1478,0.118054
3,400,1478,0.113237
3,400,1478,0.117443
3,401,1479,0.118100
3,401,1479,0.124027
3,401,1479,0.117785
3,401,1479,0.120070
3,401,1479,0.117351
3,401,1479,0.116855
3,401,1479,0.118715
3,401,1479,0.114051
3,402,1480,0.115795
3,402,1480,0.119499
3,402,1480,0.123384
3,402,1480,0.116787
3,402,1480,0.120936
3,402,1480,0.119617
3,402,1480,0.117999
3,402,1480,0.115082
3,403,1481,0.116932
3,403,1481,0.118253
3,403,1481,0.119127
3,403,1481,0.117617
3,403,1481,0.113089
3,403,1481,0.120925
3,403,1481,0.117283
3,403,1481,0.115861
3,404,1482,0.117930
3,404,1482,0.119579
3,404,1482,0.121547
3,404,1482,0.114954
3,404,1482,0.118959
3,404,1482,0.118013
3,404,1482,0.116414
3,404,1482,0.119464
3,405,1483,0.118457
3,405,1483,0.116354
3,405,1483,0.118958
3,405,1483,0.116421
3,405,1483,0.120794
3,405,1483,0.125295
3,405,1483,0.119930
3,405,1483,0.122336
3,406,1484,0.120262
3,406,1484,0.118718
3,406,1484,0.116643
3,406,1484,0.121259
3,406,1484,0.117678
3,406,1484,0.116458
3,406,1484,0.116751
3,406,1484,0.117658
3,407,1485,0.113352
3,407,1485,0.114755
3,407,1485,0.117647
3,407,1485,0.118622
3,407,1485,0.115750
3,407,1485,0.116157
3,407,1485,0.117188
3,407,1485,0.118036
3,408,1486,0.121335
3,408,1486,0.122108
3,408,1486,0.122069
3,408,1486,0.116498
3,408,1486,0.122339
3,408,1486,0.114702
3,408,1486,0.121639
3,408,1486,0.117620
3,409,1487,0.116869
3,409,1487,0.116616
3,409,1487,0.116347
3,409,1487,0.112888
3,409,1487,0.117611
3,409,1487,0.117033
3,409,1487,0.121120
3,409,1487,0.116169
3,410,1488,0.115482
3,410,1488,0.114482
3,410,1488,0.118780
3,410,1488,0.119079
3,410,1488,0.123570
3,410,1488,0.114367
3,410,1488,0.122859
3,410,1488,0.114197
3,411,1489,0.118149
3,411,1489,0.116984
3,411,1489,0.118473
3,411,1489,0.116720
3,411,1489,0.114536
3,411,1489,0.115693
3,411,1489,0.122110
3,411,1489,0.115160
3,412,1490,0.114086
3,412,1490,0.117472
3,412,1490,0.115275
3,412,1490,0.113820
3,412,1490,0.117677
3,412,1490,0.115597
3,412,1490,0.119957
3,412,1490,0.115639
3,413,1491,0.116246
3,413,1491,0.115404
3,413,1491,0.117371
3,413,1491,0.116839
3,413,1491,0.115967
3,413,1491,0.117344
3,413,1491,0.118453
3,413,1491,0.114136
3,414,1492,0.117703
3,414,1492,0.118284
3,414,1492,0.116672
3,414,1492,0.123193
3,414,1492,0.112662
3,414,1492,0.123879
3,414,1492,0.116652
3,414,1492,0.113431
3,415,1493,0.114823
3,415,1493,0.116588
3,415,1493,0.121518
3,415,1493,0.119016
3,415,1493,0.114016
3,415,1493,0.117273
3,415,1493,0.120014
3,415,1493,0.113565
3,416,1494,0.117000
3,416,1494,0.115180
3,416,1494,0.114047
3,416,1494,0.117825
3,416,1494,0.116800
3,416,1494,0.120750
3,416,1494,0.115004
3,416,1494,0.123113
3,417,1495,0.121718
3,417,1495,0.120753
3,417,1495,0.116037
3,417,1495,0.118115
3,417,1495,0.116965
3,417,1495,0.118928
3,417,1495,0.114861
3,417,1495,0.116733
3,418,1496,0.121995
3,418,1496,0.118148
3,418,1496,0.116021
3,418,1496,0.116179
3,418,1496,0.117936
3,418,1496,0.120940
3,418,1496,0.118241
3,418,1496,0.115614
3,419,1497,0.119082
3,419,1497,0.116845
3,419,1497,0.116764
3,419,1497,0.117791
3,419,1497,0.119372
3,419,1497,0.117246
3,419,1497,0.117247
3,419,1497,0.119958
3,420,1498,0.115707
3,420,1498,0.125081
3,420,1498,0.121345
3,420,1498,0.117281
3,420,1498,0.120586
3,420,1498,0.117751
3,420,1498,0.118635
3,420,1498,0.114231
3,421,1499,0.116156
3,421,1499,0.112933
3,421,1499,0.122279
3,421,1499,0.121999
3,421,1499,0.121316
3,421,1499,0.119189
3,421,1499,0.119829
3,421,1499,0.118149
3,422,1500,0.117598
3,422,1500,0.117055
3,422,1500,0.119319
3,422,1500,0.121038
3,422,1500,0.121610
3,422,1500,0.120251
3,422,1500,0.117037
3,422,1500,0.120959
3,423,1501,0.122634
3,423,1501,0.124272
3,423,1501,0.123904
3,423,1501,0.115865
3,423,1501,0.115169
3,423,1501,0.118036
3,423,1501,0.124468
3,423,1501,0.119099
3,424,1502,0.116465
3,424,1502,0.115244
3,424,1502,0.116568
3,424,1502,0.122836
3,424,1502,0.115400
3,424,1502,0.115298
3,424,1502,0.116697
3,424,1502,0.115675
3,425,1503,0.114949
3,425,1503,0.115480
3,425,1503,0.119529
3,425,1503,0.119415
3,425,1503,0.117504
3,425,1503,0.128601
3,425,1503,0.121476
3,425,1503,0.121043
3,426,1504,0.119458
3,426,1504,0.120457
3,426,1504,0.118538
3,426,1504,0.115892
3,426,1504,0.117934
3,426,1504,0.116836
3,426,1504,0.115054
3,426,1504,0.117728
3,427,1505,0.119382
3,427,1505,0.122614
3,427,1505,0.118508
3,427,1505,0.116415
3,427,1505,0.117313
3,427,1505,0.119047
3,427,1505,0.117861
3,427,1505,0.120282
3,428,1506,0.117702
3,428,1506,0.117691
3,428,1506,0.116912
3,428,1506,0.118944
3,428,1506,0.113922
3,428,1506,0.118146
3,428,1506,0.116177
3,428,1506,0.116439
3,429,1507,0.116349
3,429,1507,0.115477
3,429,1507,0.120605
3,429,1507,0.120800
3,429,1507,0.112728
3,429,1507,0.117823
3,429,1507,0.116247
3,429,1507,0.121273
3,430,1508,0.119935
3,430,1508,0.116238
3,430,1508,0.121003
3,430,1508,0.116885
3,430,1508,0.115774
3,430,1508,0.117548
3,430,1508,0.113808
3,430,1508,0.120169
3,431,1509,0.118530
3,431,1509,0.118048
3,431,1509,0.116202
3,431,1509,0.113912
3,431,1509,0.119197
3,431,1509,0.118922
3,431,1509,0.120819
3,431,1509,0.121161
3,432,1510,0.121720
3,432,1510,0.117869
3,432,1510,0.120854
3,432,1510,0.116972
3,432,1510,0.123870
3,432,1510,0.115402
3,432,1510,0.114230
3,432,1510,0.115473
3,433,1511,0.119484
3,433,1511,0.116896
3,433,1511,0.118452
3,433,1511,0.117104
3,433,1511,0.114759
3,433,1511,0.116627
3,433,1511,0.119851
3,433,1511,0.119335
3,434,1512,0.112689
3,434,1512,0.114647
3,434,1512,0.114792
3,434,1512,0.116230
3,434,1512,0.120086
3,434,1512,0.120017
3,434,1512,0.121798
3,434,1512,0.117714
3,435,1513,0.113629
3,435,1513,0.122468
3,435,1513,0.118041
3,435,1513,0.118842
3,435,1513,0.116831
3,435,1513,0.121824
3,435,1513,0.118127
3,435,1513,0.115505
3,436,1514,0.118300
3,436,1514,0.124550
3,436,1514,0.120538
3,436,1514,0.122116
3,436,1514,0.112454
3,436,1514,0.120602
3,436,1514,0.115451
3,436,1514,0.111413
3,437,1515,0.116160
3,437,1515,0.115780
3,437,1515,0.120070
3,437,1515,0.116803
3,437,1515,0.113880
3,437,1515,0.118974
3,437,1515,0.116873
3,437,1515,0.117531
3,438,1516,0.117908
3,438,1516,0.114540
3,438,1516,0.116615
3,438,1516,0.124489
3,438,1516,0.117403
3,438,1516,0.115063
3,438,1516,0.120113
3,438,1516,0.116951
3,439,1517,0.117892
3,439,1517,0.115462
3,439,1517,0.119858
3,439,1517,0.117753
3,439,1517,0.114011
3,439,1517,0.114611
3,439,1517,0.116676
3,439,1517,0.120979
3,440,1518,0.115842
3,440,1518,0.115173
3,440,1518,0.119066
3,440,1518,0.124869
3,440,1518,0.118561
3,440,1518,0.114780
3,440,1518,0.116971
3,440,1518,0.119868
3,441,1519,0.117074
3,441,1519,0.117226
3,441,1519,0.117654
3,441,1519,0.118769
3,441,1519,0.130404
3,441,1519,0.121329
3,441,1519,0.118980
3,441,1519,0.124000
3,442,1520,0.115796
3,442,1520,0.120775
3,442,1520,0.116807
3,442,1520,0.116942
3,442,1520,0.118129
3,442,1520,0.115651
3,442,1520,0.115173
3,442,1520,0.117385
3,443,1521,0.119341
3,443,1521,0.118033
3,443,1521,0.116840
3,443,1521,0.117509
3,443,1521,0.116819
3,443,1521,0.122909
3,443,1521,0.117355
3,443,1521,0.113207
3,444,1522,0.117860
3,444,1522,0.114672
3,444,1522,0.116255
3,444,1522,0.121123
3,444,1522,0.119288
3,444,1522,0.120381
3,444,1522,0.118416
3,444,1522,0.114947
3,445,1523,0.119243
3,445,1523,0.122838
3,445,1523,0.116440
3,445,1523,0.119330
3,445,1523,0.114900
3,445,1523,0.115748
3,445,1523,0.121649
3,445,1523,0.116043
3,446,1524,0.118187
3,446,1524,0.116779
3,446,1524,0.119406
3,446,1524,0.115645
3,446,1524,0.112528
3,446,1524,0.119903
3,446,1524,0.117428
3,446,1524,0.117248
3,447,1525,0.116649
3,447,1525,0.117059
3,447,1525,0.120986
3,447,1525,0.116161
3,447,1525,0.119418
3,447,1525,0.120900
3,447,1525,0.123404
3,447,1525,0.113718
3,448,1526,0.117285
3,448,1526,0.116507
3,448,1526,0.117583
3,448,1526,0.117177
3,448,1526,0.115764
3,448,1526,0.121105
3,448,1526,0.115778
3,448,1526,0.124414
3,449,1527,0.120450
3,449,1527,0.122020
3,449,1527,0.116407
3,449,1527,0.118534
3,449,1527,0.118610
3,449,1527,0.112607
3,449,1527,0.115108
3,449,1527,0.132516
3,450,1528,0.123192
3,450,1528,0.120113
3,450,1528,0.116626
3,450,1528,0.118297
3,450,1528,0.117417
3,450,1528,0.116376
3,450,1528,0.117128
3,450,1528,0.115610
3,451,1529,0.116275
3,451,1529,0.118873
3,451,1529,0.117981
3,451,1529,0.117921
3,451,1529,0.150494
3,451,1529,0.116247
3,451,1529,0.118706
3,451,1529,0.120304
3,452,1530,0.116188
3,452,1530,0.119473
3,452,1530,0.115766
3,452,1530,0.118570
3,452,1530,0.120193
3,452,1530,0.117607
3,452,1530,0.118184
3,452,1530,0.117351
3,453,1531,0.119431
3,453,1531,0.115952
3,453,1531,0.115698
3,453,1531,0.120149
3,453,1531,0.121451
3,453,1531,0.115657
3,453,1531,0.117248
3,453,1531,0.117458
3,454,1532,0.120625
3,454,1532,0.120259
3,454,1532,0.118162
3,454,1532,0.114961
3,454,1532,0.114598
3,454,1532,0.118544
3,454,1532,0.121648
3,454,1532,0.117721
3,455,1533,0.114722
3,455,1533,0.116689
3,455,1533,0.122440
3,455,1533,0.120936
3,455,1533,0.118737
3,455,1533,0.116592
3,455,1533,0.119019
3,455,1533,0.115407
3,456,1534,0.121528
3,456,1534,0.117218
3,456,1534,0.122944
3,456,1534,0.117749
3,456,1534,0.120355
3,456,1534,0.116843
3,456,1534,0.114270
3,456,1534,0.114493
3,457,1535,0.118548
3,457,1535,0.117484
3,457,1535,0.118572
3,457,1535,0.117706
3,457,1535,0.117653
3,457,1535,0.116419
3,457,1535,0.115251
3,457,1535,0.124049
3,458,1536,0.117317
3,458,1536,0.119320
3,458,1536,0.116283
3,458,1536,0.115891
3,458,1536,0.119611
3,458,1536,0.113767
3,458,1536,0.119583
3,458,1536,0.118114
3,459,1537,0.116627
3,459,1537,0.116923
3,459,1537,0.117833
3,459,1537,0.114188
3,459,1537,0.122633
3,459,1537,0.117861
3,459,1537,0.116561
3,459,1537,0.117611
3,460,1538,0.122283
3,460,1538,0.117404
3,460,1538,0.115432
3,460,1538,0.124091
3,460,1538,0.116625
3,460,1538,0.119156
3,460,1538,0.119833
3,460,1538,0.118971
3,461,1539,0.118734
3,461,1539,0.126543
3,461,1539,0.116133
3,461,1539,0.115756
3,461,1539,0.119033
3,461,1539,0.117670
3,461,1539,0.118881
3,461,1539,0.125757
3,462,1540,0.118889
3,462,1540,0.125075
3,462,1540,0.116756
3,462,1540,0.114183
3,462,1540,0.121113
3,462,1540,0.116083
3,462,1540,0.120157
3,462,1540,0.119160
3,463,1541,0.115788
3,463,1541,0.122572
3,463,1541,0.118737
3,463,1541,0.117651
3,463,1541,0.118424
3,463,1541,0.116241
3,463,1541,0.123818
3,463,1541,0.117643
3,464,1542,0.119224
3,464,1542,0.115863
3,464,1542,0.117788
3,464,1542,0.115215
3,464,1542,0.115531
3,464,1542,0.117310
3,464,1542,0.120320
3,464,1542,0.123960
3,465,1543,0.118271
3,465,1543,0.119099
3,465,1543,0.117460
3,465,1543,0.116320
3,465,1543,0.115978
3,465,1543,0.114056
3,465,1543,0.115541
3,465,1543,0.119946
3,466,1544,0.118159
3,466,1544,0.114613
3,466,1544,0.117776
3,466,1544,0.117797
3,466,1544,0.122061
3,466,1544,0.116231
3,466,1544,0.118566
3,466,1544,0.113879
3,467,1545,0.117500
3,467,1545,0.118490
3,467,1545,0.121738
3,467,1545,0.116741
3,467,1545,0.120300
3,467,1545,0.117079
3,467,1545,0.119089
3,467,1545,0.115797
3,468,1546,0.115410
3,468,1546,0.118666
3,468,1546,0.115703
3,468,1546,0.114792
3,468,1546,0.116820
3,468,1546,0.119715
3,468,1546,0.112087
3,468,1546,0.116729
3,469,1547,0.117176
3,469,1547,0.117782
3,469,1547,0.120708
3,469,1547,0.118529
3,469,1547,0.115435
3,469,1547,0.119571
3,469,1547,0.116627
3,469,1547,0.118512
3,470,1548,0.118534
3,470,1548,0.119906
3,470,1548,0.116788
3,470,1548,0.122922
3,470,1548,0.115481
3,470,1548,0.115729
3,470,1548,0.119290
3,470,1548,0.120681
3,471,1549,0.117551
3,471,1549,0.114106
3,471,1549,0.118449
3,471,1549,0.115443
3,471,1549,0.116757
3,471,1549,0.116416
3,471,1549,0.118620
3,471,1549,0.120703
3,472,1550,0.120064
3,472,1550,0.117189
3,472,1550,0.120115
3,472,1550,0.122313
3,472,1550,0.114174
3,472,1550,0.116733
3,472,1550,0.114156
3,472,1550,0.116283
3,473,1551,0.118448
3,473,1551,0.116764
3,473,1551,0.119682
3,473,1551,0.114725
3,473,1551,0.119131
3,473,1551,0.112331
3,473,1551,0.118341
3,473,1551,0.117882
3,474,1552,0.115491
3,474,1552,0.115716
3,474,1552,0.123234
3,474,1552,0.117008
3,474,1552,0.116073
3,474,1552,0.117794
3,474,1552,0.117260
3,474,1552,0.115805
3,475,1553,0.116405
3,475,1553,0.119007
3,475,1553,0.115193
3,475,1553,0.115907
3,475,1553,0.114124
3,475,1553,0.120120
3,475,1553,0.118439
3,475,1553,0.116825
3,476,1554,0.120300
3,476,1554,0.112806
3,476,1554,0.118000
3,476,1554,0.120564
3,476,1554,0.117715
3,476,1554,0.119719
3,476,1554,0.114786
3,476,1554,0.120186
3,477,1555,0.120639
3,477,1555,0.119184
3,477,1555,0.119528
3,477,1555,0.116127
3,477,1555,0.116392
3,477,1555,0.120178
3,477,1555,0.117368
3,477,1555,0.123502
3,478,1556,0.117915
3,478,1556,0.117865
3,478,1556,0.117458
3,478,1556,0.115465
3,478,1556,0.115752
3,478,1556,0.115653
3,478,1556,0.118268
3,478,1556,0.119975
3,479,1557,0.117710
3,479,1557,0.115117
3,479,1557,0.123895
3,479,1557,0.115996
3,479,1557,0.121487
3,479,1557,0.120028
3,479,1557,0.123989
3,479,1557,0.116868
3,480,1558,0.122427
3,480,1558,0.116316
3,480,1558,0.117311
3,480,1558,0.116278
3,480,1558,0.118075
3,480,1558,0.118266
3,480,1558,0.114758
3,480,1558,0.116997
3,481,1559,0.121290
3,481,1559,0.118096
3,481,1559,0.124796
3,481,1559,0.112916
3,481,1559,0.118929
3,481,1559,0.116230
3,481,1559,0.122666
3,481,1559,0.118324
3,482,1560,0.116333
3,482,1560,0.118977
3,482,1560,0.113948
3,482,1560,0.118509
3,482,1560,0.121745
3,482,1560,0.115027
3,482,1560,0.117130
3,482,1560,0.117208
3,483,1561,0.114212
3,483,1561,0.115296
3,483,1561,0.117877
3,483,1561,0.115817
3,483,1561,0.118665
3,483,1561,0.117913
3,483,1561,0.119157
3,483,1561,0.120104
3,484,1562,0.113930
3,484,1562,0.117000
3,484,1562,0.120108
3,484,1562,0.117523
3,484,1562,0.117107
3,484,1562,0.119864
3,484,1562,0.119560
3,484,1562,0.117877
3,485,1563,0.117412
3,485,1563,0.120395
3,485,1563,0.119495
3,485,1563,0.112802
3,485,1563,0.117999
3,485,1563,0.114150
3,485,1563,0.117887
3,485,1563,0.120901
3,486,1564,0.113716
3,486,1564,0.113599
3,486,1564,0.122257
3,486,1564,0.116439
3,486,1564,0.125983
3,486,1564,0.126256
3,486,1564,0.117426
3,486,1564,0.116074
3,487,1565,0.116399
3,487,1565,0.115251
3,487,1565,0.115603
3,487,1565,0.117889
3,487,1565,0.120160
3,487,1565,0.116470
3,487,1565,0.119351
3,487,1565,0.116486
3,488,1566,0.119037
3,488,1566,0.115183
3,488,1566,0.118367
3,488,1566,0.114436
3,488,1566,0.118833
3,488,1566,0.123441
3,488,1566,0.118203
3,488,1566,0.115354
3,489,1567,0.119102
3,489,1567,0.116252
3,489,1567,0.114509
3,489,1567,0.116802
3,489,1567,0.119478
3,489,1567,0.116693
3,489,1567,0.116414
3,489,1567,0.113361
3,490,1568,0.119133
3,490,1568,0.122808
3,490,1568,0.117536
3,490,1568,0.120762
3,490,1568,0.115483
3,490,1568,0.115723
3,490,1568,0.119045
3,490,1568,0.116639
3,491,1569,0.118137
3,491,1569,0.112369
3,491,1569,0.121046
3,491,1569,0.118375
3,491,1569,0.118794
3,491,1569,0.118209
3,491,1569,0.118703
3,491,1569,0.117537
3,492,1570,0.123669
3,492,1570,0.119417
3,492,1570,0.119164
3,492,1570,0.116072
3,492,1570,0.121819
3,492,1570,0.119713
3,492,1570,0.121806
3,492,1570,0.115943
3,493,1571,0.115242
3,493,1571,0.113774
3,493,1571,0.119464
3,493,1571,0.120245
3,493,1571,0.121815
3,493,1571,0.119770
3,493,1571,0.115245
3,493,1571,0.116374
3,494,1572,0.114541
3,494,1572,0.116551
3,494,1572,0.120708
3,494,1572,0.118104
3,494,1572,0.116361
3,494,1572,0.118158
3,494,1572,0.117325
3,494,1572,0.115387
3,495,1573,0.115419
3,495,1573,0.114067
3,495,1573,0.117062
3,495,1573,0.113556
3,495,1573,0.114394
3,495,1573,0.117831
3,495,1573,0.115597
3,495,1573,0.116392
3,496,1574,0.115760
3,496,1574,0.114996
3,496,1574,0.116312
3,496,1574,0.115851
3,496,1574,0.117336
3,496,1574,0.114280
3,496,1574,0.117698
3,496,1574,0.116995
3,497,1575,0.117554
3,497,1575,0.116193
3,497,1575,0.117215
3,497,1575,0.111861
3,497,1575,0.117135
3,497,1575,0.117914
3,497,1575,0.113426
3,497,1575,0.117073
3,498,1576,0.116210
3,498,1576,0.119703
3,498,1576,0.118255
3,498,1576,0.114298
3,498,1576,0.122138
3,498,1576,0.115292
3,498,1576,0.119593
3,498,1576,0.120395
3,499,1577,0.113289
3,499,1577,0.118969
3,499,1577,0.117692
3,499,1577,0.121234
3,499,1577,0.117229
3,499,1577,0.120068
3,499,1577,0.114968
3,499,1577,0.115751
3,500,1578,0.119593
3,500,1578,0.114602
3,500,1578,0.117797
3,500,1578,0.118200
3,500,1578,0.114951
3,500,1578,0.120009
3,500,1578,0.122301
3,500,1578,0.118981
3,501,1579,0.113443
3,501,1579,0.116385
3,501,1579,0.114704
3,501,1579,0.116569
3,501,1579,0.123779
3,501,1579,0.115719
3,501,1579,0.119913
3,501,1579,0.118451
3,502,1580,0.114850
3,502,1580,0.117454
3,502,1580,0.117702
3,502,1580,0.116070
3,502,1580,0.115953
3,502,1580,0.124949
3,502,1580,0.123806
3,502,1580,0.117739
3,503,1581,0.118001
3,503,1581,0.120911
3,503,1581,0.122642
3,503,1581,0.118823
3,503,1581,0.115956
3,503,1581,0.117205
3,503,1581,0.117294
3,503,1581,0.116932
3,504,1582,0.119799
3,504,1582,0.117686
3,504,1582,0.114060
3,504,1582,0.117106
3,504,1582,0.117802
3,504,1582,0.115420
3,504,1582,0.115117
3,504,1582,0.115640
3,505,1583,0.118426
3,505,1583,0.124637
3,505,1583,0.117789
3,505,1583,0.117364
3,505,1583,0.119181
3,505,1583,0.117464
3,505,1583,0.114266
3,505,1583,0.118546
3,506,1584,0.121664
3,506,1584,0.114319
3,506,1584,0.116015
3,506,1584,0.118338
3,506,1584,0.117043
3,506,1584,0.115525
3,506,1584,0.120103
3,506,1584,0.114953
3,507,1585,0.120948
3,507,1585,0.117753
3,507,1585,0.115743
3,507,1585,0.115110
3,507,1585,0.116550
3,507,1585,0.120854
3,507,1585,0.123642
3,507,1585,0.118240
3,508,1586,0.120551
3,508,1586,0.116000
3,508,1586,0.119341
3,508,1586,0.115235
3,508,1586,0.120088
3,508,1586,0.117071
3,508,1586,0.115803
3,508,1586,0.115655
3,509,1587,0.112998
3,509,1587,0.116562
3,509,1587,0.115155
3,509,1587,0.119339
3,509,1587,0.113672
3,509,1587,0.119252
3,509,1587,0.118215
3,509,1587,0.126734
3,510,1588,0.114751
3,510,1588,0.118391
3,510,1588,0.115789
3,510,1588,0.117474
3,510,1588,0.116034
3,510,1588,0.115145
3,510,1588,0.120078
3,510,1588,0.117803
3,511,1589,0.116015
3,511,1589,0.118018
3,511,1589,0.114735
3,511,1589,0.119805
3,511,1589,0.112125
3,511,1589,0.117455
3,511,1589,0.118397
3,511,1589,0.118412
3,512,1590,0.116342
3,512,1590,0.116730
3,512,1590,0.116526
3,512,1590,0.116447
3,512,1590,0.115406
3,512,1590,0.116966
3,512,1590,0.119371
3,512,1590,0.119635
3,513,1591,0.118873
3,513,1591,0.113882
3,513,1591,0.119107
3,513,1591,0.129212
3,513,1591,0.117521
3,513,1591,0.117049
3,513,1591,0.121053
3,513,1591,0.113402
3,514,1592,0.118999
3,514,1592,0.113313
3,514,1592,0.118403
3,514,1592,0.116006
3,514,1592,0.118534
3,514,1592,0.116162
3,514,1592,0.114388
3,514,1592,0.118537
3,515,1593,0.116332
3,515,1593,0.115684
3,515,1593,0.118804
3,515,1593,0.117908
3,515,1593,0.115986
3,515,1593,0.118078
3,515,1593,0.119995
3,515,1593,0.118778
3,516,1594,0.119937
3,516,1594,0.115955
3,516,1594,0.114858
3,516,1594,0.116778
3,516,1594,0.118244
3,516,1594,0.117760
3,516,1594,0.118815
3,516,1594,0.117222
3,517,1595,0.125762
3,517,1595,0.117346
3,517,1595,0.115946
3,517,1595,0.117319
3,517,1595,0.118423
3,517,1595,0.119933
3,517,1595,0.121531
3,517,1595,0.119525
3,518,1596,0.119234
3,518,1596,0.120831
3,518,1596,0.111355
3,518,1596,0.117043
3,518,1596,0.119719
3,518,1596,0.116740
3,518,1596,0.123856
3,518,1596,0.120647
3,519,1597,0.118196
3,519,1597,0.111811
3,519,1597,0.113617
3,519,1597,0.115778
3,519,1597,0.116689
3,519,1597,0.115726
3,519,1597,0.121927
3,519,1597,0.120886
3,520,1598,0.114802
3,520,1598,0.116988
3,520,1598,0.120087
3,520,1598,0.115478
3,520,1598,0.117939
3,520,1598,0.115212
3,520,1598,0.120708
3,520,1598,0.117352
3,521,1599,0.113629
3,521,1599,0.118140
3,521,1599,0.114915
3,521,1599,0.118287
3,521,1599,0.118664
3,521,1599,0.117473
3,521,1599,0.116256
3,521,1599,0.118877
3,522,1600,0.115605
3,522,1600,0.119598
3,522,1600,0.119263
3,522,1600,0.113423
3,522,1600,0.121416
3,522,1600,0.114368
3,522,1600,0.116572
3,522,1600,0.118882
3,523,1601,0.115241
3,523,1601,0.118842
3,523,1601,0.113536
3,523,1601,0.117961
3,523,1601,0.120644
3,523,1601,0.114228
3,523,1601,0.114960
3,523,1601,0.128565
3,524,1602,0.116855
3,524,1602,0.115755
3,524,1602,0.115236
3,524,1602,0.119183
3,524,1602,0.120973
3,524,1602,0.117683
3,524,1602,0.114700
3,524,1602,0.116542
3,525,1603,0.118028
3,525,1603,0.120681
3,525,1603,0.118047
3,525,1603,0.120569
3,525,1603,0.117277
3,525,1603,0.117061
3,525,1603,0.121990
3,525,1603,0.114069
3,526,1604,0.117383
3,526,1604,0.115778
3,526,1604,0.120689
3,526,1604,0.121693
3,526,1604,0.115315
3,526,1604,0.118793
3,526,1604,0.117759
3,526,1604,0.116103
3,527,1605,0.121181
3,527,1605,0.120105
3,527,1605,0.116097
3,527,1605,0.121280
3,527,1605,0.118589
3,527,1605,0.115276
3,527,1605,0.115078
3,527,1605,0.118626
3,528,1606,0.125363
3,528,1606,0.122276
3,528,1606,0.117610
3,528,1606,0.119057
3,528,1606,0.118202
3,528,1606,0.118143
3,528,1606,0.119781
3,528,1606,0.115225
3,529,1607,0.118962
3,529,1607,0.117698
3,529,1607,0.129579
3,529,1607,0.118479
3,529,1607,0.118815
3,529,1607,0.117305
3,529,1607,0.115353
3,529,1607,0.122497
3,530,1608,0.115929
3,530,1608,0.116786
3,530,1608,0.119342
3,530,1608,0.118576
3,530,1608,0.120208
3,530,1608,0.119257
3,530,1608,0.114995
3,530,1608,0.117105
3,531,1609,0.118335
3,531,1609,0.114757
3,531,1609,0.118228
3,531,1609,0.113855
3,531,1609,0.119377
3,531,1609,0.113317
3,531,1609,0.117859
3,531,1609,0.115094
3,532,1610,0.118417
3,532,1610,0.120346
3,532,1610,0.114445
3,532,1610,0.119329
3,532,1610,0.129934
3,532,1610,0.118538
3,532,1610,0.116912
3,532,1610,0.122591
3,533,1611,0.118106
3,533,1611,0.117252
3,533,1611,0.125835
3,533,1611,0.112704
3,533,1611,0.115453
3,533,1611,0.122018
3,533,1611,0.116724
3,533,1611,0.117610
3,534,1612,0.120110
3,534,1612,0.117634
3,534,1612,0.115934
3,534,1612,0.117567
3,534,1612,0.114157
3,534,1612,0.113205
3,534,1612,0.117034
3,534,1612,0.116196
3,535,1613,0.118206
3,535,1613,0.123178
3,535,1613,0.118543
3,535,1613,0.118625
3,535,1613,0.118679
3,535,1613,0.115470
3,535,1613,0.119130
3,535,1613,0.120868
3,536,1614,0.118243
3,536,1614,0.119000
3,536,1614,0.115152
3,536,1614,0.123475
3,536,1614,0.115140
3,536,1614,0.123347
3,536,1614,0.120443
3,536,1614,0.117096
3,537,1615,0.120435
3,537,1615,0.115185
3,537,1615,0.117224
3,537,1615,0.116731
3,537,1615,0.121271
3,537,1615,0.114330
3,537,1615,0.119736
3,537,1615,0.120846
3,538,1616,0.119143
3,538,1616,0.120654
3,538,1616,0.119794
3,538,1616,0.121084
3,538,1616,0.117221
3,538,1616,0.113628
3,538,1616,0.112994
3,538,1616,0.120380
3,539,1617,0.117436
3,539,1617,0.115417
3,539,1617,0.118877
3,539,1617,0.119062
3,539,1617,0.117860
3,539,1617,0.118779
3,539,1617,0.122403
3,539,1617,0.116391
4,1,1618,0.117868
4,1,1618,0.117111
4,1,1618,0.118050
4,1,1618,0.116548
4,1,1618,0.118662
4,1,1618,0.119954
4,1,1618,0.115960
4,1,1618,0.115312
4,2,1619,0.117804
4,2,1619,0.118579
4,2,1619,0.119161
4,2,1619,0.119171
4,2,1619,0.115437
4,2,1619,0.117977
4,2,1619,0.115784
4,2,1619,0.115710
4,3,1620,0.122060
4,3,1620,0.121304
4,3,1620,0.117420
4,3,1620,0.118804
4,3,1620,0.116005
4,3,1620,0.118595
4,3,1620,0.117024
4,3,1620,0.119292
4,4,1621,0.119833
4,4,1621,0.114521
4,4,1621,0.114970
4,4,1621,0.115779
4,4,1621,0.114418
4,4,1621,0.114961
4,4,1621,0.117404
4,4,1621,0.115059
4,5,1622,0.114836
4,5,1622,0.122103
4,5,1622,0.113706
4,5,1622,0.117800
4,5,1622,0.120021
4,5,1622,0.118995
4,5,1622,0.114198
4,5,1622,0.117690
4,6,1623,0.118161
4,6,1623,0.120774
4,6,1623,0.117586
4,6,1623,0.117465
4,6,1623,0.116859
4,6,1623,0.117525
4,6,1623,0.118468
4,6,1623,0.119483
4,7,1624,0.114351
4,7,1624,0.113891
4,7,1624,0.116926
4,7,1624,0.115942
4,7,1624,0.113408
4,7,1624,0.117340
4,7,1624,0.116087
4,7,1624,0.115814
4,8,1625,0.116238
4,8,1625,0.120704
4,8,1625,0.121173
4,8,1625,0.117506
4,8,1625,0.121172
4,8,1625,0.117896
4,8,1625,0.116587
4,8,1625,0.116100
4,9,1626,0.115910
4,9,1626,0.118333
4,9,1626,0.114532
4,9,1626,0.123441
4,9,1626,0.118394
4,9,1626,0.119248
4,9,1626,0.120070
4,9,1626,0.118588
4,10,1627,0.117818
4,10,1627,0.123194
4,10,1627,0.115586
4,10,1627,0.119530
4,10,1627,0.116591
4,10,1627,0.118523
4,10,1627,0.115520
4,10,1627,0.114297
4,11,1628,0.113799
4,11,1628,0.118490
4,11,1628,0.115856
4,11,1628,0.118778
4,11,1628,0.113752
4,11,1628,0.119276
4,11,1628,0.116229
4,11,1628,0.122536
4,12,1629,0.116270
4,12,1629,0.114737
4,12,1629,0.119839
4,12,1629,0.119363
4,12,1629,0.114377
4,12,1629,0.114537
4,12,1629,0.115339
4,12,1629,0.117518
4,13,1630,0.116329
4,13,1630,0.115594
4,13,1630,0.116229
4,13,1630,0.122076
4,13,1630,0.117184
4,13,1630,0.118519
4,13,1630,0.117406
4,13,1630,0.116296
4,14,1631,0.121710
4,14,1631,0.116612
4,14,1631,0.118777
4,14,1631,0.116985
4,14,1631,0.119697
4,14,1631,0.119886
4,14,1631,0.115694
4,14,1631,0.118410
4,15,1632,0.115500
4,15,1632,0.118526
4,15,1632,0.114350
4,15,1632,0.116906
4,15,1632,0.118268
4,15,1632,0.116406
4,15,1632,0.117169
4,15,1632,0.115923
4,16,1633,0.116719
4,16,1633,0.119013
4,16,1633,0.121624
4,16,1633,0.117699
4,16,1633,0.123323
4,16,1633,0.115204
4,16,1633,0.116372
4,16,1633,0.122088
4,17,1634,0.117308
4,17,1634,0.117088
4,17,1634,0.120171
4,17,1634,0.117905
4,17,1634,0.114847
4,17,1634,0.119708
4,17,1634,0.115916
4,17,1634,0.116806
4,18,1635,0.116284
4,18,1635,0.116814
4,18,1635,0.119009
4,18,1635,0.114676
4,18,1635,0.122637
4,18,1635,0.117841
4,18,1635,0.116508
4,18,1635,0.119850
4,19,1636,0.125291
4,19,1636,0.119921
4,19,1636,0.116057
4,19,1636,0.122122
4,19,1636,0.121810
4,19,1636,0.119365
4,19,1636,0.118317
4,19,1636,0.118340
4,20,1637,0.117484
4,20,1637,0.119587
4,20,1637,0.117950
4,20,1637,0.120220
4,20,1637,0.114859
4,20,1637,0.118118
4,20,1637,0.116943
4,20,1637,0.121850
4,21,1638,0.119955
4,21,1638,0.119806
4,21,1638,0.118090
4,21,1638,0.115627
4,21,1638,0.121300
4,21,1638,0.114682
4,21,1638,0.110696
4,21,1638,0.121568
4,22,1639,0.118508
4,22,1639,0.118234
4,22,1639,0.121804
4,22,1639,0.116943
4,22,1639,0.116039
4,22,1639,0.118017
4,22,1639,0.118920
4,22,1639,0.115442
4,23,1640,0.115635
4,23,1640,0.119618
4,23,1640,0.123886
4,23,1640,0.113086
4,23,1640,0.119593
4,23,1640,0.119770
4,23,1640,0.116228
4,23,1640,0.118409
4,24,1641,0.120679
4,24,1641,0.120097
4,24,1641,0.115076
4,24,1641,0.116973
4,24,1641,0.120162
4,24,1641,0.117190
4,24,1641,0.118643
4,24,1641,0.116667
4,25,1642,0.120235
4,25,1642,0.119513
4,25,1642,0.113817
4,25,1642,0.117117
4,25,1642,0.117599
4,25,1642,0.116465
4,25,1642,0.124638
4,25,1642,0.118678
4,26,1643,0.120784
4,26,1643,0.117870
4,26,1643,0.120876
4,26,1643,0.113038
4,26,1643,0.117404
4,26,1643,0.117450
4,26,1643,0.121100
4,26,1643,0.113552
4,27,1644,0.118408
4,27,1644,0.116649
4,27,1644,0.118659
4,27,1644,0.119452
4,27,1644,0.114109
4,27,1644,0.119532
4,27,1644,0.118868
4,27,1644,0.114825
4,28,1645,0.116746
4,28,1645,0.118191
4,28,1645,0.120144
4,28,1645,0.125114
4,28,1645,0.121167
4,28,1645,0.114835
4,28,1645,0.120748
4,28,1645,0.111841
4,29,1646,0.113826
4,29,1646,0.116511
4,29,1646,0.121048
4,29,1646,0.119153
4,29,1646,0.121443
4,29,1646,0.117177
4,29,1646,0.114359
4,29,1646,0.116221
4,30,1647,0.126183
4,30,1647,0.114054
4,30,1647,0.121694
4,30,1647,0.114630
4,30,1647,0.116670
4,30,1647,0.118620
4,30,1647,0.115276
4,30,1647,0.118316
4,31,1648,0.114930
4,31,1648,0.119458
4,31,1648,0.120936
4,31,1648,0.115637
4,31,1648,0.121321
4,31,1648,0.123340
4,31,1648,0.117724
4,31,1648,0.117853
4,32,1649,0.115784
4,32,1649,0.120502
4,32,1649,0.117061
4,32,1649,0.118398
4,32,1649,0.115869
4,32,1649,0.121883
4,32,1649,0.116301
4,32,1649,0.124545
4,33,1650,0.117561
4,33,1650,0.116907
4,33,1650,0.116086
4,33,1650,0.122309
4,33,1650,0.116347
4,33,1650,0.113397
4,33,1650,0.123824
4,33,1650,0.117125
4,34,1651,0.125326
4,34,1651,0.120130
4,34,1651,0.113969
4,34,1651,0.116576
4,34,1651,0.116437
4,34,1651,0.118806
4,34,1651,0.113490
4,34,1651,0.117281
4,35,1652,0.116717
4,35,1652,0.116550
4,35,1652,0.120503
4,35,1652,0.116452
4,35,1652,0.118157
4,35,1652,0.114919
4,35,1652,0.117540
4,35,1652,0.115196
4,36,1653,0.120099
4,36,1653,0.122120
4,36,1653,0.122948
4,36,1653,0.117175
4,36,1653,0.116972
4,36,1653,0.117720
4,36,1653,0.116810
4,36,1653,0.117920
4,37,1654,0.122572
4,37,1654,0.121394
4,37,1654,0.120302
4,37,1654,0.114505
4,37,1654,0.118117
4,37,1654,0.125519
4,37,1654,0.112159
4,37,1654,0.116526
4,38,1655,0.128106
4,38,1655,0.119192
4,38,1655,0.117956
4,38,1655,0.119088
4,38,1655,0.118358
4,38,1655,0.120481
4,38,1655,0.118998
4,38,1655,0.121448
4,39,1656,0.118109
4,39,1656,0.117822
4,39,1656,0.114996
4,39,1656,0.116639
4,39,1656,0.123592
4,39,1656,0.117316
4,39,1656,0.118587
4,39,1656,0.115294
4,40,1657,0.117916
4,40,1657,0.118946
4,40,1657,0.115895
4,40,1657,0.123179
4,40,1657,0.117982
4,40,1657,0.117677
4,40,1657,0.118929
4,40,1657,0.116410
4,41,1658,0.114073
4,41,1658,0.115615
4,41,1658,0.116737
4,41,1658,0.118195
4,41,1658,0.118768
4,41,1658,0.119862
4,41,1658,0.115908
4,41,1658,0.121691
4,42,1659,0.113721
4,42,1659,0.120676
4,42,1659,0.114740
4,42,1659,0.115839
4,42,1659,0.116425
4,42,1659,0.126531
4,42,1659,0.115093
4,42,1659,0.120152
4,43,1660,0.118955
4,43,1660,0.114921
4,43,1660,0.117524
4,43,1660,0.120409
4,43,1660,0.114488
4,43,1660,0.120232
4,43,1660,0.125096
4,43,1660,0.120304
4,44,1661,0.121105
4,44,1661,0.117962
4,44,1661,0.118188
4,44,1661,0.117845
4,44,1661,0.115207
4,44,1661,0.116040
4,44,1661,0.113335
4,44,1661,0.117025
4,45,1662,0.118869
4,45,1662,0.118096
4,45,1662,0.118340
4,45,1662,0.120144
4,45,1662,0.115055
4,45,1662,0.117623
4,45,1662,0.116879
4,45,1662,0.113903
4,46,1663,0.116106
4,46,1663,0.117680
4,46,1663,0.115403
4,46,1663,0.115867
4,46,1663,0.116830
4,46,1663,0.124699
4,46,1663,0.119339
4,46,1663,0.119792
4,47,1664,0.116102
4,47,1664,0.113176
4,47,1664,0.118626
4,47,1664,0.116137
4,47,1664,0.115715
4,47,1664,0.113703
4,47,1664,0.118488
4,47,1664,0.116073
4,48,1665,0.118172
4,48,1665,0.121206
4,48,1665,0.122110
4,48,1665,0.113281
4,48,1665,0.117809
4,48,1665,0.114374
4,48,1665,0.115451
4,48,1665,0.120137
4,49,1666,0.116936
4,49,1666,0.114998
4,49,1666,0.121496
4,49,1666,0.113555
4,49,1666,0.115511
4,49,1666,0.118826
4,49,1666,0.114971
4,49,1666,0.117571
4,50,1667,0.121267
4,50,1667,0.117396
4,50,1667,0.118181
4,50,1667,0.115675
4,50,1667,0.116249
4,50,1667,0.114751
4,50,1667,0.115868
4,50,1667,0.115789
4,51,1668,0.117497
4,51,1668,0.121027
4,51,1668,0.117352
4,51,1668,0.118810
4,51,1668,0.120491
4,51,1668,0.120086
4,51,1668,0.125539
4,51,1668,0.117473
4,52,1669,0.122794
4,52,1669,0.115239
4,52,1669,0.120610
4,52,1669,0.116119
4,52,1669,0.117329
4,52,1669,0.117530
4,52,1669,0.116700
4,52,1669,0.117787
4,53,1670,0.114223
4,53,1670,0.124109
4,53,1670,0.117936
4,53,1670,0.117483
4,53,1670,0.115876
4,53,1670,0.118063
4,53,1670,0.120271
4,53,1670,0.119961
4,54,1671,0.112336
4,54,1671,0.117255
4,54,1671,0.118435
4,54,1671,0.113254
4,54,1671,0.118104
4,54,1671,0.115646
4,54,1671,0.138525
4,54,1671,0.123077
4,55,1672,0.116274
4,55,1672,0.114500
4,55,1672,0.122624
4,55,1672,0.118996
4,55,1672,0.117372
4,55,1672,0.114906
4,55,1672,0.116574
4,55,1672,0.117892
4,56,1673,0.113276
4,56,1673,0.117604
4,56,1673,0.118244
4,56,1673,0.115644
4,56,1673,0.117011
4,56,1673,0.117952
4,56,1673,0.115697
4,56,1673,0.117610
4,57,1674,0.117093
4,57,1674,0.119496
4,57,1674,0.125067
4,57,1674,0.125049
4,57,1674,0.121649
4,57,1674,0.118255
4,57,1674,0.117569
4,57,1674,0.114383
4,58,1675,0.118192
4,58,1675,0.117394
4,58,1675,0.121751
4,58,1675,0.117108
4,58,1675,0.120881
4,58,1675,0.123340
4,58,1675,0.117496
4,58,1675,0.119816
4,59,1676,0.121926
4,59,1676,0.120162
4,59,1676,0.116230
4,59,1676,0.119083
4,59,1676,0.116393
4,59,1676,0.121630
4,59,1676,0.117360
4,59,1676,0.116121
4,60,1677,0.121847
4,60,1677,0.115427
4,60,1677,0.116401
4,60,1677,0.115791
4,60,1677,0.126242
4,60,1677,0.116068
4,60,1677,0.114483
4,60,1677,0.119061
4,61,1678,0.119232
4,61,1678,0.114917
4,61,1678,0.118590
4,61,1678,0.119224
4,61,1678,0.123707
4,61,1678,0.116446
4,61,1678,0.121857
4,61,1678,0.116985
4,62,1679,0.120205
4,62,1679,0.116125
4,62,1679,0.117345
4,62,1679,0.120931
4,62,1679,0.120807
4,62,1679,0.118395
4,62,1679,0.113957
4,62,1679,0.117319
4,63,1680,0.118425
4,63,1680,0.115688
4,63,1680,0.114835
4,63,1680,0.115423
4,63,1680,0.115596
4,63,1680,0.117648
4,63,1680,0.119528
4,63,1680,0.116344
4,64,1681,0.114923
4,64,1681,0.114474
4,64,1681,0.120615
4,64,1681,0.114867
4,64,1681,0.118126
4,64,1681,0.112230
4,64,1681,0.122256
4,64,1681,0.121307
4,65,1682,0.119355
4,65,1682,0.116735
4,65,1682,0.115298
4,65,1682,0.114815
4,65,1682,0.116452
4,65,1682,0.117284
4,65,1682,0.118842
4,65,1682,0.117335
4,66,1683,0.117554
4,66,1683,0.118098
4,66,1683,0.121819
4,66,1683,0.118169
4,66,1683,0.117909
4,66,1683,0.114784
4,66,1683,0.115308
4,66,1683,0.116845
4,67,1684,0.114979
4,67,1684,0.114698
4,67,1684,0.119068
4,67,1684,0.124628
4,67,1684,0.122223
4,67,1684,0.120094
4,67,1684,0.122322
4,67,1684,0.119010
4,68,1685,0.116280
4,68,1685,0.116360
4,68,1685,0.114196
4,68,1685,0.120716
4,68,1685,0.117159
4,68,1685,0.113481
4,68,1685,0.115669
4,68,1685,0.113923
4,69,1686,0.114349
4,69,1686,0.116895
4,69,1686,0.121113
4,69,1686,0.117341
4,69,1686,0.116523
4,69,1686,0.115619
4,69,1686,0.122110
4,69,1686,0.115219
4,70,1687,0.116483
4,70,1687,0.114474
4,70,1687,0.119242
4,70,1687,0.118883
4,70,1687,0.113180
4,70,1687,0.121763
4,70,1687,0.115791
4,70,1687,0.118464
4,71,1688,0.122736
4,71,1688,0.122481
4,71,1688,0.116583
4,71,1688,0.120574
4,71,1688,0.115226
4,71,1688,0.115317
4,71,1688,0.114965
4,71,1688,0.116402
4,72,1689,0.118243
4,72,1689,0.115902
4,72,1689,0.122653
4,72,1689,0.115481
4,72,1689,0.118044
4,72,1689,0.119425
4,72,1689,0.115664
4,72,1689,0.115649
4,73,1690,0.117294
4,73,1690,0.123117
4,73,1690,0.118388
4,73,1690,0.118842
4,73,1690,0.120109
4,73,1690,0.113389
4,73,1690,0.121208
4,73,1690,0.115239
4,74,1691,0.115994
4,74,1691,0.119489
4,74,1691,0.119426
4,74,1691,0.115921
4,74,1691,0.117958
4,74,1691,0.117487
4,74,1691,0.119491
4,74,1691,0.115086
4,75,1692,0.115703
4,75,1692,0.116323
4,75,1692,0.113769
4,75,1692,0.118612
4,75,1692,0.113877
4,75,1692,0.113771
4,75,1692,0.119667
4,75,1692,0.120632
4,76,1693,0.117896
4,76,1693,0.117292
4,76,1693,0.117021
4,76,1693,0.116252
4,76,1693,0.118619
4,76,1693,0.117914
4,76,1693,0.117761
4,76,1693,0.123034
4,77,1694,0.116215
4,77,1694,0.113325
4,77,1694,0.115585
4,77,1694,0.120112
4,77,1694,0.120120
4,77,1694,0.116850
4,77,1694,0.119974
4,77,1694,0.118660
4,78,1695,0.115539
4,78,1695,0.118862
4,78,1695,0.114293
4,78,1695,0.114734
4,78,1695,0.121507
4,78,1695,0.114409
4,78,1695,0.115333
4,78,1695,0.117813
4,79,1696,0.125195
4,79,1696,0.116698
4,79,1696,0.120460
4,79,1696,0.121772
4,79,1696,0.115981
4,79,1696,0.114827
4,79,1696,0.116170
4,79,1696,0.116888
4,80,1697,0.119721
4,80,1697,0.119062
4,80,1697,0.117080
4,80,1697,0.115197
4,80,1697,0.118351
4,80,1697,0.115943
4,80,1697,0.117830
4,80,1697,0.118104
4,81,1698,0.119213
4,81,1698,0.118534
4,81,1698,0.117626
4,81,1698,0.122242
4,81,1698,0.117013
4,81,1698,0.118374
4,81,1698,0.117683
4,81,1698,0.118396
4,82,1699,0.116647
4,82,1699,0.118949
4,82,1699,0.116518
4,82,1699,0.125369
4,82,1699,0.119956
4,82,1699,0.122088
4,82,1699,0.117203
4,82,1699,0.116261
4,83,1700,0.117710
4,83,1700,0.115382
4,83,1700,0.116201
4,83,1700,0.116549
4,83,1700,0.117635
4,83,1700,0.117472
4,83,1700,0.115905
4,83,1700,0.116294
4,84,1701,0.115930
4,84,1701,0.114963
4,84,1701,0.117459
4,84,1701,0.119297
4,84,1701,0.118517
4,84,1701,0.115877
4,84,1701,0.115263
4,84,1701,0.115755
4,85,1702,0.127505
4,85,1702,0.116352
4,85,1702,0.113364
4,85,1702,0.116839
4,85,1702,0.118545
4,85,1702,0.116648
4,85,1702,0.114844
4,85,1702,0.118182
4,86,1703,0.114447
4,86,1703,0.123718
4,86,1703,0.115511
4,86,1703,0.121585
4,86,1703,0.113353
4,86,1703,0.120050
4,86,1703,0.116474
4,86,1703,0.118807
4,87,1704,0.117455
4,87,1704,0.118491
4,87,1704,0.118743
4,87,1704,0.120121
4,87,1704,0.115816
4,87,1704,0.120532
4,87,1704,0.112217
4,87,1704,0.116924
4,88,1705,0.118674
4,88,1705,0.118590
4,88,1705,0.118937
4,88,1705,0.115508
4,88,1705,0.114719
4,88,1705,0.118402
4,88,1705,0.120616
4,88,1705,0.116720
4,89,1706,0.117309
4,89,1706,0.118336
4,89,1706,0.117284
4,89,1706,0.118133
4,89,1706,0.118169
4,89,1706,0.113934
4,89,1706,0.118475
4,89,1706,0.118595
4,90,1707,0.116736
4,90,1707,0.118770
4,90,1707,0.115868
4,90,1707,0.118619
4,90,1707,0.118628
4,90,1707,0.118779
4,90,1707,0.115926
4,90,1707,0.119616
4,91,1708,0.118342
4,91,1708,0.121560
4,91,1708,0.117066
4,91,1708,0.117673
4,91,1708,0.113811
4,91,1708,0.120430
4,91,1708,0.123854
4,91,1708,0.113966
4,92,1709,0.115472
4,92,1709,0.116930
4,92,1709,0.116857
4,92,1709,0.121851
4,92,1709,0.118796
4,92,1709,0.122152
4,92,1709,0.122036
4,92,1709,0.117640
4,93,1710,0.116861
4,93,1710,0.116289
4,93,1710,0.117602
4,93,1710,0.119741
4,93,1710,0.115963
4,93,1710,0.116853
4,93,1710,0.115814
4,93,1710,0.117376
4,94,1711,0.118799
4,94,1711,0.119029
4,94,1711,0.119955
4,94,1711,0.116170
4,94,1711,0.114883
4,94,1711,0.113561
4,94,1711,0.116873
4,94,1711,0.117085
4,95,1712,0.116143
4,95,1712,0.118076
4,95,1712,0.115021
4,95,1712,0.118816
4,95,1712,0.120350
4,95,1712,0.118068
4,95,1712,0.116142
4,95,1712,0.119016
4,96,1713,0.115410
4,96,1713,0.115554
4,96,1713,0.113179
4,96,1713,0.117207
4,96,1713,0.113383
4,96,1713,0.124570
4,96,1713,0.118483
4,96,1713,0.117058
4,97,1714,0.116130
4,97,1714,0.123009
4,97,1714,0.114737
4,97,1714,0.118343
4,97,1714,0.116943
4,97,1714,0.116774
4,97,1714,0.114068
4,97,1714,0.118007
4,98,1715,0.115051
4,98,1715,0.122140
4,98,1715,0.119022
4,98,1715,0.118732
4,98,1715,0.119768
4,98,1715,0.118332
4,98,1715,0.114496
4,98,1715,0.119475
4,99,1716,0.121669
4,99,1716,0.129356
4,99,1716,0.117351
4,99,1716,0.117515
4,99,1716,0.115691
4,99,1716,0.119061
4,99,1716,0.116684
4,99,1716,0.115306
4,100,1717,0.120323
4,100,1717,0.117525
4,100,1717,0.117794
4,100,1717,0.116154
4,100,1717,0.117281
4,100,1717,0.115935
4,100,1717,0.125648
4,100,1717,0.115545
4,101,1718,0.113470
4,101,1718,0.115128
4,101,1718,0.118474
4,101,1718,0.116536
4,101,1718,0.118803
4,101,1718,0.116386
4,101,1718,0.117150
4,101,1718,0.120365
4,102,1719,0.113172
4,102,1719,0.120067
4,102,1719,0.117569
4,102,1719,0.118810
4,102,1719,0.120987
4,102,1719,0.117947
4,102,1719,0.125384
4,102,1719,0.118685
4,103,1720,0.116193
4,103,1720,0.114047
4,103,1720,0.115694
4,103,1720,0.116264
4,103,1720,0.115115
4,103,1720,0.116343
4,103,1720,0.125663
4,103,1720,0.117449
4,104,1721,0.119997
4,104,1721,0.117426
4,104,1721,0.119316
4,104,1721,0.119255
4,104,1721,0.120844
4,104,1721,0.116674
4,104,1721,0.118311
4,104,1721,0.117862
4,105,1722,0.118966
4,105,1722,0.116771
4,105,1722,0.116516
4,105,1722,0.117086
4,105,1722,0.119510
4,105,1722,0.114371
4,105,1722,0.116786
4,105,1722,0.116836
4,106,1723,0.116430
4,106,1723,0.119363
4,106,1723,0.118551
4,106,1723,0.118049
4,106,1723,0.114988
4,106,1723,0.120100
4,106,1723,0.117542
4,106,1723,0.117943
4,107,1724,0.115769
4,107,1724,0.116277
4,107,1724,0.120962
4,107,1724,0.119718
4,107,1724,0.114449
4,107,1724,0.116165
4,107,1724,0.123223
4,107,1724,0.116763
4,108,1725,0.118898
4,108,1725,0.115049
4,108,1725,0.119223
4,108,1725,0.117836
4,108,1725,0.114635
4,108,1725,0.120229
4,108,1725,0.124356
4,108,1725,0.121343
4,109,1726,0.122318
4,109,1726,0.120598
4,109,1726,0.118034
4,109,1726,0.116287
4,109,1726,0.117487
4,109,1726,0.113551
4,109,1726,0.119009
4,109,1726,0.116432
4,110,1727,0.116605
4,110,1727,0.114471
4,110,1727,0.116575
4,110,1727,0.124745
4,110,1727,0.120227
4,110,1727,0.117845
4,110,1727,0.118216
4,110,1727,0.117357
4,111,1728,0.115431
4,111,1728,0.120175
4,111,1728,0.117476
4,111,1728,0.119583
4,111,1728,0.117956
4,111,1728,0.119828
4,111,1728,0.118306
4,111,1728,0.114998
4,112,1729,0.115803
4,112,1729,0.117871
4,112,1729,0.117866
4,112,1729,0.113597
4,112,1729,0.118273
4,112,1729,0.118065
4,112,1729,0.115668
4,112,1729,0.114941
4,113,1730,0.115066
4,113,1730,0.117076
4,113,1730,0.113566
4,113,1730,0.117272
4,113,1730,0.116580
4,113,1730,0.115259
4,113,1730,0.116839
4,113,1730,0.118619
4,114,1731,0.118847
4,114,1731,0.119228
4,114,1731,0.116788
4,114,1731,0.125173
4,114,1731,0.117214
4,114,1731,0.116923
4,114,1731,0.116936
4,114,1731,0.115873
4,115,1732,0.118539
4,115,1732,0.120865
4,115,1732,0.117613
4,115,1732,0.118281
4,115,1732,0.114713
4,115,1732,0.114819
4,115,1732,0.116881
4,115,1732,0.115302
4,116,1733,0.117776
4,116,1733,0.120442
4,116,1733,0.115284
4,116,1733,0.121019
4,116,1733,0.120266
4,116,1733,0.120247
4,116,1733,0.119546
4,116,1733,0.116790
4,117,1734,0.116409
4,117,1734,0.118795
4,117,1734,0.117589
4,117,1734,0.115405
4,117,1734,0.118736
4,117,1734,0.116853
4,117,1734,0.117882
4,117,1734,0.120204
4,118,1735,0.116133
4,118,1735,0.116856
4,118,1735,0.116017
4,118,1735,0.115807
4,118,1735,0.124135
4,118,1735,0.119267
4,118,1735,0.118197
4,118,1735,0.118429
4,119,1736,0.116558
4,119,1736,0.116584
4,119,1736,0.117608
4,119,1736,0.117439
4,119,1736,0.118663
4,119,1736,0.114434
4,119,1736,0.115376
4,119,1736,0.124037
4,120,1737,0.120022
4,120,1737,0.117412
4,120,1737,0.118072
4,120,1737,0.116641
4,120,1737,0.117449
4,120,1737,0.117269
4,120,1737,0.117221
4,120,1737,0.118279
4,121,1738,0.122105
4,121,1738,0.118271
4,121,1738,0.118363
4,121,1738,0.118821
4,121,1738,0.115791
4,121,1738,0.117020
4,121,1738,0.115413
4,121,1738,0.117253
4,122,1739,0.118165
4,122,1739,0.113551
4,122,1739,0.116033
4,122,1739,0.119735
4,122,1739,0.115239
4,122,1739,0.120142
4,122,1739,0.116139
4,122,1739,0.118564
4,123,1740,0.116380
4,123,1740,0.114205
4,123,1740,0.116804
4,123,1740,0.118733
4,123,1740,0.117200
4,123,1740,0.120494
4,123,1740,0.118768
4,123,1740,0.113373
4,124,1741,0.116865
4,124,1741,0.119159
4,124,1741,0.117001
4,124,1741,0.118773
4,124,1741,0.117956
4,124,1741,0.122160
4,124,1741,0.118476
4,124,1741,0.122838
4,125,1742,0.116576
4,125,1742,0.117490
4,125,1742,0.115271
4,125,1742,0.115604
4,125,1742,0.116724
4,125,1742,0.119512
4,125,1742,0.121135
4,125,1742,0.117639
4,126,1743,0.113807
4,126,1743,0.118349
4,126,1743,0.116743
4,126,1743,0.116216
4,126,1743,0.117652
4,126,1743,0.113065
4,126,1743,0.115562
4,126,1743,0.117457
4,127,1744,0.119443
4,127,1744,0.117467
4,127,1744,0.116203
4,127,1744,0.119642
4,127,1744,0.116567
4,127,1744,0.115137
4,127,1744,0.118834
4,127,1744,0.120002
4,128,1745,0.121572
4,128,1745,0.116001
4,128,1745,0.118192
4,128,1745,0.120226
4,128,1745,0.123359
4,128,1745,0.114822
4,128,1745,0.116751
4,128,1745,0.122903
4,129,1746,0.114827
4,129,1746,0.115802
4,129,1746,0.122699
4,129,1746,0.118551
4,129,1746,0.116818
4,129,1746,0.119720
4,129,1746,0.119482
4,129,1746,0.116612
4,130,1747,0.118948
4,130,1747,0.128601
4,130,1747,0.116438
4,130,1747,0.118874
4,130,1747,0.116713
4,130,1747,0.116694
4,130,1747,0.116816
4,130,1747,0.118275
4,131,1748,0.116693
4,131,1748,0.115583
4,131,1748,0.121689
4,131,1748,0.117038
4,131,1748,0.119021
4,131,1748,0.117459
4,131,1748,0.117140
4,131,1748,0.118438
4,132,1749,0.119746
4,132,1749,0.119287
4,132,1749,0.117489
4,132,1749,0.119218
4,132,1749,0.113346
4,132,1749,0.118727
4,132,1749,0.119711
4,132,1749,0.114238
4,133,1750,0.120609
4,133,1750,0.118257
4,133,1750,0.119029
4,133,1750,0.125192
4,133,1750,0.120082
4,133,1750,0.118026
4,133,1750,0.117056
4,133,1750,0.117371
4,134,1751,0.118473
4,134,1751,0.115442
4,134,1751,0.115896
4,134,1751,0.116569
4,134,1751,0.116889
4,134,1751,0.116127
4,134,1751,0.115009
4,134,1751,0.117870
4,135,1752,0.114765
4,135,1752,0.116025
4,135,1752,0.118140
4,135,1752,0.118469
4,135,1752,0.117876
4,135,1752,0.116897
4,135,1752,0.116699
4,135,1752,0.117255
4,136,1753,0.113958
4,136,1753,0.117062
4,136,1753,0.122397
4,136,1753,0.116907
4,136,1753,0.118972
4,136,1753,0.120763
4,136,1753,0.122403
4,136,1753,0.114145
4,137,1754,0.113591
4,137,1754,0.122854
4,137,1754,0.120643
4,137,1754,0.116034
4,137,1754,0.117497
4,137,1754,0.118604
4,137,1754,0.117469
4,137,1754,0.120311
4,138,1755,0.117373
4,138,1755,0.115705
4,138,1755,0.116644
4,138,1755,0.116418
4,138,1755,0.113773
4,138,1755,0.118650
4,138,1755,0.115960
4,138,1755,0.116174
4,139,1756,0.114912
4,139,1756,0.117913
4,139,1756,0.119674
4,139,1756,0.117965
4,139,1756,0.117539
4,139,1756,0.122784
4,139,1756,0.114073
4,139,1756,0.115090
4,140,1757,0.118372
4,140,1757,0.118518
4,140,1757,0.112670
4,140,1757,0.113575
4,140,1757,0.120613
4,140,1757,0.115786
4,140,1757,0.115513
4,140,1757,0.116047
4,141,1758,0.118083
4,141,1758,0.119945
4,141,1758,0.117167
4,141,1758,0.115646
4,141,1758,0.117564
4,141,1758,0.118161
4,141,1758,0.113489
4,141,1758,0.117258
4,142,1759,0.127913
4,142,1759,0.123386
4,142,1759,0.116608
4,142,1759,0.118769
4,142,1759,0.118327
4,142,1759,0.118239
4,142,1759,0.117862
4,142,1759,0.116110
4,143,1760,0.116190
4,143,1760,0.117401
4,143,1760,0.120776
4,143,1760,0.115879
4,143,1760,0.117988
4,143,1760,0.114492
4,143,1760,0.116243
4,143,1760,0.116931
4,144,1761,0.117920
4,144,1761,0.120045
4,144,1761,0.119829
4,144,1761,0.119844
4,144,1761,0.123215
4,144,1761,0.118270
4,144,1761,0.115026
4,144,1761,0.119546
4,145,1762,0.119697
4,145,1762,0.118635
4,145,1762,0.116583
4,145,1762,0.115595
4,145,1762,0.114695
4,145,1762,0.115224
4,145,1762,0.115572
4,145,1762,0.115379
4,146,1763,0.120301
4,146,1763,0.116579
4,146,1763,0.122728
4,146,1763,0.123424
4,146,1763,0.115481
4,146,1763,0.118960
4,146,1763,0.119882
4,146,1763,0.119181
4,147,1764,0.120323
4,147,1764,0.122429
4,147,1764,0.118174
4,147,1764,0.116898
4,147,1764,0.114443
4,147,1764,0.117149
4,147,1764,0.114339
4,147,1764,0.116801
4,148,1765,0.117732
4,148,1765,0.115002
4,148,1765,0.120916
4,148,1765,0.115400
4,148,1765,0.117915
4,148,1765,0.120256
4,148,1765,0.115793
4,148,1765,0.118979
4,149,1766,0.115283
4,149,1766,0.118832
4,149,1766,0.113849
4,149,1766,0.117692
4,149,1766,0.113783
4,149,1766,0.118502
4,149,1766,0.116478
4,149,1766,0.117390
4,150,1767,0.118807
4,150,1767,0.120172
4,150,1767,0.118803
4,150,1767,0.118969
4,150,1767,0.119056
4,150,1767,0.116096
4,150,1767,0.114086
4,150,1767,0.120503
4,151,1768,0.118136
4,151,1768,0.118153
4,151,1768,0.113886
4,151,1768,0.115057
4,151,1768,0.119101
4,151,1768,0.123465
4,151,1768,0.116232
4,151,1768,0.119453
4,152,1769,0.119654
4,152,1769,0.114014
4,152,1769,0.120919
4,152,1769,0.114573
4,152,1769,0.116132
4,152,1769,0.118539
4,152,1769,0.119817
4,152,1769,0.113448
4,153,1770,0.118556
4,153,1770,0.115801
4,153,1770,0.116649
4,153,1770,0.117652
4,153,1770,0.118760
4,153,1770,0.116002
4,153,1770,0.121201
4,153,1770,0.119126
4,154,1771,0.115068
4,154,1771,0.115876
4,154,1771,0.119741
4,154,1771,0.116723
4,154,1771,0.117127
4,154,1771,0.117190
4,154,1771,0.115355
4,154,1771,0.121686
4,155,1772,0.118355
4,155,1772,0.116457
4,155,1772,0.120007
4,155,1772,0.118549
4,155,1772,0.117970
4,155,1772,0.116376
4,155,1772,0.116204
4,155,1772,0.118515
4,156,1773,0.115261
4,156,1773,0.116940
4,156,1773,0.116492
4,156,1773,0.119160
4,156,1773,0.116710
4,156,1773,0.115586
4,156,1773,0.115102
4,156,1773,0.115516
4,157,1774,0.115236
4,157,1774,0.117965
4,157,1774,0.115223
4,157,1774,0.115636
4,157,1774,0.115026
4,157,1774,0.115560
4,157,1774,0.119228
4,157,1774,0.118389
4,158,1775,0.112598
4,158,1775,0.119144
4,158,1775,0.116598
4,158,1775,0.120296
4,158,1775,0.114178
4,158,1775,0.122953
4,158,1775,0.116628
4,158,1775,0.116923
4,159,1776,0.116355
4,159,1776,0.118108
4,159,1776,0.115634
4,159,1776,0.120712
4,159,1776,0.120005
4,159,1776,0.124308
4,159,1776,0.117415
4,159,1776,0.118248
4,160,1777,0.116226
4,160,1777,0.120117
4,160,1777,0.116135
4,160,1777,0.115027
4,160,1777,0.115547
4,160,1777,0.118441
4,160,1777,0.118407
4,160,1777,0.115293
4,161,1778,0.117943
4,161,1778,0.115417
4,161,1778,0.118645
4,161,1778,0.115938
4,161,1778,0.114853
4,161,1778,0.122058
4,161,1778,0.118671
4,161,1778,0.120059
4,162,1779,0.115764
4,162,1779,0.117557
4,162,1779,0.116673
4,162,1779,0.117750
4,162,1779,0.116387
4,162,1779,0.116621
4,162,1779,0.114374
4,162,1779,0.116767
4,163,1780,0.114860
4,163,1780,0.113061
4,163,1780,0.113816
4,163,1780,0.118160
4,163,1780,0.118594
4,163,1780,0.117313
4,163,1780,0.115433
4,163,1780,0.116732
4,164,1781,0.119137
4,164,1781,0.118716
4,164,1781,0.112344
4,164,1781,0.118262
4,164,1781,0.117861
4,164,1781,0.115796
4,164,1781,0.117806
4,164,1781,0.118687
4,165,1782,0.119194
4,165,1782,0.118407
4,165,1782,0.119712
4,165,1782,0.117144
4,165,1782,0.119759
4,165,1782,0.118001
4,165,1782,0.114892
4,165,1782,0.120193
4,166,1783,0.114484
4,166,1783,0.119536
4,166,1783,0.115673
4,166,1783,0.114455
4,166,1783,0.117387
4,166,1783,0.117569
4,166,1783,0.121989
4,166,1783,0.116824
4,167,1784,0.123714
4,167,1784,0.116330
4,167,1784,0.121641
4,167,1784,0.117396
4,167,1784,0.115046
4,167,1784,0.115844
4,167,1784,0.115533
4,167,1784,0.113065
4,168,1785,0.115912
4,168,1785,0.121076
4,168,1785,0.117208
4,168,1785,0.118120
4,168,1785,0.124491
4,168,1785,0.121772
4,168,1785,0.115379
4,168,1785,0.117783
4,169,1786,0.116493
4,169,1786,0.115675
4,169,1786,0.118328
4,169,1786,0.114618
4,169,1786,0.116040
4,169,1786,0.116461
4,169,1786,0.116156
4,169,1786,0.115332
4,170,1787,0.114141
4,170,1787,0.115670
4,170,1787,0.111814
4,170,1787,0.113464
4,170,1787,0.115439
4,170,1787,0.116748
4,170,1787,0.113931
4,170,1787,0.116383
4,171,1788,0.114689
4,171,1788,0.121452
4,171,1788,0.114284
4,171,1788,0.122928
4,171,1788,0.115695
4,171,1788,0.120732
4,171,1788,0.112535
4,171,1788,0.119410
4,172,1789,0.120689
4,172,1789,0.124909
4,172,1789,0.118948
4,172,1789,0.115572
4,172,1789,0.114098
4,172,1789,0.117614
4,172,1789,0.115632
4,172,1789,0.118021
4,173,1790,0.114306
4,173,1790,0.113954
4,173,1790,0.125059
4,173,1790,0.118506
4,173,1790,0.119463
4,173,1790,0.114382
4,173,1790,0.119269
4,173,1790,0.114321
4,174,1791,0.115142
4,174,1791,0.117730
4,174,1791,0.118539
4,174,1791,0.117188
4,174,1791,0.117920
4,174,1791,0.113234
4,174,1791,0.117944
4,174,1791,0.118206
4,175,1792,0.118214
4,175,1792,0.117190
4,175,1792,0.115666
4,175,1792,0.116884
4,175,1792,0.120631
4,175,1792,0.117613
4,175,1792,0.119102
4,175,1792,0.120445
4,176,1793,0.118215
4,176,1793,0.116696
4,176,1793,0.116781
4,176,1793,0.117462
4,176,1793,0.119151
4,176,1793,0.119702
4,176,1793,0.118240
4,176,1793,0.121276
4,177,1794,0.116769
4,177,1794,0.124307
4,177,1794,0.113101
4,177,1794,0.116479
4,177,1794,0.118699
4,177,1794,0.118413
4,177,1794,0.114499
4,177,1794,0.116863
4,178,1795,0.120188
4,178,1795,0.117909
4,178,1795,0.119345
4,178,1795,0.114220
4,178,1795,0.117216
4,178,1795,0.116084
4,178,1795,0.118463
4,178,1795,0.117206
4,179,1796,0.115207
4,179,1796,0.118967
4,179,1796,0.118357
4,179,1796,0.122064
4,179,1796,0.120795
4,179,1796,0.118965
4,179,1796,0.112014
4,179,1796,0.117905
4,180,1797,0.116447
4,180,1797,0.120791
4,180,1797,0.115366
4,180,1797,0.117902
4,180,1797,0.117537
4,180,1797,0.113970
4,180,1797,0.121455
4,180,1797,0.119420
4,181,1798,0.116958
4,181,1798,0.120548
4,181,1798,0.114808
4,181,1798,0.112830
4,181,1798,0.116109
4,181,1798,0.120486
4,181,1798,0.121633
4,181,1798,0.114616
4,182,1799,0.118588
4,182,1799,0.112845
4,182,1799,0.118563
4,182,1799,0.117936
4,182,1799,0.120763
4,182,1799,0.118851
4,182,1799,0.118962
4,182,1799,0.115686
4,183,1800,0.115454
4,183,1800,0.114758
4,183,1800,0.124660
4,183,1800,0.122414
4,183,1800,0.116066
4,183,1800,0.115602
4,183,1800,0.120972
4,183,1800,0.110843
4,184,1801,0.114824
4,184,1801,0.116680
4,184,1801,0.117001
4,184,1801,0.115952
4,184,1801,0.120748
4,184,1801,0.117077
4,184,1801,0.117756
4,184,1801,0.117459
4,185,1802,0.120685
4,185,1802,0.119546
4,185,1802,0.116445
4,185,1802,0.119799
4,185,1802,0.114450
4,185,1802,0.112258
4,185,1802,0.124069
4,185,1802,0.122238
4,186,1803,0.115914
4,186,1803,0.114592
4,186,1803,0.117606
4,186,1803,0.118164
4,186,1803,0.119303
4,186,1803,0.118789
4,186,1803,0.117343
4,186,1803,0.116731
4,187,1804,0.116360
4,187,1804,0.116736
4,187,1804,0.118671
4,187,1804,0.118954
4,187,1804,0.120710
4,187,1804,0.116488
4,187,1804,0.114300
4,187,1804,0.120329
4,188,1805,0.115147
4,188,1805,0.118753
4,188,1805,0.118223
4,188,1805,0.119473
4,188,1805,0.119904
4,188,1805,0.120635
4,188,1805,0.117591
4,188,1805,0.119476
4,189,1806,0.121002
4,189,1806,0.116046
4,189,1806,0.117086
4,189,1806,0.117508
4,189,1806,0.120345
4,189,1806,0.115463
4,189,1806,0.113965
4,189,1806,0.122776
4,190,1807,0.115041
4,190,1807,0.120608
4,190,1807,0.115094
4,190,1807,0.116902
4,190,1807,0.117917
4,190,1807,0.114912
4,190,1807,0.116315
4,190,1807,0.117657
4,191,1808,0.118239
4,191,1808,0.117312
4,191,1808,0.110883
4,191,1808,0.116705
4,191,1808,0.119717
4,191,1808,0.121709
4,191,1808,0.115034
4,191,1808,0.116376
4,192,1809,0.116920
4,192,1809,0.121077
4,192,1809,0.117329
4,192,1809,0.113870
4,192,1809,0.116747
4,192,1809,0.112858
4,192,1809,0.119335
4,192,1809,0.117394
4,193,1810,0.115402
4,193,1810,0.119710
4,193,1810,0.117239
4,193,1810,0.116266
4,193,1810,0.115990
4,193,1810,0.117073
4,193,1810,0.115904
4,193,1810,0.118675
4,194,1811,0.115886
4,194,1811,0.114239
4,194,1811,0.115380
4,194,1811,0.121441
4,194,1811,0.116334
4,194,1811,0.114567
4,194,1811,0.116484
4,194,1811,0.118581
4,195,1812,0.118314
4,195,1812,0.124151
4,195,1812,0.117874
4,195,1812,0.119695
4,195,1812,0.118178
4,195,1812,0.120501
4,195,1812,0.118729
4,195,1812,0.118156
4,196,1813,0.120567
4,196,1813,0.116815
4,196,1813,0.116613
4,196,1813,0.116679
4,196,1813,0.115095
4,196,1813,0.113489
4,196,1813,0.115483
4,196,1813,0.121708
4,197,1814,0.117724
4,197,1814,0.117732
4,197,1814,0.122497
4,197,1814,0.122446
4,197,1814,0.117661
4,197,1814,0.116458
4,197,1814,0.113681
4,197,1814,0.115512
4,198,1815,0.117292
4,198,1815,0.119816
4,198,1815,0.114869
4,198,1815,0.116434
4,198,1815,0.116605
4,198,1815,0.114127
4,198,1815,0.118300
4,198,1815,0.119625
4,199,1816,0.116060
4,199,1816,0.119110
4,199,1816,0.119099
4,199,1816,0.115705
4,199,1816,0.118809
4,199,1816,0.113921
4,199,1816,0.115353
4,199,1816,0.114976
4,200,1817,0.115025
4,200,1817,0.116695
4,200,1817,0.120082
4,200,1817,0.115734
4,200,1817,0.113022
4,200,1817,0.124082
4,200,1817,0.117470
4,200,1817,0.117645
4,201,1818,0.119604
4,201,1818,0.117325
4,201,1818,0.117594
4,201,1818,0.116379
4,201,1818,0.116697
4,201,1818,0.116953
4,201,1818,0.116146
4,201,1818,0.116908
4,202,1819,0.118622
4,202,1819,0.119235
4,202,1819,0.117192
4,202,1819,0.113808
4,202,1819,0.116734
4,202,1819,0.114058
4,202,1819,0.115747
4,202,1819,0.117599
4,203,1820,0.122491
4,203,1820,0.117190
4,203,1820,0.117830
4,203,1820,0.118521
4,203,1820,0.119599
4,203,1820,0.117401
4,203,1820,0.114482
4,203,1820,0.118220
4,204,1821,0.118323
4,204,1821,0.120561
4,204,1821,0.118324
4,204,1821,0.123394
4,204,1821,0.113313
4,204,1821,0.118471
4,204,1821,0.121373
4,204,1821,0.119843
4,205,1822,0.116898
4,205,1822,0.117935
4,205,1822,0.116145
4,205,1822,0.115217
4,205,1822,0.113414
4,205,1822,0.117293
4,205,1822,0.119540
4,205,1822,0.116950
4,206,1823,0.120464
4,206,1823,0.114631
4,206,1823,0.119339
4,206,1823,0.118750
4,206,1823,0.119869
4,206,1823,0.119049
4,206,1823,0.115861
4,206,1823,0.115464
4,207,1824,0.116146
4,207,1824,0.113499
4,207,1824,0.114626
4,207,1824,0.114046
4,207,1824,0.118507
4,207,1824,0.114965
4,207,1824,0.116525
4,207,1824,0.118124
4,208,1825,0.114966
4,208,1825,0.117601
4,208,1825,0.120859
4,208,1825,0.117225
4,208,1825,0.117956
4,208,1825,0.116092
4,208,1825,0.119161
4,208,1825,0.116478
4,209,1826,0.119457
4,209,1826,0.113071
4,209,1826,0.115179
4,209,1826,0.117044
4,209,1826,0.113393
4,209,1826,0.121084
4,209,1826,0.117680
4,209,1826,0.114643
4,210,1827,0.116370
4,210,1827,0.114385
4,210,1827,0.117285
4,210,1827,0.116093
4,210,1827,0.116658
4,210,1827,0.116085
4,210,1827,0.115842
4,210,1827,0.117319
4,211,1828,0.118614
4,211,1828,0.114839
4,211,1828,0.116307
4,211,1828,0.117053
4,211,1828,0.118164
4,211,1828,0.119268
4,211,1828,0.122995
4,211,1828,0.116760
4,212,1829,0.117803
4,212,1829,0.118266
4,212,1829,0.115146
4,212,1829,0.112015
4,212,1829,0.117255
4,212,1829,0.117883
4,212,1829,0.119816
4,212,1829,0.125359
4,213,1830,0.120149
4,213,1830,0.115043
4,213,1830,0.120345
4,213,1830,0.116291
4,213,1830,0.119133
4,213,1830,0.117284
4,213,1830,0.116516
4,213,1830,0.116269
4,214,1831,0.118632
4,214,1831,0.117642
4,214,1831,0.115406
4,214,1831,0.117174
4,214,1831,0.117127
4,214,1831,0.115397
4,214,1831,0.121593
4,214,1831,0.116866
4,215,1832,0.123776
4,215,1832,0.116136
4,215,1832,0.118485
4,215,1832,0.117484
4,215,1832,0.115510
4,215,1832,0.116724
4,215,1832,0.115576
4,215,1832,0.116318
4,216,1833,0.121110
4,216,1833,0.120243
4,216,1833,0.115672
4,216,1833,0.118646
4,216,1833,0.117000
4,216,1833,0.118509
4,216,1833,0.117702
4,216,1833,0.120037
4,217,1834,0.119392
4,217,1834,0.114606
4,217,1834,0.117619
4,217,1834,0.118032
4,217,1834,0.118071
4,217,1834,0.121596
4,217,1834,0.118304
4,217,1834,0.118383
4,218,1835,0.117716
4,218,1835,0.113233
4,218,1835,0.118694
4,218,1835,0.116250
4,218,1835,0.114603
4,218,1835,0.118269
4,218,1835,0.117207
4,218,1835,0.115080
4,219,1836,0.113056
4,219,1836,0.115434
4,219,1836,0.120576
4,219,1836,0.116913
4,219,1836,0.118760
4,219,1836,0.117799
4,219,1836,0.119283
4,219,1836,0.116663
4,220,1837,0.116645
4,220,1837,0.116349
4,220,1837,0.120634
4,220,1837,0.119806
4,220,1837,0.119491
4,220,1837,0.123315
4,220,1837,0.114083
4,220,1837,0.116708
4,221,1838,0.120564
4,221,1838,0.114102
4,221,1838,0.118845
4,221,1838,0.116150
4,221,1838,0.119139
4,221,1838,0.115647
4,221,1838,0.115630
4,221,1838,0.123470
4,222,1839,0.120680
4,222,1839,0.119788
4,222,1839,0.120958
4,222,1839,0.118646
4,222,1839,0.121258
4,222,1839,0.116794
4,222,1839,0.116852
4,222,1839,0.115695
4,223,1840,0.129560
4,223,1840,0.118841
4,223,1840,0.116852
4,223,1840,0.117409
4,223,1840,0.112712
4,223,1840,0.115443
4,223,1840,0.120117
4,223,1840,0.117827
4,224,1841,0.117834
4,224,1841,0.113420
4,224,1841,0.116282
4,224,1841,0.118972
4,224,1841,0.119124
4,224,1841,0.118572
4,224,1841,0.114332
4,224,1841,0.121796
4,225,1842,0.114313
4,225,1842,0.116115
4,225,1842,0.116798
4,225,1842,0.117778
4,225,1842,0.121202
4,225,1842,0.115036
4,225,1842,0.116770
4,225,1842,0.118629
4,226,1843,0.116851
4,226,1843,0.116088
4,226,1843,0.114812
4,226,1843,0.119593
4,226,1843,0.116230
4,226,1843,0.113835
4,226,1843,0.119067
4,226,1843,0.117553
4,227,1844,0.113348
4,227,1844,0.116868
4,227,1844,0.117880
4,227,1844,0.115151
4,227,1844,0.115634
4,227,1844,0.114687
4,227,1844,0.115308
4,227,1844,0.114394
4,228,1845,0.118587
4,228,1845,0.116692
4,228,1845,0.116452
4,228,1845,0.115093
4,228,1845,0.120818
4,228,1845,0.116979
4,228,1845,0.115568
4,228,1845,0.113368
4,229,1846,0.115489
4,229,1846,0.118094
4,229,1846,0.115399
4,229,1846,0.117777
4,229,1846,0.114139
4,229,1846,0.119765
4,229,1846,0.120127
4,229,1846,0.117537
4,230,1847,0.116102
4,230,1847,0.115656
4,230,1847,0.117724
4,230,1847,0.115647
4,230,1847,0.115813
4,230,1847,0.120812
4,230,1847,0.112760
4,230,1847,0.116234
4,231,1848,0.113275
4,231,1848,0.116976
4,231,1848,0.115254
4,231,1848,0.118338
4,231,1848,0.116732
4,231,1848,0.120076
4,231,1848,0.117310
4,231,1848,0.118681
4,232,1849,0.117938
4,232,1849,0.114832
4,232,1849,0.118803
4,232,1849,0.115094
4,232,1849,0.119930
4,232,1849,0.114174
4,232,1849,0.117691
4,232,1849,0.116588
4,233,1850,0.124609
4,233,1850,0.115425
4,233,1850,0.114136
4,233,1850,0.117851
4,233,1850,0.119072
4,233,1850,0.112899
4,233,1850,0.117551
4,233,1850,0.117752
4,234,1851,0.120099
4,234,1851,0.119697
4,234,1851,0.116475
4,234,1851,0.114223
4,234,1851,0.117861
4,234,1851,0.120592
4,234,1851,0.119375
4,234,1851,0.116354
4,235,1852,0.117794
4,235,1852,0.119764
4,235,1852,0.114636
4,235,1852,0.122554
4,235,1852,0.116571
4,235,1852,0.113931
4,235,1852,0.117494
4,235,1852,0.117218
4,236,1853,0.122090
4,236,1853,0.115273
4,236,1853,0.113144
4,236,1853,0.120316
4,236,1853,0.120535
4,236,1853,0.117188
4,236,1853,0.118646
4,236,1853,0.113103
4,237,1854,0.122900
4,237,1854,0.121321
4,237,1854,0.119203
4,237,1854,0.115465
4,237,1854,0.118191
4,237,1854,0.116031
4,237,1854,0.117386
4,237,1854,0.119174
4,238,1855,0.116568
4,238,1855,0.116811
4,238,1855,0.117374
4,238,1855,0.119867
4,238,1855,0.121854
4,238,1855,0.118095
4,238,1855,0.112757
4,238,1855,0.116840
4,239,1856,0.117793
4,239,1856,0.118447
4,239,1856,0.115560
4,239,1856,0.115531
4,239,1856,0.118627
4,239,1856,0.118634
4,239,1856,0.117888
4,239,1856,0.120999
4,240,1857,0.115035
4,240,1857,0.113778
4,240,1857,0.115370
4,240,1857,0.122873
4,240,1857,0.120442
4,240,1857,0.115373
4,240,1857,0.117595
4,240,1857,0.111404
4,241,1858,0.115156
4,241,1858,0.115521
4,241,1858,0.119002
4,241,1858,0.115708
4,241,1858,0.117683
4,241,1858,0.113021
4,241,1858,0.112708
4,241,1858,0.115338
4,242,1859,0.119797
4,242,1859,0.116909
4,242,1859,0.114239
4,242,1859,0.117673
4,242,1859,0.118921
4,242,1859,0.116170
4,242,1859,0.116348
4,242,1859,0.115918
4,243,1860,0.120669
4,243,1860,0.116133
4,243,1860,0.118551
4,243,1860,0.116002
4,243,1860,0.114267
4,243,1860,0.116045
4,243,1860,0.116488
4,243,1860,0.118364
4,244,1861,0.122299
4,244,1861,0.112371
4,244,1861,0.117170
4,244,1861,0.120567
4,244,1861,0.116652
4,244,1861,0.114752
4,244,1861,0.116103
4,244,1861,0.115335
4,245,1862,0.113806
4,245,1862,0.115730
4,245,1862,0.122271
4,245,1862,0.115016
4,245,1862,0.113117
4,245,1862,0.115907
4,245,1862,0.115106
4,245,1862,0.115692
4,246,1863,0.115242
4,246,1863,0.114049
4,246,1863,0.114504
4,246,1863,0.115364
4,246,1863,0.122447
4,246,1863,0.123919
4,246,1863,0.117448
4,246,1863,0.119256
4,247,1864,0.115242
4,247,1864,0.119772
4,247,1864,0.117584
4,247,1864,0.114982
4,247,1864,0.112779
4,247,1864,0.116905
4,247,1864,0.120340
4,247,1864,0.119192
4,248,1865,0.118535
4,248,1865,0.121690
4,248,1865,0.116560
4,248,1865,0.118757
4,248,1865,0.115951
4,248,1865,0.119877
4,248,1865,0.118815
4,248,1865,0.114126
4,249,1866,0.119686
4,249,1866,0.120638
4,249,1866,0.117082
4,249,1866,0.116270
4,249,1866,0.117270
4,249,1866,0.118415
4,249,1866,0.122079
4,249,1866,0.114838
4,250,1867,0.117219
4,250,1867,0.118355
4,250,1867,0.118502
4,250,1867,0.116679
4,250,1867,0.116989
4,250,1867,0.115031
4,250,1867,0.117196
4,250,1867,0.115689
4,251,1868,0.117434
4,251,1868,0.117502
4,251,1868,0.115728
4,251,1868,0.117349
4,251,1868,0.116771
4,251,1868,0.114357
4,251,1868,0.115654
4,251,1868,0.118447
4,252,1869,0.117414
4,252,1869,0.118914
4,252,1869,0.118235
4,252,1869,0.122773
4,252,1869,0.115627
4,252,1869,0.115750
4,252,1869,0.114658
4,252,1869,0.119520
4,253,1870,0.118535
4,253,1870,0.122425
4,253,1870,0.116366
4,253,1870,0.119804
4,253,1870,0.115824
4,253,1870,0.117678
4,253,1870,0.111421
4,253,1870,0.115983
4,254,1871,0.119730
4,254,1871,0.120213
4,254,1871,0.118834
4,254,1871,0.117927
4,254,1871,0.118575
4,254,1871,0.116223
4,254,1871,0.117704
4,254,1871,0.117648
4,255,1872,0.120823
4,255,1872,0.115457
4,255,1872,0.116676
4,255,1872,0.119331
4,255,1872,0.113614
4,255,1872,0.116417
4,255,1872,0.115676
4,255,1872,0.119099
4,256,1873,0.119000
4,256,1873,0.114752
4,256,1873,0.120039
4,256,1873,0.119578
4,256,1873,0.117021
4,256,1873,0.116147
4,256,1873,0.114394
4,256,1873,0.117302
4,257,1874,0.122846
4,257,1874,0.118410
4,257,1874,0.117896
4,257,1874,0.119014
4,257,1874,0.119765
4,257,1874,0.117450
4,257,1874,0.115310
4,257,1874,0.119150
4,258,1875,0.118441
4,258,1875,0.114220
4,258,1875,0.123746
4,258,1875,0.117896
4,258,1875,0.115781
4,258,1875,0.121162
4,258,1875,0.115680
4,258,1875,0.121188
4,259,1876,0.115651
4,259,1876,0.116696
4,259,1876,0.116041
4,259,1876,0.119115
4,259,1876,0.117537
4,259,1876,0.116039
4,259,1876,0.114214
4,259,1876,0.113564
4,260,1877,0.117537
4,260,1877,0.116388
4,260,1877,0.119953
4,260,1877,0.120715
4,260,1877,0.114879
4,260,1877,0.114727
4,260,1877,0.117608
4,260,1877,0.115460
4,261,1878,0.116278
4,261,1878,0.117992
4,261,1878,0.121241
4,261,1878,0.114406
4,261,1878,0.114993
4,261,1878,0.117049
4,261,1878,0.116315
4,261,1878,0.115765
4,262,1879,0.115812
4,262,1879,0.113283
4,262,1879,0.117052
4,262,1879,0.118163
4,262,1879,0.118404
4,262,1879,0.122570
4,262,1879,0.117899
4,262,1879,0.117654
4,263,1880,0.115181
4,263,1880,0.121259
4,263,1880,0.115242
4,263,1880,0.117015
4,263,1880,0.119764
4,263,1880,0.120744
4,263,1880,0.118813
4,263,1880,0.114196
4,264,1881,0.113302
4,264,1881,0.116282
4,264,1881,0.116002
4,264,1881,0.113246
4,264,1881,0.115991
4,264,1881,0.113952
4,264,1881,0.120603
4,264,1881,0.117555
4,265,1882,0.117006
4,265,1882,0.116463
4,265,1882,0.115304
4,265,1882,0.115627
4,265,1882,0.116412
4,265,1882,0.115443
4,265,1882,0.118732
4,265,1882,0.118447
4,266,1883,0.115743
4,266,1883,0.113064
4,266,1883,0.125237
4,266,1883,0.117953
4,266,1883,0.116399
4,266,1883,0.114176
4,266,1883,0.119663
4,266,1883,0.121305
4,267,1884,0.116938
4,267,1884,0.121168
4,267,1884,0.115337
4,267,1884,0.116941
4,267,1884,0.113250
4,267,1884,0.115703
4,267,1884,0.119720
4,267,1884,0.117329
4,268,1885,0.118614
4,268,1885,0.115338
4,268,1885,0.118462
4,268,1885,0.118482
4,268,1885,0.118401
4,268,1885,0.116592
4,268,1885,0.115861
4,268,1885,0.117627
4,269,1886,0.118555
4,269,1886,0.125149
4,269,1886,0.115165
4,269,1886,0.118157
4,269,1886,0.122380
4,269,1886,0.118818
4,269,1886,0.115167
4,269,1886,0.123243
4,270,1887,0.117631
4,270,1887,0.115086
4,270,1887,0.121241
4,270,1887,0.112867
4,270,1887,0.116073
4,270,1887,0.116758
4,270,1887,0.115001
4,270,1887,0.118672
4,271,1888,0.121847
4,271,1888,0.115149
4,271,1888,0.119733
4,271,1888,0.122690
4,271,1888,0.119383
4,271,1888,0.115637
4,271,1888,0.124794
4,271,1888,0.113259
4,272,1889,0.113392
4,272,1889,0.118890
4,272,1889,0.116778
4,272,1889,0.121021
4,272,1889,0.118011
4,272,1889,0.114606
4,272,1889,0.116165
4,272,1889,0.115107
4,273,1890,0.119167
4,273,1890,0.124592
4,273,1890,0.121572
4,273,1890,0.116320
4,273,1890,0.115859
4,273,1890,0.116983
4,273,1890,0.116328
4,273,1890,0.119726
4,274,1891,0.116015
4,274,1891,0.114184
4,274,1891,0.118917
4,274,1891,0.119775
4,274,1891,0.118684
4,274,1891,0.115743
4,274,1891,0.117257
4,274,1891,0.120816
4,275,1892,0.120553
4,275,1892,0.113814
4,275,1892,0.115809
4,275,1892,0.117377
4,275,1892,0.116852
4,275,1892,0.114652
4,275,1892,0.117732
4,275,1892,0.118066
4,276,1893,0.122135
4,276,1893,0.116383
4,276,1893,0.119176
4,276,1893,0.119304
4,276,1893,0.117527
4,276,1893,0.111587
4,276,1893,0.121957
4,276,1893,0.118125
4,277,1894,0.115824
4,277,1894,0.114254
4,277,1894,0.118811
4,277,1894,0.115211
4,277,1894,0.115581
4,277,1894,0.114892
4,277,1894,0.118548
4,277,1894,0.120280
4,278,1895,0.115694
4,278,1895,0.118826
4,278,1895,0.120340
4,278,1895,0.119255
4,278,1895,0.117769
4,278,1895,0.117660
4,278,1895,0.113853
4,278,1895,0.113212
4,279,1896,0.119377
4,279,1896,0.117447
4,279,1896,0.116428
4,279,1896,0.119508
4,279,1896,0.116787
4,279,1896,0.118846
4,279,1896,0.117082
4,279,1896,0.118188
4,280,1897,0.116305
4,280,1897,0.120246
4,280,1897,0.120660
4,280,1897,0.115302
4,280,1897,0.122374
4,280,1897,0.121870
4,280,1897,0.116532
4,280,1897,0.114846
4,281,1898,0.115496
4,281,1898,0.115436
4,281,1898,0.117762
4,281,1898,0.120839
4,281,1898,0.116088
4,281,1898,0.116809
4,281,1898,0.118116
4,281,1898,0.116583
4,282,1899,0.119046
4,282,1899,0.115384
4,282,1899,0.111075
4,282,1899,0.118408
4,282,1899,0.115341
4,282,1899,0.112673
4,282,1899,0.117880
4,282,1899,0.118441
4,283,1900,0.121103
4,283,1900,0.121528
4,283,1900,0.119695
4,283,1900,0.118199
4,283,1900,0.119552
4,283,1900,0.119728
4,283,1900,0.116362
4,283,1900,0.116765
4,284,1901,0.118391
4,284,1901,0.119084
4,284,1901,0.120888
4,284,1901,0.115058
4,284,1901,0.118737
4,284,1901,0.118037
4,284,1901,0.116054
4,284,1901,0.117975
4,285,1902,0.115560
4,285,1902,0.124098
4,285,1902,0.116279
4,285,1902,0.117225
4,285,1902,0.115822
4,285,1902,0.114422
4,285,1902,0.117742
4,285,1902,0.118300
4,286,1903,0.116904
4,286,1903,0.121147
4,286,1903,0.115129
4,286,1903,0.119871
4,286,1903,0.118054
4,286,1903,0.118003
4,286,1903,0.116132
4,286,1903,0.117390
4,287,1904,0.119502
4,287,1904,0.118390
4,287,1904,0.117509
4,287,1904,0.122799
4,287,1904,0.116391
4,287,1904,0.116265
4,287,1904,0.115251
4,287,1904,0.114687
4,288,1905,0.115325
4,288,1905,0.120234
4,288,1905,0.122418
4,288,1905,0.118019
4,288,1905,0.115901
4,288,1905,0.119810
4,288,1905,0.118633
4,288,1905,0.117692
4,289,1906,0.119710
4,289,1906,0.117777
4,289,1906,0.122432
4,289,1906,0.117320
4,289,1906,0.117313
4,289,1906,0.114273
4,289,1906,0.116355
4,289,1906,0.117268
4,290,1907,0.121034
4,290,1907,0.114137
4,290,1907,0.119142
4,290,1907,0.119475
4,290,1907,0.114470
4,290,1907,0.119222
4,290,1907,0.123944
4,290,1907,0.113413
4,291,1908,0.115966
4,291,1908,0.115621
4,291,1908,0.118848
4,291,1908,0.115803
4,291,1908,0.121518
4,291,1908,0.120601
4,291,1908,0.115496
4,291,1908,0.118933
4,292,1909,0.118092
4,292,1909,0.115716
4,292,1909,0.116537
4,292,1909,0.117752
4,292,1909,0.118425
4,292,1909,0.119929
4,292,1909,0.118860
4,292,1909,0.122481
4,293,1910,0.112459
4,293,1910,0.117341
4,293,1910,0.114438
4,293,1910,0.117334
4,293,1910,0.115397
4,293,1910,0.116434
4,293,1910,0.117639
4,293,1910,0.116776
4,294,1911,0.117653
4,294,1911,0.117227
4,294,1911,0.114894
4,294,1911,0.120129
4,294,1911,0.114520
4,294,1911,0.123322
4,294,1911,0.119842
4,294,1911,0.114564
4,295,1912,0.118577
4,295,1912,0.113894
4,295,1912,0.118138
4,295,1912,0.114889
4,295,1912,0.113662
4,295,1912,0.114950
4,295,1912,0.115456
4,295,1912,0.116082
4,296,1913,0.118262
4,296,1913,0.121313
4,296,1913,0.121152
4,296,1913,0.118401
4,296,1913,0.117939
4,296,1913,0.118057
4,296,1913,0.116903
4,296,1913,0.123417
4,297,1914,0.116744
4,297,1914,0.117654
4,297,1914,0.121343
4,297,1914,0.114937
4,297,1914,0.114352
4,297,1914,0.113607
4,297,1914,0.119372
4,297,1914,0.121456
4,298,1915,0.123258
4,298,1915,0.116869
4,298,1915,0.117909
4,298,1915,0.119486
4,298,1915,0.121435
4,298,1915,0.119917
4,298,1915,0.117873
4,298,1915,0.121211
4,299,1916,0.114702
4,299,1916,0.118938
4,299,1916,0.117899
4,299,1916,0.120099
4,299,1916,0.117641
4,299,1916,0.114764
4,299,1916,0.117333
4,299,1916,0.114909
4,300,1917,0.113298
4,300,1917,0.114654
4,300,1917,0.119170
4,300,1917,0.115201
4,300,1917,0.121025
4,300,1917,0.112233
4,300,1917,0.120436
4,300,1917,0.115453
4,301,1918,0.118611
4,301,1918,0.114807
4,301,1918,0.118884
4,301,1918,0.115657
4,301,1918,0.115497
4,301,1918,0.122059
4,301,1918,0.116956
4,301,1918,0.116850
4,302,1919,0.116901
4,302,1919,0.116961
4,302,1919,0.115916
4,302,1919,0.116930
4,302,1919,0.116146
4,302,1919,0.117391
4,302,1919,0.115841
4,302,1919,0.116209
4,303,1920,0.121524
4,303,1920,0.121983
4,303,1920,0.116484
4,303,1920,0.120901
4,303,1920,0.119417
4,303,1920,0.115586
4,303,1920,0.117769
4,303,1920,0.115591
4,304,1921,0.114072
4,304,1921,0.121687
4,304,1921,0.114180
4,304,1921,0.117416
4,304,1921,0.120948
4,304,1921,0.116423
4,304,1921,0.114001
4,304,1921,0.116260
4,305,1922,0.117378
4,305,1922,0.118829
4,305,1922,0.117260
4,305,1922,0.118008
4,305,1922,0.118941
4,305,1922,0.118959
4,305,1922,0.117262
4,305,1922,0.120802
4,306,1923,0.115291
4,306,1923,0.119858
4,306,1923,0.122388
4,306,1923,0.112084
4,306,1923,0.117167
4,306,1923,0.124190
4,306,1923,0.116706
4,306,1923,0.120285
4,307,1924,0.116632
4,307,1924,0.117444
4,307,1924,0.116247
4,307,1924,0.121309
4,307,1924,0.117004
4,307,1924,0.117050
4,307,1924,0.121305
4,307,1924,0.118571
4,308,1925,0.118117
4,308,1925,0.116835
4,308,1925,0.119754
4,308,1925,0.114624
4,308,1925,0.118147
4,308,1925,0.113666
4,308,1925,0.120769
4,308,1925,0.118725
4,309,1926,0.117923
4,309,1926,0.116353
4,309,1926,0.114345
4,309,1926,0.117544
4,309,1926,0.116386
4,309,1926,0.114496
4,309,1926,0.120585
4,309,1926,0.120954
4,310,1927,0.117151
4,310,1927,0.115484
4,310,1927,0.116683
4,310,1927,0.116423
4,310,1927,0.115955
4,310,1927,0.119347
4,310,1927,0.117914
4,310,1927,0.116756
4,311,1928,0.114168
4,311,1928,0.116330
4,311,1928,0.112031
4,311,1928,0.116720
4,311,1928,0.117349
4,311,1928,0.115585
4,311,1928,0.116881
4,311,1928,0.115501
4,312,1929,0.117955
4,312,1929,0.119339
4,312,1929,0.116242
4,312,1929,0.115283
4,312,1929,0.116569
4,312,1929,0.111935
4,312,1929,0.117599
4,312,1929,0.116798
4,313,1930,0.118269
4,313,1930,0.120677
4,313,1930,0.113481
4,313,1930,0.115129
4,313,1930,0.118669
4,313,1930,0.119285
4,313,1930,0.116153
4,313,1930,0.123737
4,314,1931,0.119210
4,314,1931,0.116608
4,314,1931,0.116248
4,314,1931,0.119932
4,314,1931,0.115081
4,314,1931,0.121544
4,314,1931,0.121396
4,314,1931,0.118308
4,315,1932,0.119323
4,315,1932,0.117917
4,315,1932,0.115985
4,315,1932,0.116226
4,315,1932,0.114632
4,315,1932,0.116973
4,315,1932,0.118109
4,315,1932,0.115240
4,316,1933,0.115678
4,316,1933,0.114155
4,316,1933,0.115973
4,316,1933,0.120539
4,316,1933,0.117675
4,316,1933,0.112837
4,316,1933,0.121699
4,316,1933,0.118598
4,317,1934,0.117313
4,317,1934,0.121754
4,317,1934,0.119899
4,317,1934,0.117412
4,317,1934,0.114398
4,317,1934,0.117308
4,317,1934,0.115679
4,317,1934,0.113842
4,318,1935,0.120407
4,318,1935,0.114961
4,318,1935,0.116257
4,318,1935,0.115460
4,318,1935,0.119928
4,318,1935,0.114957
4,318,1935,0.116502
4,318,1935,0.119349
4,319,1936,0.114168
4,319,1936,0.118249
4,319,1936,0.117906
4,319,1936,0.111537
4,319,1936,0.117599
4,319,1936,0.119828
4,319,1936,0.117835
4,319,1936,0.116952
4,320,1937,0.113711
4,320,1937,0.116281
4,320,1937,0.117072
4,320,1937,0.113734
4,320,1937,0.123577
4,320,1937,0.115197
4,320,1937,0.113763
4,320,1937,0.118718
4,321,1938,0.120975
4,321,1938,0.118847
4,321,1938,0.113647
4,321,1938,0.114669
4,321,1938,0.116946
4,321,1938,0.115190
4,321,1938,0.114672
4,321,1938,0.119498
4,322,1939,0.112516
4,322,1939,0.117499
4,322,1939,0.115617
4,322,1939,0.116975
4,322,1939,0.114716
4,322,1939,0.116860
4,322,1939,0.115680
4,322,1939,0.116407
4,323,1940,0.118667
4,323,1940,0.115643
4,323,1940,0.115194
4,323,1940,0.118112
4,323,1940,0.115334
4,323,1940,0.116314
4,323,1940,0.118734
4,323,1940,0.115395
4,324,1941,0.118229
4,324,1941,0.118058
4,324,1941,0.117499
4,324,1941,0.120299
4,324,1941,0.115746
4,324,1941,0.112871
4,324,1941,0.116922
4,324,1941,0.115139
4,325,1942,0.117003
4,325,1942,0.116663
4,325,1942,0.112707
4,325,1942,0.112878
4,325,1942,0.114571
4,325,1942,0.119648
4,325,1942,0.116595
4,325,1942,0.115751
4,326,1943,0.118266
4,326,1943,0.117934
4,326,1943,0.117707
4,326,1943,0.112938
4,326,1943,0.115803
4,326,1943,0.117642
4,326,1943,0.122182
4,326,1943,0.115403
4,327,1944,0.114563
4,327,1944,0.116862
4,327,1944,0.115210
4,327,1944,0.120436
4,327,1944,0.118208
4,327,1944,0.123698
4,327,1944,0.115440
4,327,1944,0.112485
4,328,1945,0.115557
4,328,1945,0.114706
4,328,1945,0.120890
4,328,1945,0.115947
4,328,1945,0.116332
4,328,1945,0.114609
4,328,1945,0.117088
4,328,1945,0.119291
4,329,1946,0.114235
4,329,1946,0.117255
4,329,1946,0.114924
4,329,1946,0.114344
4,329,1946,0.116308
4,329,1946,0.116825
4,329,1946,0.114734
4,329,1946,0.117942
4,330,1947,0.118531
4,330,1947,0.116698
4,330,1947,0.116476
4,330,1947,0.114805
4,330,1947,0.114006
4,330,1947,0.119812
4,330,1947,0.121890
4,330,1947,0.112602
4,331,1948,0.115276
4,331,1948,0.118387
4,331,1948,0.117158
4,331,1948,0.117407
4,331,1948,0.118409
4,331,1948,0.115515
4,331,1948,0.120827
4,331,1948,0.114318
4,332,1949,0.120794
4,332,1949,0.119600
4,332,1949,0.117519
4,332,1949,0.113845
4,332,1949,0.117056
4,332,1949,0.121581
4,332,1949,0.118726
4,332,1949,0.116605
4,333,1950,0.112184
4,333,1950,0.114909
4,333,1950,0.121094
4,333,1950,0.115625
4,333,1950,0.113937
4,333,1950,0.129231
4,333,1950,0.118543
4,333,1950,0.115601
4,334,1951,0.118982
4,334,1951,0.116896
4,334,1951,0.119181
4,334,1951,0.115806
4,334,1951,0.118505
4,334,1951,0.115304
4,334,1951,0.115004
4,334,1951,0.118825
4,335,1952,0.119839
4,335,1952,0.115557
4,335,1952,0.120439
4,335,1952,0.114228
4,335,1952,0.118471
4,335,1952,0.119572
4,335,1952,0.116111
4,335,1952,0.118406
4,336,1953,0.113370
4,336,1953,0.121502
4,336,1953,0.121571
4,336,1953,0.121953
4,336,1953,0.119372
4,336,1953,0.119381
4,336,1953,0.116716
4,336,1953,0.119464
4,337,1954,0.119736
4,337,1954,0.113911
4,337,1954,0.120578
4,337,1954,0.118594
4,337,1954,0.117135
4,337,1954,0.118920
4,337,1954,0.117477
4,337,1954,0.120676
4,338,1955,0.117404
4,338,1955,0.114931
4,338,1955,0.117162
4,338,1955,0.118844
4,338,1955,0.114894
4,338,1955,0.117829
4,338,1955,0.119230
4,338,1955,0.113064
4,339,1956,0.115678
4,339,1956,0.113981
4,339,1956,0.114351
4,339,1956,0.116332
4,339,1956,0.119924
4,339,1956,0.115538
4,339,1956,0.111739
4,339,1956,0.115226
4,340,1957,0.120506
4,340,1957,0.117881
4,340,1957,0.117691
4,340,1957,0.115867
4,340,1957,0.118516
4,340,1957,0.116248
4,340,1957,0.117506
4,340,1957,0.123522
4,341,1958,0.119325
4,341,1958,0.119646
4,341,1958,0.121183
4,341,1958,0.117959
4,341,1958,0.116432
4,341,1958,0.115763
4,341,1958,0.116357
4,341,1958,0.116116
4,342,1959,0.119083
4,342,1959,0.115866
4,342,1959,0.114253
4,342,1959,0.116954
4,342,1959,0.121855
4,342,1959,0.114298
4,342,1959,0.116334
4,342,1959,0.120707
4,343,1960,0.115467
4,343,1960,0.117173
4,343,1960,0.118306
4,343,1960,0.118743
4,343,1960,0.115155
4,343,1960,0.115296
4,343,1960,0.116108
4,343,1960,0.116451
4,344,1961,0.112946
4,344,1961,0.119245
4,344,1961,0.120141
4,344,1961,0.114905
4,344,1961,0.118192
4,344,1961,0.117532
4,344,1961,0.117179
4,344,1961,0.116904
4,345,1962,0.114491
4,345,1962,0.113047
4,345,1962,0.114331
4,345,1962,0.114771
4,345,1962,0.115734
4,345,1962,0.113619
4,345,1962,0.116035
4,345,1962,0.114779
4,346,1963,0.118868
4,346,1963,0.120477
4,346,1963,0.117552
4,346,1963,0.122533
4,346,1963,0.115805
4,346,1963,0.119495
4,346,1963,0.114255
4,346,1963,0.118277
4,347,1964,0.121416
4,347,1964,0.120259
4,347,1964,0.117358
4,347,1964,0.114090
4,347,1964,0.115204
4,347,1964,0.115902
4,347,1964,0.118034
4,347,1964,0.117319
4,348,1965,0.114860
4,348,1965,0.112969
4,348,1965,0.119604
4,348,1965,0.115098
4,348,1965,0.116658
4,348,1965,0.113666
4,348,1965,0.118175
4,348,1965,0.117960
4,349,1966,0.114470
4,349,1966,0.114092
4,349,1966,0.118673
4,349,1966,0.114047
4,349,1966,0.121100
4,349,1966,0.116111
4,349,1966,0.119725
4,349,1966,0.121131
4,350,1967,0.117417
4,350,1967,0.118942
4,350,1967,0.117393
4,350,1967,0.119118
4,350,1967,0.118801
4,350,1967,0.118532
4,350,1967,0.112387
4,350,1967,0.113172
4,351,1968,0.117978
4,351,1968,0.114073
4,351,1968,0.117131
4,351,1968,0.115560
4,351,1968,0.116726
4,351,1968,0.117996
4,351,1968,0.118708
4,351,1968,0.119031
4,352,1969,0.115859
4,352,1969,0.119982
4,352,1969,0.114782
4,352,1969,0.117310
4,352,1969,0.115232
4,352,1969,0.119016
4,352,1969,0.115008
4,352,1969,0.118916
4,353,1970,0.116963
4,353,1970,0.118566
4,353,1970,0.115222
4,353,1970,0.119897
4,353,1970,0.115509
4,353,1970,0.121704
4,353,1970,0.116619
4,353,1970,0.118256
4,354,1971,0.120005
4,354,1971,0.116489
4,354,1971,0.117024
4,354,1971,0.118632
4,354,1971,0.116657
4,354,1971,0.123611
4,354,1971,0.115006
4,354,1971,0.114265
4,355,1972,0.115537
4,355,1972,0.115385
4,355,1972,0.121938
4,355,1972,0.115217
4,355,1972,0.121155
4,355,1972,0.112970
4,355,1972,0.115699
4,355,1972,0.115419
4,356,1973,0.118382
4,356,1973,0.115875
4,356,1973,0.115672
4,356,1973,0.117150
4,356,1973,0.116628
4,356,1973,0.118013
4,356,1973,0.117370
4,356,1973,0.116509
4,357,1974,0.116390
4,357,1974,0.117509
4,357,1974,0.119668
4,357,1974,0.116831
4,357,1974,0.114437
4,357,1974,0.118729
4,357,1974,0.119489
4,357,1974,0.116044
4,358,1975,0.114222
4,358,1975,0.118395
4,358,1975,0.116688
4,358,1975,0.116272
4,358,1975,0.116971
4,358,1975,0.126115
4,358,1975,0.114300
4,358,1975,0.117264
4,359,1976,0.118738
4,359,1976,0.118137
4,359,1976,0.118862
4,359,1976,0.114586
4,359,1976,0.116989
4,359,1976,0.115026
4,359,1976,0.117701
4,359,1976,0.116690
4,360,1977,0.117505
4,360,1977,0.118358
4,360,1977,0.120619
4,360,1977,0.118078
4,360,1977,0.118547
4,360,1977,0.118153
4,360,1977,0.117327
4,360,1977,0.118570
4,361,1978,0.114725
4,361,1978,0.117957
4,361,1978,0.118196
4,361,1978,0.113280
4,361,1978,0.114347
4,361,1978,0.120028
4,361,1978,0.113087
4,361,1978,0.123036
4,362,1979,0.121303
4,362,1979,0.115128
4,362,1979,0.118542
4,362,1979,0.120882
4,362,1979,0.115682
4,362,1979,0.115373
4,362,1979,0.115665
4,362,1979,0.117574
4,363,1980,0.116521
4,363,1980,0.118796
4,363,1980,0.117939
4,363,1980,0.114321
4,363,1980,0.123169
4,363,1980,0.114557
4,363,1980,0.114459
4,363,1980,0.113918
4,364,1981,0.118557
4,364,1981,0.115871
4,364,1981,0.113641
4,364,1981,0.118641
4,364,1981,0.116784
4,364,1981,0.115869
4,364,1981,0.116021
4,364,1981,0.115275
4,365,1982,0.117380
4,365,1982,0.119391
4,365,1982,0.116764
4,365,1982,0.122190
4,365,1982,0.119597
4,365,1982,0.118940
4,365,1982,0.121036
4,365,1982,0.119584
4,366,1983,0.116797
4,366,1983,0.112667
4,366,1983,0.117213
4,366,1983,0.123205
4,366,1983,0.119849
4,366,1983,0.115736
4,366,1983,0.113318
4,366,1983,0.118099
4,367,1984,0.115996
4,367,1984,0.114703
4,367,1984,0.117324
4,367,1984,0.116401
4,367,1984,0.113689
4,367,1984,0.116505
4,367,1984,0.115004
4,367,1984,0.117257
4,368,1985,0.118051
4,368,1985,0.116439
4,368,1985,0.117750
4,368,1985,0.116044
4,368,1985,0.119104
4,368,1985,0.119454
4,368,1985,0.116104
4,368,1985,0.120362
4,369,1986,0.120368
4,369,1986,0.118511
4,369,1986,0.118485
4,369,1986,0.118973
4,369,1986,0.115242
4,369,1986,0.116095
4,369,1986,0.117462
4,369,1986,0.118001
4,370,1987,0.116920
4,370,1987,0.115565
4,370,1987,0.121458
4,370,1987,0.113402
4,370,1987,0.126424
4,370,1987,0.116607
4,370,1987,0.112662
4,370,1987,0.116361
4,371,1988,0.116546
4,371,1988,0.118171
4,371,1988,0.122143
4,371,1988,0.113171
4,371,1988,0.116837
4,371,1988,0.117869
4,371,1988,0.116745
4,371,1988,0.113277
4,372,1989,0.115525
4,372,1989,0.116239
4,372,1989,0.116679
4,372,1989,0.116017
4,372,1989,0.116319
4,372,1989,0.118579
4,372,1989,0.114719
4,372,1989,0.116507
4,373,1990,0.122309
4,373,1990,0.116032
4,373,1990,0.112311
4,373,1990,0.115145
4,373,1990,0.125456
4,373,1990,0.120874
4,373,1990,0.115922
4,373,1990,0.118371
4,374,1991,0.114738
4,374,1991,0.123846
4,374,1991,0.117390
4,374,1991,0.114906
4,374,1991,0.116519
4,374,1991,0.117644
4,374,1991,0.116702
4,374,1991,0.116309
4,375,1992,0.115916
4,375,1992,0.116770
4,375,1992,0.119990
4,375,1992,0.115505
4,375,1992,0.117946
4,375,1992,0.122280
4,375,1992,0.119056
4,375,1992,0.124104
4,376,1993,0.113497
4,376,1993,0.112775
4,376,1993,0.113780
4,376,1993,0.119347
4,376,1993,0.114949
4,376,1993,0.116716
4,376,1993,0.119066
4,376,1993,0.112108
4,377,1994,0.121354
4,377,1994,0.115471
4,377,1994,0.117784
4,377,1994,0.115282
4,377,1994,0.114300
4,377,1994,0.114468
4,377,1994,0.122962
4,377,1994,0.115799
4,378,1995,0.121003
4,378,1995,0.115726
4,378,1995,0.116517
4,378,1995,0.119163
4,378,1995,0.112760
4,378,1995,0.117921
4,378,1995,0.119880
4,378,1995,0.120311
4,379,1996,0.115949
4,379,1996,0.115395
4,379,1996,0.118974
4,379,1996,0.120273
4,379,1996,0.115824
4,379,1996,0.112882
4,379,1996,0.117241
4,379,1996,0.120115
4,380,1997,0.116430
4,380,1997,0.118642
4,380,1997,0.115601
4,380,1997,0.116548
4,380,1997,0.117722
4,380,1997,0.115826
4,380,1997,0.116100
4,380,1997,0.120060
4,381,1998,0.116523
4,381,1998,0.117170
4,381,1998,0.120710
4,381,1998,0.115819
4,381,1998,0.117474
4,381,1998,0.114423
4,381,1998,0.118430
4,381,1998,0.113828
4,382,1999,0.117454
4,382,1999,0.117490
4,382,1999,0.116729
4,382,1999,0.119196
4,382,1999,0.117011
4,382,1999,0.124609
4,382,1999,0.117966
4,382,1999,0.116538
4,383,2000,0.116213
4,383,2000,0.118975
4,383,2000,0.113009
4,383,2000,0.117358
4,383,2000,0.116205
4,383,2000,0.113143
4,383,2000,0.115934
4,383,2000,0.119669
4,384,2001,0.117644
4,384,2001,0.116490
4,384,2001,0.116710
4,384,2001,0.113589
4,384,2001,0.117222
4,384,2001,0.114919
4,384,2001,0.118890
4,384,2001,0.125245
4,385,2002,0.122976
4,385,2002,0.118603
4,385,2002,0.121549
4,385,2002,0.120851
4,385,2002,0.116194
4,385,2002,0.118442
4,385,2002,0.118216
4,385,2002,0.120763
4,386,2003,0.117375
4,386,2003,0.116102
4,386,2003,0.117812
4,386,2003,0.119119
4,386,2003,0.120224
4,386,2003,0.122078
4,386,2003,0.118475
4,386,2003,0.115580
4,387,2004,0.120192
4,387,2004,0.128122
4,387,2004,0.117900
4,387,2004,0.117254
4,387,2004,0.114058
4,387,2004,0.117387
4,387,2004,0.121256
4,387,2004,0.121323
4,388,2005,0.116525
4,388,2005,0.117808
4,388,2005,0.125743
4,388,2005,0.118475
4,388,2005,0.118981
4,388,2005,0.117537
4,388,2005,0.118879
4,388,2005,0.120355
4,389,2006,0.117405
4,389,2006,0.117431
4,389,2006,0.121172
4,389,2006,0.119899
4,389,2006,0.116122
4,389,2006,0.116408
4,389,2006,0.119332
4,389,2006,0.119213
4,390,2007,0.115056
4,390,2007,0.117192
4,390,2007,0.116092
4,390,2007,0.115993
4,390,2007,0.123534
4,390,2007,0.114212
4,390,2007,0.115157
4,390,2007,0.121202
4,391,2008,0.120864
4,391,2008,0.117126
4,391,2008,0.116260
4,391,2008,0.120528
4,391,2008,0.113837
4,391,2008,0.118977
4,391,2008,0.116609
4,391,2008,0.114375
4,392,2009,0.116856
4,392,2009,0.116826
4,392,2009,0.117057
4,392,2009,0.116567
4,392,2009,0.117605
4,392,2009,0.118446
4,392,2009,0.117404
4,392,2009,0.118246
4,393,2010,0.112110
4,393,2010,0.118534
4,393,2010,0.117688
4,393,2010,0.113318
4,393,2010,0.117096
4,393,2010,0.116964
4,393,2010,0.116358
4,393,2010,0.119101
4,394,2011,0.116375
4,394,2011,0.120831
4,394,2011,0.116877
4,394,2011,0.121555
4,394,2011,0.123913
4,394,2011,0.116254
4,394,2011,0.118145
4,394,2011,0.125962
4,395,2012,0.115748
4,395,2012,0.121288
4,395,2012,0.115717
4,395,2012,0.113917
4,395,2012,0.117613
4,395,2012,0.116667
4,395,2012,0.120087
4,395,2012,0.120221
4,396,2013,0.117458
4,396,2013,0.114892
4,396,2013,0.116993
4,396,2013,0.120783
4,396,2013,0.120975
4,396,2013,0.116678
4,396,2013,0.115080
4,396,2013,0.117699
4,397,2014,0.116981
4,397,2014,0.115125
4,397,2014,0.115726
4,397,2014,0.114748
4,397,2014,0.115248
4,397,2014,0.120672
4,397,2014,0.116498
4,397,2014,0.117567
4,398,2015,0.114914
4,398,2015,0.120030
4,398,2015,0.118255
4,398,2015,0.112364
4,398,2015,0.115361
4,398,2015,0.118488
4,398,2015,0.120956
4,398,2015,0.117596
4,399,2016,0.117086
4,399,2016,0.113373
4,399,2016,0.115617
4,399,2016,0.116069
4,399,2016,0.118124
4,399,2016,0.119012
4,399,2016,0.112585
4,399,2016,0.115533
4,400,2017,0.116618
4,400,2017,0.116000
4,400,2017,0.130796
4,400,2017,0.115121
4,400,2017,0.116002
4,400,2017,0.113919
4,400,2017,0.115886
4,400,2017,0.116182
4,401,2018,0.119512
4,401,2018,0.117366
4,401,2018,0.117795
4,401,2018,0.116424
4,401,2018,0.114194
4,401,2018,0.116067
4,401,2018,0.120451
4,401,2018,0.116400
4,402,2019,0.113454
4,402,2019,0.118034
4,402,2019,0.117893
4,402,2019,0.116919
4,402,2019,0.120639
4,402,2019,0.118752
4,402,2019,0.114641
4,402,2019,0.117364
4,403,2020,0.117205
4,403,2020,0.116793
4,403,2020,0.117664
4,403,2020,0.113340
4,403,2020,0.116146
4,403,2020,0.117905
4,403,2020,0.120207
4,403,2020,0.120000
4,404,2021,0.114815
4,404,2021,0.116454
4,404,2021,0.113663
4,404,2021,0.117527
4,404,2021,0.120970
4,404,2021,0.114774
4,404,2021,0.116367
4,404,2021,0.114800
4,405,2022,0.114340
4,405,2022,0.118888
4,405,2022,0.121971
4,405,2022,0.119414
4,405,2022,0.118600
4,405,2022,0.118242
4,405,2022,0.118218
4,405,2022,0.123939
4,406,2023,0.115121
4,406,2023,0.112744
4,406,2023,0.123454
4,406,2023,0.117360
4,406,2023,0.119086
4,406,2023,0.116674
4,406,2023,0.115534
4,406,2023,0.114548
4,407,2024,0.117422
4,407,2024,0.119439
4,407,2024,0.115497
4,407,2024,0.118084
4,407,2024,0.113372
4,407,2024,0.117773
4,407,2024,0.126046
4,407,2024,0.118064
4,408,2025,0.119962
4,408,2025,0.116770
4,408,2025,0.115185
4,408,2025,0.115096
4,408,2025,0.114227
4,408,2025,0.115910
4,408,2025,0.119364
4,408,2025,0.118470
4,409,2026,0.118772
4,409,2026,0.115452
4,409,2026,0.115248
4,409,2026,0.121041
4,409,2026,0.118899
4,409,2026,0.115069
4,409,2026,0.118030
4,409,2026,0.116409
4,410,2027,0.119385
4,410,2027,0.116596
4,410,2027,0.119189
4,410,2027,0.114361
4,410,2027,0.115968
4,410,2027,0.120669
4,410,2027,0.119703
4,410,2027,0.117474
4,411,2028,0.118868
4,411,2028,0.115983
4,411,2028,0.116910
4,411,2028,0.122575
4,411,2028,0.111395
4,411,2028,0.117600
4,411,2028,0.114791
4,411,2028,0.120627
4,412,2029,0.116411
4,412,2029,0.114758
4,412,2029,0.123331
4,412,2029,0.117549
4,412,2029,0.116942
4,412,2029,0.116239
4,412,2029,0.122470
4,412,2029,0.117266
4,413,2030,0.117855
4,413,2030,0.115407
4,413,2030,0.115949
4,413,2030,0.119298
4,413,2030,0.116298
4,413,2030,0.113711
4,413,2030,0.115672
4,413,2030,0.115097
4,414,2031,0.117744
4,414,2031,0.116421
4,414,2031,0.117772
4,414,2031,0.125399
4,414,2031,0.116773
4,414,2031,0.120434
4,414,2031,0.117540
4,414,2031,0.121571
4,415,2032,0.120760
4,415,2032,0.123181
4,415,2032,0.116918
4,415,2032,0.114961
4,415,2032,0.113953
4,415,2032,0.118260
4,415,2032,0.118904
4,415,2032,0.114838
4,416,2033,0.120857
4,416,2033,0.125154
4,416,2033,0.115334
4,416,2033,0.118125
4,416,2033,0.117031
4,416,2033,0.116231
4,416,2033,0.112882
4,416,2033,0.116995
4,417,2034,0.116847
4,417,2034,0.112993
4,417,2034,0.119921
4,417,2034,0.122475
4,417,2034,0.115436
4,417,2034,0.115102
4,417,2034,0.117086
4,417,2034,0.119708
4,418,2035,0.119479
4,418,2035,0.111785
4,418,2035,0.118736
4,418,2035,0.112249
4,418,2035,0.115783
4,418,2035,0.119438
4,418,2035,0.114205
4,418,2035,0.115578
4,419,2036,0.116707
4,419,2036,0.114541
4,419,2036,0.116482
4,419,2036,0.117352
4,419,2036,0.117457
4,419,2036,0.121103
4,419,2036,0.117344
4,419,2036,0.118903
4,420,2037,0.115812
4,420,2037,0.118776
4,420,2037,0.118331
4,420,2037,0.120279
4,420,2037,0.114238
4,420,2037,0.117587
4,420,2037,0.117185
4,420,2037,0.116979
4,421,2038,0.114876
4,421,2038,0.115422
4,421,2038,0.117576
4,421,2038,0.121203
4,421,2038,0.114515
4,421,2038,0.117511
4,421,2038,0.116307
4,421,2038,0.117453
4,422,2039,0.115854
4,422,2039,0.115531
4,422,2039,0.114457
4,422,2039,0.116228
4,422,2039,0.126281
4,422,2039,0.117948
4,422,2039,0.119838
4,422,2039,0.118357
4,423,2040,0.113507
4,423,2040,0.118864
4,423,2040,0.118410
4,423,2040,0.117577
4,423,2040,0.119319
4,423,2040,0.123186
4,423,2040,0.119411
4,423,2040,0.116854
4,424,2041,0.117352
4,424,2041,0.118612
4,424,2041,0.117723
4,424,2041,0.116816
4,424,2041,0.114752
4,424,2041,0.116662
4,424,2041,0.118970
4,424,2041,0.115758
4,425,2042,0.122958
4,425,2042,0.121080
4,425,2042,0.118255
4,425,2042,0.118998
4,425,2042,0.116366
4,425,2042,0.115807
4,425,2042,0.117199
4,425,2042,0.115750
4,426,2043,0.114377
4,426,2043,0.113808
4,426,2043,0.114951
4,426,2043,0.117575
4,426,2043,0.113016
4,426,2043,0.114405
4,426,2043,0.115415
4,426,2043,0.118936
4,427,2044,0.115006
4,427,2044,0.116271
4,427,2044,0.118334
4,427,2044,0.115084
4,427,2044,0.125023
4,427,2044,0.118138
4,427,2044,0.118778
4,427,2044,0.116945
4,428,2045,0.119971
4,428,2045,0.113690
4,428,2045,0.121825
4,428,2045,0.117873
4,428,2045,0.114907
4,428,2045,0.113725
4,428,2045,0.114833
4,428,2045,0.120738
4,429,2046,0.112089
4,429,2046,0.118091
4,429,2046,0.117819
4,429,2046,0.115069
4,429,2046,0.113288
4,429,2046,0.116664
4,429,2046,0.113101
4,429,2046,0.119793
4,430,2047,0.115131
4,430,2047,0.115241
4,430,2047,0.120406
4,430,2047,0.117293
4,430,2047,0.117397
4,430,2047,0.114086
4,430,2047,0.115108
4,430,2047,0.120060
4,431,2048,0.116546
4,431,2048,0.117520
4,431,2048,0.117107
4,431,2048,0.113820
4,431,2048,0.117659
4,431,2048,0.115161
4,431,2048,0.116989
4,431,2048,0.120977
4,432,2049,0.117561
4,432,2049,0.115513
4,432,2049,0.120175
4,432,2049,0.118828
4,432,2049,0.117093
4,432,2049,0.122611
4,432,2049,0.118429
4,432,2049,0.112911
4,433,2050,0.116938
4,433,2050,0.121896
4,433,2050,0.115208
4,433,2050,0.117313
4,433,2050,0.119433
4,433,2050,0.113214
4,433,2050,0.116370
4,433,2050,0.117340
4,434,2051,0.115356
4,434,2051,0.117519
4,434,2051,0.120610
4,434,2051,0.120014
4,434,2051,0.115945
4,434,2051,0.121959
4,434,2051,0.113518
4,434,2051,0.111773
4,435,2052,0.117472
4,435,2052,0.114848
4,435,2052,0.117605
4,435,2052,0.114852
4,435,2052,0.116744
4,435,2052,0.116507
4,435,2052,0.114180
4,435,2052,0.115385
4,436,2053,0.117495
4,436,2053,0.118406
4,436,2053,0.120153
4,436,2053,0.117659
4,436,2053,0.120048
4,436,2053,0.114008
4,436,2053,0.115561
4,436,2053,0.115501
4,437,2054,0.122644
4,437,2054,0.119395
4,437,2054,0.119201
4,437,2054,0.118862
4,437,2054,0.115160
4,437,2054,0.120444
4,437,2054,0.117319
4,437,2054,0.116414
4,438,2055,0.113471
4,438,2055,0.120651
4,438,2055,0.114949
4,438,2055,0.116720
4,438,2055,0.119205
4,438,2055,0.117790
4,438,2055,0.120084
4,438,2055,0.119427
4,439,2056,0.122204
4,439,2056,0.125492
4,439,2056,0.117434
4,439,2056,0.118998
4,439,2056,0.115372
4,439,2056,0.114234
4,439,2056,0.114091
4,439,2056,0.116660
4,440,2057,0.117929
4,440,2057,0.115632
4,440,2057,0.115539
4,440,2057,0.114648
4,440,2057,0.114620
4,440,2057,0.112918
4,440,2057,0.115356
4,440,2057,0.121044
4,441,2058,0.117551
4,441,2058,0.118631
4,441,2058,0.115383
4,441,2058,0.117582
4,441,2058,0.115178
4,441,2058,0.117349
4,441,2058,0.116468
4,441,2058,0.114374
4,442,2059,0.115777
4,442,2059,0.115173
4,442,2059,0.118633
4,442,2059,0.118959
4,442,2059,0.118311
4,442,2059,0.116668
4,442,2059,0.117898
4,442,2059,0.122087
4,443,2060,0.117505
4,443,2060,0.119419
4,443,2060,0.118212
4,443,2060,0.113998
4,443,2060,0.122000
4,443,2060,0.113080
4,443,2060,0.114980
4,443,2060,0.112969
4,444,2061,0.117452
4,444,2061,0.120451
4,444,2061,0.117530
4,444,2061,0.114641
4,444,2061,0.114682
4,444,2061,0.111807
4,444,2061,0.125167
4,444,2061,0.116047
4,445,2062,0.116562
4,445,2062,0.118332
4,445,2062,0.115200
4,445,2062,0.125050
4,445,2062,0.117293
4,445,2062,0.117302
4,445,2062,0.118235
4,445,2062,0.117232
4,446,2063,0.119521
4,446,2063,0.120283
4,446,2063,0.116542
4,446,2063,0.114361
4,446,2063,0.115939
4,446,2063,0.115181
4,446,2063,0.115444
4,446,2063,0.116559
4,447,2064,0.115277
4,447,2064,0.113135
4,447,2064,0.114987
4,447,2064,0.115988
4,447,2064,0.119226
4,447,2064,0.123034
4,447,2064,0.115881
4,447,2064,0.114476
4,448,2065,0.116108
4,448,2065,0.116081
4,448,2065,0.114702
4,448,2065,0.121253
4,448,2065,0.121206
4,448,2065,0.115999
4,448,2065,0.117646
4,448,2065,0.118415
4,449,2066,0.113404
4,449,2066,0.115091
4,449,2066,0.115194
4,449,2066,0.116050
4,449,2066,0.110490
4,449,2066,0.116260
4,449,2066,0.115902
4,449,2066,0.117508
4,450,2067,0.115399
4,450,2067,0.117305
4,450,2067,0.117575
4,450,2067,0.118134
4,450,2067,0.113828
4,450,2067,0.118226
4,450,2067,0.117470
4,450,2067,0.115148
4,451,2068,0.113245
4,451,2068,0.115941
4,451,2068,0.113816
4,451,2068,0.114490
4,451,2068,0.116930
4,451,2068,0.119286
4,451,2068,0.112776
4,451,2068,0.117449
4,452,2069,0.120159
4,452,2069,0.115144
4,452,2069,0.117103
4,452,2069,0.115106
4,452,2069,0.113851
4,452,2069,0.116391
4,452,2069,0.114868
4,452,2069,0.120914
4,453,2070,0.116954
4,453,2070,0.117175
4,453,2070,0.116330
4,453,2070,0.112959
4,453,2070,0.117580
4,453,2070,0.120687
4,453,2070,0.114188
4,453,2070,0.116560
4,454,2071,0.118492
4,454,2071,0.122726
4,454,2071,0.116437
4,454,2071,0.115570
4,454,2071,0.113631
4,454,2071,0.118223
4,454,2071,0.117300
4,454,2071,0.119084
4,455,2072,0.115187
4,455,2072,0.114315
4,455,2072,0.117737
4,455,2072,0.121587
4,455,2072,0.115865
4,455,2072,0.123995
4,455,2072,0.118001
4,455,2072,0.117011
4,456,2073,0.116989
4,456,2073,0.116348
4,456,2073,0.117358
4,456,2073,0.116213
4,456,2073,0.114706
4,456,2073,0.115218
4,456,2073,0.113515
4,456,2073,0.116610
4,457,2074,0.117003
4,457,2074,0.116103
4,457,2074,0.118172
4,457,2074,0.117806
4,457,2074,0.119614
4,457,2074,0.119777
4,457,2074,0.115891
4,457,2074,0.113689
4,458,2075,0.117421
4,458,2075,0.119318
4,458,2075,0.117660
4,458,2075,0.116153
4,458,2075,0.115489
4,458,2075,0.115677
4,458,2075,0.120247
4,458,2075,0.120918
4,459,2076,0.123537
4,459,2076,0.114715
4,459,2076,0.118128
4,459,2076,0.114828
4,459,2076,0.114747
4,459,2076,0.116440
4,459,2076,0.116157
4,459,2076,0.114541
4,460,2077,0.116738
4,460,2077,0.116620
4,460,2077,0.114210
4,460,2077,0.117986
4,460,2077,0.116757
4,460,2077,0.118603
4,460,2077,0.122001
4,460,2077,0.113444
4,461,2078,0.117477
4,461,2078,0.114215
4,461,2078,0.116122
4,461,2078,0.115824
4,461,2078,0.118165
4,461,2078,0.117163
4,461,2078,0.114047
4,461,2078,0.118306
4,462,2079,0.114470
4,462,2079,0.114400
4,462,2079,0.114851
4,462,2079,0.119400
4,462,2079,0.118334
4,462,2079,0.116299
4,462,2079,0.116393
4,462,2079,0.124692
4,463,2080,0.120030
4,463,2080,0.116082
4,463,2080,0.115403
4,463,2080,0.117449
4,463,2080,0.116292
4,463,2080,0.122683
4,463,2080,0.117894
4,463,2080,0.115666
4,464,2081,0.117893
4,464,2081,0.117192
4,464,2081,0.119704
4,464,2081,0.116685
4,464,2081,0.118315
4,464,2081,0.117901
4,464,2081,0.116279
4,464,2081,0.116092
4,465,2082,0.113328
4,465,2082,0.115483
4,465,2082,0.117019
4,465,2082,0.116407
4,465,2082,0.119471
4,465,2082,0.114752
4,465,2082,0.118291
4,465,2082,0.116457
4,466,2083,0.117650
4,466,2083,0.113968
4,466,2083,0.116931
4,466,2083,0.117519
4,466,2083,0.116655
4,466,2083,0.119928
4,466,2083,0.114723
4,466,2083,0.118135
4,467,2084,0.114593
4,467,2084,0.113703
4,467,2084,0.114063
4,467,2084,0.117476
4,467,2084,0.116970
4,467,2084,0.119173
4,467,2084,0.115745
4,467,2084,0.118488
4,468,2085,0.118191
4,468,2085,0.115850
4,468,2085,0.123326
4,468,2085,0.117655
4,468,2085,0.112896
4,468,2085,0.114941
4,468,2085,0.117422
4,468,2085,0.117570
4,469,2086,0.118944
4,469,2086,0.121408
4,469,2086,0.117397
4,469,2086,0.118085
4,469,2086,0.115513
4,469,2086,0.118146
4,469,2086,0.119003
4,469,2086,0.115307
4,470,2087,0.115888
4,470,2087,0.114241
4,470,2087,0.118329
4,470,2087,0.115513
4,470,2087,0.114634
4,470,2087,0.118114
4,470,2087,0.114796
4,470,2087,0.115052
4,471,2088,0.117250
4,471,2088,0.114944
4,471,2088,0.117466
4,471,2088,0.118302
4,471,2088,0.117347
4,471,2088,0.119936
4,471,2088,0.118364
4,471,2088,0.118776
4,472,2089,0.119571
4,472,2089,0.120953
4,472,2089,0.117223
4,472,2089,0.113984
4,472,2089,0.115352
4,472,2089,0.121671
4,472,2089,0.117403
4,472,2089,0.120054
4,473,2090,0.116613
4,473,2090,0.116340
4,473,2090,0.117845
4,473,2090,0.117193
4,473,2090,0.120376
4,473,2090,0.116283
4,473,2090,0.121111
4,473,2090,0.117863
4,474,2091,0.116230
4,474,2091,0.117191
4,474,2091,0.115702
4,474,2091,0.116802
4,474,2091,0.116841
4,474,2091,0.113905
4,474,2091,0.118375
4,474,2091,0.113804
4,475,2092,0.119832
4,475,2092,0.116217
4,475,2092,0.116215
4,475,2092,0.115935
4,475,2092,0.113327
4,475,2092,0.120595
4,475,2092,0.117068
4,475,2092,0.117305
4,476,2093,0.116951
4,476,2093,0.116974
4,476,2093,0.113419
4,476,2093,0.121931
4,476,2093,0.121044
4,476,2093,0.117432
4,476,2093,0.118480
4,476,2093,0.115515
4,477,2094,0.115249
4,477,2094,0.119663
4,477,2094,0.119316
4,477,2094,0.119558
4,477,2094,0.120710
4,477,2094,0.119054
4,477,2094,0.120332
4,477,2094,0.118905
4,478,2095,0.114641
4,478,2095,0.116656
4,478,2095,0.117870
4,478,2095,0.118323
4,478,2095,0.117997
4,478,2095,0.115868
4,478,2095,0.120393
4,478,2095,0.119573
4,479,2096,0.120792
4,479,2096,0.119477
4,479,2096,0.116390
4,479,2096,0.115093
4,479,2096,0.119385
4,479,2096,0.119117
4,479,2096,0.115124
4,479,2096,0.121026
4,480,2097,0.118786
4,480,2097,0.115990
4,480,2097,0.112863
4,480,2097,0.116205
4,480,2097,0.117166
4,480,2097,0.115227
4,480,2097,0.115447
4,480,2097,0.113716
4,481,2098,0.115455
4,481,2098,0.118408
4,481,2098,0.123591
4,481,2098,0.115947
4,481,2098,0.116123
4,481,2098,0.118114
4,481,2098,0.115109
4,481,2098,0.113545
4,482,2099,0.120183
4,482,2099,0.119871
4,482,2099,0.113601
4,482,2099,0.118026
4,482,2099,0.115300
4,482,2099,0.116247
4,482,2099,0.118988
4,482,2099,0.118497
4,483,2100,0.113817
4,483,2100,0.118868
4,483,2100,0.115226
4,483,2100,0.123744
4,483,2100,0.117831
4,483,2100,0.117651
4,483,2100,0.124087
4,483,2100,0.125464
4,484,2101,0.114414
4,484,2101,0.117447
4,484,2101,0.118177
4,484,2101,0.117251
4,484,2101,0.111815
4,484,2101,0.124080
4,484,2101,0.118773
4,484,2101,0.115248
4,485,2102,0.117580
4,485,2102,0.122028
4,485,2102,0.121129
4,485,2102,0.118167
4,485,2102,0.117203
4,485,2102,0.118006
4,485,2102,0.117012
4,485,2102,0.119099
4,486,2103,0.113172
4,486,2103,0.115200
4,486,2103,0.119596
4,486,2103,0.115398
4,486,2103,0.114380
4,486,2103,0.115143
4,486,2103,0.116684
4,486,2103,0.124259
4,487,2104,0.115273
4,487,2104,0.121086
4,487,2104,0.118838
4,487,2104,0.118512
4,487,2104,0.116235
4,487,2104,0.116894
4,487,2104,0.120667
4,487,2104,0.119789
4,488,2105,0.120095
4,488,2105,0.119883
4,488,2105,0.117119
4,488,2105,0.116982
4,488,2105,0.114498
4,488,2105,0.120724
4,488,2105,0.116142
4,488,2105,0.115050
4,489,2106,0.123189
4,489,2106,0.115320
4,489,2106,0.117541
4,489,2106,0.121279
4,489,2106,0.114639
4,489,2106,0.114595
4,489,2106,0.115199
4,489,2106,0.114730
4,490,2107,0.127468
4,490,2107,0.114816
4,490,2107,0.116308
4,490,2107,0.114822
4,490,2107,0.113977
4,490,2107,0.113607
4,490,2107,0.116178
4,490,2107,0.118637
4,491,2108,0.114444
4,491,2108,0.119402
4,491,2108,0.120004
4,491,2108,0.117281
4,491,2108,0.120067
4,491,2108,0.116277
4,491,2108,0.116328
4,491,2108,0.114162
4,492,2109,0.120959
4,492,2109,0.119602
4,492,2109,0.119775
4,492,2109,0.116240
4,492,2109,0.120975
4,492,2109,0.117748
4,492,2109,0.115790
4,492,2109,0.117835
4,493,2110,0.116312
4,493,2110,0.114723
4,493,2110,0.113337
4,493,2110,0.115809
4,493,2110,0.122973
4,493,2110,0.116719
4,493,2110,0.118017
4,493,2110,0.118012
4,494,2111,0.116232
4,494,2111,0.115936
4,494,2111,0.117412
4,494,2111,0.118123
4,494,2111,0.118119
4,494,2111,0.117845
4,494,2111,0.116825
4,494,2111,0.116310
4,495,2112,0.118746
4,495,2112,0.117082
4,495,2112,0.113613
4,495,2112,0.116082
4,495,2112,0.116491
4,495,2112,0.120469
4,495,2112,0.117234
4,495,2112,0.115979
4,496,2113,0.122043
4,496,2113,0.119598
4,496,2113,0.117726
4,496,2113,0.115042
4,496,2113,0.114774
4,496,2113,0.117185
4,496,2113,0.118256
4,496,2113,0.117083
4,497,2114,0.120121
4,497,2114,0.118694
4,497,2114,0.115045
4,497,2114,0.115728
4,497,2114,0.117378
4,497,2114,0.117717
4,497,2114,0.118174
4,497,2114,0.118108
4,498,2115,0.117037
4,498,2115,0.121766
4,498,2115,0.121300
4,498,2115,0.115840
4,498,2115,0.124708
4,498,2115,0.123395
4,498,2115,0.125431
4,498,2115,0.120509
4,499,2116,0.116184
4,499,2116,0.116738
4,499,2116,0.123875
4,499,2116,0.118154
4,499,2116,0.115317
4,499,2116,0.116264
4,499,2116,0.116029
4,499,2116,0.115162
4,500,2117,0.115478
4,500,2117,0.116197
4,500,2117,0.117007
4,500,2117,0.117710
4,500,2117,0.115920
4,500,2117,0.114968
4,500,2117,0.114350
4,500,2117,0.117273
4,501,2118,0.118158
4,501,2118,0.119509
4,501,2118,0.116973
4,501,2118,0.114251
4,501,2118,0.114855
4,501,2118,0.117391
4,501,2118,0.117192
4,501,2118,0.112491
4,502,2119,0.117223
4,502,2119,0.117525
4,502,2119,0.115416
4,502,2119,0.120157
4,502,2119,0.114097
4,502,2119,0.118405
4,502,2119,0.118855
4,502,2119,0.121597
4,503,2120,0.114410
4,503,2120,0.117730
4,503,2120,0.112993
4,503,2120,0.114925
4,503,2120,0.119848
4,503,2120,0.118517
4,503,2120,0.114920
4,503,2120,0.118754
4,504,2121,0.111701
4,504,2121,0.114617
4,504,2121,0.115406
4,504,2121,0.120008
4,504,2121,0.117155
4,504,2121,0.123815
4,504,2121,0.118694
4,504,2121,0.118360
4,505,2122,0.116953
4,505,2122,0.117243
4,505,2122,0.116722
4,505,2122,0.117901
4,505,2122,0.116102
4,505,2122,0.117604
4,505,2122,0.116104
4,505,2122,0.118828
4,506,2123,0.117894
4,506,2123,0.121226
4,506,2123,0.114181
4,506,2123,0.114744
4,506,2123,0.119714
4,506,2123,0.114246
4,506,2123,0.118368
4,506,2123,0.116269
4,507,2124,0.120657
4,507,2124,0.119188
4,507,2124,0.120704
4,507,2124,0.116391
4,507,2124,0.116234
4,507,2124,0.117851
4,507,2124,0.117017
4,507,2124,0.115353
4,508,2125,0.112703
4,508,2125,0.114949
4,508,2125,0.115529
4,508,2125,0.126109
4,508,2125,0.118980
4,508,2125,0.120103
4,508,2125,0.115069
4,508,2125,0.116363
4,509,2126,0.112728
4,509,2126,0.120375
4,509,2126,0.116431
4,509,2126,0.116560
4,509,2126,0.116877
4,509,2126,0.118950
4,509,2126,0.119149
4,509,2126,0.114829
4,510,2127,0.117321
4,510,2127,0.123863
4,510,2127,0.118192
4,510,2127,0.115532
4,510,2127,0.119598
4,510,2127,0.117648
4,510,2127,0.114240
4,510,2127,0.117904
4,511,2128,0.115085
4,511,2128,0.117103
4,511,2128,0.115121
4,511,2128,0.114579
4,511,2128,0.119129
4,511,2128,0.117786
4,511,2128,0.116608
4,511,2128,0.121819
4,512,2129,0.121752
4,512,2129,0.121991
4,512,2129,0.115840
4,512,2129,0.115689
4,512,2129,0.116584
4,512,2129,0.115391
4,512,2129,0.116649
4,512,2129,0.115684
4,513,2130,0.111467
4,513,2130,0.117997
4,513,2130,0.121400
4,513,2130,0.114613
4,513,2130,0.115496
4,513,2130,0.116174
4,513,2130,0.116268
4,513,2130,0.116338
4,514,2131,0.117890
4,514,2131,0.119560
4,514,2131,0.119444
4,514,2131,0.120056
4,514,2131,0.115655
4,514,2131,0.115994
4,514,2131,0.119715
4,514,2131,0.118888
4,515,2132,0.116933
4,515,2132,0.113934
4,515,2132,0.116660
4,515,2132,0.116024
4,515,2132,0.116531
4,515,2132,0.116106
4,515,2132,0.116012
4,515,2132,0.118197
4,516,2133,0.115505
4,516,2133,0.117409
4,516,2133,0.114868
4,516,2133,0.117075
4,516,2133,0.119304
4,516,2133,0.116161
4,516,2133,0.121553
4,516,2133,0.116223
4,517,2134,0.114736
4,517,2134,0.116764
4,517,2134,0.120963
4,517,2134,0.118268
4,517,2134,0.112909
4,517,2134,0.117790
4,517,2134,0.114703
4,517,2134,0.120892
4,518,2135,0.113772
4,518,2135,0.119101
4,518,2135,0.111613
4,518,2135,0.124868
4,518,2135,0.118813
4,518,2135,0.121342
4,518,2135,0.119655
4,518,2135,0.118640
4,519,2136,0.117288
4,519,2136,0.117464
4,519,2136,0.117638
4,519,2136,0.116900
4,519,2136,0.119540
4,519,2136,0.116224
4,519,2136,0.115815
4,519,2136,0.119126
4,520,2137,0.115455
4,520,2137,0.118988
4,520,2137,0.120588
4,520,2137,0.120972
4,520,2137,0.115030
4,520,2137,0.125637
4,520,2137,0.119757
4,520,2137,0.113272
4,521,2138,0.117436
4,521,2138,0.119064
4,521,2138,0.115989
4,521,2138,0.116081
4,521,2138,0.120693
4,521,2138,0.117906
4,521,2138,0.117576
4,521,2138,0.117784
4,522,2139,0.115285
4,522,2139,0.116374
4,522,2139,0.118601
4,522,2139,0.121029
4,522,2139,0.112258
4,522,2139,0.114468
4,522,2139,0.113104
4,522,2139,0.118613
4,523,2140,0.116807
4,523,2140,0.117265
4,523,2140,0.115911
4,523,2140,0.117942
4,523,2140,0.115816
4,523,2140,0.116797
4,523,2140,0.115180
4,523,2140,0.120903
4,524,2141,0.119831
4,524,2141,0.116766
4,524,2141,0.115825
4,524,2141,0.114644
4,524,2141,0.120550
4,524,2141,0.116035
4,524,2141,0.112054
4,524,2141,0.115030
4,525,2142,0.115686
4,525,2142,0.119260
4,525,2142,0.113770
4,525,2142,0.118821
4,525,2142,0.120402
4,525,2142,0.114632
4,525,2142,0.119956
4,525,2142,0.119855
4,526,2143,0.117216
4,526,2143,0.118308
4,526,2143,0.122425
4,526,2143,0.113541
4,526,2143,0.112961
4,526,2143,0.118038
4,526,2143,0.118312
4,526,2143,0.115824
4,527,2144,0.115357
4,527,2144,0.116448
4,527,2144,0.116002
4,527,2144,0.116968
4,527,2144,0.115902
4,527,2144,0.113406
4,527,2144,0.119835
4,527,2144,0.116334
4,528,2145,0.115145
4,528,2145,0.117641
4,528,2145,0.115972
4,528,2145,0.116697
4,528,2145,0.116386
4,528,2145,0.115102
4,528,2145,0.116894
4,528,2145,0.119747
4,529,2146,0.120051
4,529,2146,0.116424
4,529,2146,0.117128
4,529,2146,0.116764
4,529,2146,0.117697
4,529,2146,0.117363
4,529,2146,0.118879
4,529,2146,0.114839
4,530,2147,0.121890
4,530,2147,0.117658
4,530,2147,0.118129
4,530,2147,0.117561
4,530,2147,0.119667
4,530,2147,0.128144
4,530,2147,0.117187
4,530,2147,0.112809
4,531,2148,0.114526
4,531,2148,0.114428
4,531,2148,0.117189
4,531,2148,0.120902
4,531,2148,0.116204
4,531,2148,0.116444
4,531,2148,0.118346
4,531,2148,0.117924
4,532,2149,0.112718
4,532,2149,0.116545
4,532,2149,0.120727
4,532,2149,0.115837
4,532,2149,0.116527
4,532,2149,0.117040
4,532,2149,0.114557
4,532,2149,0.117668
4,533,2150,0.116858
4,533,2150,0.116190
4,533,2150,0.115348
4,533,2150,0.116443
4,533,2150,0.117977
4,533,2150,0.122862
4,533,2150,0.117477
4,533,2150,0.119193
4,534,2151,0.117447
4,534,2151,0.114784
4,534,2151,0.116871
4,534,2151,0.115200
4,534,2151,0.118699
4,534,2151,0.114868
4,534,2151,0.123097
4,534,2151,0.116227
4,535,2152,0.117435
4,535,2152,0.116589
4,535,2152,0.114951
4,535,2152,0.114848
4,535,2152,0.119146
4,535,2152,0.122244
4,535,2152,0.112646
4,535,2152,0.114783
4,536,2153,0.118149
4,536,2153,0.119198
4,536,2153,0.115702
4,536,2153,0.115561
4,536,2153,0.114766
4,536,2153,0.115512
4,536,2153,0.116040
4,536,2153,0.118289
4,537,2154,0.116033
4,537,2154,0.112403
4,537,2154,0.118855
4,537,2154,0.112891
4,537,2154,0.118207
4,537,2154,0.116134
4,537,2154,0.114671
4,537,2154,0.118736
4,538,2155,0.122097
4,538,2155,0.116895
4,538,2155,0.115723
4,538,2155,0.114548
4,538,2155,0.113289
4,538,2155,0.112587
4,538,2155,0.115235
4,538,2155,0.113950
4,539,2156,0.118507
4,539,2156,0.112363
4,539,2156,0.118199
4,539,2156,0.114275
4,539,2156,0.120675
4,539,2156,0.117536
4,539,2156,0.114622
4,539,2156,0.115845
5,1,2157,0.117157
5,1,2157,0.117711
5,1,2157,0.118960
5,1,2157,0.119147
5,1,2157,0.115482
5,1,2157,0.115445
5,1,2157,0.114705
5,1,2157,0.117647
5,2,2158,0.116626
5,2,2158,0.116301
5,2,2158,0.116293
5,2,2158,0.121292
5,2,2158,0.124426
5,2,2158,0.116352
5,2,2158,0.118823
5,2,2158,0.122943
5,3,2159,0.111789
5,3,2159,0.113957
5,3,2159,0.115395
5,3,2159,0.119224
5,3,2159,0.114818
5,3,2159,0.113263
5,3,2159,0.114065
5,3,2159,0.118641
5,4,2160,0.122130
5,4,2160,0.117320
5,4,2160,0.117776
5,4,2160,0.118146
5,4,2160,0.114278
5,4,2160,0.116409
5,4,2160,0.118790
5,4,2160,0.117703
5,5,2161,0.119103
5,5,2161,0.116964
5,5,2161,0.117130
5,5,2161,0.120540
5,5,2161,0.117147
5,5,2161,0.113816
5,5,2161,0.116194
5,5,2161,0.118200
5,6,2162,0.117979
5,6,2162,0.114014
5,6,2162,0.117709
5,6,2162,0.113032
5,6,2162,0.124731
5,6,2162,0.117714
5,6,2162,0.118616
5,6,2162,0.115380
5,7,2163,0.118467
5,7,2163,0.114504
5,7,2163,0.116084
5,7,2163,0.116848
5,7,2163,0.113366
5,7,2163,0.117390
5,7,2163,0.115576
5,7,2163,0.122150
5,8,2164,0.115807
5,8,2164,0.116988
5,8,2164,0.113870
5,8,2164,0.119399
5,8,2164,0.114274
5,8,2164,0.117404
5,8,2164,0.115167
5,8,2164,0.119002
5,9,2165,0.116296
5,9,2165,0.118868
5,9,2165,0.117851
5,9,2165,0.115033
5,9,2165,0.118730
5,9,2165,0.116730
5,9,2165,0.113639
5,9,2165,0.120288
5,10,2166,0.114849
5,10,2166,0.114488
5,10,2166,0.115868
5,10,2166,0.115007
5,10,2166,0.116243
5,10,2166,0.119142
5,10,2166,0.117484
5,10,2166,0.117209
5,11,2167,0.115843
5,11,2167,0.119259
5,11,2167,0.118342
5,11,2167,0.118970
5,11,2167,0.119258
5,11,2167,0.113236
5,11,2167,0.120115
5,11,2167,0.112556
5,12,2168,0.115971
5,12,2168,0.116804
5,12,2168,0.115041
5,12,2168,0.117507
5,12,2168,0.115574
5,12,2168,0.114451
5,12,2168,0.112205
5,12,2168,0.116811
5,13,2169,0.115765
5,13,2169,0.114105
5,13,2169,0.116578
5,13,2169,0.117054
5,13,2169,0.119800
5,13,2169,0.114728
5,13,2169,0.116148
5,13,2169,0.117769
5,14,2170,0.114882
5,14,2170,0.111212
5,14,2170,0.116328
5,14,2170,0.116052
5,14,2170,0.120160
5,14,2170,0.110374
5,14,2170,0.117287
5,14,2170,0.120235
5,15,2171,0.118939
5,15,2171,0.116102
5,15,2171,0.114759
5,15,2171,0.118315
5,15,2171,0.117331
5,15,2171,0.120437
5,15,2171,0.114573
5,15,2171,0.116131
5,16,2172,0.118268
5,16,2172,0.116192
5,16,2172,0.118682
5,16,2172,0.117718
5,16,2172,0.116793
5,16,2172,0.116825
5,16,2172,0.114941
5,16,2172,0.114856
5,17,2173,0.115902
5,17,2173,0.113531
5,17,2173,0.117861
5,17,2173,0.117192
5,17,2173,0.115830
5,17,2173,0.119992
5,17,2173,0.122111
5,17,2173,0.128316
5,18,2174,0.114471
5,18,2174,0.115368
5,18,2174,0.118501
5,18,2174,0.117370
5,18,2174,0.119460
5,18,2174,0.116049
5,18,2174,0.115987
5,18,2174,0.117246
5,19,2175,0.117418
5,19,2175,0.117580
5,19,2175,0.114059
5,19,2175,0.120723
5,19,2175,0.117507
5,19,2175,0.116981
5,19,2175,0.116163
5,19,2175,0.117624
5,20,2176,0.117537
5,20,2176,0.116856
5,20,2176,0.118686
5,20,2176,0.119894
5,20,2176,0.113329
5,20,2176,0.117564
5,20,2176,0.116955
5,20,2176,0.114528
5,21,2177,0.117053
5,21,2177,0.120456
5,21,2177,0.113589
5,21,2177,0.114904
5,21,2177,0.117732
5,21,2177,0.113792
5,21,2177,0.117970
5,21,2177,0.120550
5,22,2178,0.116602
5,22,2178,0.115822
5,22,2178,0.115339
5,22,2178,0.114830
5,22,2178,0.115544
5,22,2178,0.113669
5,22,2178,0.116330
5,22,2178,0.115787
5,23,2179,0.118957
5,23,2179,0.117698
5,23,2179,0.120911
5,23,2179,0.122274
5,23,2179,0.118684
5,23,2179,0.115623
5,23,2179,0.114892
5,23,2179,0.116725
5,24,2180,0.118627
5,24,2180,0.115429
5,24,2180,0.118761
5,24,2180,0.121992
5,24,2180,0.115392
5,24,2180,0.121015
5,24,2180,0.114938
5,24,2180,0.119381
5,25,2181,0.114298
5,25,2181,0.114155
5,25,2181,0.117991
5,25,2181,0.116914
5,25,2181,0.124535
5,25,2181,0.114883
5,25,2181,0.112751
5,25,2181,0.118202
5,26,2182,0.119026
5,26,2182,0.121412
5,26,2182,0.115456
5,26,2182,0.118894
5,26,2182,0.117374
5,26,2182,0.115407
5,26,2182,0.121166
5,26,2182,0.118970
5,27,2183,0.117237
5,27,2183,0.117042
5,27,2183,0.119730
5,27,2183,0.116529
5,27,2183,0.119967
5,27,2183,0.120122
5,27,2183,0.116164
5,27,2183,0.115288
5,28,2184,0.117675
5,28,2184,0.116566
5,28,2184,0.115290
5,28,2184,0.113579
5,28,2184,0.117302
5,28,2184,0.116908
5,28,2184,0.116878
5,28,2184,0.117203
5,29,2185,0.114929
5,29,2185,0.117134
5,29,2185,0.122643
5,29,2185,0.114808
5,29,2185,0.116818
5,29,2185,0.122613
5,29,2185,0.117992
5,29,2185,0.119498
5,30,2186,0.112550
5,30,2186,0.116769
5,30,2186,0.115281
5,30,2186,0.121858
5,30,2186,0.117682
5,30,2186,0.116200
5,30,2186,0.119527
5,30,2186,0.118155
5,31,2187,0.120390
5,31,2187,0.116863
5,31,2187,0.119035
5,31,2187,0.121627
5,31,2187,0.116833
5,31,2187,0.116182
5,31,2187,0.117195
5,31,2187,0.114592
5,32,2188,0.116437
5,32,2188,0.124124
5,32,2188,0.115364
5,32,2188,0.118913
5,32,2188,0.116773
5,32,2188,0.114914
5,32,2188,0.113940
5,32,2188,0.116089
5,33,2189,0.113090
5,33,2189,0.119254
5,33,2189,0.113368
5,33,2189,0.116645
5,33,2189,0.117455
5,33,2189,0.112166
5,33,2189,0.114370
5,33,2189,0.118868
5,34,2190,0.116489
5,34,2190,0.114737
5,34,2190,0.120076
5,34,2190,0.120785
5,34,2190,0.118209
5,34,2190,0.116846
5,34,2190,0.114888
5,34,2190,0.120289
5,35,2191,0.115536
5,35,2191,0.118572
5,35,2191,0.113807
5,35,2191,0.115815
5,35,2191,0.115733
5,35,2191,0.118457
5,35,2191,0.116153
5,35,2191,0.116436
5,36,2192,0.116910
5,36,2192,0.114125
5,36,2192,0.115348
5,36,2192,0.115289
5,36,2192,0.112741
5,36,2192,0.117610
5,36,2192,0.121723
5,36,2192,0.119115
5,37,2193,0.115914
5,37,2193,0.114873
5,37,2193,0.118643
5,37,2193,0.114864
5,37,2193,0.117384
5,37,2193,0.119136
5,37,2193,0.115572
5,37,2193,0.115401
5,38,2194,0.115581
5,38,2194,0.114459
5,38,2194,0.119980
5,38,2194,0.114974
5,38,2194,0.116198
5,38,2194,0.116846
5,38,2194,0.113130
5,38,2194,0.121853
5,39,2195,0.119723
5,39,2195,0.122256
5,39,2195,0.115940
5,39,2195,0.115725
5,39,2195,0.114790
5,39,2195,0.114655
5,39,2195,0.117430
5,39,2195,0.117600
5,40,2196,0.116052
5,40,2196,0.113309
5,40,2196,0.118108
5,40,2196,0.117324
5,40,2196,0.118497
5,40,2196,0.120486
5,40,2196,0.114831
5,40,2196,0.115121
5,41,2197,0.115473
5,41,2197,0.113365
5,41,2197,0.117617
5,41,2197,0.117999
5,41,2197,0.122223
5,41,2197,0.120813
5,41,2197,0.117924
5,41,2197,0.116142
5,42,2198,0.116296
5,42,2198,0.123177
5,42,2198,0.119546
5,42,2198,0.116921
5,42,2198,0.115129
5,42,2198,0.116745
5,42,2198,0.119098
5,42,2198,0.118393
5,43,2199,0.120096
5,43,2199,0.116243
5,43,2199,0.116369
5,43,2199,0.116936
5,43,2199,0.114829
5,43,2199,0.125276
5,43,2199,0.116952
5,43,2199,0.119161
5,44,2200,0.116613
5,44,2200,0.119610
5,44,2200,0.121039
5,44,2200,0.116710
5,44,2200,0.118077
5,44,2200,0.124625
5,44,2200,0.116327
5,44,2200,0.113694
5,45,2201,0.112338
5,45,2201,0.118120
5,45,2201,0.119101
5,45,2201,0.114843
5,45,2201,0.115087
5,45,2201,0.117437
5,45,2201,0.113641
5,45,2201,0.116108
5,46,2202,0.124906
5,46,2202,0.118983
5,46,2202,0.113017
5,46,2202,0.119493
5,46,2202,0.115999
5,46,2202,0.110995
5,46,2202,0.117557
5,46,2202,0.122083
5,47,2203,0.118135
5,47,2203,0.118385
5,47,2203,0.117348
5,47,2203,0.118305
5,47,2203,0.114762
5,47,2203,0.115918
5,47,2203,0.120025
5,47,2203,0.118579
5,48,2204,0.119493
5,48,2204,0.116085
5,48,2204,0.113871
5,48,2204,0.123723
5,48,2204,0.114124
5,48,2204,0.116671
5,48,2204,0.117439
5,48,2204,0.124119
5,49,2205,0.113992
5,49,2205,0.117744
5,49,2205,0.116026
5,49,2205,0.111823
5,49,2205,0.116024
5,49,2205,0.115556
5,49,2205,0.116900
5,49,2205,0.116152
5,50,2206,0.116153
5,50,2206,0.114073
5,50,2206,0.116697
5,50,2206,0.119504
5,50,2206,0.114977
5,50,2206,0.115682
5,50,2206,0.117480
5,50,2206,0.114105
5,51,2207,0.117972
5,51,2207,0.116126
5,51,2207,0.118802
5,51,2207,0.113041
5,51,2207,0.114398
5,51,2207,0.116018
5,51,2207,0.114003
5,51,2207,0.115470
5,52,2208,0.115966
5,52,2208,0.119101
5,52,2208,0.115106
5,52,2208,0.115515
5,52,2208,0.117792
5,52,2208,0.113515
5,52,2208,0.118268
5,52,2208,0.112630
5,53,2209,0.117725
5,53,2209,0.117461
5,53,2209,0.123870
5,53,2209,0.114953
5,53,2209,0.113495
5,53,2209,0.116661
5,53,2209,0.115107
5,53,2209,0.114917
5,54,2210,0.114765
5,54,2210,0.116616
5,54,2210,0.116391
5,54,2210,0.118198
5,54,2210,0.115808
5,54,2210,0.118102
5,54,2210,0.117060
5,54,2210,0.112405
5,55,2211,0.113421
5,55,2211,0.116967
5,55,2211,0.118163
5,55,2211,0.113090
5,55,2211,0.115071
5,55,2211,0.114932
5,55,2211,0.117453
5,55,2211,0.114988
5,56,2212,0.119229
5,56,2212,0.116960
5,56,2212,0.123557
5,56,2212,0.116480
5,56,2212,0.114658
5,56,2212,0.113409
5,56,2212,0.117965
5,56,2212,0.115326
5,57,2213,0.118506
5,57,2213,0.116204
5,57,2213,0.115718
5,57,2213,0.113668
5,57,2213,0.119740
5,57,2213,0.113388
5,57,2213,0.121835
5,57,2213,0.119639
5,58,2214,0.114534
5,58,2214,0.120470
5,58,2214,0.113616
5,58,2214,0.116798
5,58,2214,0.114279
5,58,2214,0.116180
5,58,2214,0.117069
5,58,2214,0.112103
5,59,2215,0.119138
5,59,2215,0.118764
5,59,2215,0.114732
5,59,2215,0.114527
5,59,2215,0.119329
5,59,2215,0.119676
5,59,2215,0.123033
5,59,2215,0.117516
5,60,2216,0.115869
5,60,2216,0.119762
5,60,2216,0.116974
5,60,2216,0.117212
5,60,2216,0.115581
5,60,2216,0.117547
5,60,2216,0.121779
5,60,2216,0.117182
5,61,2217,0.119025
5,61,2217,0.114946
5,61,2217,0.116452
5,61,2217,0.116168
5,61,2217,0.118164
5,61,2217,0.114996
5,61,2217,0.114563
5,61,2217,0.118477
5,62,2218,0.121308
5,62,2218,0.116625
5,62,2218,0.116823
5,62,2218,0.115850
5,62,2218,0.120761
5,62,2218,0.114346
5,62,2218,0.116014
5,62,2218,0.113827
5,63,2219,0.116095
5,63,2219,0.115862
5,63,2219,0.117685
5,63,2219,0.115516
5,63,2219,0.115599
5,63,2219,0.115021
5,63,2219,0.118880
5,63,2219,0.120845
5,64,2220,0.113663
5,64,2220,0.117957
5,64,2220,0.121811
5,64,2220,0.115418
5,64,2220,0.116681
5,64,2220,0.119045
5,64,2220,0.116440
5,64,2220,0.112239
5,65,2221,0.115117
5,65,2221,0.118192
5,65,2221,0.116480
5,65,2221,0.115887
5,65,2221,0.116936
5,65,2221,0.117557
5,65,2221,0.120360
5,65,2221,0.121571
5,66,2222,0.119899
5,66,2222,0.115010
5,66,2222,0.119548
5,66,2222,0.120902
5,66,2222,0.115800
5,66,2222,0.115915
5,66,2222,0.121431
5,66,2222,0.117370
5,67,2223,0.116573
5,67,2223,0.118304
5,67,2223,0.115681
5,67,2223,0.115434
5,67,2223,0.118213
5,67,2223,0.118190
5,67,2223,0.116986
5,67,2223,0.116280
5,68,2224,0.115642
5,68,2224,0.117996
5,68,2224,0.114044
5,68,2224,0.116238
5,68,2224,0.119263
5,68,2224,0.116496
5,68,2224,0.114657
5,68,2224,0.118344
5,69,2225,0.113705
5,69,2225,0.114423
5,69,2225,0.124155
5,69,2225,0.118588
5,69,2225,0.115906
5,69,2225,0.117303
5,69,2225,0.119794
5,69,2225,0.121594
5,70,2226,0.115245
5,70,2226,0.113236
5,70,2226,0.116509
5,70,2226,0.123759
5,70,2226,0.116849
5,70,2226,0.113272
5,70,2226,0.113862
5,70,2226,0.116051
5,71,2227,0.113912
5,71,2227,0.116143
5,71,2227,0.117654
5,71,2227,0.115315
5,71,2227,0.121397
5,71,2227,0.117490
5,71,2227,0.117647
5,71,2227,0.114830
5,72,2228,0.116922
5,72,2228,0.116287
5,72,2228,0.120926
5,72,2228,0.114592
5,72,2228,0.113469
5,72,2228,0.119071
5,72,2228,0.115906
5,72,2228,0.114726
5,73,2229,0.117209
5,73,2229,0.116790
5,73,2229,0.114604
5,73,2229,0.115637
5,73,2229,0.115481
5,73,2229,0.117632
5,73,2229,0.116955
5,73,2229,0.118971
5,74,2230,0.114452
5,74,2230,0.117424
5,74,2230,0.116484
5,74,2230,0.119580
5,74,2230,0.116347
5,74,2230,0.114977
5,74,2230,0.118484
5,74,2230,0.114738
5,75,2231,0.115576
5,75,2231,0.118701
5,75,2231,0.119512
5,75,2231,0.117212
5,75,2231,0.117140
5,75,2231,0.114697
5,75,2231,0.116845
5,75,2231,0.118039
5,76,2232,0.115972
5,76,2232,0.115381
5,76,2232,0.118107
5,76,2232,0.118360
5,76,2232,0.118556
5,76,2232,0.117914
5,76,2232,0.114595
5,76,2232,0.114480
5,77,2233,0.121908
5,77,2233,0.118670
5,77,2233,0.114343
5,77,2233,0.116982
5,77,2233,0.121137
5,77,2233,0.118930
5,77,2233,0.116300
5,77,2233,0.118828
5,78,2234,0.118217
5,78,2234,0.116042
5,78,2234,0.118885
5,78,2234,0.113929
5,78,2234,0.114738
5,78,2234,0.117011
5,78,2234,0.119600
5,78,2234,0.122243
5,79,2235,0.115493
5,79,2235,0.118799
5,79,2235,0.117163
5,79,2235,0.119876
5,79,2235,0.116979
5,79,2235,0.118557
5,79,2235,0.114050
5,79,2235,0.115512
5,80,2236,0.115283
5,80,2236,0.117430
5,80,2236,0.114613
5,80,2236,0.118215
5,80,2236,0.119394
5,80,2236,0.113189
5,80,2236,0.119362
5,80,2236,0.116162
5,81,2237,0.114917
5,81,2237,0.120056
5,81,2237,0.118553
5,81,2237,0.121626
5,81,2237,0.118755
5,81,2237,0.116298
5,81,2237,0.117908
5,81,2237,0.122934
5,82,2238,0.116590
5,82,2238,0.118104
5,82,2238,0.118116
5,82,2238,0.117308
5,82,2238,0.117296
5,82,2238,0.116597
5,82,2238,0.121691
5,82,2238,0.115049
5,83,2239,0.119909
5,83,2239,0.118901
5,83,2239,0.119422
5,83,2239,0.114337
5,83,2239,0.116153
5,83,2239,0.119641
5,83,2239,0.117542
5,83,2239,0.119228
5,84,2240,0.113257
5,84,2240,0.115347
5,84,2240,0.116950
5,84,2240,0.115559
5,84,2240,0.119058
5,84,2240,0.114374
5,84,2240,0.120720
5,84,2240,0.116875
5,85,2241,0.119071
5,85,2241,0.114671
5,85,2241,0.116528
5,85,2241,0.116088
5,85,2241,0.112774
5,85,2241,0.114013
5,85,2241,0.116797
5,85,2241,0.115339
5,86,2242,0.115480
5,86,2242,0.122667
5,86,2242,0.117278
5,86,2242,0.118894
5,86,2242,0.120713
5,86,2242,0.114312
5,86,2242,0.113408
5,86,2242,0.117060
5,87,2243,0.118697
5,87,2243,0.118032
5,87,2243,0.120540
5,87,2243,0.117655
5,87,2243,0.114430
5,87,2243,0.115347
5,87,2243,0.117447
5,87,2243,0.116072
5,88,2244,0.115828
5,88,2244,0.115582
5,88,2244,0.117142
5,88,2244,0.124205
5,88,2244,0.119778
5,88,2244,0.114809
5,88,2244,0.115642
5,88,2244,0.115617
5,89,2245,0.111365
5,89,2245,0.118875
5,89,2245,0.114979
5,89,2245,0.116070
5,89,2245,0.114492
5,89,2245,0.117209
5,89,2245,0.119480
5,89,2245,0.115956
5,90,2246,0.116030
5,90,2246,0.119287
5,90,2246,0.117141
5,90,2246,0.114214
5,90,2246,0.117381
5,90,2246,0.118981
5,90,2246,0.112229
5,90,2246,0.114859
5,91,2247,0.117649
5,91,2247,0.116825
5,91,2247,0.116934
5,91,2247,0.122154
5,91,2247,0.117820
5,91,2247,0.114632
5,91,2247,0.116931
5,91,2247,0.115629
5,92,2248,0.116815
5,92,2248,0.119085
5,92,2248,0.112985
5,92,2248,0.118764
5,92,2248,0.118503
5,92,2248,0.118398
5,92,2248,0.118215
5,92,2248,0.119131
5,93,2249,0.117331
5,93,2249,0.120917
5,93,2249,0.115947
5,93,2249,0.116379
5,93,2249,0.116836
5,93,2249,0.118101
5,93,2249,0.121631
5,93,2249,0.115756
5,94,2250,0.115765
5,94,2250,0.117708
5,94,2250,0.116952
5,94,2250,0.116543
5,94,2250,0.122305
5,94,2250,0.113012
5,94,2250,0.114482
5,94,2250,0.118286
5,95,2251,0.116920
5,95,2251,0.116588
5,95,2251,0.118697
5,95,2251,0.121202
5,95,2251,0.113811
5,95,2251,0.119117
5,95,2251,0.114191
5,95,2251,0.121203
5,96,2252,0.114673
5,96,2252,0.117762
5,96,2252,0.117711
5,96,2252,0.121687
5,96,2252,0.114476
5,96,2252,0.118347
5,96,2252,0.117305
5,96,2252,0.117971
5,97,2253,0.116870
5,97,2253,0.116214
5,97,2253,0.121396
5,97,2253,0.115327
5,97,2253,0.119528
5,97,2253,0.118865
5,97,2253,0.116870
5,97,2253,0.116896
5,98,2254,0.120368
5,98,2254,0.114996
5,98,2254,0.113073
5,98,2254,0.116228
5,98,2254,0.118423
5,98,2254,0.117400
5,98,2254,0.118937
5,98,2254,0.112723
5,99,2255,0.113565
5,99,2255,0.118226
5,99,2255,0.116005
5,99,2255,0.115857
5,99,2255,0.117558
5,99,2255,0.113991
5,99,2255,0.121713
5,99,2255,0.117847
5,100,2256,0.116827
5,100,2256,0.115903
5,100,2256,0.119858
5,100,2256,0.121169
5,100,2256,0.117607
5,100,2256,0.119191
5,100,2256,0.115940
5,100,2256,0.118937
5,101,2257,0.116961
5,101,2257,0.118056
5,101,2257,0.114217
5,101,2257,0.117175
5,101,2257,0.116929
5,101,2257,0.118906
5,101,2257,0.117397
5,101,2257,0.112928
5,102,2258,0.115577
5,102,2258,0.118968
5,102,2258,0.116629
5,102,2258,0.118566
5,102,2258,0.116434
5,102,2258,0.120435
5,102,2258,0.118811
5,102,2258,0.118018
5,103,2259,0.114082
5,103,2259,0.113557
5,103,2259,0.119218
5,103,2259,0.116322
5,103,2259,0.118355
5,103,2259,0.124204
5,103,2259,0.118093
5,103,2259,0.112715
5,104,2260,0.116482
5,104,2260,0.119035
5,104,2260,0.113280
5,104,2260,0.120432
5,104,2260,0.118697
5,104,2260,0.115368
5,104,2260,0.113769
5,104,2260,0.116009
5,105,2261,0.112670
5,105,2261,0.116432
5,105,2261,0.115990
5,105,2261,0.118631
5,105,2261,0.123947
5,105,2261,0.119609
5,105,2261,0.118286
5,105,2261,0.120356
5,106,2262,0.118563
5,106,2262,0.119034
5,106,2262,0.113450
5,106,2262,0.116527
5,106,2262,0.118685
5,106,2262,0.117324
5,106,2262,0.123659
5,106,2262,0.117184
5,107,2263,0.114025
5,107,2263,0.119865
5,107,2263,0.115636
5,107,2263,0.120565
5,107,2263,0.117282
5,107,2263,0.118679
5,107,2263,0.118013
5,107,2263,0.118527
5,108,2264,0.116889
5,108,2264,0.112882
5,108,2264,0.116130
5,108,2264,0.116443
5,108,2264,0.117262
5,108,2264,0.111701
5,108,2264,0.116125
5,108,2264,0.117079
5,109,2265,0.122581
5,109,2265,0.115095
5,109,2265,0.117403
5,109,2265,0.117349
5,109,2265,0.114472
5,109,2265,0.111613
5,109,2265,0.117979
5,109,2265,0.113807
5,110,2266,0.122381
5,110,2266,0.117028
5,110,2266,0.117965
5,110,2266,0.115733
5,110,2266,0.117402
5,110,2266,0.116184
5,110,2266,0.123170
5,110,2266,0.115283
5,111,2267,0.113256
5,111,2267,0.116097
5,111,2267,0.122405
5,111,2267,0.112685
5,111,2267,0.116486
5,111,2267,0.113472
5,111,2267,0.118185
5,111,2267,0.114094
5,112,2268,0.114646
5,112,2268,0.118359
5,112,2268,0.112054
5,112,2268,0.114840
5,112,2268,0.113132
5,112,2268,0.118158
5,112,2268,0.117776
5,112,2268,0.115115
5,113,2269,0.114987
5,113,2269,0.121511
5,113,2269,0.114779
5,113,2269,0.116390
5,113,2269,0.116839
5,113,2269,0.119726
5,113,2269,0.114585
5,113,2269,0.123614
5,114,2270,0.115797
5,114,2270,0.118123
5,114,2270,0.124100
5,114,2270,0.116726
5,114,2270,0.116908
5,114,2270,0.113259
5,114,2270,0.115667
5,114,2270,0.114018
5,115,2271,0.120417
5,115,2271,0.110623
5,115,2271,0.115707
5,115,2271,0.114499
5,115,2271,0.117159
5,115,2271,0.115697
5,115,2271,0.119075
5,115,2271,0.119138
5,116,2272,0.117754
5,116,2272,0.118488
5,116,2272,0.116737
5,116,2272,0.117780
5,116,2272,0.117487
5,116,2272,0.117395
5,116,2272,0.117744
5,116,2272,0.115019
5,117,2273,0.117661
5,117,2273,0.115122
5,117,2273,0.114675
5,117,2273,0.120218
5,117,2273,0.117385
5,117,2273,0.119182
5,117,2273,0.115123
5,117,2273,0.113237
5,118,2274,0.115615
5,118,2274,0.115567
5,118,2274,0.117221
5,118,2274,0.119072
5,118,2274,0.121102
5,118,2274,0.119424
5,118,2274,0.119051
5,118,2274,0.119394
5,119,2275,0.116246
5,119,2275,0.120164
5,119,2275,0.113405
5,119,2275,0.114404
5,119,2275,0.115442
5,119,2275,0.116480
5,119,2275,0.114126
5,119,2275,0.113077
5,120,2276,0.115461
5,120,2276,0.122478
5,120,2276,0.115103
5,120,2276,0.114879
5,120,2276,0.114802
5,120,2276,0.119939
5,120,2276,0.116117
5,120,2276,0.112506
5,121,2277,0.118602
5,121,2277,0.115500
5,121,2277,0.118946
5,121,2277,0.116685
5,121,2277,0.115422
5,121,2277,0.115153
5,121,2277,0.120688
5,121,2277,0.116287
5,122,2278,0.116769
5,122,2278,0.116670
5,122,2278,0.115437
5,122,2278,0.116618
5,122,2278,0.120956
5,122,2278,0.115682
5,122,2278,0.115557
5,122,2278,0.116510
5,123,2279,0.115702
5,123,2279,0.116870
5,123,2279,0.118267
5,123,2279,0.116602
5,123,2279,0.117221
5,123,2279,0.112600
5,123,2279,0.114332
5,123,2279,0.116012
5,124,2280,0.123043
5,124,2280,0.116196
5,124,2280,0.122028
5,124,2280,0.120947
5,124,2280,0.117181
5,124,2280,0.114222
5,124,2280,0.115821
5,124,2280,0.112560
5,125,2281,0.116242
5,125,2281,0.113544
5,125,2281,0.114254
5,125,2281,0.120112
5,125,2281,0.113824
5,125,2281,0.116555
5,125,2281,0.118120
5,125,2281,0.114974
5,126,2282,0.115163
5,126,2282,0.114178
5,126,2282,0.114649
5,126,2282,0.116830
5,126,2282,0.121049
5,126,2282,0.117901
5,126,2282,0.118297
5,126,2282,0.114432
5,127,2283,0.115409
5,127,2283,0.113287
5,127,2283,0.118743
5,127,2283,0.121700
5,127,2283,0.116077
5,127,2283,0.112591
5,127,2283,0.118495
5,127,2283,0.115389
5,128,2284,0.119611
5,128,2284,0.116474
5,128,2284,0.116465
5,128,2284,0.116552
5,128,2284,0.117455
5,128,2284,0.118311
5,128,2284,0.122944
5,128,2284,0.119185
5,129,2285,0.115917
5,129,2285,0.118035
5,129,2285,0.115214
5,129,2285,0.114741
5,129,2285,0.114943
5,129,2285,0.117908
5,129,2285,0.121901
5,129,2285,0.125166
5,130,2286,0.120888
5,130,2286,0.118445
5,130,2286,0.126052
5,130,2286,0.110676
5,130,2286,0.114962
5,130,2286,0.116759
5,130,2286,0.112194
5,130,2286,0.116514
5,131,2287,0.118645
5,131,2287,0.116989
5,131,2287,0.115816
5,131,2287,0.115125
5,131,2287,0.116357
5,131,2287,0.116817
5,131,2287,0.123470
5,131,2287,0.119693
5,132,2288,0.115680
5,132,2288,0.118344
5,132,2288,0.119739
5,132,2288,0.118970
5,132,2288,0.119376
5,132,2288,0.115222
5,132,2288,0.113701
5,132,2288,0.119065
5,133,2289,0.115712
5,133,2289,0.116378
5,133,2289,0.116693
5,133,2289,0.114830
5,133,2289,0.116455
5,133,2289,0.123508
5,133,2289,0.120091
5,133,2289,0.115811
5,134,2290,0.118403
5,134,2290,0.115780
5,134,2290,0.115925
5,134,2290,0.116475
5,134,2290,0.118919
5,134,2290,0.117235
5,134,2290,0.114238
5,134,2290,0.115297
5,135,2291,0.116823
5,135,2291,0.115114
5,135,2291,0.116276
5,135,2291,0.113986
5,135,2291,0.114864
5,135,2291,0.122865
5,135,2291,0.119200
5,135,2291,0.116497
5,136,2292,0.117810
5,136,2292,0.115481
5,136,2292,0.115089
5,136,2292,0.120605
5,136,2292,0.116476
5,136,2292,0.118015
5,136,2292,0.114817
5,136,2292,0.114773
5,137,2293,0.117457
5,137,2293,0.119203
5,137,2293,0.115286
5,137,2293,0.115977
5,137,2293,0.115238
5,137,2293,0.115444
5,137,2293,0.113522
5,137,2293,0.114322
5,138,2294,0.114759
5,138,2294,0.114330
5,138,2294,0.118843
5,138,2294,0.117242
5,138,2294,0.113641
5,138,2294,0.116047
5,138,2294,0.115296
5,138,2294,0.116954
5,139,2295,0.119170
5,139,2295,0.118158
5,139,2295,0.116209
5,139,2295,0.117299
5,139,2295,0.120540
5,139,2295,0.116146
5,139,2295,0.118052
5,139,2295,0.113953
5,140,2296,0.118094
5,140,2296,0.117817
5,140,2296,0.113777
5,140,2296,0.120205
5,140,2296,0.113487
5,140,2296,0.114229
5,140,2296,0.119253
5,140,2296,0.116677
5,141,2297,0.114289
5,141,2297,0.117145
5,141,2297,0.117146
5,141,2297,0.121973
5,141,2297,0.118102
5,141,2297,0.116113
5,141,2297,0.118424
5,141,2297,0.116376
5,142,2298,0.114641
5,142,2298,0.117236
5,142,2298,0.115797
5,142,2298,0.118757
5,142,2298,0.119912
5,142,2298,0.113512
5,142,2298,0.114987
5,142,2298,0.116073
5,143,2299,0.117961
5,143,2299,0.114653
5,143,2299,0.119732
5,143,2299,0.117021
5,143,2299,0.118796
5,143,2299,0.117102
5,143,2299,0.117280
5,143,2299,0.116131
5,144,2300,0.118238
5,144,2300,0.121067
5,144,2300,0.121209
5,144,2300,0.114722
5,144,2300,0.116109
5,144,2300,0.123548
5,144,2300,0.121119
5,144,2300,0.114529
5,145,2301,0.119430
5,145,2301,0.119816
5,145,2301,0.115341
5,145,2301,0.118567
5,145,2301,0.115280
5,145,2301,0.118888
5,145,2301,0.118105
5,145,2301,0.115141
5,146,2302,0.118150
5,146,2302,0.118517
5,146,2302,0.115920
5,146,2302,0.116590
5,146,2302,0.114242
5,146,2302,0.118744
5,146,2302,0.113863
5,146,2302,0.115720
5,147,2303,0.118968
5,147,2303,0.124887
5,147,2303,0.115883
5,147,2303,0.113113
5,147,2303,0.120897
5,147,2303,0.116617
5,147,2303,0.117278
5,147,2303,0.122210
5,148,2304,0.118165
5,148,2304,0.117880
5,148,2304,0.111520
5,148,2304,0.119411
5,148,2304,0.116919
5,148,2304,0.114859
5,148,2304,0.121532
5,148,2304,0.115811
5,149,2305,0.120250
5,149,2305,0.115001
5,149,2305,0.118485
5,149,2305,0.120017
5,149,2305,0.118261
5,149,2305,0.113079
5,149,2305,0.111966
5,149,2305,0.117292
5,150,2306,0.118613
5,150,2306,0.115234
5,150,2306,0.114292
5,150,2306,0.122288
5,150,2306,0.115256
5,150,2306,0.116389
5,150,2306,0.112564
5,150,2306,0.116182
5,151,2307,0.117583
5,151,2307,0.123587
5,151,2307,0.114232
5,151,2307,0.116044
5,151,2307,0.119685
5,151,2307,0.117940
5,151,2307,0.117113
5,151,2307,0.111979
5,152,2308,0.122924
5,152,2308,0.117054
5,152,2308,0.119716
5,152,2308,0.114424
5,152,2308,0.116328
5,152,2308,0.118310
5,152,2308,0.119677
5,152,2308,0.118174
5,153,2309,0.121328
5,153,2309,0.113132
5,153,2309,0.113548
5,153,2309,0.115818
5,153,2309,0.117101
5,153,2309,0.123467
5,153,2309,0.114428
5,153,2309,0.115518
5,154,2310,0.121729
5,154,2310,0.125651
5,154,2310,0.116247
5,154,2310,0.117368
5,154,2310,0.117381
5,154,2310,0.117487
5,154,2310,0.119057
5,154,2310,0.117960
5,155,2311,0.120637
5,155,2311,0.115996
5,155,2311,0.115442
5,155,2311,0.120870
5,155,2311,0.115446
5,155,2311,0.126427
5,155,2311,0.117170
5,155,2311,0.115804
5,156,2312,0.116968
5,156,2312,0.115741
5,156,2312,0.116948
5,156,2312,0.119508
5,156,2312,0.115324
5,156,2312,0.115953
5,156,2312,0.113796
5,156,2312,0.115463
5,157,2313,0.114311
5,157,2313,0.117191
5,157,2313,0.116997
5,157,2313,0.118040
5,157,2313,0.111338
5,157,2313,0.119342
5,157,2313,0.113120
5,157,2313,0.115128
5,158,2314,0.114878
5,158,2314,0.114587
5,158,2314,0.115571
5,158,2314,0.117095
5,158,2314,0.116469
5,158,2314,0.118700
5,158,2314,0.117388
5,158,2314,0.111012
5,159,2315,0.117045
5,159,2315,0.115992
5,159,2315,0.114870
5,159,2315,0.115730
5,159,2315,0.114577
5,159,2315,0.114803
5,159,2315,0.116246
5,159,2315,0.117063
5,160,2316,0.113822
5,160,2316,0.122304
5,160,2316,0.112596
5,160,2316,0.123453
5,160,2316,0.119794
5,160,2316,0.121121
5,160,2316,0.121047
5,160,2316,0.114521
5,161,2317,0.119548
5,161,2317,0.115834
5,161,2317,0.119514
5,161,2317,0.113848
5,161,2317,0.121707
5,161,2317,0.115815
5,161,2317,0.116922
5,161,2317,0.115725
5,162,2318,0.116642
5,162,2318,0.118759
5,162,2318,0.114647
5,162,2318,0.120992
5,162,2318,0.112820
5,162,2318,0.118248
5,162,2318,0.122606
5,162,2318,0.115737
5,163,2319,0.118188
5,163,2319,0.115512
5,163,2319,0.114162
5,163,2319,0.116835
5,163,2319,0.115302
5,163,2319,0.120810
5,163,2319,0.121742
5,163,2319,0.117502
5,164,2320,0.116601
5,164,2320,0.125335
5,164,2320,0.117688
5,164,2320,0.113091
5,164,2320,0.118614
5,164,2320,0.117347
5,164,2320,0.114213
5,164,2320,0.118766
5,165,2321,0.116472
5,165,2321,0.117659
5,165,2321,0.114655
5,165,2321,0.114352
5,165,2321,0.114866
5,165,2321,0.117032
5,165,2321,0.120231
5,165,2321,0.118134
5,166,2322,0.116767
5,166,2322,0.116660
5,166,2322,0.114267
5,166,2322,0.112416
5,166,2322,0.121722
5,166,2322,0.120754
5,166,2322,0.116427
5,166,2322,0.116620
5,167,2323,0.116722
5,167,2323,0.118359
5,167,2323,0.119475
5,167,2323,0.113947
5,167,2323,0.124350
5,167,2323,0.114734
5,167,2323,0.117200
5,167,2323,0.113375
5,168,2324,0.113379
5,168,2324,0.118997
5,168,2324,0.117408
5,168,2324,0.112381
5,168,2324,0.116325
5,168,2324,0.116126
5,168,2324,0.115835
5,168,2324,0.121479
5,169,2325,0.116803
5,169,2325,0.118599
5,169,2325,0.115009
5,169,2325,0.112796
5,169,2325,0.119217
5,169,2325,0.118459
5,169,2325,0.120908
5,169,2325,0.118445
5,170,2326,0.120666
5,170,2326,0.120949
5,170,2326,0.118220
5,170,2326,0.121622
5,170,2326,0.117626
5,170,2326,0.116598
5,170,2326,0.118937
5,170,2326,0.116535
5,171,2327,0.115250
5,171,2327,0.119244
5,171,2327,0.112665
5,171,2327,0.113733
5,171,2327,0.114652
5,171,2327,0.116139
5,171,2327,0.119615
5,171,2327,0.114373
5,172,2328,0.118750
5,172,2328,0.117968
5,172,2328,0.114564
5,172,2328,0.116899
5,172,2328,0.115206
5,172,2328,0.116548
5,172,2328,0.117144
5,172,2328,0.116759
5,173,2329,0.114854
5,173,2329,0.118116
5,173,2329,0.118844
5,173,2329,0.127639
5,173,2329,0.115456
5,173,2329,0.117485
5,173,2329,0.116332
5,173,2329,0.116291
5,174,2330,0.117456
5,174,2330,0.119224
5,174,2330,0.119727
5,174,2330,0.114112
5,174,2330,0.119290
5,174,2330,0.117647
5,174,2330,0.118669
5,174,2330,0.119298
5,175,2331,0.121210
5,175,2331,0.114037
5,175,2331,0.117064
5,175,2331,0.114042
5,175,2331,0.119146
5,175,2331,0.116065
5,175,2331,0.113438
5,175,2331,0.120652
5,176,2332,0.120236
5,176,2332,0.118074
5,176,2332,0.119757
5,176,2332,0.112908
5,176,2332,0.117224
5,176,2332,0.116834
5,176,2332,0.115966
5,176,2332,0.113438
5,177,2333,0.116175
5,177,2333,0.117347
5,177,2333,0.119130
5,177,2333,0.115190
5,177,2333,0.124046
5,177,2333,0.116968
5,177,2333,0.117520
5,177,2333,0.115799
5,178,2334,0.120792
5,178,2334,0.115609
5,178,2334,0.115065
5,178,2334,0.117041
5,178,2334,0.119854
5,178,2334,0.113724
5,178,2334,0.115916
5,178,2334,0.116915
5,179,2335,0.115166
5,179,2335,0.118214
5,179,2335,0.114648
5,179,2335,0.119015
5,179,2335,0.114246
5,179,2335,0.114028
5,179,2335,0.112998
5,179,2335,0.117289
5,180,2336,0.120315
5,180,2336,0.114523
5,180,2336,0.117170
5,180,2336,0.119813
5,180,2336,0.115189
5,180,2336,0.115225
5,180,2336,0.115974
5,180,2336,0.115385
5,181,2337,0.118275
5,181,2337,0.117122
5,181,2337,0.118486
5,181,2337,0.115293
5,181,2337,0.116395
5,181,2337,0.119384
5,181,2337,0.118802
5,181,2337,0.114897
5,182,2338,0.116461
5,182,2338,0.115058
5,182,2338,0.115416
5,182,2338,0.123638
5,182,2338,0.114397
5,182,2338,0.115074
5,182,2338,0.114487
5,182,2338,0.121684
5,183,2339,0.114457
5,183,2339,0.115529
5,183,2339,0.117384
5,183,2339,0.113821
5,183,2339,0.119376
5,183,2339,0.116164
5,183,2339,0.115759
5,183,2339,0.118189
5,184,2340,0.116389
5,184,2340,0.121228
5,184,2340,0.118186
5,184,2340,0.122982
5,184,2340,0.115478
5,184,2340,0.116794
5,184,2340,0.115090
5,184,2340,0.117450
5,185,2341,0.112938
5,185,2341,0.114394
5,185,2341,0.114117
5,185,2341,0.119143
5,185,2341,0.118777
5,185,2341,0.115193
5,185,2341,0.117205
5,185,2341,0.116418
5,186,2342,0.116833
5,186,2342,0.116960
5,186,2342,0.116540
5,186,2342,0.120641
5,186,2342,0.118537
5,186,2342,0.118129
5,186,2342,0.116242
5,186,2342,0.114247
5,187,2343,0.120994
5,187,2343,0.120462
5,187,2343,0.115587
5,187,2343,0.117947
5,187,2343,0.115477
5,187,2343,0.118462
5,187,2343,0.116123
5,187,2343,0.116131
5,188,2344,0.118685
5,188,2344,0.115356
5,188,2344,0.118990
5,188,2344,0.114978
5,188,2344,0.116783
5,188,2344,0.113955
5,188,2344,0.119085
5,188,2344,0.122311
5,189,2345,0.114737
5,189,2345,0.119421
5,189,2345,0.116111
5,189,2345,0.117894
5,189,2345,0.116867
5,189,2345,0.121929
5,189,2345,0.123847
5,189,2345,0.117637
5,190,2346,0.119753
5,190,2346,0.116768
5,190,2346,0.114486
5,190,2346,0.117523
5,190,2346,0.116141
5,190,2346,0.116349
5,190,2346,0.120647
5,190,2346,0.118427
5,191,2347,0.118039
5,191,2347,0.118216
5,191,2347,0.118510
5,191,2347,0.125545
5,191,2347,0.115214
5,191,2347,0.118721
5,191,2347,0.116250
5,191,2347,0.115215
5,192,2348,0.114812
5,192,2348,0.115607
5,192,2348,0.115615
5,192,2348,0.117768
5,192,2348,0.118483
5,192,2348,0.116194
5,192,2348,0.120588
5,192,2348,0.114980
5,193,2349,0.117315
5,193,2349,0.115889
5,193,2349,0.118889
5,193,2349,0.120234
5,193,2349,0.114219
5,193,2349,0.116464
5,193,2349,0.119203
5,193,2349,0.116170
5,194,2350,0.116593
5,194,2350,0.117970
5,194,2350,0.115891
5,194,2350,0.114612
5,194,2350,0.120323
5,194,2350,0.116874
5,194,2350,0.115663
5,194,2350,0.122610
5,195,2351,0.116223
5,195,2351,0.121871
5,195,2351,0.116189
5,195,2351,0.117805
5,195,2351,0.114020
5,195,2351,0.113322
5,195,2351,0.113388
5,195,2351,0.115129
5,196,2352,0.115245
5,196,2352,0.124976
5,196,2352,0.114332
5,196,2352,0.120974
5,196,2352,0.115370
5,196,2352,0.121503
5,196,2352,0.126068
5,196,2352,0.112911
5,197,2353,0.120186
5,197,2353,0.114532
5,197,2353,0.117287
5,197,2353,0.114907
5,197,2353,0.118256
5,197,2353,0.116055
5,197,2353,0.116314
5,197,2353,0.115418
5,198,2354,0.117293
5,198,2354,0.117696
5,198,2354,0.117237
5,198,2354,0.118271
5,198,2354,0.116951
5,198,2354,0.115961
5,198,2354,0.116496
5,198,2354,0.113465
5,199,2355,0.113221
5,199,2355,0.115052
5,199,2355,0.116268
5,199,2355,0.114709
5,199,2355,0.118092
5,199,2355,0.121443
5,199,2355,0.115327
5,199,2355,0.117065
5,200,2356,0.116257
5,200,2356,0.114720
5,200,2356,0.120529
5,200,2356,0.115699
5,200,2356,0.114632
5,200,2356,0.115727
5,200,2356,0.116766
5,200,2356,0.116230
5,201,2357,0.117887
5,201,2357,0.117978
5,201,2357,0.118476
5,201,2357,0.117349
5,201,2357,0.116267
5,201,2357,0.117944
5,201,2357,0.116043
5,201,2357,0.117552
5,202,2358,0.112507
5,202,2358,0.115814
5,202,2358,0.117963
5,202,2358,0.117619
5,202,2358,0.119772
5,202,2358,0.116660
5,202,2358,0.114171
5,202,2358,0.120676
5,203,2359,0.112141
5,203,2359,0.121603
5,203,2359,0.117150
5,203,2359,0.116877
5,203,2359,0.115718
5,203,2359,0.116149
5,203,2359,0.113779
5,203,2359,0.122523
5,204,2360,0.116609
5,204,2360,0.116998
5,204,2360,0.116939
5,204,2360,0.116491
5,204,2360,0.116770
5,204,2360,0.114306
5,204,2360,0.112414
5,204,2360,0.117506
5,205,2361,0.121197
5,205,2361,0.118007
5,205,2361,0.116976
5,205,2361,0.113718
5,205,2361,0.118553
5,205,2361,0.116344
5,205,2361,0.117568
5,205,2361,0.116024
5,206,2362,0.116739
5,206,2362,0.114754
5,206,2362,0.113435
5,206,2362,0.120160
5,206,2362,0.115627
5,206,2362,0.116985
5,206,2362,0.117196
5,206,2362,0.120642
5,207,2363,0.117276
5,207,2363,0.120034
5,207,2363,0.115566
5,207,2363,0.115813
5,207,2363,0.116015
5,207,2363,0.118384
5,207,2363,0.119456
5,207,2363,0.114274
5,208,2364,0.118515
5,208,2364,0.116632
5,208,2364,0.119884
5,208,2364,0.119165
5,208,2364,0.113553
5,208,2364,0.120136
5,208,2364,0.114280
5,208,2364,0.119800
5,209,2365,0.124671
5,209,2365,0.118616
5,209,2365,0.119615
5,209,2365,0.117118
5,209,2365,0.114573
5,209,2365,0.114926
5,209,2365,0.116192
5,209,2365,0.118052
5,210,2366,0.122455
5,210,2366,0.119879
5,210,2366,0.117452
5,210,2366,0.117240
5,210,2366,0.117347
5,210,2366,0.117451
5,210,2366,0.117365
5,210,2366,0.115128
5,211,2367,0.123624
5,211,2367,0.118740
5,211,2367,0.118050
5,211,2367,0.117186
5,211,2367,0.114973
5,211,2367,0.115186
5,211,2367,0.117259
5,211,2367,0.120041
5,212,2368,0.115867
5,212,2368,0.120340
5,212,2368,0.114920
5,212,2368,0.114028
5,212,2368,0.113861
5,212,2368,0.113726
5,212,2368,0.117372
5,212,2368,0.117282
5,213,2369,0.113330
5,213,2369,0.115743
5,213,2369,0.117906
5,213,2369,0.114450
5,213,2369,0.111255
5,213,2369,0.112897
5,213,2369,0.114714
5,213,2369,0.118430
5,214,2370,0.117474
5,214,2370,0.115719
5,214,2370,0.118723
5,214,2370,0.115169
5,214,2370,0.116458
5,214,2370,0.117781
5,214,2370,0.116513
5,214,2370,0.116652
5,215,2371,0.116704
5,215,2371,0.118320
5,215,2371,0.118117
5,215,2371,0.113914
5,215,2371,0.121736
5,215,2371,0.117811
5,215,2371,0.116503
5,215,2371,0.118014
5,216,2372,0.117618
5,216,2372,0.116680
5,216,2372,0.116406
5,216,2372,0.112074
5,216,2372,0.116995
5,216,2372,0.114594
5,216,2372,0.118886
5,216,2372,0.114500
5,217,2373,0.117366
5,217,2373,0.116552
5,217,2373,0.113792
5,217,2373,0.113930
5,217,2373,0.119073
5,217,2373,0.113250
5,217,2373,0.118350
5,217,2373,0.116782
5,218,2374,0.122940
5,218,2374,0.117735
5,218,2374,0.116916
5,218,2374,0.118869
5,218,2374,0.117046
5,218,2374,0.118364
5,218,2374,0.116188
5,218,2374,0.119839
5,219,2375,0.120214
5,219,2375,0.118247
5,219,2375,0.119423
5,219,2375,0.121724
5,219,2375,0.114937
5,219,2375,0.117567
5,219,2375,0.117041
5,219,2375,0.113805
5,220,2376,0.123621
5,220,2376,0.115909
5,220,2376,0.116590
5,220,2376,0.115135
5,220,2376,0.115082
5,220,2376,0.115033
5,220,2376,0.114778
5,220,2376,0.111627
5,221,2377,0.119315
5,221,2377,0.115223
5,221,2377,0.117663
5,221,2377,0.112919
5,221,2377,0.114995
5,221,2377,0.118337
5,221,2377,0.118100
5,221,2377,0.115290
5,222,2378,0.123509
5,222,2378,0.114795
5,222,2378,0.115824
5,222,2378,0.114066
5,222,2378,0.116711
5,222,2378,0.118326
5,222,2378,0.114585
5,222,2378,0.114453
5,223,2379,0.115016
5,223,2379,0.119581
5,223,2379,0.116106
5,223,2379,0.119791
5,223,2379,0.117786
5,223,2379,0.122531
5,223,2379,0.112429
5,223,2379,0.116823
5,224,2380,0.116154
5,224,2380,0.116303
5,224,2380,0.114733
5,224,2380,0.113230
5,224,2380,0.114327
5,224,2380,0.114259
5,224,2380,0.115764
5,224,2380,0.117133
5,225,2381,0.119708
5,225,2381,0.115915
5,225,2381,0.113139
5,225,2381,0.117383
5,225,2381,0.121291
5,225,2381,0.114289
5,225,2381,0.114052
5,225,2381,0.118529
5,226,2382,0.114794
5,226,2382,0.121020
5,226,2382,0.117726
5,226,2382,0.116231
5,226,2382,0.121952
5,226,2382,0.117798
5,226,2382,0.116847
5,226,2382,0.114090
5,227,2383,0.116309
5,227,2383,0.120054
5,227,2383,0.118626
5,227,2383,0.118943
5,227,2383,0.118616
5,227,2383,0.122437
5,227,2383,0.118962
5,227,2383,0.119937
5,228,2384,0.116735
5,228,2384,0.118460
5,228,2384,0.120008
5,228,2384,0.116092
5,228,2384,0.115268
5,228,2384,0.118163
5,228,2384,0.111403
5,228,2384,0.114976
5,229,2385,0.124544
5,229,2385,0.117259
5,229,2385,0.115645
5,229,2385,0.114761
5,229,2385,0.115559
5,229,2385,0.118298
5,229,2385,0.116474
5,229,2385,0.116465
5,230,2386,0.114648
5,230,2386,0.116325
5,230,2386,0.114682
5,230,2386,0.113480
5,230,2386,0.114518
5,230,2386,0.113404
5,230,2386,0.118753
5,230,2386,0.123305
5,231,2387,0.116918
5,231,2387,0.118460
5,231,2387,0.114468
5,231,2387,0.116587
5,231,2387,0.123064
5,231,2387,0.117616
5,231,2387,0.115856
5,231,2387,0.118712
5,232,2388,0.117616
5,232,2388,0.117064
5,232,2388,0.118939
5,232,2388,0.115143
5,232,2388,0.117059
5,232,2388,0.117971
5,232,2388,0.115892
5,232,2388,0.129933
5,233,2389,0.117407
5,233,2389,0.119586
5,233,2389,0.116029
5,233,2389,0.116105
5,233,2389,0.115285
5,233,2389,0.118008
5,233,2389,0.114275
5,233,2389,0.119925
5,234,2390,0.115512
5,234,2390,0.120898
5,234,2390,0.116499
5,234,2390,0.116014
5,234,2390,0.115879
5,234,2390,0.114778
5,234,2390,0.117435
5,234,2390,0.116512
5,235,2391,0.114302
5,235,2391,0.115759
5,235,2391,0.114718
5,235,2391,0.116656
5,235,2391,0.113477
5,235,2391,0.119644
5,235,2391,0.117833
5,235,2391,0.119997
5,236,2392,0.114550
5,236,2392,0.116144
5,236,2392,0.115102
5,236,2392,0.115229
5,236,2392,0.113286
5,236,2392,0.119212
5,236,2392,0.116194
5,236,2392,0.117678
5,237,2393,0.113119
5,237,2393,0.113429
5,237,2393,0.116005
5,237,2393,0.120085
5,237,2393,0.114702
5,237,2393,0.116677
5,237,2393,0.115609
5,237,2393,0.116172
5,238,2394,0.116115
5,238,2394,0.115771
5,238,2394,0.116691
5,238,2394,0.118852
5,238,2394,0.116952
5,238,2394,0.113062
5,238,2394,0.112864
5,238,2394,0.116388
5,239,2395,0.118487
5,239,2395,0.118911
5,239,2395,0.118638
5,239,2395,0.117536
5,239,2395,0.114786
5,239,2395,0.116139
5,239,2395,0.120462
5,239,2395,0.118631
5,240,2396,0.114814
5,240,2396,0.116686
5,240,2396,0.116528
5,240,2396,0.114783
5,240,2396,0.113420
5,240,2396,0.115758
5,240,2396,0.119204
5,240,2396,0.117266
5,241,2397,0.113861
5,241,2397,0.116428
5,241,2397,0.115487
5,241,2397,0.122645
5,241,2397,0.120461
5,241,2397,0.119396
5,241,2397,0.116806
5,241,2397,0.119265
5,242,2398,0.113704
5,242,2398,0.118602
5,242,2398,0.114542
5,242,2398,0.114809
5,242,2398,0.118572
5,242,2398,0.115419
5,242,2398,0.118119
5,242,2398,0.117118
5,243,2399,0.112851
5,243,2399,0.115467
5,243,2399,0.117274
5,243,2399,0.118806
5,243,2399,0.117265
5,243,2399,0.115523
5,243,2399,0.114004
5,243,2399,0.126762
5,244,2400,0.116876
5,244,2400,0.117370
5,244,2400,0.117137
5,244,2400,0.113033
5,244,2400,0.120615
5,244,2400,0.119583
5,244,2400,0.117500
5,244,2400,0.114212
5,245,2401,0.116567
5,245,2401,0.123164
5,245,2401,0.116915
5,245,2401,0.124480
5,245,2401,0.115214
5,245,2401,0.116564
5,245,2401,0.115993
5,245,2401,0.111686
5,246,2402,0.114291
5,246,2402,0.116593
5,246,2402,0.118889
5,246,2402,0.113454
5,246,2402,0.118530
5,246,2402,0.113769
5,246,2402,0.118435
5,246,2402,0.120936
5,247,2403,0.114077
5,247,2403,0.121466
5,247,2403,0.121757
5,247,2403,0.119541
5,247,2403,0.116866
5,247,2403,0.131686
5,247,2403,0.115105
5,247,2403,0.117157
5,248,2404,0.116417
5,248,2404,0.113577
5,248,2404,0.115798
5,248,2404,0.116186
5,248,2404,0.114780
5,248,2404,0.116547
5,248,2404,0.114766
5,248,2404,0.118081
5,249,2405,0.122175
5,249,2405,0.116767
5,249,2405,0.117468
5,249,2405,0.118628
5,249,2405,0.117961
5,249,2405,0.114733
5,249,2405,0.114447
5,249,2405,0.117588
5,250,2406,0.119304
5,250,2406,0.115035
5,250,2406,0.117196
5,250,2406,0.116593
5,250,2406,0.116693
5,250,2406,0.117627
5,250,2406,0.115091
5,250,2406,0.116069
5,251,2407,0.113738
5,251,2407,0.115181
5,251,2407,0.117333
5,251,2407,0.118423
5,251,2407,0.113728
5,251,2407,0.116163
5,251,2407,0.113224
5,251,2407,0.118116
5,252,2408,0.115229
5,252,2408,0.116543
5,252,2408,0.114876
5,252,2408,0.117358
5,252,2408,0.115043
5,252,2408,0.119859
5,252,2408,0.118033
5,252,2408,0.114999
5,253,2409,0.117741
5,253,2409,0.112242
5,253,2409,0.114128
5,253,2409,0.118305
5,253,2409,0.119496
5,253,2409,0.114417
5,253,2409,0.116835
5,253,2409,0.112109
5,254,2410,0.118191
5,254,2410,0.115302
5,254,2410,0.118149
5,254,2410,0.114570
5,254,2410,0.114291
5,254,2410,0.115471
5,254,2410,0.117255
5,254,2410,0.119642
5,255,2411,0.115716
5,255,2411,0.118924
5,255,2411,0.117059
5,255,2411,0.113982
5,255,2411,0.121285
5,255,2411,0.117752
5,255,2411,0.118987
5,255,2411,0.116103
5,256,2412,0.116861
5,256,2412,0.119750
5,256,2412,0.119800
5,256,2412,0.119438
5,256,2412,0.115711
5,256,2412,0.115704
5,256,2412,0.124356
5,256,2412,0.118642
5,257,2413,0.114172
5,257,2413,0.120560
5,257,2413,0.116487
5,257,2413,0.118977
5,257,2413,0.123477
5,257,2413,0.120140
5,257,2413,0.116063
5,257,2413,0.115024
5,258,2414,0.115929
5,258,2414,0.116063
5,258,2414,0.116525
5,258,2414,0.119882
5,258,2414,0.115232
5,258,2414,0.117825
5,258,2414,0.118698
5,258,2414,0.115986
5,259,2415,0.115345
5,259,2415,0.116012
5,259,2415,0.117112
5,259,2415,0.119217
5,259,2415,0.119719
5,259,2415,0.116051
5,259,2415,0.116164
5,259,2415,0.119962
5,260,2416,0.118596
5,260,2416,0.118890
5,260,2416,0.112714
5,260,2416,0.114823
5,260,2416,0.117038
5,260,2416,0.115854
5,260,2416,0.116493
5,260,2416,0.119340
5,261,2417,0.115335
5,261,2417,0.121627
5,261,2417,0.117618
5,261,2417,0.116270
5,261,2417,0.116202
5,261,2417,0.112675
5,261,2417,0.114457
5,261,2417,0.123613
5,262,2418,0.113509
5,262,2418,0.116264
5,262,2418,0.117184
5,262,2418,0.113472
5,262,2418,0.117216
5,262,2418,0.113395
5,262,2418,0.114807
5,262,2418,0.120502
5,263,2419,0.120997
5,263,2419,0.117086
5,263,2419,0.121670
5,263,2419,0.116421
5,263,2419,0.113864
5,263,2419,0.120261
5,263,2419,0.115347
5,263,2419,0.114619
5,264,2420,0.114900
5,264,2420,0.119281
5,264,2420,0.115326
5,264,2420,0.120959
5,264,2420,0.114321
5,264,2420,0.114467
5,264,2420,0.116390
5,264,2420,0.116955
5,265,2421,0.118530
5,265,2421,0.116112
5,265,2421,0.116799
5,265,2421,0.115101
5,265,2421,0.114152
5,265,2421,0.113015
5,265,2421,0.117807
5,265,2421,0.119635
5,266,2422,0.121287
5,266,2422,0.115789
5,266,2422,0.116755
5,266,2422,0.116599
5,266,2422,0.118297
5,266,2422,0.117334
5,266,2422,0.116924
5,266,2422,0.116699
5,267,2423,0.115567
5,267,2423,0.116074
5,267,2423,0.118802
5,267,2423,0.114674
5,267,2423,0.118439
5,267,2423,0.116907
5,267,2423,0.115083
5,267,2423,0.114841
5,268,2424,0.118705
5,268,2424,0.117855
5,268,2424,0.116943
5,268,2424,0.115457
5,268,2424,0.115805
5,268,2424,0.116905
5,268,2424,0.116227
5,268,2424,0.122389
5,269,2425,0.110653
5,269,2425,0.115447
5,269,2425,0.121860
5,269,2425,0.114728
5,269,2425,0.113495
5,269,2425,0.115624
5,269,2425,0.116623
5,269,2425,0.115896
5,270,2426,0.120280
5,270,2426,0.116117
5,270,2426,0.115984
5,270,2426,0.116437
5,270,2426,0.114615
5,270,2426,0.116555
5,270,2426,0.120384
5,270,2426,0.119775
5,271,2427,0.116435
5,271,2427,0.117403
5,271,2427,0.116979
5,271,2427,0.118952
5,271,2427,0.120224
5,271,2427,0.112748
5,271,2427,0.120330
5,271,2427,0.117877
5,272,2428,0.118352
5,272,2428,0.115210
5,272,2428,0.117356
5,272,2428,0.118157
5,272,2428,0.113125
5,272,2428,0.122514
5,272,2428,0.114681
5,272,2428,0.113840
5,273,2429,0.118469
5,273,2429,0.115891
5,273,2429,0.118312
5,273,2429,0.114285
5,273,2429,0.117816
5,273,2429,0.115053
5,273,2429,0.122814
5,273,2429,0.115632
5,274,2430,0.118028
5,274,2430,0.118100
5,274,2430,0.116475
5,274,2430,0.119510
5,274,2430,0.114119
5,274,2430,0.121031
5,274,2430,0.115896
5,274,2430,0.118676
5,275,2431,0.115639
5,275,2431,0.118507
5,275,2431,0.118893
5,275,2431,0.115693
5,275,2431,0.114520
5,275,2431,0.116244
5,275,2431,0.121981
5,275,2431,0.114151
5,276,2432,0.117747
5,276,2432,0.114297
5,276,2432,0.116210
5,276,2432,0.116924
5,276,2432,0.123510
5,276,2432,0.116111
5,276,2432,0.115013
5,276,2432,0.114763
5,277,2433,0.117455
5,277,2433,0.119552
5,277,2433,0.115875
5,277,2433,0.117614
5,277,2433,0.115444
5,277,2433,0.115585
5,277,2433,0.116542
5,277,2433,0.119011
5,278,2434,0.118632
5,278,2434,0.119019
5,278,2434,0.114235
5,278,2434,0.118796
5,278,2434,0.117733
5,278,2434,0.114659
5,278,2434,0.116857
5,278,2434,0.117893
5,279,2435,0.113365
5,279,2435,0.114962
5,279,2435,0.120560
5,279,2435,0.117700
5,279,2435,0.117182
5,279,2435,0.114615
5,279,2435,0.119625
5,279,2435,0.114519
5,280,2436,0.116804
5,280,2436,0.120986
5,280,2436,0.116478
5,280,2436,0.115389
5,280,2436,0.114227
5,280,2436,0.119936
5,280,2436,0.115701
5,280,2436,0.115961
5,281,2437,0.121067
5,281,2437,0.118866
5,281,2437,0.114441
5,281,2437,0.118056
5,281,2437,0.117322
5,281,2437,0.119003
5,281,2437,0.115873
5,281,2437,0.116703
5,282,2438,0.118630
5,282,2438,0.119343
5,282,2438,0.116669
5,282,2438,0.118844
5,282,2438,0.115993
5,282,2438,0.120622
5,282,2438,0.114184
5,282,2438,0.114367
5,283,2439,0.114314
5,283,2439,0.116796
5,283,2439,0.121444
5,283,2439,0.120846
5,283,2439,0.121642
5,283,2439,0.118941
5,283,2439,0.116530
5,283,2439,0.114408
5,284,2440,0.118076
5,284,2440,0.117918
5,284,2440,0.120430
5,284,2440,0.114858
5,284,2440,0.119199
5,284,2440,0.112643
5,284,2440,0.113800
5,284,2440,0.115034
5,285,2441,0.114114
5,285,2441,0.117093
5,285,2441,0.114983
5,285,2441,0.118890
5,285,2441,0.118381
5,285,2441,0.118314
5,285,2441,0.116174
5,285,2441,0.116500
5,286,2442,0.122692
5,286,2442,0.115923
5,286,2442,0.112507
5,286,2442,0.116658
5,286,2442,0.115812
5,286,2442,0.114439
5,286,2442,0.116409
5,286,2442,0.115961
5,287,2443,0.114407
5,287,2443,0.121145
5,287,2443,0.113173
5,287,2443,0.118244
5,287,2443,0.116130
5,287,2443,0.117757
5,287,2443,0.115481
5,287,2443,0.122035
5,288,2444,0.121760
5,288,2444,0.116145
5,288,2444,0.117515
5,288,2444,0.117781
5,288,2444,0.117863
5,288,2444,0.115810
5,288,2444,0.117491
5,288,2444,0.115053
5,289,2445,0.118520
5,289,2445,0.111502
5,289,2445,0.116251
5,289,2445,0.116045
5,289,2445,0.118743
5,289,2445,0.115580
5,289,2445,0.118586
5,289,2445,0.117149
5,290,2446,0.116640
5,290,2446,0.117778
5,290,2446,0.120769
5,290,2446,0.118301
5,290,2446,0.118636
5,290,2446,0.116601
5,290,2446,0.119861
5,290,2446,0.116640
5,291,2447,0.117034
5,291,2447,0.121819
5,291,2447,0.119287
5,291,2447,0.119781
5,291,2447,0.116728
5,291,2447,0.115931
5,291,2447,0.122796
5,291,2447,0.118799
5,292,2448,0.116334
5,292,2448,0.123926
5,292,2448,0.115416
5,292,2448,0.114860
5,292,2448,0.114830
5,292,2448,0.115684
5,292,2448,0.116659
5,292,2448,0.114888
5,293,2449,0.116822
5,293,2449,0.121118
5,293,2449,0.119469
5,293,2449,0.117109
5,293,2449,0.117546
5,293,2449,0.117962
5,293,2449,0.116217
5,293,2449,0.116169
5,294,2450,0.115485
5,294,2450,0.113582
5,294,2450,0.117728
5,294,2450,0.115611
5,294,2450,0.118721
5,294,2450,0.116949
5,294,2450,0.127465
5,294,2450,0.117734
5,295,2451,0.122612
5,295,2451,0.115252
5,295,2451,0.117082
5,295,2451,0.117657
5,295,2451,0.122116
5,295,2451,0.117572
5,295,2451,0.116644
5,295,2451,0.118759
5,296,2452,0.114243
5,296,2452,0.118613
5,296,2452,0.117741
5,296,2452,0.114863
5,296,2452,0.117406
5,296,2452,0.117607
5,296,2452,0.115056
5,296,2452,0.116206
5,297,2453,0.118284
5,297,2453,0.114185
5,297,2453,0.115068
5,297,2453,0.115170
5,297,2453,0.113913
5,297,2453,0.117626
5,297,2453,0.114331
5,297,2453,0.119262
5,298,2454,0.115487
5,298,2454,0.115357
5,298,2454,0.115983
5,298,2454,0.117565
5,298,2454,0.117472
5,298,2454,0.116307
5,298,2454,0.116381
5,298,2454,0.113894
5,299,2455,0.121437
5,299,2455,0.116719
5,299,2455,0.119183
5,299,2455,0.119288
5,299,2455,0.115836
5,299,2455,0.117882
5,299,2455,0.116938
5,299,2455,0.115819
5,300,2456,0.116387
5,300,2456,0.114480
5,300,2456,0.116810
5,300,2456,0.114692
5,300,2456,0.115949
5,300,2456,0.114888
5,300,2456,0.115518
5,300,2456,0.117161
5,301,2457,0.116453
5,301,2457,0.116204
5,301,2457,0.118542
5,301,2457,0.117535
5,301,2457,0.114509
5,301,2457,0.116154
5,301,2457,0.113941
5,301,2457,0.113741
5,302,2458,0.115258
5,302,2458,0.116155
5,302,2458,0.117820
5,302,2458,0.115325
5,302,2458,0.117128
5,302,2458,0.121428
5,302,2458,0.116559
5,302,2458,0.118580
5,303,2459,0.115764
5,303,2459,0.117915
5,303,2459,0.113363
5,303,2459,0.113579
5,303,2459,0.114828
5,303,2459,0.112126
5,303,2459,0.113949
5,303,2459,0.114632
5,304,2460,0.120395
5,304,2460,0.117523
5,304,2460,0.116456
5,304,2460,0.118663
5,304,2460,0.117884
5,304,2460,0.115753
5,304,2460,0.114490
5,304,2460,0.117041
5,305,2461,0.115727
5,305,2461,0.117887
5,305,2461,0.120105
5,305,2461,0.114903
5,305,2461,0.120795
5,305,2461,0.117755
5,305,2461,0.119823
5,305,2461,0.116411
5,306,2462,0.117540
5,306,2462,0.115723
5,306,2462,0.115167
5,306,2462,0.115604
5,306,2462,0.116389
5,306,2462,0.113360
5,306,2462,0.113180
5,306,2462,0.114891
5,307,2463,0.113886
5,307,2463,0.121250
5,307,2463,0.118727
5,307,2463,0.119534
5,307,2463,0.116173
5,307,2463,0.117493
5,307,2463,0.115551
5,307,2463,0.118770
5,308,2464,0.113842
5,308,2464,0.117773
5,308,2464,0.121787
5,308,2464,0.118258
5,308,2464,0.118085
5,308,2464,0.117612
5,308,2464,0.111962
5,308,2464,0.118502
5,309,2465,0.117565
5,309,2465,0.118574
5,309,2465,0.118535
5,309,2465,0.120015
5,309,2465,0.117889
5,309,2465,0.113780
5,309,2465,0.118726
5,309,2465,0.118148
5,310,2466,0.114669
5,310,2466,0.118148
5,310,2466,0.116205
5,310,2466,0.117433
5,310,2466,0.117871
5,310,2466,0.116137
5,310,2466,0.120005
5,310,2466,0.120943
5,311,2467,0.112104
5,311,2467,0.115420
5,311,2467,0.115170
5,311,2467,0.119391
5,311,2467,0.115260
5,311,2467,0.117138
5,311,2467,0.121404
5,311,2467,0.114541
5,312,2468,0.118242
5,312,2468,0.116343
5,312,2468,0.119520
5,312,2468,0.117311
5,312,2468,0.116870
5,312,2468,0.114795
5,312,2468,0.117514
5,312,2468,0.115862
5,313,2469,0.116754
5,313,2469,0.119327
5,313,2469,0.118279
5,313,2469,0.115874
5,313,2469,0.115480
5,313,2469,0.115707
5,313,2469,0.115126
5,313,2469,0.118264
5,314,2470,0.115461
5,314,2470,0.112570
5,314,2470,0.117813
5,314,2470,0.114215
5,314,2470,0.114825
5,314,2470,0.119118
5,314,2470,0.115804
5,314,2470,0.116334
5,315,2471,0.117669
5,315,2471,0.114497
5,315,2471,0.116585
5,315,2471,0.114316
5,315,2471,0.114256
5,315,2471,0.114681
5,315,2471,0.120240
5,315,2471,0.113580
5,316,2472,0.116632
5,316,2472,0.114498
5,316,2472,0.116313
5,316,2472,0.113016
5,316,2472,0.116623
5,316,2472,0.117956
5,316,2472,0.118288
5,316,2472,0.121771
5,317,2473,0.114534
5,317,2473,0.116046
5,317,2473,0.117818
5,317,2473,0.121537
5,317,2473,0.115093
5,317,2473,0.114434
5,317,2473,0.112539
5,317,2473,0.116930
5,318,2474,0.114277
5,318,2474,0.120230
5,318,2474,0.115336
5,318,2474,0.115593
5,318,2474,0.116135
5,318,2474,0.116637
5,318,2474,0.118313
5,318,2474,0.116873
5,319,2475,0.118188
5,319,2475,0.117094
5,319,2475,0.119194
5,319,2475,0.115891
5,319,2475,0.118944
5,319,2475,0.119810
5,319,2475,0.118347
5,319,2475,0.119776
5,320,2476,0.116621
5,320,2476,0.114923
5,320,2476,0.119783
5,320,2476,0.112146
5,320,2476,0.115185
5,320,2476,0.119965
5,320,2476,0.117227
5,320,2476,0.114058
5,321,2477,0.117892
5,321,2477,0.114612
5,321,2477,0.113231
5,321,2477,0.117552
5,321,2477,0.118839
5,321,2477,0.117599
5,321,2477,0.119404
5,321,2477,0.111120
5,322,2478,0.118340
5,322,2478,0.114936
5,322,2478,0.117632
5,322,2478,0.117039
5,322,2478,0.114888
5,322,2478,0.117373
5,322,2478,0.117650
5,322,2478,0.115772
5,323,2479,0.115437
5,323,2479,0.116220
5,323,2479,0.116871
5,323,2479,0.117346
5,323,2479,0.120270
5,323,2479,0.121506
5,323,2479,0.115247
5,323,2479,0.119526
5,324,2480,0.119060
5,324,2480,0.116976
5,324,2480,0.115057
5,324,2480,0.117703
5,324,2480,0.118600
5,324,2480,0.116093
5,324,2480,0.115790
5,324,2480,0.118228
5,325,2481,0.113473
5,325,2481,0.117817
5,325,2481,0.112609
5,325,2481,0.118036
5,325,2481,0.117186
5,325,2481,0.116486
5,325,2481,0.119258
5,325,2481,0.116915
5,326,2482,0.114760
5,326,2482,0.118118
5,326,2482,0.118719
5,326,2482,0.116784
5,326,2482,0.118462
5,326,2482,0.116206
5,326,2482,0.115492
5,326,2482,0.117609
5,327,2483,0.115159
5,327,2483,0.114295
5,327,2483,0.113663
5,327,2483,0.118430
5,327,2483,0.120388
5,327,2483,0.116555
5,327,2483,0.115252
5,327,2483,0.120127
5,328,2484,0.115360
5,328,2484,0.124092
5,328,2484,0.116061
5,328,2484,0.116411
5,328,2484,0.119803
5,328,2484,0.118755
5,328,2484,0.114826
5,328,2484,0.115332
5,329,2485,0.115967
5,329,2485,0.120091
5,329,2485,0.119202
5,329,2485,0.119097
5,329,2485,0.123974
5,329,2485,0.118082
5,329,2485,0.117195
5,329,2485,0.118976
5,330,2486,0.115680
5,330,2486,0.119761
5,330,2486,0.116834
5,330,2486,0.116958
5,330,2486,0.117218
5,330,2486,0.120533
5,330,2486,0.113977
5,330,2486,0.115337
5,331,2487,0.115098
5,331,2487,0.116890
5,331,2487,0.116650
5,331,2487,0.113603
5,331,2487,0.118996
5,331,2487,0.116612
5,331,2487,0.113538
5,331,2487,0.118898
5,332,2488,0.120124
5,332,2488,0.117852
5,332,2488,0.119274
5,332,2488,0.116280
5,332,2488,0.114385
5,332,2488,0.117592
5,332,2488,0.120479
5,332,2488,0.121805
5,333,2489,0.117780
5,333,2489,0.114162
5,333,2489,0.114257
5,333,2489,0.117385
5,333,2489,0.115912
5,333,2489,0.115933
5,333,2489,0.118896
5,333,2489,0.116394
5,334,2490,0.119524
5,334,2490,0.118360
5,334,2490,0.122975
5,334,2490,0.116286
5,334,2490,0.119622
5,334,2490,0.115431
5,334,2490,0.117276
5,334,2490,0.114798
5,335,2491,0.116959
5,335,2491,0.116418
5,335,2491,0.116106
5,335,2491,0.116539
5,335,2491,0.121518
5,335,2491,0.115836
5,335,2491,0.118648
5,335,2491,0.113229
5,336,2492,0.114098
5,336,2492,0.117096
5,336,2492,0.114647
5,336,2492,0.115630
5,336,2492,0.123042
5,336,2492,0.113796
5,336,2492,0.115331
5,336,2492,0.112265
5,337,2493,0.119289
5,337,2493,0.114141
5,337,2493,0.114322
5,337,2493,0.113779
5,337,2493,0.114760
5,337,2493,0.114542
5,337,2493,0.114142
5,337,2493,0.114098
5,338,2494,0.116238
5,338,2494,0.115629
5,338,2494,0.115057
5,338,2494,0.117859
5,338,2494,0.115095
5,338,2494,0.120159
5,338,2494,0.119327
5,338,2494,0.114678
5,339,2495,0.116751
5,339,2495,0.114927
5,339,2495,0.120160
5,339,2495,0.120355
5,339,2495,0.114506
5,339,2495,0.111955
5,339,2495,0.120776
5,339,2495,0.111788
5,340,2496,0.119879
5,340,2496,0.114488
5,340,2496,0.118734
5,340,2496,0.117492
5,340,2496,0.121916
5,340,2496,0.120430
5,340,2496,0.118417
5,340,2496,0.118731
5,341,2497,0.116736
5,341,2497,0.113450
5,341,2497,0.118855
5,341,2497,0.114356
5,341,2497,0.118328
5,341,2497,0.116449
5,341,2497,0.117883
5,341,2497,0.115741
5,342,2498,0.117135
5,342,2498,0.119041
5,342,2498,0.116926
5,342,2498,0.115941
5,342,2498,0.120957
5,342,2498,0.115249
5,342,2498,0.113164
5,342,2498,0.121711
5,343,2499,0.122646
5,343,2499,0.114483
5,343,2499,0.116568
5,343,2499,0.113192
5,343,2499,0.115799
5,343,2499,0.114947
5,343,2499,0.119504
5,343,2499,0.116658
5,344,2500,0.116392
5,344,2500,0.114923
5,344,2500,0.115889
5,344,2500,0.116490
5,344,2500,0.116510
5,344,2500,0.122070
5,344,2500,0.118117
5,344,2500,0.115439
5,345,2501,0.121596
5,345,2501,0.116550
5,345,2501,0.114591
5,345,2501,0.113514
5,345,2501,0.117442
5,345,2501,0.113781
5,345,2501,0.116473
5,345,2501,0.115018
5,346,2502,0.121597
5,346,2502,0.117784
5,346,2502,0.114967
5,346,2502,0.119843
5,346,2502,0.118279
5,346,2502,0.116256
5,346,2502,0.114323
5,346,2502,0.114743
5,347,2503,0.119077
5,347,2503,0.120489
5,347,2503,0.115733
5,347,2503,0.115966
5,347,2503,0.119235
5,347,2503,0.112849
5,347,2503,0.118673
5,347,2503,0.115908
5,348,2504,0.120253
5,348,2504,0.115622
5,348,2504,0.123116
5,348,2504,0.119594
5,348,2504,0.117856
5,348,2504,0.120485
5,348,2504,0.113229
5,348,2504,0.116787
5,349,2505,0.116930
5,349,2505,0.118925
5,349,2505,0.116957
5,349,2505,0.114801
5,349,2505,0.120209
5,349,2505,0.119262
5,349,2505,0.114086
5,349,2505,0.115030
5,350,2506,0.116053
5,350,2506,0.114282
5,350,2506,0.117421
5,350,2506,0.117190
5,350,2506,0.119842
5,350,2506,0.120998
5,350,2506,0.115539
5,350,2506,0.115101
5,351,2507,0.114843
5,351,2507,0.118589
5,351,2507,0.117194
5,351,2507,0.112726
5,351,2507,0.116715
5,351,2507,0.115583
5,351,2507,0.115174
5,351,2507,0.116267
5,352,2508,0.115052
5,352,2508,0.119292
5,352,2508,0.115061
5,352,2508,0.135803
5,352,2508,0.115899
5,352,2508,0.121599
5,352,2508,0.116771
5,352,2508,0.116198
5,353,2509,0.116323
5,353,2509,0.116388
5,353,2509,0.118329
5,353,2509,0.113854
5,353,2509,0.119321
5,353,2509,0.114391
5,353,2509,0.116461
5,353,2509,0.117757
5,354,2510,0.115443
5,354,2510,0.116616
5,354,2510,0.117234
5,354,2510,0.115487
5,354,2510,0.114592
5,354,2510,0.121491
5,354,2510,0.115293
5,354,2510,0.116730
5,355,2511,0.113738
5,355,2511,0.114876
5,355,2511,0.117149
5,355,2511,0.117397
5,355,2511,0.119532
5,355,2511,0.117942
5,355,2511,0.123985
5,355,2511,0.120356
5,356,2512,0.117681
5,356,2512,0.122979
5,356,2512,0.116057
5,356,2512,0.118339
5,356,2512,0.121962
5,356,2512,0.117919
5,356,2512,0.117567
5,356,2512,0.118318
5,357,2513,0.124119
5,357,2513,0.121923
5,357,2513,0.119194
5,357,2513,0.115888
5,357,2513,0.117516
5,357,2513,0.117373
5,357,2513,0.117564
5,357,2513,0.115677
5,358,2514,0.116611
5,358,2514,0.115473
5,358,2514,0.113224
5,358,2514,0.117109
5,358,2514,0.118961
5,358,2514,0.119886
5,358,2514,0.112441
5,358,2514,0.115129
5,359,2515,0.117712
5,359,2515,0.118552
5,359,2515,0.115919
5,359,2515,0.114594
5,359,2515,0.114839
5,359,2515,0.111767
5,359,2515,0.116841
5,359,2515,0.117756
5,360,2516,0.116525
5,360,2516,0.123895
5,360,2516,0.117685
5,360,2516,0.116382
5,360,2516,0.119602
5,360,2516,0.115023
5,360,2516,0.120407
5,360,2516,0.119050
5,361,2517,0.116210
5,361,2517,0.114516
5,361,2517,0.119959
5,361,2517,0.118107
5,361,2517,0.113579
5,361,2517,0.117855
5,361,2517,0.116052
5,361,2517,0.116610
5,362,2518,0.115568
5,362,2518,0.115286
5,362,2518,0.115667
5,362,2518,0.117071
5,362,2518,0.118151
5,362,2518,0.114461
5,362,2518,0.116783
5,362,2518,0.117406
5,363,2519,0.115671
5,363,2519,0.114281
5,363,2519,0.112941
5,363,2519,0.117870
5,363,2519,0.116443
5,363,2519,0.117290
5,363,2519,0.115823
5,363,2519,0.118717
5,364,2520,0.114980
5,364,2520,0.115963
5,364,2520,0.114488
5,364,2520,0.116270
5,364,2520,0.118405
5,364,2520,0.116093
5,364,2520,0.119797
5,364,2520,0.118355
5,365,2521,0.115988
5,365,2521,0.117017
5,365,2521,0.116013
5,365,2521,0.118758
5,365,2521,0.116807
5,365,2521,0.119822
5,365,2521,0.113662
5,365,2521,0.117541
5,366,2522,0.115502
5,366,2522,0.113423
5,366,2522,0.116805
5,366,2522,0.114694
5,366,2522,0.115580
5,366,2522,0.114763
5,366,2522,0.116846
5,366,2522,0.115516
5,367,2523,0.121065
5,367,2523,0.119849
5,367,2523,0.118834
5,367,2523,0.114988
5,367,2523,0.116741
5,367,2523,0.118093
5,367,2523,0.116330
5,367,2523,0.117646
5,368,2524,0.117378
5,368,2524,0.117492
5,368,2524,0.115655
5,368,2524,0.113453
5,368,2524,0.113054
5,368,2524,0.116268
5,368,2524,0.116211
5,368,2524,0.119779
5,369,2525,0.117213
5,369,2525,0.119711
5,369,2525,0.119058
5,369,2525,0.115108
5,369,2525,0.120694
5,369,2525,0.121484
5,369,2525,0.113123
5,369,2525,0.116087
5,370,2526,0.114459
5,370,2526,0.116297
5,370,2526,0.119292
5,370,2526,0.119601
5,370,2526,0.114596
5,370,2526,0.116572
5,370,2526,0.115759
5,370,2526,0.118205
5,371,2527,0.117868
5,371,2527,0.116975
5,371,2527,0.117017
5,371,2527,0.115905
5,371,2527,0.123279
5,371,2527,0.112928
5,371,2527,0.116510
5,371,2527,0.113913
5,372,2528,0.121546
5,372,2528,0.113041
5,372,2528,0.117473
5,372,2528,0.114920
5,372,2528,0.117574
5,372,2528,0.118603
5,372,2528,0.115049
5,372,2528,0.116093
5,373,2529,0.121257
5,373,2529,0.118064
5,373,2529,0.112971
5,373,2529,0.113962
5,373,2529,0.116993
5,373,2529,0.122667
5,373,2529,0.118560
5,373,2529,0.117698
5,374,2530,0.116635
5,374,2530,0.117935
5,374,2530,0.120681
5,374,2530,0.114523
5,374,2530,0.115857
5,374,2530,0.113573
5,374,2530,0.114859
5,374,2530,0.117966
5,375,2531,0.117090
5,375,2531,0.115667
5,375,2531,0.119010
5,375,2531,0.116020
5,375,2531,0.114741
5,375,2531,0.122090
5,375,2531,0.120405
5,375,2531,0.116225
5,376,2532,0.114026
5,376,2532,0.114741
5,376,2532,0.113894
5,376,2532,0.114961
5,376,2532,0.117810
5,376,2532,0.117931
5,376,2532,0.122263
5,376,2532,0.116819
5,377,2533,0.116239
5,377,2533,0.121221
5,377,2533,0.116117
5,377,2533,0.114310
5,377,2533,0.115867
5,377,2533,0.116951
5,377,2533,0.117117
5,377,2533,0.117900
5,378,2534,0.113721
5,378,2534,0.114903
5,378,2534,0.114548
5,378,2534,0.115226
5,378,2534,0.115100
5,378,2534,0.115157
5,378,2534,0.117887
5,378,2534,0.119888
5,379,2535,0.118880
5,379,2535,0.118625
5,379,2535,0.123960
5,379,2535,0.116039
5,379,2535,0.114912
5,379,2535,0.114886
5,379,2535,0.115366
5,379,2535,0.120344
5,380,2536,0.115508
5,380,2536,0.118561
5,380,2536,0.118807
5,380,2536,0.116908
5,380,2536,0.118146
5,380,2536,0.114689
5,380,2536,0.114114
5,380,2536,0.114738
5,381,2537,0.114954
5,381,2537,0.111988
5,381,2537,0.117775
5,381,2537,0.114707
5,381,2537,0.118955
5,381,2537,0.117880
5,381,2537,0.121798
5,381,2537,0.115853
5,382,2538,0.115618
5,382,2538,0.121408
5,382,2538,0.112154
5,382,2538,0.113769
5,382,2538,0.114893
5,382,2538,0.123187
5,382,2538,0.118161
5,382,2538,0.113944
5,383,2539,0.116566
5,383,2539,0.114558
5,383,2539,0.113383
5,383,2539,0.117557
5,383,2539,0.115564
5,383,2539,0.117678
5,383,2539,0.118363
5,383,2539,0.121048
5,384,2540,0.115956
5,384,2540,0.117640
5,384,2540,0.111793
5,384,2540,0.118547
5,384,2540,0.115949
5,384,2540,0.115662
5,384,2540,0.119034
5,384,2540,0.116059
5,385,2541,0.115391
5,385,2541,0.117467
5,385,2541,0.114231
5,385,2541,0.116960
5,385,2541,0.117553
5,385,2541,0.114973
5,385,2541,0.114891
5,385,2541,0.116078
5,386,2542,0.112976
5,386,2542,0.113395
5,386,2542,0.116608
5,386,2542,0.122378
5,386,2542,0.112762
5,386,2542,0.118451
5,386,2542,0.114058
5,386,2542,0.116763
5,387,2543,0.117041
5,387,2543,0.114050
5,387,2543,0.116647
5,387,2543,0.120411
5,387,2543,0.118173
5,387,2543,0.116733
5,387,2543,0.116216
5,387,2543,0.118161
5,388,2544,0.114943
5,388,2544,0.117407
5,388,2544,0.115564
5,388,2544,0.115740
5,388,2544,0.117511
5,388,2544,0.116744
5,388,2544,0.116066
5,388,2544,0.116495
5,389,2545,0.116878
5,389,2545,0.117537
5,389,2545,0.116339
5,389,2545,0.115962
5,389,2545,0.116344
5,389,2545,0.117563
5,389,2545,0.113301
5,389,2545,0.114602
5,390,2546,0.116758
5,390,2546,0.114328
5,390,2546,0.111661
5,390,2546,0.115065
5,390,2546,0.116883
5,390,2546,0.118865
5,390,2546,0.116474
5,390,2546,0.117187
5,391,2547,0.117132
5,391,2547,0.115770
5,391,2547,0.114936
5,391,2547,0.117236
5,391,2547,0.117436
5,391,2547,0.119948
5,391,2547,0.117793
5,391,2547,0.114286
5,392,2548,0.112625
5,392,2548,0.117677
5,392,2548,0.112511
5,392,2548,0.119870
5,392,2548,0.113356
5,392,2548,0.121721
5,392,2548,0.120521
5,392,2548,0.114999
5,393,2549,0.119068
5,393,2549,0.114437
5,393,2549,0.118502
5,393,2549,0.122883
5,393,2549,0.118415
5,393,2549,0.119956
5,393,2549,0.116533
5,393,2549,0.118251
5,394,2550,0.117973
5,394,2550,0.120270
5,394,2550,0.116166
5,394,2550,0.114600
5,394,2550,0.117158
5,394,2550,0.117640
5,394,2550,0.115623
5,394,2550,0.114592
5,395,2551,0.114442
5,395,2551,0.115434
5,395,2551,0.112966
5,395,2551,0.117344
5,395,2551,0.114788
5,395,2551,0.116430
5,395,2551,0.119165
5,395,2551,0.112244
5,396,2552,0.113835
5,396,2552,0.115280
5,396,2552,0.117198
5,396,2552,0.114218
5,396,2552,0.119209
5,396,2552,0.118449
5,396,2552,0.115160
5,396,2552,0.118516
5,397,2553,0.117075
5,397,2553,0.113470
5,397,2553,0.114105
5,397,2553,0.115805
5,397,2553,0.115814
5,397,2553,0.117493
5,397,2553,0.113709
5,397,2553,0.115721
5,398,2554,0.120047
5,398,2554,0.115276
5,398,2554,0.117545
5,398,2554,0.118826
5,398,2554,0.118492
5,398,2554,0.116775
5,398,2554,0.120360
5,398,2554,0.121068
5,399,2555,0.118884
5,399,2555,0.121384
5,399,2555,0.113368
5,399,2555,0.118564
5,399,2555,0.117289
5,399,2555,0.112430
5,399,2555,0.110656
5,399,2555,0.116977
5,400,2556,0.117755
5,400,2556,0.118380
5,400,2556,0.115965
5,400,2556,0.120151
5,400,2556,0.119054
5,400,2556,0.122332
5,400,2556,0.119169
5,400,2556,0.117385
5,401,2557,0.118103
5,401,2557,0.119634
5,401,2557,0.118350
5,401,2557,0.119256
5,401,2557,0.116759
5,401,2557,0.116577
5,401,2557,0.117134
5,401,2557,0.116595
5,402,2558,0.116246
5,402,2558,0.113637
5,402,2558,0.113619
5,402,2558,0.118762
5,402,2558,0.113836
5,402,2558,0.116874
5,402,2558,0.115595
5,402,2558,0.116679
5,403,2559,0.117337
5,403,2559,0.117370
5,403,2559,0.122534
5,403,2559,0.119046
5,403,2559,0.114756
5,403,2559,0.114916
5,403,2559,0.114123
5,403,2559,0.117380
5,404,2560,0.121935
5,404,2560,0.115944
5,404,2560,0.123019
5,404,2560,0.116427
5,404,2560,0.114798
5,404,2560,0.117513
5,404,2560,0.116994
5,404,2560,0.117198
5,405,2561,0.117870
5,405,2561,0.121093
5,405,2561,0.116054
5,405,2561,0.120331
5,405,2561,0.114019
5,405,2561,0.118705
5,405,2561,0.114034
5,405,2561,0.117520
5,406,2562,0.113214
5,406,2562,0.112492
5,406,2562,0.116306
5,406,2562,0.118834
5,406,2562,0.114265
5,406,2562,0.117552
5,406,2562,0.116890
5,406,2562,0.113370
5,407,2563,0.117461
5,407,2563,0.113519
5,407,2563,0.115461
5,407,2563,0.117060
5,407,2563,0.112555
5,407,2563,0.116165
5,407,2563,0.118772
5,407,2563,0.114511
5,408,2564,0.114950
5,408,2564,0.115973
5,408,2564,0.113663
5,408,2564,0.116393
5,408,2564,0.120064
5,408,2564,0.113069
5,408,2564,0.120069
5,408,2564,0.115389
5,409,2565,0.116956
5,409,2565,0.116213
5,409,2565,0.114789
5,409,2565,0.119528
5,409,2565,0.120359
5,409,2565,0.113885
5,409,2565,0.113936
5,409,2565,0.117123
5,410,2566,0.118720
5,410,2566,0.115721
5,410,2566,0.120790
5,410,2566,0.118651
5,410,2566,0.114871
5,410,2566,0.115870
5,410,2566,0.114163
5,410,2566,0.112950
5,411,2567,0.114822
5,411,2567,0.112187
5,411,2567,0.119743
5,411,2567,0.118901
5,411,2567,0.116319
5,411,2567,0.114619
5,411,2567,0.115117
5,411,2567,0.118344
5,412,2568,0.115569
5,412,2568,0.117637
5,412,2568,0.118028
5,412,2568,0.116036
5,412,2568,0.113027
5,412,2568,0.121222
5,412,2568,0.116057
5,412,2568,0.120300
5,413,2569,0.116550
5,413,2569,0.114453
5,413,2569,0.115413
5,413,2569,0.115954
5,413,2569,0.118137
5,413,2569,0.116276
5,413,2569,0.115310
5,413,2569,0.115320
5,414,2570,0.115162
5,414,2570,0.116567
5,414,2570,0.119138
5,414,2570,0.113904
5,414,2570,0.116748
5,414,2570,0.118132
5,414,2570,0.115307
5,414,2570,0.115609
5,415,2571,0.116397
5,415,2571,0.117670
5,415,2571,0.115682
5,415,2571,0.111784
5,415,2571,0.117484
5,415,2571,0.114574
5,415,2571,0.114434
5,415,2571,0.117373
5,416,2572,0.116147
5,416,2572,0.114467
5,416,2572,0.120766
5,416,2572,0.117340
5,416,2572,0.120662
5,416,2572,0.122154
5,416,2572,0.114342
5,416,2572,0.115210
5,417,2573,0.118530
5,417,2573,0.113669
5,417,2573,0.116229
5,417,2573,0.122335
5,417,2573,0.116298
5,417,2573,0.114358
5,417,2573,0.117569
5,417,2573,0.118026
5,418,2574,0.118821
5,418,2574,0.111733
5,418,2574,0.119833
5,418,2574,0.120292
5,418,2574,0.119462
5,418,2574,0.116876
5,418,2574,0.113430
5,418,2574,0.115572
5,419,2575,0.116810
5,419,2575,0.117552
5,419,2575,0.120923
5,419,2575,0.114364
5,419,2575,0.117588
5,419,2575,0.118391
5,419,2575,0.114233
5,419,2575,0.116470
5,420,2576,0.119012
5,420,2576,0.117065
5,420,2576,0.112306
5,420,2576,0.116638
5,420,2576,0.117379
5,420,2576,0.114386
5,420,2576,0.115248
5,420,2576,0.119839
5,421,2577,0.114336
5,421,2577,0.114412
5,421,2577,0.116364
5,421,2577,0.116790
5,421,2577,0.116029
5,421,2577,0.118055
5,421,2577,0.118554
5,421,2577,0.122549
5,422,2578,0.115290
5,422,2578,0.115180
5,422,2578,0.115662
5,422,2578,0.115907
5,422,2578,0.114663
5,422,2578,0.114313
5,422,2578,0.118880
5,422,2578,0.121842
5,423,2579,0.117757
5,423,2579,0.114996
5,423,2579,0.122948
5,423,2579,0.116445
5,423,2579,0.119783
5,423,2579,0.114470
5,423,2579,0.116358
5,423,2579,0.115353
5,424,2580,0.113685
5,424,2580,0.115651
5,424,2580,0.119554
5,424,2580,0.115297
5,424,2580,0.117223
5,424,2580,0.118215
5,424,2580,0.113327
5,424,2580,0.116488
5,425,2581,0.121963
5,425,2581,0.116788
5,425,2581,0.115087
5,425,2581,0.114004
5,425,2581,0.121368
5,425,2581,0.117470
5,425,2581,0.113689
5,425,2581,0.116675
5,426,2582,0.116141
5,426,2582,0.120634
5,426,2582,0.117009
5,426,2582,0.116858
5,426,2582,0.117286
5,426,2582,0.120295
5,426,2582,0.117664
5,426,2582,0.113502
5,427,2583,0.118373
5,427,2583,0.113244
5,427,2583,0.117948
5,427,2583,0.116671
5,427,2583,0.116069
5,427,2583,0.117763
5,427,2583,0.120275
5,427,2583,0.117369
5,428,2584,0.114566
5,428,2584,0.116164
5,428,2584,0.115165
5,428,2584,0.116454
5,428,2584,0.113429
5,428,2584,0.118679
5,428,2584,0.116003
5,428,2584,0.116483
5,429,2585,0.116069
5,429,2585,0.115124
5,429,2585,0.114071
5,429,2585,0.116875
5,429,2585,0.119220
5,429,2585,0.117433
5,429,2585,0.115650
5,429,2585,0.115119
5,430,2586,0.117201
5,430,2586,0.116432
5,430,2586,0.112529
5,430,2586,0.116440
5,430,2586,0.115849
5,430,2586,0.117006
5,430,2586,0.120156
5,430,2586,0.116124
5,431,2587,0.114856
5,431,2587,0.115638
5,431,2587,0.118610
5,431,2587,0.119048
5,431,2587,0.116525
5,431,2587,0.119942
5,431,2587,0.118494
5,431,2587,0.119745
5,432,2588,0.117428
5,432,2588,0.120692
5,432,2588,0.120603
5,432,2588,0.116639
5,432,2588,0.117728
5,432,2588,0.114531
5,432,2588,0.117409
5,432,2588,0.116682
5,433,2589,0.116543
5,433,2589,0.116271
5,433,2589,0.120365
5,433,2589,0.118604
5,433,2589,0.121089
5,433,2589,0.117240
5,433,2589,0.121291
5,433,2589,0.118141
5,434,2590,0.117099
5,434,2590,0.117739
5,434,2590,0.115376
5,434,2590,0.116867
5,434,2590,0.121424
5,434,2590,0.118267
5,434,2590,0.116425
5,434,2590,0.116457
5,435,2591,0.112711
5,435,2591,0.115602
5,435,2591,0.119662
5,435,2591,0.119283
5,435,2591,0.116230
5,435,2591,0.116537
5,435,2591,0.115737
5,435,2591,0.119478
5,436,2592,0.116661
5,436,2592,0.116054
5,436,2592,0.117383
5,436,2592,0.114556
5,436,2592,0.115530
5,436,2592,0.112398
5,436,2592,0.117004
5,436,2592,0.115836
5,437,2593,0.115555
5,437,2593,0.116432
5,437,2593,0.117777
5,437,2593,0.117198
5,437,2593,0.117274
5,437,2593,0.119134
5,437,2593,0.116963
5,437,2593,0.117879
5,438,2594,0.116585
5,438,2594,0.115554
5,438,2594,0.114050
5,438,2594,0.117552
5,438,2594,0.119139
5,438,2594,0.116320
5,438,2594,0.112949
5,438,2594,0.117492
5,439,2595,0.112844
5,439,2595,0.112811
5,439,2595,0.117193
5,439,2595,0.115826
5,439,2595,0.113216
5,439,2595,0.123213
5,439,2595,0.121019
5,439,2595,0.119552
5,440,2596,0.116358
5,440,2596,0.115205
5,440,2596,0.115454
5,440,2596,0.120526
5,440,2596,0.116325
5,440,2596,0.116365
5,440,2596,0.116368
5,440,2596,0.115873
5,441,2597,0.120742
5,441,2597,0.117867
5,441,2597,0.122468
5,441,2597,0.116280
5,441,2597,0.116771
5,441,2597,0.113952
5,441,2597,0.118001
5,441,2597,0.114887
5,442,2598,0.116130
5,442,2598,0.117476
5,442,2598,0.117245
5,442,2598,0.114923
5,442,2598,0.117203
5,442,2598,0.114317
5,442,2598,0.116800
5,442,2598,0.118408
5,443,2599,0.112988
5,443,2599,0.117811
5,443,2599,0.112487
5,443,2599,0.120959
5,443,2599,0.116588
5,443,2599,0.114049
5,443,2599,0.117190
5,443,2599,0.116813
5,444,2600,0.121658
5,444,2600,0.116279
5,444,2600,0.119911
5,444,2600,0.115822
5,444,2600,0.121893
5,444,2600,0.113938
5,444,2600,0.118427
5,444,2600,0.118128
5,445,2601,0.119549
5,445,2601,0.117413
5,445,2601,0.114310
5,445,2601,0.116729
5,445,2601,0.114119
5,445,2601,0.113012
5,445,2601,0.116021
5,445,2601,0.117023
5,446,2602,0.115218
5,446,2602,0.115147
5,446,2602,0.117172
5,446,2602,0.118604
5,446,2602,0.114764
5,446,2602,0.116547
5,446,2602,0.114198
5,446,2602,0.115122
5,447,2603,0.118686
5,447,2603,0.114788
5,447,2603,0.117776
5,447,2603,0.115595
5,447,2603,0.118760
5,447,2603,0.116912
5,447,2603,0.115731
5,447,2603,0.118230
5,448,2604,0.113760
5,448,2604,0.113607
5,448,2604,0.117702
5,448,2604,0.115980
5,448,2604,0.116332
5,448,2604,0.115348
5,448,2604,0.118608
5,448,2604,0.117448
5,449,2605,0.116535
5,449,2605,0.121692
5,449,2605,0.119317
5,449,2605,0.115686
5,449,2605,0.114484
5,449,2605,0.115653
5,449,2605,0.117170
5,449,2605,0.120192
5,450,2606,0.114157
5,450,2606,0.118261
5,450,2606,0.122545
5,450,2606,0.115709
5,450,2606,0.115191
5,450,2606,0.113555
5,450,2606,0.114872
5,450,2606,0.116304
5,451,2607,0.115770
5,451,2607,0.114598
5,451,2607,0.114464
5,451,2607,0.121354
5,451,2607,0.116291
5,451,2607,0.115538
5,451,2607,0.119816
5,451,2607,0.118838
5,452,2608,0.117518
5,452,2608,0.115366
5,452,2608,0.115818
5,452,2608,0.115561
5,452,2608,0.114348
5,452,2608,0.116482
5,452,2608,0.117224
5,452,2608,0.112948
5,453,2609,0.118080
5,453,2609,0.118396
5,453,2609,0.118135
5,453,2609,0.119167
5,453,2609,0.116665
5,453,2609,0.119252
5,453,2609,0.116551
5,453,2609,0.117861
5,454,2610,0.117415
5,454,2610,0.115895
5,454,2610,0.115965
5,454,2610,0.114598
5,454,2610,0.115620
5,454,2610,0.126971
5,454,2610,0.114920
5,454,2610,0.115159
5,455,2611,0.118821
5,455,2611,0.113845
5,455,2611,0.118527
5,455,2611,0.115892
5,455,2611,0.113478
5,455,2611,0.119663
5,455,2611,0.116015
5,455,2611,0.116845
5,456,2612,0.120110
5,456,2612,0.120170
5,456,2612,0.114955
5,456,2612,0.117113
5,456,2612,0.113107
5,456,2612,0.115833
5,456,2612,0.118864
5,456,2612,0.119222
5,457,2613,0.114701
5,457,2613,0.119384
5,457,2613,0.116461
5,457,2613,0.119427
5,457,2613,0.116622
5,457,2613,0.121506
5,457,2613,0.115085
5,457,2613,0.118908
5,458,2614,0.115904
5,458,2614,0.115336
5,458,2614,0.112373
5,458,2614,0.115863
5,458,2614,0.116308
5,458,2614,0.113384
5,458,2614,0.126254
5,458,2614,0.113955
5,459,2615,0.119091
5,459,2615,0.118169
5,459,2615,0.115153
5,459,2615,0.114013
5,459,2615,0.120448
5,459,2615,0.112511
5,459,2615,0.117314
5,459,2615,0.116210
5,460,2616,0.113431
5,460,2616,0.114411
5,460,2616,0.115870
5,460,2616,0.114278
5,460,2616,0.118490
5,460,2616,0.115587
5,460,2616,0.118500
5,460,2616,0.114495
5,461,2617,0.121180
5,461,2617,0.118364
5,461,2617,0.112102
5,461,2617,0.119572
5,461,2617,0.115279
5,461,2617,0.117639
5,461,2617,0.120920
5,461,2617,0.117642
5,462,2618,0.118381
5,462,2618,0.117362
5,462,2618,0.113787
5,462,2618,0.121239
5,462,2618,0.117297
5,462,2618,0.117060
5,462,2618,0.113674
5,462,2618,0.114280
5,463,2619,0.115369
5,463,2619,0.116280
5,463,2619,0.119747
5,463,2619,0.115284
5,463,2619,0.115520
5,463,2619,0.119803
5,463,2619,0.115485
5,463,2619,0.114147
5,464,2620,0.118816
5,464,2620,0.112806
5,464,2620,0.113901
5,464,2620,0.115563
5,464,2620,0.116007
5,464,2620,0.115498
5,464,2620,0.114039
5,464,2620,0.123770
5,465,2621,0.116684
5,465,2621,0.117909
5,465,2621,0.115699
5,465,2621,0.113827
5,465,2621,0.116239
5,465,2621,0.113428
5,465,2621,0.117927
5,465,2621,0.119903
5,466,2622,0.115499
5,466,2622,0.116437
5,466,2622,0.116742
5,466,2622,0.116176
5,466,2622,0.117973
5,466,2622,0.115107
5,466,2622,0.117794
5,466,2622,0.116899
5,467,2623,0.115664
5,467,2623,0.112336
5,467,2623,0.112849
5,467,2623,0.114323
5,467,2623,0.113950
5,467,2623,0.116266
5,467,2623,0.117671
5,467,2623,0.120299
5,468,2624,0.114369
5,468,2624,0.117336
5,468,2624,0.115764
5,468,2624,0.117902
5,468,2624,0.115093
5,468,2624,0.118555
5,468,2624,0.113476
5,468,2624,0.119874
5,469,2625,0.113274
5,469,2625,0.115377
5,469,2625,0.114653
5,469,2625,0.118539
5,469,2625,0.115125
5,469,2625,0.115457
5,469,2625,0.116748
5,469,2625,0.115153
5,470,2626,0.119137
5,470,2626,0.115208
5,470,2626,0.115898
5,470,2626,0.121967
5,470,2626,0.119218
5,470,2626,0.116118
5,470,2626,0.116685
5,470,2626,0.117773
5,471,2627,0.115693
5,471,2627,0.120154
5,471,2627,0.118247
5,471,2627,0.116462
5,471,2627,0.114493
5,471,2627,0.117788
5,471,2627,0.116934
5,471,2627,0.113428
5,472,2628,0.116716
5,472,2628,0.114042
5,472,2628,0.114438
5,472,2628,0.117551
5,472,2628,0.114397
5,472,2628,0.116740
5,472,2628,0.116576
5,472,2628,0.117833
5,473,2629,0.119786
5,473,2629,0.114221
5,473,2629,0.117854
5,473,2629,0.119691
5,473,2629,0.120467
5,473,2629,0.118180
5,473,2629,0.121786
5,473,2629,0.114445
5,474,2630,0.115444
5,474,2630,0.115795
5,474,2630,0.116364
5,474,2630,0.115403
5,474,2630,0.117960
5,474,2630,0.116187
5,474,2630,0.119885
5,474,2630,0.120457
5,475,2631,0.113650
5,475,2631,0.117560
5,475,2631,0.113328
5,475,2631,0.118797
5,475,2631,0.116817
5,475,2631,0.117275
5,475,2631,0.115298
5,475,2631,0.115068
5,476,2632,0.116916
5,476,2632,0.116162
5,476,2632,0.120644
5,476,2632,0.117614
5,476,2632,0.116311
5,476,2632,0.115612
5,476,2632,0.115206
5,476,2632,0.115933
5,477,2633,0.115521
5,477,2633,0.113144
5,477,2633,0.116518
5,477,2633,0.118584
5,477,2633,0.116839
5,477,2633,0.121603
5,477,2633,0.115133
5,477,2633,0.115786
5,478,2634,0.120185
5,478,2634,0.116114
5,478,2634,0.113510
5,478,2634,0.116854
5,478,2634,0.114549
5,478,2634,0.118587
5,478,2634,0.115822
5,478,2634,0.121419
5,479,2635,0.115677
5,479,2635,0.121591
5,479,2635,0.119115
5,479,2635,0.116414
5,479,2635,0.116513
5,479,2635,0.119908
5,479,2635,0.118272
5,479,2635,0.119512
5,480,2636,0.116379
5,480,2636,0.117571
5,480,2636,0.116615
5,480,2636,0.117291
5,480,2636,0.116112
5,480,2636,0.115666
5,480,2636,0.119501
5,480,2636,0.117216
5,481,2637,0.117322
5,481,2637,0.118263
5,481,2637,0.117736
5,481,2637,0.120318
5,481,2637,0.120057
5,481,2637,0.114387
5,481,2637,0.118752
5,481,2637,0.118344
5,482,2638,0.117650
5,482,2638,0.115867
5,482,2638,0.119797
5,482,2638,0.117362
5,482,2638,0.116479
5,482,2638,0.116492
5,482,2638,0.116589
5,482,2638,0.126268
5,483,2639,0.124471
5,483,2639,0.117007
5,483,2639,0.115817
5,483,2639,0.116242
5,483,2639,0.115180
5,483,2639,0.116540
5,483,2639,0.114381
5,483,2639,0.120067
5,484,2640,0.119139
5,484,2640,0.115473
5,484,2640,0.117675
5,484,2640,0.119754
5,484,2640,0.119142
5,484,2640,0.114797
5,484,2640,0.117988
5,484,2640,0.118812
5,485,2641,0.116268
5,485,2641,0.114083
5,485,2641,0.116869
5,485,2641,0.118128
5,485,2641,0.115153
5,485,2641,0.113942
5,485,2641,0.118798
5,485,2641,0.116016
5,486,2642,0.114038
5,486,2642,0.116060
5,486,2642,0.117966
5,486,2642,0.120217
5,486,2642,0.117805
5,486,2642,0.115402
5,486,2642,0.111266
5,486,2642,0.116086
5,487,2643,0.125867
5,487,2643,0.116844
5,487,2643,0.113365
5,487,2643,0.118247
5,487,2643,0.117285
5,487,2643,0.114409
5,487,2643,0.115984
5,487,2643,0.121126
5,488,2644,0.116254
5,488,2644,0.115646
5,488,2644,0.116640
5,488,2644,0.122347
5,488,2644,0.115718
5,488,2644,0.116191
5,488,2644,0.120407
5,488,2644,0.115516
5,489,2645,0.118914
5,489,2645,0.124329
5,489,2645,0.118823
5,489,2645,0.121068
5,489,2645,0.111903
5,489,2645,0.118059
5,489,2645,0.118227
5,489,2645,0.120236
5,490,2646,0.115366
5,490,2646,0.116209
5,490,2646,0.115345
5,490,2646,0.114395
5,490,2646,0.122607
5,490,2646,0.113326
5,490,2646,0.115759
5,490,2646,0.123609
5,491,2647,0.117214
5,491,2647,0.116595
5,491,2647,0.120998
5,491,2647,0.113929
5,491,2647,0.116905
5,491,2647,0.118611
5,491,2647,0.117214
5,491,2647,0.115272
5,492,2648,0.113505
5,492,2648,0.114230
5,492,2648,0.117699
5,492,2648,0.114909
5,492,2648,0.114803
5,492,2648,0.116135
5,492,2648,0.117163
5,492,2648,0.121006
5,493,2649,0.116941
5,493,2649,0.116776
5,493,2649,0.122330
5,493,2649,0.113260
5,493,2649,0.114337
5,493,2649,0.114566
5,493,2649,0.118070
5,493,2649,0.121282
5,494,2650,0.120059
5,494,2650,0.113828
5,494,2650,0.116230
5,494,2650,0.120948
5,494,2650,0.115614
5,494,2650,0.114491
5,494,2650,0.118853
5,494,2650,0.116156
5,495,2651,0.119929
5,495,2651,0.115615
5,495,2651,0.121067
5,495,2651,0.118054
5,495,2651,0.117191
5,495,2651,0.125695
5,495,2651,0.115219
5,495,2651,0.116954
5,496,2652,0.115500
5,496,2652,0.112610
5,496,2652,0.121366
5,496,2652,0.116220
5,496,2652,0.120420
5,496,2652,0.115613
5,496,2652,0.117785
5,496,2652,0.111639
5,497,2653,0.115366
5,497,2653,0.115686
5,497,2653,0.116925
5,497,2653,0.114453
5,497,2653,0.112281
5,497,2653,0.118611
5,497,2653,0.113951
5,497,2653,0.116318
5,498,2654,0.116485
5,498,2654,0.115304
5,498,2654,0.114097
5,498,2654,0.113634
5,498,2654,0.113818
5,498,2654,0.117189
5,498,2654,0.117691
5,498,2654,0.118272
5,499,2655,0.119841
5,499,2655,0.123069
5,499,2655,0.121958
5,499,2655,0.115340
5,499,2655,0.113159
5,499,2655,0.117315
5,499,2655,0.114369
5,499,2655,0.113752
5,500,2656,0.115154
5,500,2656,0.117753
5,500,2656,0.116870
5,500,2656,0.115621
5,500,2656,0.115505
5,500,2656,0.116897
5,500,2656,0.116748
5,500,2656,0.120204
5,501,2657,0.112560
5,501,2657,0.117853
5,501,2657,0.118433
5,501,2657,0.117503
5,501,2657,0.117214
5,501,2657,0.119356
5,501,2657,0.115670
5,501,2657,0.115653
5,502,2658,0.117452
5,502,2658,0.120214
5,502,2658,0.122426
5,502,2658,0.116236
5,502,2658,0.114132
5,502,2658,0.125442
5,502,2658,0.115610
5,502,2658,0.118500
5,503,2659,0.113792
5,503,2659,0.119720
5,503,2659,0.118955
5,503,2659,0.119024
5,503,2659,0.120891
5,503,2659,0.113258
5,503,2659,0.114571
5,503,2659,0.114206
5,504,2660,0.120715
5,504,2660,0.117183
5,504,2660,0.115514
5,504,2660,0.114668
5,504,2660,0.115198
5,504,2660,0.117256
5,504,2660,0.117829
5,504,2660,0.113913
5,505,2661,0.117595
5,505,2661,0.117345
5,505,2661,0.115070
5,505,2661,0.116544
5,505,2661,0.119381
5,505,2661,0.120064
5,505,2661,0.114964
5,505,2661,0.117366
5,506,2662,0.114269
5,506,2662,0.119619
5,506,2662,0.113901
5,506,2662,0.114997
5,506,2662,0.116873
5,506,2662,0.123692
5,506,2662,0.116488
5,506,2662,0.117043
5,507,2663,0.119616
5,507,2663,0.120460
5,507,2663,0.121024
5,507,2663,0.114923
5,507,2663,0.118306
5,507,2663,0.115377
5,507,2663,0.121223
5,507,2663,0.115623
5,508,2664,0.118102
5,508,2664,0.121352
5,508,2664,0.112658
5,508,2664,0.122061
5,508,2664,0.119851
5,508,2664,0.116534
5,508,2664,0.115192
5,508,2664,0.116800
5,509,2665,0.116876
5,509,2665,0.118470
5,509,2665,0.113953
5,509,2665,0.120619
5,509,2665,0.114943
5,509,2665,0.119356
5,509,2665,0.118493
5,509,2665,0.118370
5,510,2666,0.114612
5,510,2666,0.119532
5,510,2666,0.116985
5,510,2666,0.115189
5,510,2666,0.116837
5,510,2666,0.112595
5,510,2666,0.112586
5,510,2666,0.115423
5,511,2667,0.113750
5,511,2667,0.119133
5,511,2667,0.114240
5,511,2667,0.114744
5,511,2667,0.121965
5,511,2667,0.115510
5,511,2667,0.114915
5,511,2667,0.115022
5,512,2668,0.122813
5,512,2668,0.118214
5,512,2668,0.111808
5,512,2668,0.117051
5,512,2668,0.119470
5,512,2668,0.117384
5,512,2668,0.115238
5,512,2668,0.113135
5,513,2669,0.114604
5,513,2669,0.120527
5,513,2669,0.119750
5,513,2669,0.120876
5,513,2669,0.115134
5,513,2669,0.112222
5,513,2669,0.120508
5,513,2669,0.116108
5,514,2670,0.120688
5,514,2670,0.121166
5,514,2670,0.114881
5,514,2670,0.115363
5,514,2670,0.118291
5,514,2670,0.117766
5,514,2670,0.117379
5,514,2670,0.122047
5,515,2671,0.113121
5,515,2671,0.117248
5,515,2671,0.115512
5,515,2671,0.119426
5,515,2671,0.115646
5,515,2671,0.113797
5,515,2671,0.119841
5,515,2671,0.119058
5,516,2672,0.114225
5,516,2672,0.116155
5,516,2672,0.116642
5,516,2672,0.116065
5,516,2672,0.117256
5,516,2672,0.113905
5,516,2672,0.112401
5,516,2672,0.120811
5,517,2673,0.114490
5,517,2673,0.117609
5,517,2673,0.117003
5,517,2673,0.122303
5,517,2673,0.120813
5,517,2673,0.116383
5,517,2673,0.114797
5,517,2673,0.116043
5,518,2674,0.114416
5,518,2674,0.118952
5,518,2674,0.117120
5,518,2674,0.119187
5,518,2674,0.113408
5,518,2674,0.116033
5,518,2674,0.116546
5,518,2674,0.118817
5,519,2675,0.114895
5,519,2675,0.116738
5,519,2675,0.117041
5,519,2675,0.114316
5,519,2675,0.114225
5,519,2675,0.117367
5,519,2675,0.118937
5,519,2675,0.115240
5,520,2676,0.117765
5,520,2676,0.117477
5,520,2676,0.113300
5,520,2676,0.116247
5,520,2676,0.113455
5,520,2676,0.116114
5,520,2676,0.118999
5,520,2676,0.120557
5,521,2677,0.116400
5,521,2677,0.116440
5,521,2677,0.117090
5,521,2677,0.121823
5,521,2677,0.118385
5,521,2677,0.121511
5,521,2677,0.115189
5,521,2677,0.112163
5,522,2678,0.116868
5,522,2678,0.117572
5,522,2678,0.117200
5,522,2678,0.122503
5,522,2678,0.111956
5,522,2678,0.113911
5,522,2678,0.115403
5,522,2678,0.116900
5,523,2679,0.118806
5,523,2679,0.121383
5,523,2679,0.116110
5,523,2679,0.113876
5,523,2679,0.114458
5,523,2679,0.113925
5,523,2679,0.116073
5,523,2679,0.112973
5,524,2680,0.117536
5,524,2680,0.120871
5,524,2680,0.113565
5,524,2680,0.117812
5,524,2680,0.115283
5,524,2680,0.113824
5,524,2680,0.117381
5,524,2680,0.117397
5,525,2681,0.116941
5,525,2681,0.115023
5,525,2681,0.117807
5,525,2681,0.114174
5,525,2681,0.116666
5,525,2681,0.112426
5,525,2681,0.120514
5,525,2681,0.117312
5,526,2682,0.114975
5,526,2682,0.112630
5,526,2682,0.112526
5,526,2682,0.120532
5,526,2682,0.118657
5,526,2682,0.117614
5,526,2682,0.119481
5,526,2682,0.117641
5,527,2683,0.114148
5,527,2683,0.117276
5,527,2683,0.118910
5,527,2683,0.116568
5,527,2683,0.118209
5,527,2683,0.120224
5,527,2683,0.124093
5,527,2683,0.116170
5,528,2684,0.118935
5,528,2684,0.115186
5,528,2684,0.115528
5,528,2684,0.121078
5,528,2684,0.116228
5,528,2684,0.131745
5,528,2684,0.117849
5,528,2684,0.120295
5,529,2685,0.113473
5,529,2685,0.117370
5,529,2685,0.115578
5,529,2685,0.116348
5,529,2685,0.117829
5,529,2685,0.116369
5,529,2685,0.113803
5,529,2685,0.127415
5,530,2686,0.116974
5,530,2686,0.114820
5,530,2686,0.118155
5,530,2686,0.120852
5,530,2686,0.114939
5,530,2686,0.114459
5,530,2686,0.118965
5,530,2686,0.115089
5,531,2687,0.115482
5,531,2687,0.119011
5,531,2687,0.120294
5,531,2687,0.115458
5,531,2687,0.118105
5,531,2687,0.114441
5,531,2687,0.117600
5,531,2687,0.118001
5,532,2688,0.121419
5,532,2688,0.116335
5,532,2688,0.117746
5,532,2688,0.116358
5,532,2688,0.119298
5,532,2688,0.118480
5,532,2688,0.115745
5,532,2688,0.116443
5,533,2689,0.115873
5,533,2689,0.110942
5,533,2689,0.120385
5,533,2689,0.117243
5,533,2689,0.117009
5,533,2689,0.118339
5,533,2689,0.114229
5,533,2689,0.118681
5,534,2690,0.117198
5,534,2690,0.116696
5,534,2690,0.118436
5,534,2690,0.116742
5,534,2690,0.117750
5,534,2690,0.112871
5,534,2690,0.118705
5,534,2690,0.117304
5,535,2691,0.118482
5,535,2691,0.120490
5,535,2691,0.118316
5,535,2691,0.118446
5,535,2691,0.115714
5,535,2691,0.118582
5,535,2691,0.117673
5,535,2691,0.119305
5,536,2692,0.116486
5,536,2692,0.113080
5,536,2692,0.114875
5,536,2692,0.111970
5,536,2692,0.115934
5,536,2692,0.116419
5,536,2692,0.120104
5,536,2692,0.119973
5,537,2693,0.114184
5,537,2693,0.118201
5,537,2693,0.112396
5,537,2693,0.114967
5,537,2693,0.116257
5,537,2693,0.116255
5,537,2693,0.117122
5,537,2693,0.115225
5,538,2694,0.119702
5,538,2694,0.117047
5,538,2694,0.116521
5,538,2694,0.118374
5,538,2694,0.115458
5,538,2694,0.120768
5,538,2694,0.119236
5,538,2694,0.116386
5,539,2695,0.113164
5,539,2695,0.112091
5,539,2695,0.115292
5,539,2695,0.118952
5,539,2695,0.117352
5,539,2695,0.119036
5,539,2695,0.117163
5,539,2695,0.114139
