Epoch,Step,Global_Step,Loss
1,1,1,0.117234
1,1,1,0.116540
1,1,1,0.118272
1,1,1,0.115668
1,1,1,0.116526
1,1,1,0.123785
1,2,2,3.778062
1,2,2,3.264596
1,2,2,3.997946
1,2,2,3.843778
1,2,2,3.348712
1,2,2,2.627885
1,3,3,1.197039
1,3,3,1.459239
1,3,3,1.142602
1,3,3,1.598127
1,3,3,1.396125
1,3,3,1.036210
1,4,4,0.826291
1,4,4,0.750987
1,4,4,0.675573
1,4,4,0.751450
1,4,4,0.670004
1,4,4,1.062521
1,5,5,0.584755
1,5,5,0.517782
1,5,5,0.501629
1,5,5,0.475882
1,5,5,0.593320
1,5,5,0.503936
1,6,6,0.373077
1,6,6,0.390860
1,6,6,0.412463
1,6,6,0.410010
1,6,6,0.396288
1,6,6,0.458775
1,7,7,0.396027
1,7,7,0.380740
1,7,7,0.372334
1,7,7,0.429657
1,7,7,0.425177
1,7,7,0.381424
1,8,8,0.360406
1,8,8,0.450883
1,8,8,0.338101
1,8,8,0.382829
1,8,8,0.390518
1,8,8,0.416762
1,9,9,0.343856
1,9,9,0.356821
1,9,9,0.348296
1,9,9,0.357353
1,9,9,0.346482
1,9,9,0.344961
1,10,10,0.348697
1,10,10,0.358052
1,10,10,0.351595
1,10,10,0.329204
1,10,10,0.363333
1,10,10,0.356975
1,11,11,0.297689
1,11,11,0.318882
1,11,11,0.296215
1,11,11,0.344371
1,11,11,0.292435
1,11,11,0.331923
1,12,12,0.287245
1,12,12,0.295282
1,12,12,0.326963
1,12,12,0.303879
1,12,12,0.280805
1,12,12,0.292466
1,13,13,0.301127
1,13,13,0.323125
1,13,13,0.278175
1,13,13,0.277788
1,13,13,0.274237
1,13,13,0.298717
1,14,14,0.302284
1,14,14,0.283043
1,14,14,0.292753
1,14,14,0.282320
1,14,14,0.289301
1,14,14,0.297671
1,15,15,0.292067
1,15,15,0.277766
1,15,15,0.276239
1,15,15,0.262638
1,15,15,0.304348
1,15,15,0.293388
1,16,16,0.252570
1,16,16,0.275210
1,16,16,0.263344
1,16,16,0.259855
1,16,16,0.260385
1,16,16,0.284789
1,17,17,0.268436
1,17,17,0.259099
1,17,17,0.250011
1,17,17,0.273566
1,17,17,0.252833
1,17,17,0.248974
1,18,18,0.266099
1,18,18,0.268038
1,18,18,0.250778
1,18,18,0.262697
1,18,18,0.270371
1,18,18,0.248834
1,19,19,0.290170
1,19,19,0.243548
1,19,19,0.254470
1,19,19,0.258801
1,19,19,0.254662
1,19,19,0.254406
1,20,20,0.234861
1,20,20,0.246272
1,20,20,0.262264
1,20,20,0.258046
1,20,20,0.236584
1,20,20,0.255350
1,21,21,0.244211
1,21,21,0.228187
1,21,21,0.236025
1,21,21,0.239693
1,21,21,0.231806
1,21,21,0.234843
1,22,22,0.236351
1,22,22,0.249610
1,22,22,0.247070
1,22,22,0.241222
1,22,22,0.244534
1,22,22,0.240087
1,23,23,0.237189
1,23,23,0.227872
1,23,23,0.243462
1,23,23,0.229629
1,23,23,0.233794
1,23,23,0.235022
1,24,24,0.228019
1,24,24,0.242058
1,24,24,0.220890
1,24,24,0.228948
1,24,24,0.231819
1,24,24,0.222716
1,25,25,0.229558
1,25,25,0.221848
1,25,25,0.225042
1,25,25,0.219465
1,25,25,0.243912
1,25,25,0.238797
1,26,26,0.225189
1,26,26,0.219780
1,26,26,0.216382
1,26,26,0.227388
1,26,26,0.218980
1,26,26,0.219433
1,27,27,0.220331
1,27,27,0.226177
1,27,27,0.218856
1,27,27,0.216289
1,27,27,0.213775
1,27,27,0.215586
1,28,28,0.212341
1,28,28,0.215674
1,28,28,0.223280
1,28,28,0.220760
1,28,28,0.224391
1,28,28,0.214260
1,29,29,0.213776
1,29,29,0.217594
1,29,29,0.224577
1,29,29,0.205956
1,29,29,0.217133
1,29,29,0.211706
1,30,30,0.207461
1,30,30,0.201381
1,30,30,0.205260
1,30,30,0.213198
1,30,30,0.207416
1,30,30,0.207023
1,31,31,0.206695
1,31,31,0.210164
1,31,31,0.204554
1,31,31,0.203843
1,31,31,0.208596
1,31,31,0.214769
1,32,32,0.207515
1,32,32,0.207890
1,32,32,0.204739
1,32,32,0.212358
1,32,32,0.202508
1,32,32,0.213985
1,33,33,0.205555
1,33,33,0.210378
1,33,33,0.201135
1,33,33,0.204870
1,33,33,0.204107
1,33,33,0.203656
1,34,34,0.205385
1,34,34,0.208185
1,34,34,0.213562
1,34,34,0.216740
1,34,34,0.203997
1,34,34,0.200735
1,35,35,0.203616
1,35,35,0.199643
1,35,35,0.208369
1,35,35,0.203243
1,35,35,0.203808
1,35,35,0.205802
1,36,36,0.212175
1,36,36,0.205014
1,36,36,0.203045
1,36,36,0.196558
1,36,36,0.192840
1,36,36,0.200547
1,37,37,0.204728
1,37,37,0.195001
1,37,37,0.195335
1,37,37,0.196049
1,37,37,0.190206
1,37,37,0.216797
1,38,38,0.202981
1,38,38,0.195161
1,38,38,0.196720
1,38,38,0.191488
1,38,38,0.198466
1,38,38,0.195463
1,39,39,0.196619
1,39,39,0.181063
1,39,39,0.191847
1,39,39,0.201984
1,39,39,0.190235
1,39,39,0.190907
1,40,40,0.200758
1,40,40,0.196360
1,40,40,0.195544
1,40,40,0.206921
1,40,40,0.194478
1,40,40,0.206581
1,41,41,0.191811
1,41,41,0.189548
1,41,41,0.195035
1,41,41,0.187107
1,41,41,0.182871
1,41,41,0.194436
1,42,42,0.197939
1,42,42,0.191140
1,42,42,0.188547
1,42,42,0.190813
1,42,42,0.197877
1,42,42,0.194305
1,43,43,0.199990
1,43,43,0.193266
1,43,43,0.185812
1,43,43,0.186386
1,43,43,0.191358
1,43,43,0.187525
1,44,44,0.180134
1,44,44,0.189661
1,44,44,0.189058
1,44,44,0.182263
1,44,44,0.179442
1,44,44,0.181035
1,45,45,0.189121
1,45,45,0.187846
1,45,45,0.194153
1,45,45,0.183275
1,45,45,0.187900
1,45,45,0.190911
1,46,46,0.183477
1,46,46,0.189339
1,46,46,0.195310
1,46,46,0.191172
1,46,46,0.185648
1,46,46,0.188913
1,47,47,0.189739
1,47,47,0.182330
1,47,47,0.191742
1,47,47,0.179450
1,47,47,0.178650
1,47,47,0.195039
1,48,48,0.189084
1,48,48,0.184207
1,48,48,0.189595
1,48,48,0.182347
1,48,48,0.184287
1,48,48,0.177463
1,49,49,0.176733
1,49,49,0.179531
1,49,49,0.187479
1,49,49,0.182420
1,49,49,0.181842
1,49,49,0.183361
1,50,50,0.176513
1,50,50,0.191528
1,50,50,0.179615
1,50,50,0.182012
1,50,50,0.175845
1,50,50,0.178820
1,51,51,0.180827
1,51,51,0.195923
1,51,51,0.186556
1,51,51,0.188391
1,51,51,0.179529
1,51,51,0.182209
1,52,52,0.183343
1,52,52,0.182553
1,52,52,0.188121
1,52,52,0.183843
1,52,52,0.177582
1,52,52,0.182326
1,53,53,0.182875
1,53,53,0.182390
1,53,53,0.181699
1,53,53,0.173625
1,53,53,0.179266
1,53,53,0.183986
1,54,54,0.181053
1,54,54,0.184773
1,54,54,0.188779
1,54,54,0.180565
1,54,54,0.181799
1,54,54,0.174269
1,55,55,0.172349
1,55,55,0.168005
1,55,55,0.173839
1,55,55,0.180618
1,55,55,0.177928
1,55,55,0.171016
1,56,56,0.181296
1,56,56,0.175760
1,56,56,0.182951
1,56,56,0.175078
1,56,56,0.177529
1,56,56,0.179423
1,57,57,0.181478
1,57,57,0.175821
1,57,57,0.177410
1,57,57,0.173353
1,57,57,0.178612
1,57,57,0.176643
1,58,58,0.177502
1,58,58,0.177923
1,58,58,0.178392
1,58,58,0.173052
1,58,58,0.174092
1,58,58,0.175979
1,59,59,0.177741
1,59,59,0.174453
1,59,59,0.172767
1,59,59,0.185905
1,59,59,0.172302
1,59,59,0.175493
1,60,60,0.170806
1,60,60,0.182824
1,60,60,0.168845
1,60,60,0.177864
1,60,60,0.171061
1,60,60,0.173445
1,61,61,0.168627
1,61,61,0.172114
1,61,61,0.165247
1,61,61,0.173978
1,61,61,0.169512
1,61,61,0.178745
1,62,62,0.171399
1,62,62,0.172711
1,62,62,0.169848
1,62,62,0.170497
1,62,62,0.173854
1,62,62,0.173845
1,63,63,0.170894
1,63,63,0.175800
1,63,63,0.170043
1,63,63,0.173687
1,63,63,0.162542
1,63,63,0.168191
1,64,64,0.167686
1,64,64,0.165275
1,64,64,0.170688
1,64,64,0.169963
1,64,64,0.169774
1,64,64,0.176240
1,65,65,0.168679
1,65,65,0.167831
1,65,65,0.164763
1,65,65,0.174529
1,65,65,0.168798
1,65,65,0.169723
1,66,66,0.170096
1,66,66,0.164106
1,66,66,0.176267
1,66,66,0.176402
1,66,66,0.167676
1,66,66,0.165008
1,67,67,0.177924
1,67,67,0.166985
1,67,67,0.168181
1,67,67,0.172495
1,67,67,0.167025
1,67,67,0.170346
1,68,68,0.164027
1,68,68,0.168652
1,68,68,0.168849
1,68,68,0.171131
1,68,68,0.166213
1,68,68,0.168918
1,69,69,0.171763
1,69,69,0.156298
1,69,69,0.173301
1,69,69,0.170543
1,69,69,0.175267
1,69,69,0.167718
1,70,70,0.166531
1,70,70,0.161043
1,70,70,0.171162
1,70,70,0.165823
1,70,70,0.167260
1,70,70,0.166020
1,71,71,0.167982
1,71,71,0.167696
1,71,71,0.174314
1,71,71,0.167932
1,71,71,0.170930
1,71,71,0.167436
1,72,72,0.174492
1,72,72,0.163078
1,72,72,0.172694
1,72,72,0.172590
1,72,72,0.168703
1,72,72,0.164985
1,73,73,0.169747
1,73,73,0.160930
1,73,73,0.164153
1,73,73,0.154999
1,73,73,0.157054
1,73,73,0.166101
1,74,74,0.162922
1,74,74,0.168632
1,74,74,0.161523
1,74,74,0.167090
1,74,74,0.172270
1,74,74,0.168196
1,75,75,0.163768
1,75,75,0.170651
1,75,75,0.178067
1,75,75,0.163989
1,75,75,0.171558
1,75,75,0.173209
1,76,76,0.166641
1,76,76,0.169123
1,76,76,0.162501
1,76,76,0.161778
1,76,76,0.159138
1,76,76,0.159095
1,77,77,0.162312
1,77,77,0.168110
1,77,77,0.166800
1,77,77,0.170392
1,77,77,0.165876
1,77,77,0.166157
1,78,78,0.169104
1,78,78,0.171954
1,78,78,0.170573
1,78,78,0.162370
1,78,78,0.171161
1,78,78,0.158020
1,79,79,0.164916
1,79,79,0.168634
1,79,79,0.158215
1,79,79,0.161545
1,79,79,0.160620
1,79,79,0.158494
1,80,80,0.167661
1,80,80,0.178005
1,80,80,0.169804
1,80,80,0.171441
1,80,80,0.172914
1,80,80,0.169620
1,81,81,0.178497
1,81,81,0.174280
1,81,81,0.166537
1,81,81,0.172090
1,81,81,0.166462
1,81,81,0.172878
1,82,82,0.159754
1,82,82,0.159086
1,82,82,0.173732
1,82,82,0.165171
1,82,82,0.158962
1,82,82,0.167271
1,83,83,0.163254
1,83,83,0.163030
1,83,83,0.167729
1,83,83,0.168147
1,83,83,0.160851
1,83,83,0.170940
1,84,84,0.159643
1,84,84,0.168356
1,84,84,0.163052
1,84,84,0.165962
1,84,84,0.161525
1,84,84,0.176231
1,85,85,0.166095
1,85,85,0.161447
1,85,85,0.166717
1,85,85,0.158231
1,85,85,0.159310
1,85,85,0.155125
1,86,86,0.167228
1,86,86,0.167143
1,86,86,0.158985
1,86,86,0.163505
1,86,86,0.164030
1,86,86,0.166085
1,87,87,0.162511
1,87,87,0.162947
1,87,87,0.156645
1,87,87,0.159033
1,87,87,0.160026
1,87,87,0.161341
1,88,88,0.160940
1,88,88,0.156646
1,88,88,0.158229
1,88,88,0.162038
1,88,88,0.158770
1,88,88,0.160019
1,89,89,0.159212
1,89,89,0.159636
1,89,89,0.158350
1,89,89,0.162288
1,89,89,0.170154
1,89,89,0.154881
1,90,90,0.163307
1,90,90,0.157645
1,90,90,0.161107
1,90,90,0.159911
1,90,90,0.163388
1,90,90,0.155887
1,91,91,0.156859
1,91,91,0.153091
1,91,91,0.159341
1,91,91,0.157655
1,91,91,0.158193
1,91,91,0.154931
1,92,92,0.162526
1,92,92,0.158749
1,92,92,0.162870
1,92,92,0.154371
1,92,92,0.155962
1,92,92,0.162424
1,93,93,0.158756
1,93,93,0.165235
1,93,93,0.163010
1,93,93,0.157585
1,93,93,0.161469
1,93,93,0.158896
1,94,94,0.156378
1,94,94,0.155904
1,94,94,0.153006
1,94,94,0.156228
1,94,94,0.153918
1,94,94,0.156802
1,95,95,0.158156
1,95,95,0.161863
1,95,95,0.159536
1,95,95,0.163635
1,95,95,0.163871
1,95,95,0.162358
1,96,96,0.163823
1,96,96,0.154672
1,96,96,0.169447
1,96,96,0.157232
1,96,96,0.155761
1,96,96,0.158979
1,97,97,0.159833
1,97,97,0.158735
1,97,97,0.171670
1,97,97,0.158409
1,97,97,0.156158
1,97,97,0.157960
1,98,98,0.156174
1,98,98,0.157137
1,98,98,0.157935
1,98,98,0.147675
1,98,98,0.157373
1,98,98,0.156752
1,99,99,0.166132
1,99,99,0.161258
1,99,99,0.160286
1,99,99,0.155980
1,99,99,0.158455
1,99,99,0.153536
1,100,100,0.157695
1,100,100,0.154258
1,100,100,0.160585
1,100,100,0.155634
1,100,100,0.159923
1,100,100,0.157886
1,101,101,0.163608
1,101,101,0.164340
1,101,101,0.168711
1,101,101,0.166692
1,101,101,0.163608
1,101,101,0.162316
1,102,102,0.155102
1,102,102,0.158545
1,102,102,0.159880
1,102,102,0.160701
1,102,102,0.155506
1,102,102,0.170376
1,103,103,0.166458
1,103,103,0.166136
1,103,103,0.160555
1,103,103,0.164565
1,103,103,0.167278
1,103,103,0.158175
1,104,104,0.158425
1,104,104,0.164072
1,104,104,0.154821
1,104,104,0.151506
1,104,104,0.162058
1,104,104,0.162401
1,105,105,0.165649
1,105,105,0.164661
1,105,105,0.159160
1,105,105,0.163286
1,105,105,0.164755
1,105,105,0.159020
1,106,106,0.168443
1,106,106,0.166818
1,106,106,0.168451
1,106,106,0.167248
1,106,106,0.166300
1,106,106,0.162711
1,107,107,0.162582
1,107,107,0.160741
1,107,107,0.157324
1,107,107,0.163348
1,107,107,0.158670
1,107,107,0.158953
1,108,108,0.158061
1,108,108,0.158389
1,108,108,0.159023
1,108,108,0.161641
1,108,108,0.168559
1,108,108,0.155421
1,109,109,0.156679
1,109,109,0.155165
1,109,109,0.159420
1,109,109,0.160249
1,109,109,0.155674
1,109,109,0.161503
1,110,110,0.165213
1,110,110,0.167174
1,110,110,0.154141
1,110,110,0.159717
1,110,110,0.156320
1,110,110,0.160713
1,111,111,0.154437
1,111,111,0.150779
1,111,111,0.155068
1,111,111,0.164095
1,111,111,0.153746
1,111,111,0.162006
1,112,112,0.151355
1,112,112,0.150986
1,112,112,0.153398
1,112,112,0.160469
1,112,112,0.164830
1,112,112,0.155513
1,113,113,0.159302
1,113,113,0.152485
1,113,113,0.155684
1,113,113,0.153251
1,113,113,0.148337
1,113,113,0.156694
1,114,114,0.162444
1,114,114,0.152215
1,114,114,0.152655
1,114,114,0.167671
1,114,114,0.151924
1,114,114,0.159522
1,115,115,0.157442
1,115,115,0.154296
1,115,115,0.156340
1,115,115,0.155363
1,115,115,0.156520
1,115,115,0.161090
1,116,116,0.155080
1,116,116,0.154700
1,116,116,0.153271
1,116,116,0.157993
1,116,116,0.160636
1,116,116,0.148040
1,117,117,0.153507
1,117,117,0.148612
1,117,117,0.154558
1,117,117,0.155533
1,117,117,0.153227
1,117,117,0.152765
1,118,118,0.150908
1,118,118,0.148594
1,118,118,0.147347
1,118,118,0.149103
1,118,118,0.151920
1,118,118,0.152882
1,119,119,0.154950
1,119,119,0.146980
1,119,119,0.146033
1,119,119,0.146153
1,119,119,0.152969
1,119,119,0.154852
1,120,120,0.150408
1,120,120,0.147644
1,120,120,0.147806
1,120,120,0.149087
1,120,120,0.146842
1,120,120,0.154648
1,121,121,0.149170
1,121,121,0.152082
1,121,121,0.149661
1,121,121,0.150667
1,121,121,0.159876
1,121,121,0.146166
1,122,122,0.153671
1,122,122,0.149815
1,122,122,0.150152
1,122,122,0.150628
1,122,122,0.149021
1,122,122,0.146625
1,123,123,0.158393
1,123,123,0.153091
1,123,123,0.154854
1,123,123,0.150166
1,123,123,0.149975
1,123,123,0.151304
1,124,124,0.150376
1,124,124,0.153430
1,124,124,0.154336
1,124,124,0.154761
1,124,124,0.153262
1,124,124,0.151178
1,125,125,0.154826
1,125,125,0.150529
1,125,125,0.146913
1,125,125,0.149160
1,125,125,0.147816
1,125,125,0.146328
1,126,126,0.153483
1,126,126,0.148782
1,126,126,0.153624
1,126,126,0.148622
1,126,126,0.146749
1,126,126,0.146651
1,127,127,0.149105
1,127,127,0.152124
1,127,127,0.148870
1,127,127,0.148606
1,127,127,0.153940
1,127,127,0.148871
1,128,128,0.147523
1,128,128,0.146336
1,128,128,0.147066
1,128,128,0.144238
1,128,128,0.145934
1,128,128,0.147271
1,129,129,0.148475
1,129,129,0.146663
1,129,129,0.146944
1,129,129,0.146966
1,129,129,0.148573
1,129,129,0.142906
1,130,130,0.146911
1,130,130,0.147458
1,130,130,0.148528
1,130,130,0.145431
1,130,130,0.139994
1,130,130,0.143044
1,131,131,0.145579
1,131,131,0.150138
1,131,131,0.144276
1,131,131,0.144484
1,131,131,0.139438
1,131,131,0.144353
1,132,132,0.145304
1,132,132,0.148870
1,132,132,0.145082
1,132,132,0.147378
1,132,132,0.143197
1,132,132,0.145307
1,133,133,0.142877
1,133,133,0.141312
1,133,133,0.144576
1,133,133,0.142153
1,133,133,0.145403
1,133,133,0.148621
1,134,134,0.142930
1,134,134,0.149882
1,134,134,0.148776
1,134,134,0.142917
1,134,134,0.143286
1,134,134,0.147456
1,135,135,0.137477
1,135,135,0.145518
1,135,135,0.144940
1,135,135,0.143299
1,135,135,0.140788
1,135,135,0.141406
1,136,136,0.142022
1,136,136,0.148367
1,136,136,0.137655
1,136,136,0.139090
1,136,136,0.142368
1,136,136,0.144531
1,137,137,0.144880
1,137,137,0.144456
1,137,137,0.144447
1,137,137,0.148569
1,137,137,0.148117
1,137,137,0.142772
1,138,138,0.148786
1,138,138,0.140853
1,138,138,0.142313
1,138,138,0.139603
1,138,138,0.140955
1,138,138,0.147021
1,139,139,0.151400
1,139,139,0.156545
1,139,139,0.150365
1,139,139,0.153130
1,139,139,0.155534
1,139,139,0.153276
1,140,140,0.153447
1,140,140,0.151409
1,140,140,0.146836
1,140,140,0.154777
1,140,140,0.155275
1,140,140,0.161672
1,141,141,0.141013
1,141,141,0.140313
1,141,141,0.142109
1,141,141,0.146194
1,141,141,0.149322
1,141,141,0.141689
1,142,142,0.146515
1,142,142,0.141555
1,142,142,0.142422
1,142,142,0.146887
1,142,142,0.144106
1,142,142,0.148371
1,143,143,0.149611
1,143,143,0.145082
1,143,143,0.141655
1,143,143,0.145235
1,143,143,0.149932
1,143,143,0.148330
1,144,144,0.137984
1,144,144,0.144696
1,144,144,0.140935
1,144,144,0.142509
1,144,144,0.148283
1,144,144,0.142281
1,145,145,0.138959
1,145,145,0.142845
1,145,145,0.150738
1,145,145,0.141110
1,145,145,0.145863
1,145,145,0.144097
1,146,146,0.139018
1,146,146,0.148009
1,146,146,0.147541
1,146,146,0.147236
1,146,146,0.137996
1,146,146,0.142691
1,147,147,0.148239
1,147,147,0.141073
1,147,147,0.144537
1,147,147,0.138991
1,147,147,0.139153
1,147,147,0.141224
1,148,148,0.137807
1,148,148,0.141126
1,148,148,0.136499
1,148,148,0.144591
1,148,148,0.137003
1,148,148,0.143894
1,149,149,0.139503
1,149,149,0.137784
1,149,149,0.143967
1,149,149,0.139291
1,149,149,0.139010
1,149,149,0.146106
1,150,150,0.142614
1,150,150,0.141182
1,150,150,0.140344
1,150,150,0.144852
1,150,150,0.142518
1,150,150,0.139662
1,151,151,0.141191
1,151,151,0.137445
1,151,151,0.150828
1,151,151,0.138590
1,151,151,0.139508
1,151,151,0.139698
1,152,152,0.136699
1,152,152,0.142116
1,152,152,0.143742
1,152,152,0.135898
1,152,152,0.143710
1,152,152,0.137796
1,153,153,0.141885
1,153,153,0.137457
1,153,153,0.138399
1,153,153,0.134172
1,153,153,0.142108
1,153,153,0.134070
1,154,154,0.147315
1,154,154,0.139805
1,154,154,0.137902
1,154,154,0.134613
1,154,154,0.145412
1,154,154,0.141387
1,155,155,0.135885
1,155,155,0.139425
1,155,155,0.139008
1,155,155,0.139013
1,155,155,0.145163
1,155,155,0.146231
1,156,156,0.138371
1,156,156,0.139535
1,156,156,0.143944
1,156,156,0.136840
1,156,156,0.144693
1,156,156,0.141808
1,157,157,0.143124
1,157,157,0.142347
1,157,157,0.146650
1,157,157,0.144829
1,157,157,0.143233
1,157,157,0.139539
1,158,158,0.140912
1,158,158,0.141651
1,158,158,0.143914
1,158,158,0.142132
1,158,158,0.141917
1,158,158,0.140173
1,159,159,0.144465
1,159,159,0.146105
1,159,159,0.140326
1,159,159,0.137852
1,159,159,0.142060
1,159,159,0.144798
1,160,160,0.147143
1,160,160,0.147034
1,160,160,0.144298
1,160,160,0.138127
1,160,160,0.140867
1,160,160,0.144270
1,161,161,0.151574
1,161,161,0.146809
1,161,161,0.144599
1,161,161,0.149308
1,161,161,0.147335
1,161,161,0.145293
1,162,162,0.138987
1,162,162,0.140561
1,162,162,0.137072
1,162,162,0.138337
1,162,162,0.136352
1,162,162,0.141116
1,163,163,0.151976
1,163,163,0.145435
1,163,163,0.145870
1,163,163,0.146551
1,163,163,0.144277
1,163,163,0.147955
1,164,164,0.152033
1,164,164,0.151456
1,164,164,0.146914
1,164,164,0.152939
1,164,164,0.153281
1,164,164,0.150834
1,165,165,0.139688
1,165,165,0.135677
1,165,165,0.142214
1,165,165,0.144166
1,165,165,0.147338
1,165,165,0.141323
1,166,166,0.163739
1,166,166,0.152987
1,166,166,0.148345
1,166,166,0.152882
1,166,166,0.165796
1,166,166,0.156589
1,167,167,0.165201
1,167,167,0.167967
1,167,167,0.175193
1,167,167,0.167164
1,167,167,0.162699
1,167,167,0.160761
1,168,168,0.155679
1,168,168,0.154168
1,168,168,0.157769
1,168,168,0.157613
1,168,168,0.154912
1,168,168,0.161500
1,169,169,0.136724
1,169,169,0.140532
1,169,169,0.137360
1,169,169,0.146182
1,169,169,0.141710
1,169,169,0.141917
1,170,170,0.145374
1,170,170,0.145442
1,170,170,0.145666
1,170,170,0.142112
1,170,170,0.148088
1,170,170,0.145017
1,171,171,0.152423
1,171,171,0.145747
1,171,171,0.142695
1,171,171,0.141655
1,171,171,0.148744
1,171,171,0.146869
1,172,172,0.146048
1,172,172,0.139909
1,172,172,0.137390
1,172,172,0.144454
1,172,172,0.146699
1,172,172,0.143010
1,173,173,0.141603
1,173,173,0.137125
1,173,173,0.141442
1,173,173,0.147696
1,173,173,0.138110
1,173,173,0.140372
1,174,174,0.141884
1,174,174,0.140296
1,174,174,0.140675
1,174,174,0.142326
1,174,174,0.145405
1,174,174,0.139341
1,175,175,0.136023
1,175,175,0.136886
1,175,175,0.137157
1,175,175,0.141307
1,175,175,0.141586
1,175,175,0.135620
1,176,176,0.135676
1,176,176,0.137188
1,176,176,0.138815
1,176,176,0.147490
1,176,176,0.142739
1,176,176,0.133696
1,177,177,0.135357
1,177,177,0.140423
1,177,177,0.146090
1,177,177,0.137288
1,177,177,0.144827
1,177,177,0.142490
1,178,178,0.137863
1,178,178,0.137059
1,178,178,0.138350
1,178,178,0.135817
1,178,178,0.140257
1,178,178,0.142294
1,179,179,0.135331
1,179,179,0.137083
1,179,179,0.131907
1,179,179,0.136243
1,179,179,0.137022
1,179,179,0.134224
1,180,180,0.137264
1,180,180,0.137482
1,180,180,0.137607
1,180,180,0.145145
1,180,180,0.131828
1,180,180,0.137929
1,181,181,0.137550
1,181,181,0.135014
1,181,181,0.135779
1,181,181,0.136086
1,181,181,0.138954
1,181,181,0.134141
1,182,182,0.132486
1,182,182,0.132168
1,182,182,0.131451
1,182,182,0.133525
1,182,182,0.134571
1,182,182,0.135263
1,183,183,0.130766
1,183,183,0.135245
1,183,183,0.137711
1,183,183,0.135812
1,183,183,0.135098
1,183,183,0.132325
1,184,184,0.131981
1,184,184,0.133065
1,184,184,0.134569
1,184,184,0.130130
1,184,184,0.132807
1,184,184,0.135436
1,185,185,0.138397
1,185,185,0.141410
1,185,185,0.132892
1,185,185,0.135418
1,185,185,0.130925
1,185,185,0.139230
1,186,186,0.143494
1,186,186,0.137481
1,186,186,0.135328
1,186,186,0.136183
1,186,186,0.139236
1,186,186,0.145741
1,187,187,0.140207
1,187,187,0.132014
1,187,187,0.135228
1,187,187,0.128090
1,187,187,0.134501
1,187,187,0.135524
1,188,188,0.145283
1,188,188,0.140560
1,188,188,0.141520
1,188,188,0.136655
1,188,188,0.137823
1,188,188,0.144324
1,189,189,0.148415
1,189,189,0.147831
1,189,189,0.152968
1,189,189,0.141923
1,189,189,0.144200
1,189,189,0.146396
1,190,190,0.145088
1,190,190,0.141320
1,190,190,0.140431
1,190,190,0.139964
1,190,190,0.138254
1,190,190,0.135606
1,191,191,0.144611
1,191,191,0.139599
1,191,191,0.135390
1,191,191,0.137757
1,191,191,0.141701
1,191,191,0.141486
1,192,192,0.141333
1,192,192,0.141651
1,192,192,0.137653
1,192,192,0.141934
1,192,192,0.140478
1,192,192,0.135023
1,193,193,0.143084
1,193,193,0.143084
1,193,193,0.146450
1,193,193,0.143221
1,193,193,0.142730
1,193,193,0.144138
1,194,194,0.141580
1,194,194,0.134993
1,194,194,0.135483
1,194,194,0.135270
1,194,194,0.139905
1,194,194,0.138434
1,195,195,0.135606
1,195,195,0.139930
1,195,195,0.137559
1,195,195,0.137415
1,195,195,0.135923
1,195,195,0.130735
1,196,196,0.141018
1,196,196,0.135917
1,196,196,0.143494
1,196,196,0.136781
1,196,196,0.142280
1,196,196,0.136518
1,197,197,0.138205
1,197,197,0.135344
1,197,197,0.132981
1,197,197,0.135589
1,197,197,0.136066
1,197,197,0.134808
1,198,198,0.135421
1,198,198,0.136789
1,198,198,0.135266
1,198,198,0.139960
1,198,198,0.137146
1,198,198,0.132895
1,199,199,0.136604
1,199,199,0.137015
1,199,199,0.140609
1,199,199,0.140880
1,199,199,0.141850
1,199,199,0.136218
1,200,200,0.138199
1,200,200,0.132114
1,200,200,0.149979
1,200,200,0.139620
1,200,200,0.137105
1,200,200,0.134654
1,201,201,0.135289
1,201,201,0.129536
1,201,201,0.137821
1,201,201,0.129455
1,201,201,0.135365
1,201,201,0.134494
1,202,202,0.140095
1,202,202,0.131130
1,202,202,0.140028
1,202,202,0.133290
1,202,202,0.133218
1,202,202,0.135396
1,203,203,0.136343
1,203,203,0.133512
1,203,203,0.133281
1,203,203,0.135681
1,203,203,0.131732
1,203,203,0.131248
1,204,204,0.146214
1,204,204,0.133877
1,204,204,0.136213
1,204,204,0.133662
1,204,204,0.137322
1,204,204,0.147483
1,205,205,0.137510
1,205,205,0.131527
1,205,205,0.140608
1,205,205,0.132629
1,205,205,0.135918
1,205,205,0.134265
1,206,206,0.127329
1,206,206,0.130901
1,206,206,0.134758
1,206,206,0.134520
1,206,206,0.138813
1,206,206,0.134678
1,207,207,0.133531
1,207,207,0.133687
1,207,207,0.137000
1,207,207,0.136000
1,207,207,0.138796
1,207,207,0.138613
1,208,208,0.134694
1,208,208,0.131038
1,208,208,0.138039
1,208,208,0.137120
1,208,208,0.135199
1,208,208,0.135038
1,209,209,0.132858
1,209,209,0.141287
1,209,209,0.135649
1,209,209,0.136232
1,209,209,0.132313
1,209,209,0.137342
1,210,210,0.131755
1,210,210,0.132680
1,210,210,0.133098
1,210,210,0.130464
1,210,210,0.133401
1,210,210,0.133935
1,211,211,0.133310
1,211,211,0.134238
1,211,211,0.131601
1,211,211,0.134589
1,211,211,0.136922
1,211,211,0.137905
1,212,212,0.129303
1,212,212,0.125597
1,212,212,0.124106
1,212,212,0.135533
1,212,212,0.132741
1,212,212,0.131066
1,213,213,0.135759
1,213,213,0.134627
1,213,213,0.136352
1,213,213,0.128205
1,213,213,0.132472
1,213,213,0.130830
1,214,214,0.131053
1,214,214,0.127765
1,214,214,0.128411
1,214,214,0.128429
1,214,214,0.136765
1,214,214,0.135286
1,215,215,0.134383
1,215,215,0.131432
1,215,215,0.132477
1,215,215,0.137592
1,215,215,0.131551
1,215,215,0.140935
1,216,216,0.136532
1,216,216,0.129983
1,216,216,0.132016
1,216,216,0.130335
1,216,216,0.134091
1,216,216,0.135248
1,217,217,0.131952
1,217,217,0.132389
1,217,217,0.131255
1,217,217,0.130306
1,217,217,0.128991
1,217,217,0.127339
1,218,218,0.126698
1,218,218,0.129611
1,218,218,0.136819
1,218,218,0.131051
1,218,218,0.130330
1,218,218,0.130575
1,219,219,0.132736
1,219,219,0.133440
1,219,219,0.127833
1,219,219,0.130489
1,219,219,0.131096
1,219,219,0.135236
1,220,220,0.131615
1,220,220,0.128248
1,220,220,0.126811
1,220,220,0.132566
1,220,220,0.129606
1,220,220,0.127495
1,221,221,0.132140
1,221,221,0.129832
1,221,221,0.130096
1,221,221,0.133688
1,221,221,0.127064
1,221,221,0.129735
1,222,222,0.132701
1,222,222,0.135885
1,222,222,0.134838
1,222,222,0.129580
1,222,222,0.137043
1,222,222,0.129200
1,223,223,0.130952
1,223,223,0.131439
1,223,223,0.131640
1,223,223,0.129026
1,223,223,0.126517
1,223,223,0.132872
1,224,224,0.133061
1,224,224,0.133508
1,224,224,0.130352
1,224,224,0.128887
1,224,224,0.128124
1,224,224,0.129717
1,225,225,0.132323
1,225,225,0.127514
1,225,225,0.127315
1,225,225,0.133834
1,225,225,0.127800
1,225,225,0.128201
1,226,226,0.131067
1,226,226,0.131927
1,226,226,0.133515
1,226,226,0.130135
1,226,226,0.130525
1,226,226,0.134666
1,227,227,0.135362
1,227,227,0.130168
1,227,227,0.131038
1,227,227,0.130171
1,227,227,0.127608
1,227,227,0.128349
1,228,228,0.129764
1,228,228,0.135177
1,228,228,0.133281
1,228,228,0.127833
1,228,228,0.134234
1,228,228,0.130096
1,229,229,0.131557
1,229,229,0.132169
1,229,229,0.127614
1,229,229,0.134219
1,229,229,0.135963
1,229,229,0.129475
1,230,230,0.127948
1,230,230,0.132933
1,230,230,0.130443
1,230,230,0.130868
1,230,230,0.131118
1,230,230,0.127839
1,231,231,0.131938
1,231,231,0.132003
1,231,231,0.133799
1,231,231,0.133164
1,231,231,0.126553
1,231,231,0.129808
1,232,232,0.131028
1,232,232,0.128038
1,232,232,0.132013
1,232,232,0.130014
1,232,232,0.128838
1,232,232,0.122810
1,233,233,0.128725
1,233,233,0.129348
1,233,233,0.126312
1,233,233,0.128589
1,233,233,0.132170
1,233,233,0.126756
1,234,234,0.133388
1,234,234,0.131641
1,234,234,0.130819
1,234,234,0.126683
1,234,234,0.130181
1,234,234,0.131615
1,235,235,0.126611
1,235,235,0.128644
1,235,235,0.127506
1,235,235,0.130070
1,235,235,0.127988
1,235,235,0.128551
1,236,236,0.127417
1,236,236,0.128247
1,236,236,0.131666
1,236,236,0.131841
1,236,236,0.132506
1,236,236,0.126169
1,237,237,0.126910
1,237,237,0.130485
1,237,237,0.130352
1,237,237,0.129040
1,237,237,0.125878
1,237,237,0.128277
1,238,238,0.126860
1,238,238,0.131536
1,238,238,0.132273
1,238,238,0.130619
1,238,238,0.130579
1,238,238,0.133414
1,239,239,0.126574
1,239,239,0.130003
1,239,239,0.123010
1,239,239,0.130204
1,239,239,0.128852
1,239,239,0.127791
1,240,240,0.128585
1,240,240,0.135837
1,240,240,0.126414
1,240,240,0.131025
1,240,240,0.132456
1,240,240,0.130972
1,241,241,0.124654
1,241,241,0.126336
1,241,241,0.126697
1,241,241,0.130332
1,241,241,0.129933
1,241,241,0.125006
1,242,242,0.130718
1,242,242,0.129890
1,242,242,0.131178
1,242,242,0.133391
1,242,242,0.132395
1,242,242,0.133273
1,243,243,0.128270
1,243,243,0.131497
1,243,243,0.131305
1,243,243,0.128482
1,243,243,0.131740
1,243,243,0.133573
1,244,244,0.129813
1,244,244,0.135317
1,244,244,0.134464
1,244,244,0.132189
1,244,244,0.133455
1,244,244,0.129224
1,245,245,0.129377
1,245,245,0.131851
1,245,245,0.129153
1,245,245,0.134881
1,245,245,0.135273
1,245,245,0.133979
1,246,246,0.141335
1,246,246,0.137025
1,246,246,0.142533
1,246,246,0.137952
1,246,246,0.141242
1,246,246,0.141798
1,247,247,0.138637
1,247,247,0.148487
1,247,247,0.137674
1,247,247,0.138255
1,247,247,0.142494
1,247,247,0.136413
1,248,248,0.128891
1,248,248,0.130968
1,248,248,0.131503
1,248,248,0.136527
1,248,248,0.131273
1,248,248,0.135165
1,249,249,0.134831
1,249,249,0.138001
1,249,249,0.130864
1,249,249,0.141604
1,249,249,0.136389
1,249,249,0.131702
1,250,250,0.130378
1,250,250,0.130240
1,250,250,0.131501
1,250,250,0.130677
1,250,250,0.133022
1,250,250,0.130133
1,251,251,0.132187
1,251,251,0.130674
1,251,251,0.135376
1,251,251,0.136423
1,251,251,0.132719
1,251,251,0.137396
1,252,252,0.139082
1,252,252,0.133374
1,252,252,0.132783
1,252,252,0.138412
1,252,252,0.133570
1,252,252,0.131861
1,253,253,0.134028
1,253,253,0.128574
1,253,253,0.127593
1,253,253,0.137062
1,253,253,0.134267
1,253,253,0.134332
1,254,254,0.130539
1,254,254,0.127654
1,254,254,0.131031
1,254,254,0.133094
1,254,254,0.128218
1,254,254,0.129118
1,255,255,0.129245
1,255,255,0.128967
1,255,255,0.133656
1,255,255,0.131862
1,255,255,0.130690
1,255,255,0.129374
1,256,256,0.136728
1,256,256,0.132950
1,256,256,0.128839
1,256,256,0.134791
1,256,256,0.129600
1,256,256,0.132380
1,257,257,0.132619
1,257,257,0.132721
1,257,257,0.128386
1,257,257,0.139606
1,257,257,0.128325
1,257,257,0.127331
1,258,258,0.129702
1,258,258,0.133202
1,258,258,0.129139
1,258,258,0.129007
1,258,258,0.130775
1,258,258,0.130708
1,259,259,0.126295
1,259,259,0.123810
1,259,259,0.127769
1,259,259,0.131997
1,259,259,0.124482
1,259,259,0.128237
1,260,260,0.130006
1,260,260,0.125884
1,260,260,0.130984
1,260,260,0.126530
1,260,260,0.128672
1,260,260,0.130837
1,261,261,0.125249
1,261,261,0.129391
1,261,261,0.127008
1,261,261,0.131613
1,261,261,0.133040
1,261,261,0.131236
1,262,262,0.126860
1,262,262,0.127058
1,262,262,0.128364
1,262,262,0.129240
1,262,262,0.133076
1,262,262,0.128437
1,263,263,0.132673
1,263,263,0.132066
1,263,263,0.128723
1,263,263,0.128618
1,263,263,0.126600
1,263,263,0.126667
1,264,264,0.127816
1,264,264,0.128119
1,264,264,0.128757
1,264,264,0.130167
1,264,264,0.132090
1,264,264,0.126571
1,265,265,0.128205
1,265,265,0.126382
1,265,265,0.129822
1,265,265,0.130716
1,265,265,0.132795
1,265,265,0.127053
1,266,266,0.131263
1,266,266,0.130761
1,266,266,0.129942
1,266,266,0.132361
1,266,266,0.127680
1,266,266,0.125784
1,267,267,0.130979
1,267,267,0.130833
1,267,267,0.134047
1,267,267,0.128486
1,267,267,0.125878
1,267,267,0.140433
1,268,268,0.128564
1,268,268,0.129503
1,268,268,0.126889
1,268,268,0.129397
1,268,268,0.125620
1,268,268,0.126124
1,269,269,0.124489
1,269,269,0.124045
1,269,269,0.128193
1,269,269,0.134832
1,269,269,0.129189
1,269,269,0.128437
1,270,270,0.132509
1,270,270,0.127788
1,270,270,0.128646
1,270,270,0.124414
1,270,270,0.130955
1,270,270,0.126209
1,271,271,0.126807
1,271,271,0.125021
1,271,271,0.124454
1,271,271,0.124186
1,271,271,0.130530
1,271,271,0.129604
1,272,272,0.124937
1,272,272,0.127826
1,272,272,0.128034
1,272,272,0.122330
1,272,272,0.128922
1,272,272,0.128340
1,273,273,0.127526
1,273,273,0.125484
1,273,273,0.126430
1,273,273,0.130741
1,273,273,0.134197
1,273,273,0.126626
1,274,274,0.128811
1,274,274,0.124879
1,274,274,0.129092
1,274,274,0.131348
1,274,274,0.127257
1,274,274,0.125271
1,275,275,0.128991
1,275,275,0.126354
1,275,275,0.134772
1,275,275,0.128524
1,275,275,0.125550
1,275,275,0.126244
1,276,276,0.126560
1,276,276,0.127915
1,276,276,0.125113
1,276,276,0.129241
1,276,276,0.131807
1,276,276,0.128024
1,277,277,0.124512
1,277,277,0.124018
1,277,277,0.130654
1,277,277,0.127940
1,277,277,0.124210
1,277,277,0.129208
1,278,278,0.127601
1,278,278,0.122576
1,278,278,0.122311
1,278,278,0.125247
1,278,278,0.131160
1,278,278,0.123938
1,279,279,0.126463
1,279,279,0.123389
1,279,279,0.129498
1,279,279,0.132205
1,279,279,0.127425
1,279,279,0.129526
1,280,280,0.123409
1,280,280,0.129087
1,280,280,0.124025
1,280,280,0.127298
1,280,280,0.127801
1,280,280,0.124257
1,281,281,0.129852
1,281,281,0.128176
1,281,281,0.129248
1,281,281,0.123633
1,281,281,0.134816
1,281,281,0.122850
1,282,282,0.123457
1,282,282,0.124328
1,282,282,0.128469
1,282,282,0.130334
1,282,282,0.122319
1,282,282,0.124418
1,283,283,0.124274
1,283,283,0.122533
1,283,283,0.122623
1,283,283,0.128626
1,283,283,0.124150
1,283,283,0.128102
1,284,284,0.127823
1,284,284,0.126489
1,284,284,0.127772
1,284,284,0.122497
1,284,284,0.128373
1,284,284,0.122257
1,285,285,0.123424
1,285,285,0.120887
1,285,285,0.123052
1,285,285,0.125145
1,285,285,0.125818
1,285,285,0.128213
1,286,286,0.123704
1,286,286,0.130282
1,286,286,0.124173
1,286,286,0.128727
1,286,286,0.127932
1,286,286,0.125194
1,287,287,0.123400
1,287,287,0.125882
1,287,287,0.124535
1,287,287,0.121663
1,287,287,0.128390
1,287,287,0.126534
1,288,288,0.133203
1,288,288,0.124795
1,288,288,0.126867
1,288,288,0.132283
1,288,288,0.128259
1,288,288,0.124692
1,289,289,0.125192
1,289,289,0.128859
1,289,289,0.125498
1,289,289,0.125675
1,289,289,0.129069
1,289,289,0.123804
1,290,290,0.126404
1,290,290,0.126544
1,290,290,0.125772
1,290,290,0.127400
1,290,290,0.127772
1,290,290,0.124303
1,291,291,0.126171
1,291,291,0.124747
1,291,291,0.129535
1,291,291,0.129036
1,291,291,0.135146
1,291,291,0.124167
1,292,292,0.127431
1,292,292,0.127490
1,292,292,0.124744
1,292,292,0.126254
1,292,292,0.129098
1,292,292,0.125057
1,293,293,0.126786
1,293,293,0.130924
1,293,293,0.127626
1,293,293,0.126928
1,293,293,0.129778
1,293,293,0.125202
1,294,294,0.125314
1,294,294,0.128846
1,294,294,0.129939
1,294,294,0.128370
1,294,294,0.125719
1,294,294,0.125677
1,295,295,0.125485
1,295,295,0.127841
1,295,295,0.123548
1,295,295,0.126247
1,295,295,0.127597
1,295,295,0.124973
1,296,296,0.125640
1,296,296,0.129322
1,296,296,0.129594
1,296,296,0.127886
1,296,296,0.124543
1,296,296,0.123719
1,297,297,0.121543
1,297,297,0.130933
1,297,297,0.126290
1,297,297,0.124411
1,297,297,0.125681
1,297,297,0.125386
1,298,298,0.123093
1,298,298,0.128818
1,298,298,0.124867
1,298,298,0.128327
1,298,298,0.120777
1,298,298,0.123454
1,299,299,0.123349
1,299,299,0.123406
1,299,299,0.120257
1,299,299,0.122144
1,299,299,0.121264
1,299,299,0.126712
1,300,300,0.120968
1,300,300,0.121651
1,300,300,0.125459
1,300,300,0.123707
1,300,300,0.123128
1,300,300,0.120542
1,301,301,0.123360
1,301,301,0.127708
1,301,301,0.128235
1,301,301,0.128596
1,301,301,0.122967
1,301,301,0.125670
1,302,302,0.125498
1,302,302,0.127025
1,302,302,0.124782
1,302,302,0.132506
1,302,302,0.126377
1,302,302,0.121009
1,303,303,0.130094
1,303,303,0.125477
1,303,303,0.135412
1,303,303,0.125510
1,303,303,0.122821
1,303,303,0.123883
1,304,304,0.125734
1,304,304,0.121707
1,304,304,0.122126
1,304,304,0.123295
1,304,304,0.122998
1,304,304,0.124640
1,305,305,0.126089
1,305,305,0.128562
1,305,305,0.128592
1,305,305,0.121611
1,305,305,0.125143
1,305,305,0.127026
1,306,306,0.126906
1,306,306,0.126366
1,306,306,0.133204
1,306,306,0.126897
1,306,306,0.123773
1,306,306,0.121030
1,307,307,0.125105
1,307,307,0.125320
1,307,307,0.124266
1,307,307,0.127441
1,307,307,0.124949
1,307,307,0.127210
1,308,308,0.121857
1,308,308,0.126055
1,308,308,0.121178
1,308,308,0.129858
1,308,308,0.126579
1,308,308,0.131340
1,309,309,0.119447
1,309,309,0.125426
1,309,309,0.129908
1,309,309,0.122882
1,309,309,0.128404
1,309,309,0.128693
1,310,310,0.125502
1,310,310,0.124319
1,310,310,0.125155
1,310,310,0.127781
1,310,310,0.124565
1,310,310,0.131706
1,311,311,0.122609
1,311,311,0.126020
1,311,311,0.131616
1,311,311,0.128769
1,311,311,0.122846
1,311,311,0.124514
1,312,312,0.126369
1,312,312,0.127728
1,312,312,0.122639
1,312,312,0.131710
1,312,312,0.129582
1,312,312,0.122943
1,313,313,0.133049
1,313,313,0.123285
1,313,313,0.127636
1,313,313,0.123389
1,313,313,0.126769
1,313,313,0.124861
1,314,314,0.123981
1,314,314,0.121607
1,314,314,0.121467
1,314,314,0.125671
1,314,314,0.126833
1,314,314,0.125293
1,315,315,0.126529
1,315,315,0.127038
1,315,315,0.126234
1,315,315,0.127360
1,315,315,0.130084
1,315,315,0.124366
1,316,316,0.120519
1,316,316,0.122777
1,316,316,0.125067
1,316,316,0.121887
1,316,316,0.125554
1,316,316,0.121948
1,317,317,0.126474
1,317,317,0.125741
1,317,317,0.124225
1,317,317,0.127583
1,317,317,0.122720
1,317,317,0.121899
1,318,318,0.123418
1,318,318,0.124446
1,318,318,0.120513
1,318,318,0.131565
1,318,318,0.121395
1,318,318,0.121967
1,319,319,0.125899
1,319,319,0.124940
1,319,319,0.132467
1,319,319,0.129610
1,319,319,0.129949
1,319,319,0.126392
1,320,320,0.128795
1,320,320,0.125163
1,320,320,0.126799
1,320,320,0.127960
1,320,320,0.125875
1,320,320,0.125675
1,321,321,0.125189
1,321,321,0.126338
1,321,321,0.127742
1,321,321,0.124571
1,321,321,0.126761
1,321,321,0.127212
1,322,322,0.125264
1,322,322,0.122816
1,322,322,0.125904
1,322,322,0.128348
1,322,322,0.125544
1,322,322,0.124420
1,323,323,0.123912
1,323,323,0.127871
1,323,323,0.121957
1,323,323,0.122992
1,323,323,0.124870
1,323,323,0.125711
1,324,324,0.129171
1,324,324,0.123632
1,324,324,0.122970
1,324,324,0.125126
1,324,324,0.123557
1,324,324,0.121631
1,325,325,0.123706
1,325,325,0.126499
1,325,325,0.124062
1,325,325,0.127695
1,325,325,0.125772
1,325,325,0.123926
1,326,326,0.123956
1,326,326,0.122238
1,326,326,0.126461
1,326,326,0.125754
1,326,326,0.122587
1,326,326,0.126158
1,327,327,0.123196
1,327,327,0.121430
1,327,327,0.124453
1,327,327,0.123797
1,327,327,0.121894
1,327,327,0.126330
1,328,328,0.125507
1,328,328,0.123238
1,328,328,0.124126
1,328,328,0.125047
1,328,328,0.124873
1,328,328,0.122231
1,329,329,0.126860
1,329,329,0.122852
1,329,329,0.121402
1,329,329,0.122271
1,329,329,0.118019
1,329,329,0.123845
1,330,330,0.124949
1,330,330,0.120754
1,330,330,0.123715
1,330,330,0.125694
1,330,330,0.121717
1,330,330,0.124431
1,331,331,0.128965
1,331,331,0.126774
1,331,331,0.124000
1,331,331,0.127014
1,331,331,0.126639
1,331,331,0.120947
1,332,332,0.130396
1,332,332,0.127037
1,332,332,0.125929
1,332,332,0.124923
1,332,332,0.121358
1,332,332,0.124412
1,333,333,0.121190
1,333,333,0.125755
1,333,333,0.124910
1,333,333,0.126215
1,333,333,0.128027
1,333,333,0.123243
1,334,334,0.123304
1,334,334,0.129336
1,334,334,0.124099
1,334,334,0.126631
1,334,334,0.124178
1,334,334,0.123256
1,335,335,0.125586
1,335,335,0.125684
1,335,335,0.122910
1,335,335,0.125327
1,335,335,0.122894
1,335,335,0.127605
1,336,336,0.120240
1,336,336,0.125510
1,336,336,0.126473
1,336,336,0.124206
1,336,336,0.122807
1,336,336,0.125229
1,337,337,0.129114
1,337,337,0.121351
1,337,337,0.130817
1,337,337,0.118664
1,337,337,0.120280
1,337,337,0.126858
1,338,338,0.124665
1,338,338,0.125435
1,338,338,0.123106
1,338,338,0.125366
1,338,338,0.126835
1,338,338,0.123110
1,339,339,0.124164
1,339,339,0.131740
1,339,339,0.129300
1,339,339,0.122358
1,339,339,0.124220
1,339,339,0.127126
1,340,340,0.127153
1,340,340,0.122733
1,340,340,0.123950
1,340,340,0.125980
1,340,340,0.128885
1,340,340,0.121231
1,341,341,0.125334
1,341,341,0.125160
1,341,341,0.121323
1,341,341,0.118679
1,341,341,0.121498
1,341,341,0.123032
1,342,342,0.124391
1,342,342,0.126640
1,342,342,0.121913
1,342,342,0.123691
1,342,342,0.127677
1,342,342,0.125290
1,343,343,0.125737
1,343,343,0.127530
1,343,343,0.127022
1,343,343,0.124125
1,343,343,0.123227
1,343,343,0.130069
1,344,344,0.129169
1,344,344,0.125031
1,344,344,0.123626
1,344,344,0.123672
1,344,344,0.125207
1,344,344,0.119757
1,345,345,0.122996
1,345,345,0.123255
1,345,345,0.123770
1,345,345,0.127330
1,345,345,0.123646
1,345,345,0.130872
1,346,346,0.124601
1,346,346,0.121224
1,346,346,0.122449
1,346,346,0.122597
1,346,346,0.124523
1,346,346,0.125248
1,347,347,0.123605
1,347,347,0.131080
1,347,347,0.126031
1,347,347,0.126084
1,347,347,0.127142
1,347,347,0.128802
1,348,348,0.129985
1,348,348,0.129305
1,348,348,0.125134
1,348,348,0.130605
1,348,348,0.124931
1,348,348,0.127364
1,349,349,0.128347
1,349,349,0.128718
1,349,349,0.131293
1,349,349,0.124475
1,349,349,0.126197
1,349,349,0.127980
1,350,350,0.125391
1,350,350,0.124987
1,350,350,0.123581
1,350,350,0.122935
1,350,350,0.126080
1,350,350,0.128551
1,351,351,0.124684
1,351,351,0.124894
1,351,351,0.121107
1,351,351,0.125863
1,351,351,0.126129
1,351,351,0.123817
1,352,352,0.122818
1,352,352,0.124687
1,352,352,0.125142
1,352,352,0.120797
1,352,352,0.124319
1,352,352,0.127163
1,353,353,0.125787
1,353,353,0.127343
1,353,353,0.123621
1,353,353,0.124363
1,353,353,0.127463
1,353,353,0.122786
1,354,354,0.122103
1,354,354,0.128247
1,354,354,0.128967
1,354,354,0.124383
1,354,354,0.125588
1,354,354,0.126926
1,355,355,0.127792
1,355,355,0.121559
1,355,355,0.128259
1,355,355,0.132885
1,355,355,0.125293
1,355,355,0.119510
1,356,356,0.124249
1,356,356,0.121855
1,356,356,0.125342
1,356,356,0.124547
1,356,356,0.128862
1,356,356,0.124364
1,357,357,0.125088
1,357,357,0.125289
1,357,357,0.123942
1,357,357,0.121880
1,357,357,0.125871
1,357,357,0.126432
1,358,358,0.126579
1,358,358,0.128848
1,358,358,0.128047
1,358,358,0.126749
1,358,358,0.126765
1,358,358,0.128929
1,359,359,0.127032
1,359,359,0.125916
1,359,359,0.123285
1,359,359,0.126580
1,359,359,0.125330
1,359,359,0.125849
1,360,360,0.128940
1,360,360,0.133529
1,360,360,0.122783
1,360,360,0.125847
1,360,360,0.127730
1,360,360,0.130337
1,361,361,0.126208
1,361,361,0.130847
1,361,361,0.127770
1,361,361,0.128576
1,361,361,0.129156
1,361,361,0.124363
1,362,362,0.125251
1,362,362,0.121993
1,362,362,0.122552
1,362,362,0.124943
1,362,362,0.124750
1,362,362,0.125803
1,363,363,0.124653
1,363,363,0.128069
1,363,363,0.124134
1,363,363,0.122989
1,363,363,0.122080
1,363,363,0.131716
1,364,364,0.121114
1,364,364,0.126221
1,364,364,0.122631
1,364,364,0.124056
1,364,364,0.123618
1,364,364,0.124686
1,365,365,0.122979
1,365,365,0.126609
1,365,365,0.122979
1,365,365,0.121383
1,365,365,0.123858
1,365,365,0.123999
1,366,366,0.126330
1,366,366,0.131005
1,366,366,0.127757
1,366,366,0.124758
1,366,366,0.126308
1,366,366,0.119730
1,367,367,0.123824
1,367,367,0.125458
1,367,367,0.123955
1,367,367,0.125688
1,367,367,0.122949
1,367,367,0.126920
1,368,368,0.131120
1,368,368,0.124846
1,368,368,0.123951
1,368,368,0.126222
1,368,368,0.127544
1,368,368,0.123240
1,369,369,0.127210
1,369,369,0.132501
1,369,369,0.126099
1,369,369,0.123409
1,369,369,0.126272
1,369,369,0.123070
1,370,370,0.121751
1,370,370,0.129768
1,370,370,0.118839
1,370,370,0.124224
1,370,370,0.121163
1,370,370,0.129272
1,371,371,0.121269
1,371,371,0.121353
1,371,371,0.120699
1,371,371,0.121971
1,371,371,0.124219
1,371,371,0.124220
1,372,372,0.121737
1,372,372,0.135761
1,372,372,0.122117
1,372,372,0.127451
1,372,372,0.122717
1,372,372,0.119573
1,373,373,0.122145
1,373,373,0.121121
1,373,373,0.122427
1,373,373,0.121021
1,373,373,0.118634
1,373,373,0.124300
1,374,374,0.123696
1,374,374,0.122983
1,374,374,0.123522
1,374,374,0.126848
1,374,374,0.122143
1,374,374,0.123975
1,375,375,0.125579
1,375,375,0.123902
1,375,375,0.122049
1,375,375,0.128730
1,375,375,0.122695
1,375,375,0.125703
1,376,376,0.123813
1,376,376,0.130621
1,376,376,0.127966
1,376,376,0.123754
1,376,376,0.122801
1,376,376,0.124855
1,377,377,0.129062
1,377,377,0.127534
1,377,377,0.123109
1,377,377,0.128617
1,377,377,0.128981
1,377,377,0.127937
1,378,378,0.121335
1,378,378,0.123314
1,378,378,0.120124
1,378,378,0.122160
1,378,378,0.123691
1,378,378,0.123386
1,379,379,0.125699
1,379,379,0.124409
1,379,379,0.125951
1,379,379,0.124504
1,379,379,0.124393
1,379,379,0.127386
1,380,380,0.120698
1,380,380,0.127030
1,380,380,0.120824
1,380,380,0.125230
1,380,380,0.122727
1,380,380,0.124402
1,381,381,0.135960
1,381,381,0.133227
1,381,381,0.138005
1,381,381,0.136883
1,381,381,0.133186
1,381,381,0.133038
1,382,382,0.140116
1,382,382,0.134757
1,382,382,0.134982
1,382,382,0.138018
1,382,382,0.132142
1,382,382,0.135865
1,383,383,0.127515
1,383,383,0.133759
1,383,383,0.133416
1,383,383,0.127232
1,383,383,0.127832
1,383,383,0.130297
1,384,384,0.130110
1,384,384,0.130895
1,384,384,0.130631
1,384,384,0.127908
1,384,384,0.129912
1,384,384,0.129084
1,385,385,0.132960
1,385,385,0.133229
1,385,385,0.128399
1,385,385,0.137563
1,385,385,0.132474
1,385,385,0.133444
1,386,386,0.126620
1,386,386,0.128883
1,386,386,0.124573
1,386,386,0.127753
1,386,386,0.127276
1,386,386,0.129727
1,387,387,0.124717
1,387,387,0.126191
1,387,387,0.126011
1,387,387,0.129587
1,387,387,0.126074
1,387,387,0.131302
1,388,388,0.131412
1,388,388,0.128679
1,388,388,0.128419
1,388,388,0.130976
1,388,388,0.128579
1,388,388,0.131156
1,389,389,0.124274
1,389,389,0.127444
1,389,389,0.131718
1,389,389,0.125821
1,389,389,0.127733
1,389,389,0.129472
1,390,390,0.128430
1,390,390,0.126858
1,390,390,0.130502
1,390,390,0.128980
1,390,390,0.123961
1,390,390,0.127189
1,391,391,0.125335
1,391,391,0.124821
1,391,391,0.127321
1,391,391,0.126798
1,391,391,0.127524
1,391,391,0.125846
1,392,392,0.124760
1,392,392,0.123728
1,392,392,0.126721
1,392,392,0.130757
1,392,392,0.126951
1,392,392,0.124997
1,393,393,0.123400
1,393,393,0.125686
1,393,393,0.127150
1,393,393,0.121442
1,393,393,0.125129
1,393,393,0.122863
1,394,394,0.125498
1,394,394,0.121838
1,394,394,0.123615
1,394,394,0.122186
1,394,394,0.132623
1,394,394,0.121181
1,395,395,0.122371
1,395,395,0.126160
1,395,395,0.124965
1,395,395,0.121143
1,395,395,0.125396
1,395,395,0.126028
1,396,396,0.125879
1,396,396,0.123826
1,396,396,0.121422
1,396,396,0.125787
1,396,396,0.125731
1,396,396,0.124086
1,397,397,0.128095
1,397,397,0.125073
1,397,397,0.122624
1,397,397,0.123478
1,397,397,0.122511
1,397,397,0.125123
1,398,398,0.130116
1,398,398,0.125100
1,398,398,0.126405
1,398,398,0.120806
1,398,398,0.125559
1,398,398,0.126603
1,399,399,0.122043
1,399,399,0.124083
1,399,399,0.126555
1,399,399,0.124103
1,399,399,0.125487
1,399,399,0.129903
1,400,400,0.122629
1,400,400,0.127737
1,400,400,0.125698
1,400,400,0.126155
1,400,400,0.123411
1,400,400,0.124188
1,401,401,0.121795
1,401,401,0.128145
1,401,401,0.124534
1,401,401,0.128671
1,401,401,0.120709
1,401,401,0.122390
1,402,402,0.124447
1,402,402,0.126591
1,402,402,0.122786
1,402,402,0.126566
1,402,402,0.119075
1,402,402,0.122574
1,403,403,0.123517
1,403,403,0.121499
1,403,403,0.124060
1,403,403,0.125389
1,403,403,0.122889
1,403,403,0.121108
1,404,404,0.123492
1,404,404,0.119759
1,404,404,0.123920
1,404,404,0.122617
1,404,404,0.121188
1,404,404,0.123807
1,405,405,0.123004
1,405,405,0.118493
1,405,405,0.122244
1,405,405,0.122813
1,405,405,0.120620
1,405,405,0.120307
1,406,406,0.122984
1,406,406,0.125018
1,406,406,0.122099
1,406,406,0.119351
1,406,406,0.122250
1,406,406,0.122746
1,407,407,0.120168
1,407,407,0.117754
1,407,407,0.124586
1,407,407,0.120104
1,407,407,0.121716
1,407,407,0.120369
1,408,408,0.121456
1,408,408,0.125741
1,408,408,0.118589
1,408,408,0.124140
1,408,408,0.122926
1,408,408,0.120925
1,409,409,0.120054
1,409,409,0.125625
1,409,409,0.123481
1,409,409,0.124582
1,409,409,0.118761
1,409,409,0.126226
1,410,410,0.121225
1,410,410,0.120563
1,410,410,0.120501
1,410,410,0.120434
1,410,410,0.121053
1,410,410,0.123263
1,411,411,0.119497
1,411,411,0.124757
1,411,411,0.122127
1,411,411,0.124082
1,411,411,0.121042
1,411,411,0.121229
1,412,412,0.122269
1,412,412,0.121760
1,412,412,0.121209
1,412,412,0.122090
1,412,412,0.121027
1,412,412,0.123533
1,413,413,0.120814
1,413,413,0.128675
1,413,413,0.126920
1,413,413,0.121866
1,413,413,0.120309
1,413,413,0.120197
1,414,414,0.118411
1,414,414,0.117269
1,414,414,0.121360
1,414,414,0.124241
1,414,414,0.123457
1,414,414,0.120192
1,415,415,0.129203
1,415,415,0.122576
1,415,415,0.128641
1,415,415,0.129775
1,415,415,0.126066
1,415,415,0.125943
1,416,416,0.124630
1,416,416,0.129149
1,416,416,0.127950
1,416,416,0.127097
1,416,416,0.124227
1,416,416,0.129741
1,417,417,0.118023
1,417,417,0.124428
1,417,417,0.122781
1,417,417,0.122672
1,417,417,0.119847
1,417,417,0.123431
1,418,418,0.130881
1,418,418,0.138371
1,418,418,0.132756
1,418,418,0.133804
1,418,418,0.135534
1,418,418,0.128186
1,419,419,0.143164
1,419,419,0.138307
1,419,419,0.144464
1,419,419,0.140272
1,419,419,0.136874
1,419,419,0.141389
1,420,420,0.130670
1,420,420,0.126333
1,420,420,0.131234
1,420,420,0.134041
1,420,420,0.132565
1,420,420,0.127945
1,421,421,0.128711
1,421,421,0.122628
1,421,421,0.125790
1,421,421,0.124478
1,421,421,0.125797
1,421,421,0.124793
1,422,422,0.121666
1,422,422,0.123469
1,422,422,0.129643
1,422,422,0.124626
1,422,422,0.128286
1,422,422,0.126932
1,423,423,0.124878
1,423,423,0.123806
1,423,423,0.129174
1,423,423,0.128180
1,423,423,0.125386
1,423,423,0.128127
1,424,424,0.123733
1,424,424,0.126549
1,424,424,0.120491
1,424,424,0.119767
1,424,424,0.121946
1,424,424,0.124206
1,425,425,0.128584
1,425,425,0.127383
1,425,425,0.126498
1,425,425,0.122350
1,425,425,0.129558
1,425,425,0.125481
1,426,426,0.128798
1,426,426,0.124220
1,426,426,0.122507
1,426,426,0.124924
1,426,426,0.123839
1,426,426,0.126096
1,427,427,0.120041
1,427,427,0.123158
1,427,427,0.125065
1,427,427,0.122744
1,427,427,0.122462
1,427,427,0.122849
1,428,428,0.121129
1,428,428,0.120451
1,428,428,0.120303
1,428,428,0.124415
1,428,428,0.120011
1,428,428,0.122916
1,429,429,0.125478
1,429,429,0.123403
1,429,429,0.123959
1,429,429,0.125735
1,429,429,0.125306
1,429,429,0.123290
1,430,430,0.120815
1,430,430,0.121863
1,430,430,0.119603
1,430,430,0.124692
1,430,430,0.124867
1,430,430,0.118772
1,431,431,0.123253
1,431,431,0.122253
1,431,431,0.119743
1,431,431,0.121176
1,431,431,0.123864
1,431,431,0.119536
1,432,432,0.125022
1,432,432,0.118653
1,432,432,0.125056
1,432,432,0.117298
1,432,432,0.122060
1,432,432,0.123606
1,433,433,0.122193
1,433,433,0.120442
1,433,433,0.120814
1,433,433,0.121001
1,433,433,0.122832
1,433,433,0.119985
1,434,434,0.121357
1,434,434,0.123563
1,434,434,0.121474
1,434,434,0.119732
1,434,434,0.121494
1,434,434,0.122467
1,435,435,0.121192
1,435,435,0.122092
1,435,435,0.121381
1,435,435,0.123764
1,435,435,0.122365
1,435,435,0.122912
1,436,436,0.124054
1,436,436,0.118154
1,436,436,0.121005
1,436,436,0.120388
1,436,436,0.121169
1,436,436,0.119278
1,437,437,0.119523
1,437,437,0.121829
1,437,437,0.130252
1,437,437,0.124140
1,437,437,0.122617
1,437,437,0.121027
1,438,438,0.122944
1,438,438,0.123202
1,438,438,0.121275
1,438,438,0.122227
1,438,438,0.123683
1,438,438,0.122785
1,439,439,0.120397
1,439,439,0.127200
1,439,439,0.121709
1,439,439,0.119628
1,439,439,0.127510
1,439,439,0.122361
1,440,440,0.120204
1,440,440,0.121786
1,440,440,0.121916
1,440,440,0.117393
1,440,440,0.123801
1,440,440,0.120886
1,441,441,0.121582
1,441,441,0.123635
1,441,441,0.120306
1,441,441,0.122195
1,441,441,0.123375
1,441,441,0.120953
1,442,442,0.129151
1,442,442,0.121729
1,442,442,0.126944
1,442,442,0.119824
1,442,442,0.124600
1,442,442,0.118752
1,443,443,0.121258
1,443,443,0.123485
1,443,443,0.122407
1,443,443,0.117953
1,443,443,0.123698
1,443,443,0.126501
1,444,444,0.126080
1,444,444,0.124627
1,444,444,0.123306
1,444,444,0.124138
1,444,444,0.120679
1,444,444,0.121676
1,445,445,0.122264
1,445,445,0.117241
1,445,445,0.120918
1,445,445,0.123075
1,445,445,0.120847
1,445,445,0.123109
1,446,446,0.124467
1,446,446,0.122904
1,446,446,0.124171
1,446,446,0.122627
1,446,446,0.123256
1,446,446,0.123362
1,447,447,0.123410
1,447,447,0.131333
1,447,447,0.126589
1,447,447,0.121362
1,447,447,0.125674
1,447,447,0.123787
1,448,448,0.124007
1,448,448,0.123837
1,448,448,0.121859
1,448,448,0.118265
1,448,448,0.117481
1,448,448,0.123407
1,449,449,0.119058
1,449,449,0.125913
1,449,449,0.122622
1,449,449,0.127051
1,449,449,0.123057
1,449,449,0.121911
1,450,450,0.124333
1,450,450,0.122511
1,450,450,0.121197
1,450,450,0.125862
1,450,450,0.123294
1,450,450,0.122303
1,451,451,0.119448
1,451,451,0.122437
1,451,451,0.119328
1,451,451,0.120448
1,451,451,0.120124
1,451,451,0.124989
1,452,452,0.122347
1,452,452,0.122069
1,452,452,0.119779
1,452,452,0.123266
1,452,452,0.120115
1,452,452,0.122108
1,453,453,0.128300
1,453,453,0.126419
1,453,453,0.118859
1,453,453,0.118695
1,453,453,0.121495
1,453,453,0.119798
1,454,454,0.121230
1,454,454,0.121381
1,454,454,0.122569
1,454,454,0.125530
1,454,454,0.122305
1,454,454,0.123598
1,455,455,0.121183
1,455,455,0.123304
1,455,455,0.126346
1,455,455,0.123008
1,455,455,0.120785
1,455,455,0.120114
1,456,456,0.120792
1,456,456,0.122153
1,456,456,0.121796
1,456,456,0.122644
1,456,456,0.125534
1,456,456,0.122673
1,457,457,0.122238
1,457,457,0.122893
1,457,457,0.125412
1,457,457,0.124540
1,457,457,0.119363
1,457,457,0.121129
1,458,458,0.123139
1,458,458,0.120809
1,458,458,0.124369
1,458,458,0.123584
1,458,458,0.124960
1,458,458,0.121555
1,459,459,0.127885
1,459,459,0.126488
1,459,459,0.122790
1,459,459,0.126851
1,459,459,0.126013
1,459,459,0.128078
1,460,460,0.122289
1,460,460,0.122025
1,460,460,0.118465
1,460,460,0.124167
1,460,460,0.126570
1,460,460,0.121210
1,461,461,0.120736
1,461,461,0.119906
1,461,461,0.124445
1,461,461,0.129987
1,461,461,0.122149
1,461,461,0.119411
1,462,462,0.119825
1,462,462,0.120737
1,462,462,0.124781
1,462,462,0.122170
1,462,462,0.122203
1,462,462,0.123873
1,463,463,0.121075
1,463,463,0.118662
1,463,463,0.122395
1,463,463,0.123690
1,463,463,0.121046
1,463,463,0.124244
1,464,464,0.128322
1,464,464,0.122737
1,464,464,0.130797
1,464,464,0.123468
1,464,464,0.118304
1,464,464,0.125387
1,465,465,0.118132
1,465,465,0.120810
1,465,465,0.120959
1,465,465,0.122935
1,465,465,0.122574
1,465,465,0.122313
1,466,466,0.122151
1,466,466,0.122848
1,466,466,0.125158
1,466,466,0.122121
1,466,466,0.123643
1,466,466,0.126247
1,467,467,0.120431
1,467,467,0.117643
1,467,467,0.126275
1,467,467,0.122686
1,467,467,0.125302
1,467,467,0.129980
1,468,468,0.124681
1,468,468,0.127743
1,468,468,0.120972
1,468,468,0.123463
1,468,468,0.120127
1,468,468,0.117456
1,469,469,0.120106
1,469,469,0.125754
1,469,469,0.120826
1,469,469,0.124994
1,469,469,0.120549
1,469,469,0.126173
1,470,470,0.123686
1,470,470,0.122197
1,470,470,0.120284
1,470,470,0.120983
1,470,470,0.123148
1,470,470,0.120789
1,471,471,0.119964
1,471,471,0.122846
1,471,471,0.120973
1,471,471,0.119903
1,471,471,0.121074
1,471,471,0.124275
1,472,472,0.123431
1,472,472,0.121225
1,472,472,0.122926
1,472,472,0.127141
1,472,472,0.119976
1,472,472,0.125799
1,473,473,0.121746
1,473,473,0.123825
1,473,473,0.118965
1,473,473,0.123143
1,473,473,0.118344
1,473,473,0.121729
1,474,474,0.120804
1,474,474,0.121790
1,474,474,0.121691
1,474,474,0.124197
1,474,474,0.123715
1,474,474,0.120467
1,475,475,0.125644
1,475,475,0.121128
1,475,475,0.121164
1,475,475,0.119481
1,475,475,0.120811
1,475,475,0.123020
1,476,476,0.122257
1,476,476,0.120780
1,476,476,0.121141
1,476,476,0.125677
1,476,476,0.122408
1,476,476,0.119780
1,477,477,0.121723
1,477,477,0.123160
1,477,477,0.118086
1,477,477,0.117481
1,477,477,0.122160
1,477,477,0.118681
1,478,478,0.133728
1,478,478,0.120724
1,478,478,0.122708
1,478,478,0.125218
1,478,478,0.123498
1,478,478,0.120185
1,479,479,0.119462
1,479,479,0.119569
1,479,479,0.126951
1,479,479,0.123395
1,479,479,0.118553
1,479,479,0.122254
1,480,480,0.121466
1,480,480,0.124212
1,480,480,0.122709
1,480,480,0.120494
1,480,480,0.121708
1,480,480,0.119851
1,481,481,0.121203
1,481,481,0.123478
1,481,481,0.122652
1,481,481,0.118683
1,481,481,0.122544
1,481,481,0.117930
1,482,482,0.121742
1,482,482,0.118429
1,482,482,0.121233
1,482,482,0.120401
1,482,482,0.118490
1,482,482,0.127059
1,483,483,0.119910
1,483,483,0.120857
1,483,483,0.120667
1,483,483,0.125180
1,483,483,0.123705
1,483,483,0.120608
1,484,484,0.116922
1,484,484,0.122158
1,484,484,0.120512
1,484,484,0.118302
1,484,484,0.118248
1,484,484,0.125427
1,485,485,0.120150
1,485,485,0.121765
1,485,485,0.119792
1,485,485,0.118376
1,485,485,0.122931
1,485,485,0.121968
1,486,486,0.125078
1,486,486,0.118027
1,486,486,0.115005
1,486,486,0.118865
1,486,486,0.122348
1,486,486,0.120777
1,487,487,0.129596
1,487,487,0.124659
1,487,487,0.125093
1,487,487,0.131078
1,487,487,0.126537
1,487,487,0.126172
1,488,488,0.120574
1,488,488,0.124966
1,488,488,0.123847
1,488,488,0.121743
1,488,488,0.120706
1,488,488,0.122312
1,489,489,0.127587
1,489,489,0.128658
1,489,489,0.132363
1,489,489,0.126213
1,489,489,0.129369
1,489,489,0.128411
1,490,490,0.124466
1,490,490,0.127248
1,490,490,0.130316
1,490,490,0.127126
1,490,490,0.125034
1,490,490,0.126714
1,491,491,0.127863
1,491,491,0.124773
1,491,491,0.128183
1,491,491,0.128196
1,491,491,0.123722
1,491,491,0.125599
1,492,492,0.135045
1,492,492,0.131192
1,492,492,0.132542
1,492,492,0.124398
1,492,492,0.132161
1,492,492,0.127141
1,493,493,0.121165
1,493,493,0.121627
1,493,493,0.127248
1,493,493,0.123316
1,493,493,0.123417
1,493,493,0.121160
1,494,494,0.122733
1,494,494,0.121090
1,494,494,0.122879
1,494,494,0.119639
1,494,494,0.122715
1,494,494,0.122054
1,495,495,0.125646
1,495,495,0.124312
1,495,495,0.119298
1,495,495,0.121100
1,495,495,0.120476
1,495,495,0.126189
1,496,496,0.124131
1,496,496,0.128886
1,496,496,0.122814
1,496,496,0.123675
1,496,496,0.122363
1,496,496,0.126178
1,497,497,0.123620
1,497,497,0.121924
1,497,497,0.120416
1,497,497,0.125634
1,497,497,0.124164
1,497,497,0.125502
1,498,498,0.123159
1,498,498,0.117323
1,498,498,0.121658
1,498,498,0.119697
1,498,498,0.125310
1,498,498,0.122930
1,499,499,0.120968
1,499,499,0.122236
1,499,499,0.122033
1,499,499,0.123344
1,499,499,0.134132
1,499,499,0.125615
1,500,500,0.120515
1,500,500,0.121814
1,500,500,0.121724
1,500,500,0.119919
1,500,500,0.122363
1,500,500,0.119674
1,501,501,0.121652
1,501,501,0.122335
1,501,501,0.124498
1,501,501,0.121669
1,501,501,0.122301
1,501,501,0.123482
1,502,502,0.118244
1,502,502,0.118213
1,502,502,0.123435
1,502,502,0.119559
1,502,502,0.121240
1,502,502,0.119352
1,503,503,0.122651
1,503,503,0.122446
1,503,503,0.121849
1,503,503,0.123080
1,503,503,0.121877
1,503,503,0.124290
1,504,504,0.121241
1,504,504,0.123828
1,504,504,0.126119
1,504,504,0.118904
1,504,504,0.116991
1,504,504,0.124036
1,505,505,0.121787
1,505,505,0.123991
1,505,505,0.123716
1,505,505,0.121706
1,505,505,0.119374
1,505,505,0.126610
1,506,506,0.120936
1,506,506,0.118489
1,506,506,0.120899
1,506,506,0.120258
1,506,506,0.124378
1,506,506,0.123611
1,507,507,0.125491
1,507,507,0.122809
1,507,507,0.120646
1,507,507,0.119559
1,507,507,0.122598
1,507,507,0.120882
1,508,508,0.122039
1,508,508,0.119205
1,508,508,0.122145
1,508,508,0.116173
1,508,508,0.121475
1,508,508,0.120311
1,509,509,0.120941
1,509,509,0.129663
1,509,509,0.123562
1,509,509,0.117629
1,509,509,0.119340
1,509,509,0.122752
1,510,510,0.120431
1,510,510,0.119161
1,510,510,0.121228
1,510,510,0.119028
1,510,510,0.119677
1,510,510,0.120224
1,511,511,0.122923
1,511,511,0.120849
1,511,511,0.121774
1,511,511,0.123228
1,511,511,0.125093
1,511,511,0.125861
1,512,512,0.118174
1,512,512,0.124127
1,512,512,0.121413
1,512,512,0.122806
1,512,512,0.121436
1,512,512,0.124017
1,513,513,0.119814
1,513,513,0.121013
1,513,513,0.118720
1,513,513,0.120299
1,513,513,0.119176
1,513,513,0.125466
1,514,514,0.115984
1,514,514,0.125147
1,514,514,0.122146
1,514,514,0.120220
1,514,514,0.122515
1,514,514,0.121173
1,515,515,0.120188
1,515,515,0.120870
1,515,515,0.115637
1,515,515,0.123974
1,515,515,0.121092
1,515,515,0.121187
1,516,516,0.118407
1,516,516,0.122669
1,516,516,0.118270
1,516,516,0.122920
1,516,516,0.123522
1,516,516,0.122479
1,517,517,0.122174
1,517,517,0.126273
1,517,517,0.120921
1,517,517,0.121142
1,517,517,0.121324
1,517,517,0.119488
1,518,518,0.119691
1,518,518,0.117565
1,518,518,0.117877
1,518,518,0.121200
1,518,518,0.120021
1,518,518,0.121032
1,519,519,0.128882
1,519,519,0.124932
1,519,519,0.119213
1,519,519,0.122489
1,519,519,0.118049
1,519,519,0.119176
1,520,520,0.117741
1,520,520,0.118545
1,520,520,0.118772
1,520,520,0.119680
1,520,520,0.123440
1,520,520,0.120431
1,521,521,0.119692
1,521,521,0.120710
1,521,521,0.120757
1,521,521,0.122327
1,521,521,0.121515
1,521,521,0.122054
1,522,522,0.120866
1,522,522,0.117144
1,522,522,0.117172
1,522,522,0.122096
1,522,522,0.122992
1,522,522,0.120981
1,523,523,0.119380
1,523,523,0.118072
1,523,523,0.118801
1,523,523,0.115891
1,523,523,0.120223
1,523,523,0.119226
1,524,524,0.118539
1,524,524,0.121157
1,524,524,0.122247
1,524,524,0.122113
1,524,524,0.119677
1,524,524,0.121082
1,525,525,0.120655
1,525,525,0.117570
1,525,525,0.123642
1,525,525,0.123243
1,525,525,0.121636
1,525,525,0.119859
1,526,526,0.119824
1,526,526,0.120151
1,526,526,0.120773
1,526,526,0.122288
1,526,526,0.125903
1,526,526,0.119991
1,527,527,0.118167
1,527,527,0.122884
1,527,527,0.117507
1,527,527,0.119904
1,527,527,0.119715
1,527,527,0.118755
1,528,528,0.124986
1,528,528,0.120610
1,528,528,0.121962
1,528,528,0.128895
1,528,528,0.122118
1,528,528,0.123965
1,529,529,0.121098
1,529,529,0.120986
1,529,529,0.116907
1,529,529,0.123054
1,529,529,0.124971
1,529,529,0.121391
1,530,530,0.125786
1,530,530,0.125485
1,530,530,0.126930
1,530,530,0.124257
1,530,530,0.121612
1,530,530,0.124123
1,531,531,0.121841
1,531,531,0.126730
1,531,531,0.123838
1,531,531,0.125125
1,531,531,0.128044
1,531,531,0.125838
1,532,532,0.121336
1,532,532,0.124496
1,532,532,0.120315
1,532,532,0.123282
1,532,532,0.123631
1,532,532,0.118217
1,533,533,0.123547
1,533,533,0.124417
1,533,533,0.124745
1,533,533,0.121500
1,533,533,0.122021
1,533,533,0.123180
1,534,534,0.127011
1,534,534,0.122199
1,534,534,0.119175
1,534,534,0.124400
1,534,534,0.130262
1,534,534,0.124101
1,535,535,0.124029
1,535,535,0.119712
1,535,535,0.125273
1,535,535,0.120980
1,535,535,0.120260
1,535,535,0.123082
1,536,536,0.122358
1,536,536,0.124798
1,536,536,0.120182
1,536,536,0.119486
1,536,536,0.124806
1,536,536,0.120775
1,537,537,0.121568
1,537,537,0.125028
1,537,537,0.119605
1,537,537,0.119299
1,537,537,0.118254
1,537,537,0.121093
1,538,538,0.121762
1,538,538,0.121176
1,538,538,0.121697
1,538,538,0.121093
1,538,538,0.127129
1,538,538,0.121587
1,539,539,0.121264
1,539,539,0.119985
1,539,539,0.120475
1,539,539,0.119844
1,539,539,0.122341
1,539,539,0.120246
2,1,540,0.117481
2,1,540,0.115916
2,1,540,0.120677
2,1,540,0.118952
2,1,540,0.125753
2,1,540,0.118841
2,2,541,0.121895
2,2,541,0.121242
2,2,541,0.119909
2,2,541,0.118776
2,2,541,0.117963
2,2,541,0.119070
2,3,542,0.122956
2,3,542,0.119071
2,3,542,0.119247
2,3,542,0.119714
2,3,542,0.122215
2,3,542,0.120194
2,4,543,0.118897
2,4,543,0.119336
2,4,543,0.120852
2,4,543,0.118717
2,4,543,0.124120
2,4,543,0.123260
2,5,544,0.122924
2,5,544,0.121212
2,5,544,0.124365
2,5,544,0.119817
2,5,544,0.121649
2,5,544,0.120363
2,6,545,0.120571
2,6,545,0.122682
2,6,545,0.118593
2,6,545,0.128770
2,6,545,0.119386
2,6,545,0.119253
2,7,546,0.126304
2,7,546,0.122512
2,7,546,0.117309
2,7,546,0.117965
2,7,546,0.125152
2,7,546,0.120845
2,8,547,0.121164
2,8,547,0.119157
2,8,547,0.122370
2,8,547,0.120933
2,8,547,0.122871
2,8,547,0.119030
2,9,548,0.121621
2,9,548,0.125228
2,9,548,0.120143
2,9,548,0.123521
2,9,548,0.118619
2,9,548,0.120770
2,10,549,0.122772
2,10,549,0.123413
2,10,549,0.117782
2,10,549,0.129655
2,10,549,0.119893
2,10,549,0.122165
2,11,550,0.121587
2,11,550,0.123588
2,11,550,0.122868
2,11,550,0.118938
2,11,550,0.121223
2,11,550,0.122266
2,12,551,0.125551
2,12,551,0.119633
2,12,551,0.122698
2,12,551,0.120521
2,12,551,0.120063
2,12,551,0.121658
2,13,552,0.119295
2,13,552,0.119748
2,13,552,0.119750
2,13,552,0.118779
2,13,552,0.117617
2,13,552,0.123847
2,14,553,0.122747
2,14,553,0.123422
2,14,553,0.120728
2,14,553,0.121797
2,14,553,0.120883
2,14,553,0.120428
2,15,554,0.119687
2,15,554,0.127177
2,15,554,0.123973
2,15,554,0.121116
2,15,554,0.121773
2,15,554,0.126959
2,16,555,0.120041
2,16,555,0.121780
2,16,555,0.124051
2,16,555,0.118042
2,16,555,0.123003
2,16,555,0.115655
2,17,556,0.124480
2,17,556,0.116630
2,17,556,0.117452
2,17,556,0.115932
2,17,556,0.118216
2,17,556,0.125701
2,18,557,0.120729
2,18,557,0.118795
2,18,557,0.125586
2,18,557,0.115076
2,18,557,0.117661
2,18,557,0.116595
2,19,558,0.120004
2,19,558,0.118192
2,19,558,0.120362
2,19,558,0.119097
2,19,558,0.123013
2,19,558,0.123732
2,20,559,0.122829
2,20,559,0.119483
2,20,559,0.119949
2,20,559,0.125873
2,20,559,0.119470
2,20,559,0.119785
2,21,560,0.120393
2,21,560,0.125798
2,21,560,0.121479
2,21,560,0.124759
2,21,560,0.119275
2,21,560,0.120016
2,22,561,0.116844
2,22,561,0.122632
2,22,561,0.120713
2,22,561,0.125447
2,22,561,0.115590
2,22,561,0.122908
2,23,562,0.121270
2,23,562,0.119318
2,23,562,0.120010
2,23,562,0.120310
2,23,562,0.119337
2,23,562,0.118417
2,24,563,0.121485
2,24,563,0.120071
2,24,563,0.117090
2,24,563,0.121240
2,24,563,0.124727
2,24,563,0.119742
2,25,564,0.116968
2,25,564,0.118147
2,25,564,0.119265
2,25,564,0.119540
2,25,564,0.119027
2,25,564,0.121882
2,26,565,0.120163
2,26,565,0.120782
2,26,565,0.123917
2,26,565,0.118721
2,26,565,0.121167
2,26,565,0.121895
2,27,566,0.118486
2,27,566,0.124506
2,27,566,0.120921
2,27,566,0.120936
2,27,566,0.125902
2,27,566,0.125397
2,28,567,0.118851
2,28,567,0.119064
2,28,567,0.119726
2,28,567,0.120622
2,28,567,0.119683
2,28,567,0.122174
2,29,568,0.121937
2,29,568,0.120752
2,29,568,0.117630
2,29,568,0.120004
2,29,568,0.122483
2,29,568,0.118251
2,30,569,0.118527
2,30,569,0.122469
2,30,569,0.122221
2,30,569,0.120468
2,30,569,0.120005
2,30,569,0.116079
2,31,570,0.121434
2,31,570,0.123484
2,31,570,0.121403
2,31,570,0.115500
2,31,570,0.120123
2,31,570,0.120406
2,32,571,0.122427
2,32,571,0.121771
2,32,571,0.121814
2,32,571,0.120933
2,32,571,0.117885
2,32,571,0.116741
2,33,572,0.120589
2,33,572,0.119220
2,33,572,0.115193
2,33,572,0.121598
2,33,572,0.123227
2,33,572,0.117763
2,34,573,0.121098
2,34,573,0.118296
2,34,573,0.120356
2,34,573,0.117960
2,34,573,0.120505
2,34,573,0.120756
2,35,574,0.120288
2,35,574,0.118478
2,35,574,0.120205
2,35,574,0.118484
2,35,574,0.119699
2,35,574,0.124304
2,36,575,0.117082
2,36,575,0.120673
2,36,575,0.120192
2,36,575,0.121566
2,36,575,0.120458
2,36,575,0.118470
2,37,576,0.122982
2,37,576,0.119208
2,37,576,0.119922
2,37,576,0.120496
2,37,576,0.117712
2,37,576,0.127954
2,38,577,0.117886
2,38,577,0.117855
2,38,577,0.117096
2,38,577,0.123117
2,38,577,0.120706
2,38,577,0.120637
2,39,578,0.120704
2,39,578,0.118632
2,39,578,0.118274
2,39,578,0.124336
2,39,578,0.119894
2,39,578,0.120753
2,40,579,0.123646
2,40,579,0.123919
2,40,579,0.123404
2,40,579,0.124650
2,40,579,0.122177
2,40,579,0.123787
2,41,580,0.121011
2,41,580,0.121729
2,41,580,0.125272
2,41,580,0.119566
2,41,580,0.127435
2,41,580,0.124853
2,42,581,0.126407
2,42,581,0.122662
2,42,581,0.123710
2,42,581,0.120995
2,42,581,0.126382
2,42,581,0.120930
2,43,582,0.123153
2,43,582,0.121319
2,43,582,0.123942
2,43,582,0.117944
2,43,582,0.123957
2,43,582,0.124808
2,44,583,0.119735
2,44,583,0.120379
2,44,583,0.121929
2,44,583,0.124843
2,44,583,0.120164
2,44,583,0.121366
2,45,584,0.125835
2,45,584,0.123415
2,45,584,0.120330
2,45,584,0.122683
2,45,584,0.123686
2,45,584,0.118565
2,46,585,0.122355
2,46,585,0.121258
2,46,585,0.123493
2,46,585,0.122262
2,46,585,0.122262
2,46,585,0.124662
2,47,586,0.116667
2,47,586,0.122898
2,47,586,0.124038
2,47,586,0.121157
2,47,586,0.119107
2,47,586,0.122032
2,48,587,0.126484
2,48,587,0.124356
2,48,587,0.123012
2,48,587,0.122924
2,48,587,0.119251
2,48,587,0.123861
2,49,588,0.121305
2,49,588,0.125045
2,49,588,0.121333
2,49,588,0.122259
2,49,588,0.120474
2,49,588,0.122906
2,50,589,0.118349
2,50,589,0.117116
2,50,589,0.122843
2,50,589,0.119270
2,50,589,0.119801
2,50,589,0.120737
2,51,590,0.123335
2,51,590,0.124519
2,51,590,0.120660
2,51,590,0.121565
2,51,590,0.119971
2,51,590,0.129917
2,52,591,0.121750
2,52,591,0.122374
2,52,591,0.122945
2,52,591,0.122394
2,52,591,0.120545
2,52,591,0.119864
2,53,592,0.118153
2,53,592,0.123638
2,53,592,0.122100
2,53,592,0.120279
2,53,592,0.116672
2,53,592,0.118028
2,54,593,0.121538
2,54,593,0.116561
2,54,593,0.124945
2,54,593,0.123845
2,54,593,0.118342
2,54,593,0.122210
2,55,594,0.125299
2,55,594,0.125029
2,55,594,0.120032
2,55,594,0.119360
2,55,594,0.122013
2,55,594,0.120758
2,56,595,0.120890
2,56,595,0.117525
2,56,595,0.118647
2,56,595,0.120897
2,56,595,0.120425
2,56,595,0.120471
2,57,596,0.123904
2,57,596,0.121603
2,57,596,0.120548
2,57,596,0.119732
2,57,596,0.126503
2,57,596,0.122412
2,58,597,0.122874
2,58,597,0.127801
2,58,597,0.121206
2,58,597,0.118350
2,58,597,0.120825
2,58,597,0.121231
2,59,598,0.123795
2,59,598,0.120215
2,59,598,0.124986
2,59,598,0.121323
2,59,598,0.122716
2,59,598,0.120335
2,60,599,0.121501
2,60,599,0.122043
2,60,599,0.123133
2,60,599,0.119714
2,60,599,0.121272
2,60,599,0.117613
2,61,600,0.123980
2,61,600,0.126287
2,61,600,0.121722
2,61,600,0.119849
2,61,600,0.121939
2,61,600,0.118863
2,62,601,0.120553
2,62,601,0.119161
2,62,601,0.120628
2,62,601,0.121587
2,62,601,0.121058
2,62,601,0.120221
2,63,602,0.121327
2,63,602,0.126666
2,63,602,0.124074
2,63,602,0.120960
2,63,602,0.120284
2,63,602,0.120731
2,64,603,0.119402
2,64,603,0.128149
2,64,603,0.127171
2,64,603,0.122121
2,64,603,0.121401
2,64,603,0.121737
2,65,604,0.120776
2,65,604,0.122396
2,65,604,0.124131
2,65,604,0.117899
2,65,604,0.123803
2,65,604,0.121135
2,66,605,0.121380
2,66,605,0.119656
2,66,605,0.119490
2,66,605,0.119354
2,66,605,0.118960
2,66,605,0.122451
2,67,606,0.124251
2,67,606,0.121382
2,67,606,0.122562
2,67,606,0.120052
2,67,606,0.120849
2,67,606,0.121373
2,68,607,0.124347
2,68,607,0.126767
2,68,607,0.121381
2,68,607,0.121053
2,68,607,0.123679
2,68,607,0.118277
2,69,608,0.122378
2,69,608,0.124614
2,69,608,0.119725
2,69,608,0.120481
2,69,608,0.120372
2,69,608,0.124838
2,70,609,0.119910
2,70,609,0.120576
2,70,609,0.118903
2,70,609,0.118578
2,70,609,0.121353
2,70,609,0.125542
2,71,610,0.121146
2,71,610,0.123967
2,71,610,0.122791
2,71,610,0.122590
2,71,610,0.123548
2,71,610,0.123129
2,72,611,0.121468
2,72,611,0.122544
2,72,611,0.118578
2,72,611,0.121743
2,72,611,0.119646
2,72,611,0.120621
2,73,612,0.121313
2,73,612,0.120415
2,73,612,0.120501
2,73,612,0.116217
2,73,612,0.126483
2,73,612,0.119159
2,74,613,0.121170
2,74,613,0.119191
2,74,613,0.119762
2,74,613,0.120293
2,74,613,0.125596
2,74,613,0.120570
2,75,614,0.120805
2,75,614,0.120479
2,75,614,0.119422
2,75,614,0.117993
2,75,614,0.117472
2,75,614,0.120728
2,76,615,0.119850
2,76,615,0.125970
2,76,615,0.118816
2,76,615,0.119348
2,76,615,0.117397
2,76,615,0.122838
2,77,616,0.123136
2,77,616,0.118454
2,77,616,0.127885
2,77,616,0.118003
2,77,616,0.122902
2,77,616,0.118370
2,78,617,0.119114
2,78,617,0.120818
2,78,617,0.121707
2,78,617,0.126805
2,78,617,0.118123
2,78,617,0.120671
2,79,618,0.124189
2,79,618,0.120658
2,79,618,0.119235
2,79,618,0.124287
2,79,618,0.121226
2,79,618,0.121868
2,80,619,0.117598
2,80,619,0.117841
2,80,619,0.121208
2,80,619,0.121773
2,80,619,0.122435
2,80,619,0.119500
2,81,620,0.119025
2,81,620,0.126835
2,81,620,0.119521
2,81,620,0.118986
2,81,620,0.124449
2,81,620,0.123258
2,82,621,0.119546
2,82,621,0.117388
2,82,621,0.122411
2,82,621,0.122283
2,82,621,0.118685
2,82,621,0.115543
2,83,622,0.123445
2,83,622,0.121043
2,83,622,0.118325
2,83,622,0.121513
2,83,622,0.125645
2,83,622,0.115268
2,84,623,0.121216
2,84,623,0.120278
2,84,623,0.127182
2,84,623,0.119315
2,84,623,0.123607
2,84,623,0.120214
2,85,624,0.124565
2,85,624,0.119949
2,85,624,0.119561
2,85,624,0.124623
2,85,624,0.119809
2,85,624,0.118121
2,86,625,0.119837
2,86,625,0.122244
2,86,625,0.117749
2,86,625,0.124821
2,86,625,0.122650
2,86,625,0.120009
2,87,626,0.116458
2,87,626,0.118695
2,87,626,0.119955
2,87,626,0.119832
2,87,626,0.116944
2,87,626,0.122060
2,88,627,0.122540
2,88,627,0.121599
2,88,627,0.119023
2,88,627,0.122885
2,88,627,0.125323
2,88,627,0.122056
2,89,628,0.120744
2,89,628,0.125783
2,89,628,0.120193
2,89,628,0.117335
2,89,628,0.117491
2,89,628,0.116572
2,90,629,0.118444
2,90,629,0.125384
2,90,629,0.118045
2,90,629,0.119053
2,90,629,0.119558
2,90,629,0.118942
2,91,630,0.119409
2,91,630,0.123398
2,91,630,0.120294
2,91,630,0.120803
2,91,630,0.122439
2,91,630,0.120879
2,92,631,0.121795
2,92,631,0.120791
2,92,631,0.118619
2,92,631,0.122901
2,92,631,0.123994
2,92,631,0.116012
2,93,632,0.116621
2,93,632,0.127414
2,93,632,0.118441
2,93,632,0.119595
2,93,632,0.120050
2,93,632,0.118058
2,94,633,0.120175
2,94,633,0.120904
2,94,633,0.117301
2,94,633,0.121233
2,94,633,0.121920
2,94,633,0.116174
2,95,634,0.120612
2,95,634,0.118463
2,95,634,0.119058
2,95,634,0.120417
2,95,634,0.118853
2,95,634,0.121949
2,96,635,0.120545
2,96,635,0.119793
2,96,635,0.122529
2,96,635,0.128944
2,96,635,0.119594
2,96,635,0.121836
2,97,636,0.118476
2,97,636,0.122688
2,97,636,0.122730
2,97,636,0.121819
2,97,636,0.121699
2,97,636,0.125044
2,98,637,0.121492
2,98,637,0.119566
2,98,637,0.124750
2,98,637,0.122991
2,98,637,0.118773
2,98,637,0.118176
2,99,638,0.119358
2,99,638,0.121678
2,99,638,0.120176
2,99,638,0.122646
2,99,638,0.118628
2,99,638,0.126035
2,100,639,0.123389
2,100,639,0.125860
2,100,639,0.118976
2,100,639,0.122116
2,100,639,0.116641
2,100,639,0.119733
2,101,640,0.124458
2,101,640,0.121591
2,101,640,0.124821
2,101,640,0.121106
2,101,640,0.125318
2,101,640,0.120929
2,102,641,0.123258
2,102,641,0.122940
2,102,641,0.123989
2,102,641,0.125869
2,102,641,0.123713
2,102,641,0.127320
2,103,642,0.120543
2,103,642,0.126058
2,103,642,0.124969
2,103,642,0.124047
2,103,642,0.120712
2,103,642,0.119762
2,104,643,0.122723
2,104,643,0.120519
2,104,643,0.119631
2,104,643,0.124848
2,104,643,0.122084
2,104,643,0.121761
2,105,644,0.125799
2,105,644,0.126553
2,105,644,0.128598
2,105,644,0.121533
2,105,644,0.125280
2,105,644,0.124777
2,106,645,0.119532
2,106,645,0.120911
2,106,645,0.121287
2,106,645,0.121427
2,106,645,0.122862
2,106,645,0.125093
2,107,646,0.119897
2,107,646,0.119710
2,107,646,0.121315
2,107,646,0.124924
2,107,646,0.120112
2,107,646,0.118722
2,108,647,0.121216
2,108,647,0.126052
2,108,647,0.119369
2,108,647,0.120312
2,108,647,0.122846
2,108,647,0.122613
2,109,648,0.119966
2,109,648,0.124742
2,109,648,0.126588
2,109,648,0.120211
2,109,648,0.123135
2,109,648,0.124591
2,110,649,0.121663
2,110,649,0.123832
2,110,649,0.121593
2,110,649,0.119787
2,110,649,0.116736
2,110,649,0.120747
2,111,650,0.120031
2,111,650,0.120767
2,111,650,0.118590
2,111,650,0.123573
2,111,650,0.126280
2,111,650,0.117067
2,112,651,0.125394
2,112,651,0.124824
2,112,651,0.118676
2,112,651,0.117895
2,112,651,0.120089
2,112,651,0.121554
2,113,652,0.118591
2,113,652,0.116241
2,113,652,0.116621
2,113,652,0.121877
2,113,652,0.124466
2,113,652,0.119673
2,114,653,0.117224
2,114,653,0.118281
2,114,653,0.119588
2,114,653,0.117611
2,114,653,0.120824
2,114,653,0.118609
2,115,654,0.117322
2,115,654,0.121738
2,115,654,0.119741
2,115,654,0.120824
2,115,654,0.115682
2,115,654,0.120115
2,116,655,0.118670
2,116,655,0.125233
2,116,655,0.121258
2,116,655,0.124173
2,116,655,0.124880
2,116,655,0.114794
2,117,656,0.128693
2,117,656,0.118985
2,117,656,0.124656
2,117,656,0.120417
2,117,656,0.119563
2,117,656,0.117298
2,118,657,0.120998
2,118,657,0.122364
2,118,657,0.122416
2,118,657,0.123662
2,118,657,0.120511
2,118,657,0.120993
2,119,658,0.122381
2,119,658,0.127621
2,119,658,0.125378
2,119,658,0.129788
2,119,658,0.129255
2,119,658,0.123691
2,120,659,0.122864
2,120,659,0.126151
2,120,659,0.127843
2,120,659,0.127350
2,120,659,0.125353
2,120,659,0.126945
2,121,660,0.121506
2,121,660,0.117730
2,121,660,0.125686
2,121,660,0.122847
2,121,660,0.120424
2,121,660,0.119433
2,122,661,0.127015
2,122,661,0.121420
2,122,661,0.121968
2,122,661,0.122537
2,122,661,0.119936
2,122,661,0.122084
2,123,662,0.120259
2,123,662,0.122095
2,123,662,0.122171
2,123,662,0.125051
2,123,662,0.123137
2,123,662,0.123655
2,124,663,0.119096
2,124,663,0.119400
2,124,663,0.122664
2,124,663,0.121123
2,124,663,0.118556
2,124,663,0.126490
2,125,664,0.122054
2,125,664,0.119127
2,125,664,0.121568
2,125,664,0.122618
2,125,664,0.124692
2,125,664,0.130165
2,126,665,0.122160
2,126,665,0.125192
2,126,665,0.125005
2,126,665,0.121677
2,126,665,0.119809
2,126,665,0.113595
2,127,666,0.120776
2,127,666,0.121736
2,127,666,0.121806
2,127,666,0.120211
2,127,666,0.118403
2,127,666,0.117112
2,128,667,0.119529
2,128,667,0.120215
2,128,667,0.119803
2,128,667,0.118166
2,128,667,0.124633
2,128,667,0.118710
2,129,668,0.119089
2,129,668,0.123731
2,129,668,0.120592
2,129,668,0.120154
2,129,668,0.121707
2,129,668,0.123002
2,130,669,0.124199
2,130,669,0.119936
2,130,669,0.121808
2,130,669,0.118906
2,130,669,0.125843
2,130,669,0.119551
2,131,670,0.121910
2,131,670,0.117617
2,131,670,0.119477
2,131,670,0.121145
2,131,670,0.121070
2,131,670,0.118972
2,132,671,0.120808
2,132,671,0.118215
2,132,671,0.119552
2,132,671,0.121081
2,132,671,0.119508
2,132,671,0.117941
2,133,672,0.117200
2,133,672,0.119663
2,133,672,0.115376
2,133,672,0.114884
2,133,672,0.122261
2,133,672,0.119951
2,134,673,0.118207
2,134,673,0.124823
2,134,673,0.118499
2,134,673,0.120638
2,134,673,0.117084
2,134,673,0.121459
2,135,674,0.125582
2,135,674,0.119259
2,135,674,0.123744
2,135,674,0.116747
2,135,674,0.121355
2,135,674,0.118816
2,136,675,0.117657
2,136,675,0.121464
2,136,675,0.119778
2,136,675,0.125579
2,136,675,0.119463
2,136,675,0.120640
2,137,676,0.125058
2,137,676,0.119218
2,137,676,0.122520
2,137,676,0.119890
2,137,676,0.116345
2,137,676,0.116339
2,138,677,0.122033
2,138,677,0.120957
2,138,677,0.120090
2,138,677,0.126576
2,138,677,0.123927
2,138,677,0.126724
2,139,678,0.122583
2,139,678,0.121369
2,139,678,0.116154
2,139,678,0.123608
2,139,678,0.119657
2,139,678,0.121290
2,140,679,0.124076
2,140,679,0.119324
2,140,679,0.116858
2,140,679,0.122874
2,140,679,0.117690
2,140,679,0.119859
2,141,680,0.122421
2,141,680,0.120072
2,141,680,0.118686
2,141,680,0.122347
2,141,680,0.120370
2,141,680,0.123205
2,142,681,0.122646
2,142,681,0.128305
2,142,681,0.123636
2,142,681,0.127759
2,142,681,0.121702
2,142,681,0.126580
2,143,682,0.121416
2,143,682,0.118604
2,143,682,0.117449
2,143,682,0.118834
2,143,682,0.120993
2,143,682,0.116505
2,144,683,0.120106
2,144,683,0.120773
2,144,683,0.121854
2,144,683,0.124338
2,144,683,0.124204
2,144,683,0.120470
2,145,684,0.121614
2,145,684,0.121679
2,145,684,0.120165
2,145,684,0.126730
2,145,684,0.120635
2,145,684,0.123875
2,146,685,0.118046
2,146,685,0.116492
2,146,685,0.120101
2,146,685,0.119832
2,146,685,0.120079
2,146,685,0.118282
2,147,686,0.120942
2,147,686,0.122680
2,147,686,0.120917
2,147,686,0.120516
2,147,686,0.122077
2,147,686,0.125562
2,148,687,0.122032
2,148,687,0.118446
2,148,687,0.121035
2,148,687,0.119782
2,148,687,0.125115
2,148,687,0.122313
2,149,688,0.119404
2,149,688,0.118862
2,149,688,0.120488
2,149,688,0.122924
2,149,688,0.125215
2,149,688,0.123589
2,150,689,0.124808
2,150,689,0.123175
2,150,689,0.123765
2,150,689,0.123719
2,150,689,0.119719
2,150,689,0.127247
2,151,690,0.128510
2,151,690,0.125025
2,151,690,0.126392
2,151,690,0.125690
2,151,690,0.122500
2,151,690,0.123643
2,152,691,0.120244
2,152,691,0.122095
2,152,691,0.123111
2,152,691,0.118129
2,152,691,0.120983
2,152,691,0.118838
2,153,692,0.124586
2,153,692,0.119192
2,153,692,0.120510
2,153,692,0.119033
2,153,692,0.117309
2,153,692,0.124941
2,154,693,0.117349
2,154,693,0.119225
2,154,693,0.117962
2,154,693,0.123353
2,154,693,0.117933
2,154,693,0.120518
2,155,694,0.118284
2,155,694,0.119823
2,155,694,0.120186
2,155,694,0.120286
2,155,694,0.116287
2,155,694,0.119954
2,156,695,0.118072
2,156,695,0.120513
2,156,695,0.120324
2,156,695,0.119553
2,156,695,0.119062
2,156,695,0.120884
2,157,696,0.119761
2,157,696,0.116130
2,157,696,0.117419
2,157,696,0.116347
2,157,696,0.120431
2,157,696,0.121176
2,158,697,0.115262
2,158,697,0.120146
2,158,697,0.114877
2,158,697,0.120690
2,158,697,0.117739
2,158,697,0.124766
2,159,698,0.121498
2,159,698,0.119710
2,159,698,0.117821
2,159,698,0.121327
2,159,698,0.122111
2,159,698,0.114740
2,160,699,0.120679
2,160,699,0.115991
2,160,699,0.118359
2,160,699,0.117430
2,160,699,0.120428
2,160,699,0.120894
2,161,700,0.119664
2,161,700,0.119616
2,161,700,0.121733
2,161,700,0.120268
2,161,700,0.118638
2,161,700,0.121728
2,162,701,0.120671
2,162,701,0.118397
2,162,701,0.119063
2,162,701,0.119004
2,162,701,0.119195
2,162,701,0.121586
2,163,702,0.115903
2,163,702,0.124047
2,163,702,0.119106
2,163,702,0.117740
2,163,702,0.118159
2,163,702,0.117907
2,164,703,0.116679
2,164,703,0.118028
2,164,703,0.115258
2,164,703,0.114858
2,164,703,0.123074
2,164,703,0.118120
2,165,704,0.123334
2,165,704,0.116553
2,165,704,0.120453
2,165,704,0.116738
2,165,704,0.116934
2,165,704,0.124150
2,166,705,0.119787
2,166,705,0.119211
2,166,705,0.116110
2,166,705,0.121441
2,166,705,0.118026
2,166,705,0.116003
2,167,706,0.118578
2,167,706,0.119773
2,167,706,0.120435
2,167,706,0.115827
2,167,706,0.119500
2,167,706,0.124522
2,168,707,0.117197
2,168,707,0.118451
2,168,707,0.119006
2,168,707,0.120777
2,168,707,0.119534
2,168,707,0.119960
2,169,708,0.116291
2,169,708,0.120893
2,169,708,0.123279
2,169,708,0.122105
2,169,708,0.117388
2,169,708,0.122183
2,170,709,0.119149
2,170,709,0.120293
2,170,709,0.118639
2,170,709,0.118637
2,170,709,0.118759
2,170,709,0.116797
2,171,710,0.117626
2,171,710,0.119939
2,171,710,0.115922
2,171,710,0.121904
2,171,710,0.122085
2,171,710,0.122358
2,172,711,0.117037
2,172,711,0.118735
2,172,711,0.118272
2,172,711,0.118451
2,172,711,0.116043
2,172,711,0.120891
2,173,712,0.123891
2,173,712,0.118027
2,173,712,0.121023
2,173,712,0.118505
2,173,712,0.121159
2,173,712,0.121915
2,174,713,0.120603
2,174,713,0.121318
2,174,713,0.121337
2,174,713,0.119412
2,174,713,0.120327
2,174,713,0.118054
2,175,714,0.118901
2,175,714,0.124110
2,175,714,0.119730
2,175,714,0.119316
2,175,714,0.114639
2,175,714,0.118280
2,176,715,0.118370
2,176,715,0.117098
2,176,715,0.122690
2,176,715,0.118863
2,176,715,0.117504
2,176,715,0.119232
2,177,716,0.120531
2,177,716,0.125330
2,177,716,0.114265
2,177,716,0.122004
2,177,716,0.122046
2,177,716,0.121354
2,178,717,0.119810
2,178,717,0.116523
2,178,717,0.117367
2,178,717,0.117317
2,178,717,0.128966
2,178,717,0.122977
2,179,718,0.121361
2,179,718,0.121841
2,179,718,0.116643
2,179,718,0.121696
2,179,718,0.117472
2,179,718,0.119660
2,180,719,0.122078
2,180,719,0.117214
2,180,719,0.118464
2,180,719,0.119971
2,180,719,0.117318
2,180,719,0.119733
2,181,720,0.121049
2,181,720,0.120897
2,181,720,0.123585
2,181,720,0.119403
2,181,720,0.119007
2,181,720,0.118362
2,182,721,0.119111
2,182,721,0.120187
2,182,721,0.118004
2,182,721,0.117560
2,182,721,0.120286
2,182,721,0.119018
2,183,722,0.119317
2,183,722,0.119526
2,183,722,0.120875
2,183,722,0.117679
2,183,722,0.115992
2,183,722,0.116665
2,184,723,0.123321
2,184,723,0.120022
2,184,723,0.119405
2,184,723,0.118754
2,184,723,0.117869
2,184,723,0.117111
2,185,724,0.129391
2,185,724,0.121366
2,185,724,0.117122
2,185,724,0.116423
2,185,724,0.122383
2,185,724,0.113259
2,186,725,0.118150
2,186,725,0.125522
2,186,725,0.120430
2,186,725,0.118811
2,186,725,0.119360
2,186,725,0.118218
2,187,726,0.120529
2,187,726,0.117553
2,187,726,0.122591
2,187,726,0.122472
2,187,726,0.120415
2,187,726,0.119442
2,188,727,0.121716
2,188,727,0.119954
2,188,727,0.116439
2,188,727,0.123704
2,188,727,0.117254
2,188,727,0.120776
2,189,728,0.121309
2,189,728,0.116373
2,189,728,0.122322
2,189,728,0.117228
2,189,728,0.125682
2,189,728,0.119974
2,190,729,0.116764
2,190,729,0.117522
2,190,729,0.121414
2,190,729,0.115190
2,190,729,0.120802
2,190,729,0.121341
2,191,730,0.122165
2,191,730,0.129589
2,191,730,0.120296
2,191,730,0.123424
2,191,730,0.117553
2,191,730,0.119655
2,192,731,0.118804
2,192,731,0.116566
2,192,731,0.125451
2,192,731,0.117498
2,192,731,0.121212
2,192,731,0.119790
2,193,732,0.117764
2,193,732,0.117948
2,193,732,0.117504
2,193,732,0.117373
2,193,732,0.120231
2,193,732,0.126018
2,194,733,0.118841
2,194,733,0.117857
2,194,733,0.120071
2,194,733,0.117108
2,194,733,0.122628
2,194,733,0.118819
2,195,734,0.120609
2,195,734,0.117721
2,195,734,0.121018
2,195,734,0.117431
2,195,734,0.116478
2,195,734,0.120599
2,196,735,0.117487
2,196,735,0.122296
2,196,735,0.113714
2,196,735,0.116222
2,196,735,0.120222
2,196,735,0.125070
2,197,736,0.119931
2,197,736,0.118948
2,197,736,0.120858
2,197,736,0.122188
2,197,736,0.123115
2,197,736,0.121443
2,198,737,0.118683
2,198,737,0.120519
2,198,737,0.121973
2,198,737,0.124428
2,198,737,0.121444
2,198,737,0.118485
2,199,738,0.118704
2,199,738,0.120695
2,199,738,0.123201
2,199,738,0.120730
2,199,738,0.118127
2,199,738,0.118013
2,200,739,0.118835
2,200,739,0.116467
2,200,739,0.120348
2,200,739,0.125575
2,200,739,0.122270
2,200,739,0.114720
2,201,740,0.120057
2,201,740,0.123768
2,201,740,0.120115
2,201,740,0.122232
2,201,740,0.126133
2,201,740,0.119813
2,202,741,0.125633
2,202,741,0.121040
2,202,741,0.120084
2,202,741,0.119405
2,202,741,0.119880
2,202,741,0.118174
2,203,742,0.121087
2,203,742,0.120320
2,203,742,0.118738
2,203,742,0.124648
2,203,742,0.119789
2,203,742,0.119952
2,204,743,0.115595
2,204,743,0.121034
2,204,743,0.119849
2,204,743,0.120251
2,204,743,0.121127
2,204,743,0.123701
2,205,744,0.131157
2,205,744,0.123096
2,205,744,0.124403
2,205,744,0.127671
2,205,744,0.126813
2,205,744,0.121821
2,206,745,0.123707
2,206,745,0.125084
2,206,745,0.120954
2,206,745,0.120163
2,206,745,0.117340
2,206,745,0.123314
2,207,746,0.120811
2,207,746,0.120491
2,207,746,0.122801
2,207,746,0.126084
2,207,746,0.127184
2,207,746,0.123218
2,208,747,0.125914
2,208,747,0.123514
2,208,747,0.125112
2,208,747,0.122062
2,208,747,0.123149
2,208,747,0.122698
2,209,748,0.120995
2,209,748,0.124673
2,209,748,0.123814
2,209,748,0.122309
2,209,748,0.123512
2,209,748,0.123977
2,210,749,0.121967
2,210,749,0.122012
2,210,749,0.118310
2,210,749,0.121968
2,210,749,0.127815
2,210,749,0.122431
2,211,750,0.121203
2,211,750,0.118350
2,211,750,0.121448
2,211,750,0.120838
2,211,750,0.122672
2,211,750,0.123022
2,212,751,0.119295
2,212,751,0.122721
2,212,751,0.122161
2,212,751,0.124388
2,212,751,0.121222
2,212,751,0.119799
2,213,752,0.123090
2,213,752,0.127624
2,213,752,0.119247
2,213,752,0.119128
2,213,752,0.119317
2,213,752,0.122736
2,214,753,0.123680
2,214,753,0.118663
2,214,753,0.125842
2,214,753,0.118478
2,214,753,0.120573
2,214,753,0.121462
2,215,754,0.122147
2,215,754,0.117612
2,215,754,0.120264
2,215,754,0.116952
2,215,754,0.120899
2,215,754,0.120459
2,216,755,0.123261
2,216,755,0.117666
2,216,755,0.117616
2,216,755,0.121110
2,216,755,0.120393
2,216,755,0.118604
2,217,756,0.120096
2,217,756,0.121206
2,217,756,0.120780
2,217,756,0.113760
2,217,756,0.115073
2,217,756,0.121838
2,218,757,0.118734
2,218,757,0.124557
2,218,757,0.120656
2,218,757,0.121283
2,218,757,0.117990
2,218,757,0.121879
2,219,758,0.119355
2,219,758,0.116133
2,219,758,0.120859
2,219,758,0.123041
2,219,758,0.120513
2,219,758,0.119685
2,220,759,0.116875
2,220,759,0.117029
2,220,759,0.117442
2,220,759,0.122557
2,220,759,0.118459
2,220,759,0.121014
2,221,760,0.118469
2,221,760,0.115856
2,221,760,0.119905
2,221,760,0.119774
2,221,760,0.117585
2,221,760,0.120429
2,222,761,0.119075
2,222,761,0.121548
2,222,761,0.116924
2,222,761,0.121450
2,222,761,0.119271
2,222,761,0.119066
2,223,762,0.123235
2,223,762,0.116523
2,223,762,0.116411
2,223,762,0.115304
2,223,762,0.118860
2,223,762,0.118813
2,224,763,0.117004
2,224,763,0.120579
2,224,763,0.118273
2,224,763,0.118561
2,224,763,0.121569
2,224,763,0.119309
2,225,764,0.124826
2,225,764,0.118512
2,225,764,0.121131
2,225,764,0.119377
2,225,764,0.121053
2,225,764,0.119117
2,226,765,0.119510
2,226,765,0.115116
2,226,765,0.118067
2,226,765,0.116402
2,226,765,0.117681
2,226,765,0.116401
2,227,766,0.120033
2,227,766,0.119574
2,227,766,0.116538
2,227,766,0.119615
2,227,766,0.120320
2,227,766,0.121431
2,228,767,0.117623
2,228,767,0.121804
2,228,767,0.121075
2,228,767,0.120779
2,228,767,0.125821
2,228,767,0.125536
2,229,768,0.119007
2,229,768,0.117313
2,229,768,0.115587
2,229,768,0.121115
2,229,768,0.115962
2,229,768,0.117339
2,230,769,0.124872
2,230,769,0.118994
2,230,769,0.123903
2,230,769,0.115979
2,230,769,0.117069
2,230,769,0.118548
2,231,770,0.120697
2,231,770,0.118914
2,231,770,0.119724
2,231,770,0.115975
2,231,770,0.121633
2,231,770,0.122472
2,232,771,0.118848
2,232,771,0.119411
2,232,771,0.115855
2,232,771,0.120145
2,232,771,0.117838
2,232,771,0.115372
2,233,772,0.119743
2,233,772,0.122089
2,233,772,0.120204
2,233,772,0.116918
2,233,772,0.119718
2,233,772,0.121534
2,234,773,0.120089
2,234,773,0.117015
2,234,773,0.116954
2,234,773,0.126132
2,234,773,0.115128
2,234,773,0.117303
2,235,774,0.115338
2,235,774,0.117063
2,235,774,0.118722
2,235,774,0.116799
2,235,774,0.122116
2,235,774,0.116423
2,236,775,0.121123
2,236,775,0.121324
2,236,775,0.122580
2,236,775,0.117169
2,236,775,0.122300
2,236,775,0.122109
2,237,776,0.119431
2,237,776,0.116625
2,237,776,0.116861
2,237,776,0.118513
2,237,776,0.120387
2,237,776,0.124701
2,238,777,0.121499
2,238,777,0.127107
2,238,777,0.117271
2,238,777,0.120953
2,238,777,0.118755
2,238,777,0.118996
2,239,778,0.119974
2,239,778,0.121161
2,239,778,0.118773
2,239,778,0.118364
2,239,778,0.119977
2,239,778,0.117080
2,240,779,0.123948
2,240,779,0.121529
2,240,779,0.127826
2,240,779,0.119376
2,240,779,0.118626
2,240,779,0.121293
2,241,780,0.119439
2,241,780,0.119506
2,241,780,0.122911
2,241,780,0.120976
2,241,780,0.122357
2,241,780,0.122137
2,242,781,0.116018
2,242,781,0.120474
2,242,781,0.118335
2,242,781,0.120774
2,242,781,0.118577
2,242,781,0.120895
2,243,782,0.117747
2,243,782,0.124194
2,243,782,0.119595
2,243,782,0.120573
2,243,782,0.121218
2,243,782,0.120366
2,244,783,0.125831
2,244,783,0.119720
2,244,783,0.121444
2,244,783,0.123332
2,244,783,0.120466
2,244,783,0.127766
2,245,784,0.118915
2,245,784,0.118991
2,245,784,0.120024
2,245,784,0.121283
2,245,784,0.115795
2,245,784,0.118213
2,246,785,0.120700
2,246,785,0.118868
2,246,785,0.114455
2,246,785,0.124031
2,246,785,0.121062
2,246,785,0.118580
2,247,786,0.122608
2,247,786,0.118997
2,247,786,0.122640
2,247,786,0.117907
2,247,786,0.115786
2,247,786,0.119762
2,248,787,0.122642
2,248,787,0.119118
2,248,787,0.120549
2,248,787,0.120322
2,248,787,0.121533
2,248,787,0.124508
2,249,788,0.125935
2,249,788,0.122406
2,249,788,0.120730
2,249,788,0.125138
2,249,788,0.123078
2,249,788,0.123631
2,250,789,0.120188
2,250,789,0.116582
2,250,789,0.119740
2,250,789,0.121526
2,250,789,0.117452
2,250,789,0.122630
2,251,790,0.124690
2,251,790,0.124222
2,251,790,0.121341
2,251,790,0.125530
2,251,790,0.120611
2,251,790,0.124882
2,252,791,0.132031
2,252,791,0.130223
2,252,791,0.126948
2,252,791,0.128404
2,252,791,0.130053
2,252,791,0.124075
2,253,792,0.118997
2,253,792,0.128884
2,253,792,0.127530
2,253,792,0.125088
2,253,792,0.123626
2,253,792,0.129966
2,254,793,0.122271
2,254,793,0.119019
2,254,793,0.121020
2,254,793,0.120361
2,254,793,0.120288
2,254,793,0.115523
2,255,794,0.124180
2,255,794,0.125412
2,255,794,0.123508
2,255,794,0.127386
2,255,794,0.125539
2,255,794,0.123250
2,256,795,0.128059
2,256,795,0.129472
2,256,795,0.128663
2,256,795,0.136362
2,256,795,0.132027
2,256,795,0.129940
2,257,796,0.133049
2,257,796,0.119892
2,257,796,0.122052
2,257,796,0.126289
2,257,796,0.123138
2,257,796,0.123433
2,258,797,0.124032
2,258,797,0.121086
2,258,797,0.125366
2,258,797,0.118670
2,258,797,0.118154
2,258,797,0.117780
2,259,798,0.124985
2,259,798,0.123991
2,259,798,0.125183
2,259,798,0.126204
2,259,798,0.127468
2,259,798,0.124887
2,260,799,0.120843
2,260,799,0.122858
2,260,799,0.123102
2,260,799,0.124899
2,260,799,0.127758
2,260,799,0.127774
2,261,800,0.123007
2,261,800,0.120107
2,261,800,0.120329
2,261,800,0.122806
2,261,800,0.124720
2,261,800,0.120117
2,262,801,0.121394
2,262,801,0.123544
2,262,801,0.126145
2,262,801,0.122836
2,262,801,0.129522
2,262,801,0.124315
2,263,802,0.127028
2,263,802,0.131304
2,263,802,0.124423
2,263,802,0.123903
2,263,802,0.125811
2,263,802,0.129723
2,264,803,0.124875
2,264,803,0.128268
2,264,803,0.123311
2,264,803,0.118167
2,264,803,0.124247
2,264,803,0.125207
2,265,804,0.126114
2,265,804,0.122050
2,265,804,0.129091
2,265,804,0.126658
2,265,804,0.126228
2,265,804,0.125475
2,266,805,0.134284
2,266,805,0.128015
2,266,805,0.133937
2,266,805,0.123747
2,266,805,0.138390
2,266,805,0.134242
2,267,806,0.128898
2,267,806,0.127743
2,267,806,0.128342
2,267,806,0.128632
2,267,806,0.126306
2,267,806,0.128353
2,268,807,0.122016
2,268,807,0.127998
2,268,807,0.118919
2,268,807,0.121163
2,268,807,0.126178
2,268,807,0.128673
2,269,808,0.128895
2,269,808,0.121847
2,269,808,0.123379
2,269,808,0.123369
2,269,808,0.123786
2,269,808,0.127920
2,270,809,0.124543
2,270,809,0.125579
2,270,809,0.117355
2,270,809,0.122302
2,270,809,0.125657
2,270,809,0.130302
2,271,810,0.120705
2,271,810,0.125139
2,271,810,0.121807
2,271,810,0.119478
2,271,810,0.121314
2,271,810,0.122898
2,272,811,0.123120
2,272,811,0.124523
2,272,811,0.119988
2,272,811,0.122728
2,272,811,0.125782
2,272,811,0.120033
2,273,812,0.122823
2,273,812,0.123699
2,273,812,0.125706
2,273,812,0.125284
2,273,812,0.124014
2,273,812,0.123765
2,274,813,0.121265
2,274,813,0.124297
2,274,813,0.122266
2,274,813,0.123584
2,274,813,0.121616
2,274,813,0.124377
2,275,814,0.117665
2,275,814,0.126410
2,275,814,0.125207
2,275,814,0.118577
2,275,814,0.119995
2,275,814,0.121540
2,276,815,0.120841
2,276,815,0.120707
2,276,815,0.122895
2,276,815,0.122212
2,276,815,0.118254
2,276,815,0.123109
2,277,816,0.122426
2,277,816,0.121200
2,277,816,0.120798
2,277,816,0.119501
2,277,816,0.122928
2,277,816,0.121932
2,278,817,0.121909
2,278,817,0.119077
2,278,817,0.120479
2,278,817,0.124081
2,278,817,0.118436
2,278,817,0.120610
2,279,818,0.117644
2,279,818,0.119485
2,279,818,0.116839
2,279,818,0.123525
2,279,818,0.123325
2,279,818,0.120794
2,280,819,0.118015
2,280,819,0.121062
2,280,819,0.118149
2,280,819,0.123737
2,280,819,0.118708
2,280,819,0.119196
2,281,820,0.125801
2,281,820,0.124088
2,281,820,0.119472
2,281,820,0.120055
2,281,820,0.118629
2,281,820,0.118703
2,282,821,0.116701
2,282,821,0.116765
2,282,821,0.122128
2,282,821,0.117562
2,282,821,0.123049
2,282,821,0.118088
2,283,822,0.121592
2,283,822,0.119384
2,283,822,0.119736
2,283,822,0.118933
2,283,822,0.119795
2,283,822,0.119260
2,284,823,0.117007
2,284,823,0.122340
2,284,823,0.125517
2,284,823,0.125930
2,284,823,0.118328
2,284,823,0.116674
2,285,824,0.119007
2,285,824,0.116066
2,285,824,0.120242
2,285,824,0.119927
2,285,824,0.118966
2,285,824,0.120134
2,286,825,0.120259
2,286,825,0.118553
2,286,825,0.118433
2,286,825,0.120153
2,286,825,0.121686
2,286,825,0.121544
2,287,826,0.117617
2,287,826,0.119360
2,287,826,0.117814
2,287,826,0.121448
2,287,826,0.121447
2,287,826,0.117799
2,288,827,0.122907
2,288,827,0.122264
2,288,827,0.120954
2,288,827,0.120356
2,288,827,0.117779
2,288,827,0.123759
2,289,828,0.118331
2,289,828,0.118634
2,289,828,0.121621
2,289,828,0.117150
2,289,828,0.116696
2,289,828,0.117036
2,290,829,0.117271
2,290,829,0.122109
2,290,829,0.118118
2,290,829,0.119654
2,290,829,0.118165
2,290,829,0.121409
2,291,830,0.121542
2,291,830,0.123032
2,291,830,0.116889
2,291,830,0.116782
2,291,830,0.122306
2,291,830,0.120261
2,292,831,0.116864
2,292,831,0.120385
2,292,831,0.116014
2,292,831,0.122196
2,292,831,0.118178
2,292,831,0.116600
2,293,832,0.120882
2,293,832,0.121762
2,293,832,0.118061
2,293,832,0.118549
2,293,832,0.119359
2,293,832,0.120902
2,294,833,0.120198
2,294,833,0.118571
2,294,833,0.115821
2,294,833,0.119518
2,294,833,0.128356
2,294,833,0.119953
2,295,834,0.118080
2,295,834,0.115409
2,295,834,0.118335
2,295,834,0.118966
2,295,834,0.120763
2,295,834,0.123945
2,296,835,0.117340
2,296,835,0.120951
2,296,835,0.118349
2,296,835,0.122745
2,296,835,0.118581
2,296,835,0.116548
2,297,836,0.118869
2,297,836,0.118581
2,297,836,0.117555
2,297,836,0.115871
2,297,836,0.120643
2,297,836,0.122935
2,298,837,0.120600
2,298,837,0.120420
2,298,837,0.120977
2,298,837,0.122882
2,298,837,0.125342
2,298,837,0.120975
2,299,838,0.123958
2,299,838,0.121476
2,299,838,0.121314
2,299,838,0.126002
2,299,838,0.119274
2,299,838,0.125032
2,300,839,0.119830
2,300,839,0.121488
2,300,839,0.125296
2,300,839,0.119765
2,300,839,0.119118
2,300,839,0.115161
2,301,840,0.123739
2,301,840,0.129818
2,301,840,0.121235
2,301,840,0.127141
2,301,840,0.123398
2,301,840,0.121859
2,302,841,0.128379
2,302,841,0.123658
2,302,841,0.122642
2,302,841,0.123488
2,302,841,0.120833
2,302,841,0.119261
2,303,842,0.122621
2,303,842,0.119665
2,303,842,0.119878
2,303,842,0.120031
2,303,842,0.116979
2,303,842,0.116879
2,304,843,0.124054
2,304,843,0.124407
2,304,843,0.119056
2,304,843,0.118935
2,304,843,0.125578
2,304,843,0.121355
2,305,844,0.119560
2,305,844,0.120348
2,305,844,0.119229
2,305,844,0.120977
2,305,844,0.123456
2,305,844,0.121319
2,306,845,0.120165
2,306,845,0.116318
2,306,845,0.125029
2,306,845,0.118978
2,306,845,0.117542
2,306,845,0.120467
2,307,846,0.119479
2,307,846,0.121615
2,307,846,0.118328
2,307,846,0.121420
2,307,846,0.120137
2,307,846,0.117106
2,308,847,0.117995
2,308,847,0.117809
2,308,847,0.124909
2,308,847,0.118169
2,308,847,0.124189
2,308,847,0.114310
2,309,848,0.119814
2,309,848,0.119467
2,309,848,0.121585
2,309,848,0.126532
2,309,848,0.119734
2,309,848,0.117591
2,310,849,0.119708
2,310,849,0.121237
2,310,849,0.120713
2,310,849,0.118801
2,310,849,0.120682
2,310,849,0.118502
2,311,850,0.113671
2,311,850,0.123121
2,311,850,0.119671
2,311,850,0.119046
2,311,850,0.116748
2,311,850,0.127426
2,312,851,0.122115
2,312,851,0.119523
2,312,851,0.116396
2,312,851,0.122675
2,312,851,0.119421
2,312,851,0.118245
2,313,852,0.117780
2,313,852,0.119112
2,313,852,0.114686
2,313,852,0.125794
2,313,852,0.117271
2,313,852,0.117594
2,314,853,0.116202
2,314,853,0.120043
2,314,853,0.116859
2,314,853,0.116575
2,314,853,0.124201
2,314,853,0.118920
2,315,854,0.124540
2,315,854,0.120336
2,315,854,0.118243
2,315,854,0.115976
2,315,854,0.121394
2,315,854,0.124650
2,316,855,0.123419
2,316,855,0.118729
2,316,855,0.119659
2,316,855,0.117664
2,316,855,0.116990
2,316,855,0.125470
2,317,856,0.123407
2,317,856,0.122642
2,317,856,0.124454
2,317,856,0.112261
2,317,856,0.115938
2,317,856,0.124376
2,318,857,0.119377
2,318,857,0.118211
2,318,857,0.117148
2,318,857,0.118178
2,318,857,0.119172
2,318,857,0.114523
2,319,858,0.117396
2,319,858,0.117685
2,319,858,0.119185
2,319,858,0.121393
2,319,858,0.121259
2,319,858,0.122664
2,320,859,0.118300
2,320,859,0.114824
2,320,859,0.123267
2,320,859,0.117497
2,320,859,0.120250
2,320,859,0.117060
2,321,860,0.123181
2,321,860,0.121457
2,321,860,0.122004
2,321,860,0.122648
2,321,860,0.118857
2,321,860,0.128853
2,322,861,0.117490
2,322,861,0.116992
2,322,861,0.124250
2,322,861,0.118059
2,322,861,0.121695
2,322,861,0.118000
2,323,862,0.122576
2,323,862,0.127200
2,323,862,0.124973
2,323,862,0.122580
2,323,862,0.122424
2,323,862,0.120940
2,324,863,0.121847
2,324,863,0.117021
2,324,863,0.125823
2,324,863,0.123864
2,324,863,0.121458
2,324,863,0.127076
2,325,864,0.128767
2,325,864,0.121345
2,325,864,0.123740
2,325,864,0.127337
2,325,864,0.123789
2,325,864,0.124660
2,326,865,0.124046
2,326,865,0.125058
2,326,865,0.128536
2,326,865,0.123256
2,326,865,0.126990
2,326,865,0.127922
2,327,866,0.124368
2,327,866,0.119486
2,327,866,0.121974
2,327,866,0.120804
2,327,866,0.121911
2,327,866,0.120393
2,328,867,0.122935
2,328,867,0.122194
2,328,867,0.122769
2,328,867,0.121906
2,328,867,0.118708
2,328,867,0.124061
2,329,868,0.121306
2,329,868,0.118022
2,329,868,0.124435
2,329,868,0.126961
2,329,868,0.124466
2,329,868,0.118275
2,330,869,0.119822
2,330,869,0.122746
2,330,869,0.129481
2,330,869,0.122973
2,330,869,0.122592
2,330,869,0.123447
2,331,870,0.122560
2,331,870,0.122670
2,331,870,0.124761
2,331,870,0.122712
2,331,870,0.121746
2,331,870,0.119794
2,332,871,0.117948
2,332,871,0.120525
2,332,871,0.115975
2,332,871,0.120935
2,332,871,0.125221
2,332,871,0.118031
2,333,872,0.124032
2,333,872,0.120482
2,333,872,0.134453
2,333,872,0.125333
2,333,872,0.122698
2,333,872,0.125462
2,334,873,0.120536
2,334,873,0.121666
2,334,873,0.121426
2,334,873,0.120669
2,334,873,0.117455
2,334,873,0.119685
2,335,874,0.119477
2,335,874,0.120640
2,335,874,0.120882
2,335,874,0.122227
2,335,874,0.119779
2,335,874,0.116980
2,336,875,0.115904
2,336,875,0.120922
2,336,875,0.119992
2,336,875,0.122712
2,336,875,0.121762
2,336,875,0.122781
2,337,876,0.121772
2,337,876,0.118287
2,337,876,0.123151
2,337,876,0.120021
2,337,876,0.122305
2,337,876,0.121646
2,338,877,0.118051
2,338,877,0.120305
2,338,877,0.116327
2,338,877,0.121009
2,338,877,0.119693
2,338,877,0.117525
2,339,878,0.120479
2,339,878,0.119256
2,339,878,0.118630
2,339,878,0.119035
2,339,878,0.122838
2,339,878,0.126848
2,340,879,0.120703
2,340,879,0.116830
2,340,879,0.120671
2,340,879,0.121526
2,340,879,0.120627
2,340,879,0.115429
2,341,880,0.116785
2,341,880,0.118832
2,341,880,0.118861
2,341,880,0.120173
2,341,880,0.118856
2,341,880,0.120279
2,342,881,0.116886
2,342,881,0.114570
2,342,881,0.116012
2,342,881,0.118066
2,342,881,0.121152
2,342,881,0.118152
2,343,882,0.118167
2,343,882,0.116377
2,343,882,0.116058
2,343,882,0.116398
2,343,882,0.118563
2,343,882,0.117868
2,344,883,0.122224
2,344,883,0.121263
2,344,883,0.117952
2,344,883,0.121020
2,344,883,0.122219
2,344,883,0.118940
2,345,884,0.116860
2,345,884,0.117911
2,345,884,0.114936
2,345,884,0.114673
2,345,884,0.123501
2,345,884,0.117897
2,346,885,0.122791
2,346,885,0.121304
2,346,885,0.116898
2,346,885,0.116607
2,346,885,0.117158
2,346,885,0.115777
2,347,886,0.118735
2,347,886,0.119939
2,347,886,0.122585
2,347,886,0.120149
2,347,886,0.116203
2,347,886,0.118401
2,348,887,0.122330
2,348,887,0.121640
2,348,887,0.113455
2,348,887,0.119053
2,348,887,0.116705
2,348,887,0.115978
2,349,888,0.120187
2,349,888,0.117366
2,349,888,0.123008
2,349,888,0.117436
2,349,888,0.117114
2,349,888,0.119955
2,350,889,0.116298
2,350,889,0.119520
2,350,889,0.118145
2,350,889,0.117839
2,350,889,0.121754
2,350,889,0.119445
2,351,890,0.116106
2,351,890,0.121965
2,351,890,0.120768
2,351,890,0.121295
2,351,890,0.119437
2,351,890,0.121548
2,352,891,0.117879
2,352,891,0.120749
2,352,891,0.117012
2,352,891,0.124850
2,352,891,0.121948
2,352,891,0.116369
2,353,892,0.117597
2,353,892,0.116043
2,353,892,0.112807
2,353,892,0.116961
2,353,892,0.116113
2,353,892,0.115655
2,354,893,0.119417
2,354,893,0.119586
2,354,893,0.116311
2,354,893,0.116680
2,354,893,0.117206
2,354,893,0.115216
2,355,894,0.115770
2,355,894,0.117604
2,355,894,0.120027
2,355,894,0.117799
2,355,894,0.118518
2,355,894,0.118197
2,356,895,0.115721
2,356,895,0.118966
2,356,895,0.119555
2,356,895,0.116478
2,356,895,0.114898
2,356,895,0.116324
2,357,896,0.119575
2,357,896,0.116719
2,357,896,0.117804
2,357,896,0.122057
2,357,896,0.116365
2,357,896,0.119620
2,358,897,0.120727
2,358,897,0.118036
2,358,897,0.122094
2,358,897,0.121146
2,358,897,0.114183
2,358,897,0.121392
2,359,898,0.116757
2,359,898,0.126427
2,359,898,0.121394
2,359,898,0.117531
2,359,898,0.119263
2,359,898,0.116336
2,360,899,0.120614
2,360,899,0.119658
2,360,899,0.119996
2,360,899,0.117762
2,360,899,0.115073
2,360,899,0.115897
2,361,900,0.118338
2,361,900,0.117475
2,361,900,0.117301
2,361,900,0.120828
2,361,900,0.116321
2,361,900,0.123208
2,362,901,0.119505
2,362,901,0.118606
2,362,901,0.125579
2,362,901,0.118053
2,362,901,0.116282
2,362,901,0.120166
2,363,902,0.118386
2,363,902,0.119485
2,363,902,0.117439
2,363,902,0.115249
2,363,902,0.116213
2,363,902,0.117309
2,364,903,0.118329
2,364,903,0.115874
2,364,903,0.117844
2,364,903,0.119310
2,364,903,0.118503
2,364,903,0.117050
2,365,904,0.120867
2,365,904,0.121243
2,365,904,0.119350
2,365,904,0.119425
2,365,904,0.119187
2,365,904,0.121626
2,366,905,0.119702
2,366,905,0.122764
2,366,905,0.118910
2,366,905,0.115828
2,366,905,0.122649
2,366,905,0.120339
2,367,906,0.123091
2,367,906,0.116691
2,367,906,0.120711
2,367,906,0.123186
2,367,906,0.124117
2,367,906,0.118209
2,368,907,0.116873
2,368,907,0.122037
2,368,907,0.121259
2,368,907,0.117256
2,368,907,0.121689
2,368,907,0.122928
2,369,908,0.123913
2,369,908,0.120450
2,369,908,0.121566
2,369,908,0.119156
2,369,908,0.117834
2,369,908,0.119267
2,370,909,0.115571
2,370,909,0.116773
2,370,909,0.118767
2,370,909,0.119577
2,370,909,0.117657
2,370,909,0.121116
2,371,910,0.115699
2,371,910,0.115621
2,371,910,0.121344
2,371,910,0.120279
2,371,910,0.120914
2,371,910,0.117238
2,372,911,0.113823
2,372,911,0.116449
2,372,911,0.115168
2,372,911,0.116902
2,372,911,0.117909
2,372,911,0.117180
2,373,912,0.121969
2,373,912,0.113012
2,373,912,0.113204
2,373,912,0.118950
2,373,912,0.119161
2,373,912,0.118635
2,374,913,0.116382
2,374,913,0.119553
2,374,913,0.123646
2,374,913,0.121698
2,374,913,0.117910
2,374,913,0.118032
2,375,914,0.116097
2,375,914,0.116947
2,375,914,0.120777
2,375,914,0.118192
2,375,914,0.123580
2,375,914,0.118279
2,376,915,0.117616
2,376,915,0.118247
2,376,915,0.119374
2,376,915,0.116414
2,376,915,0.122069
2,376,915,0.116653
2,377,916,0.118422
2,377,916,0.118362
2,377,916,0.117130
2,377,916,0.114973
2,377,916,0.115436
2,377,916,0.119460
2,378,917,0.117746
2,378,917,0.118201
2,378,917,0.116813
2,378,917,0.115831
2,378,917,0.116791
2,378,917,0.119900
2,379,918,0.119026
2,379,918,0.117710
2,379,918,0.118016
2,379,918,0.119474
2,379,918,0.117423
2,379,918,0.115340
2,380,919,0.119445
2,380,919,0.123375
2,380,919,0.116518
2,380,919,0.116862
2,380,919,0.118542
2,380,919,0.117846
2,381,920,0.115087
2,381,920,0.122174
2,381,920,0.119082
2,381,920,0.119160
2,381,920,0.118195
2,381,920,0.114974
2,382,921,0.113562
2,382,921,0.116439
2,382,921,0.118839
2,382,921,0.117674
2,382,921,0.113692
2,382,921,0.117489
2,383,922,0.114255
2,383,922,0.118225
2,383,922,0.121679
2,383,922,0.120610
2,383,922,0.116908
2,383,922,0.117828
2,384,923,0.116845
2,384,923,0.120471
2,384,923,0.119947
2,384,923,0.118590
2,384,923,0.117426
2,384,923,0.115288
2,385,924,0.120145
2,385,924,0.115345
2,385,924,0.119886
2,385,924,0.118005
2,385,924,0.120531
2,385,924,0.117254
2,386,925,0.116255
2,386,925,0.113981
2,386,925,0.115504
2,386,925,0.118383
2,386,925,0.117986
2,386,925,0.116198
2,387,926,0.116692
2,387,926,0.115543
2,387,926,0.120402
2,387,926,0.122774
2,387,926,0.119158
2,387,926,0.120523
2,388,927,0.120622
2,388,927,0.116954
2,388,927,0.120115
2,388,927,0.113581
2,388,927,0.119894
2,388,927,0.117547
2,389,928,0.116911
2,389,928,0.118827
2,389,928,0.118155
2,389,928,0.116990
2,389,928,0.119246
2,389,928,0.116790
2,390,929,0.117521
2,390,929,0.113597
2,390,929,0.116023
2,390,929,0.115552
2,390,929,0.117264
2,390,929,0.120838
2,391,930,0.119875
2,391,930,0.114879
2,391,930,0.118543
2,391,930,0.117538
2,391,930,0.119824
2,391,930,0.121940
2,392,931,0.118412
2,392,931,0.115537
2,392,931,0.116293
2,392,931,0.116778
2,392,931,0.115248
2,392,931,0.116024
2,393,932,0.121303
2,393,932,0.117462
2,393,932,0.118877
2,393,932,0.114397
2,393,932,0.114207
2,393,932,0.118661
2,394,933,0.118892
2,394,933,0.118859
2,394,933,0.119557
2,394,933,0.123550
2,394,933,0.117001
2,394,933,0.123036
2,395,934,0.120520
2,395,934,0.120767
2,395,934,0.119544
2,395,934,0.115584
2,395,934,0.116856
2,395,934,0.117511
2,396,935,0.117407
2,396,935,0.124154
2,396,935,0.122686
2,396,935,0.117555
2,396,935,0.118150
2,396,935,0.121684
2,397,936,0.117989
2,397,936,0.118325
2,397,936,0.116077
2,397,936,0.117980
2,397,936,0.122648
2,397,936,0.122135
2,398,937,0.117538
2,398,937,0.119243
2,398,937,0.117517
2,398,937,0.118609
2,398,937,0.120903
2,398,937,0.113918
2,399,938,0.115086
2,399,938,0.115131
2,399,938,0.120081
2,399,938,0.119131
2,399,938,0.118292
2,399,938,0.120108
2,400,939,0.116834
2,400,939,0.120575
2,400,939,0.118433
2,400,939,0.119761
2,400,939,0.115060
2,400,939,0.119956
2,401,940,0.127164
2,401,940,0.117589
2,401,940,0.119715
2,401,940,0.124038
2,401,940,0.120786
2,401,940,0.119386
2,402,941,0.123290
2,402,941,0.118813
2,402,941,0.118503
2,402,941,0.121451
2,402,941,0.118288
2,402,941,0.118491
2,403,942,0.120066
2,403,942,0.117469
2,403,942,0.119526
2,403,942,0.122714
2,403,942,0.118982
2,403,942,0.115831
2,404,943,0.124545
2,404,943,0.116363
2,404,943,0.124442
2,404,943,0.118638
2,404,943,0.116646
2,404,943,0.122524
2,405,944,0.120633
2,405,944,0.120261
2,405,944,0.117438
2,405,944,0.117688
2,405,944,0.115948
2,405,944,0.118549
2,406,945,0.120863
2,406,945,0.117697
2,406,945,0.116158
2,406,945,0.118184
2,406,945,0.114955
2,406,945,0.115654
2,407,946,0.114971
2,407,946,0.118010
2,407,946,0.122935
2,407,946,0.117398
2,407,946,0.119976
2,407,946,0.118892
2,408,947,0.115948
2,408,947,0.119838
2,408,947,0.121389
2,408,947,0.115152
2,408,947,0.120349
2,408,947,0.121470
2,409,948,0.123365
2,409,948,0.126021
2,409,948,0.119401
2,409,948,0.121084
2,409,948,0.117892
2,409,948,0.125282
2,410,949,0.123750
2,410,949,0.115620
2,410,949,0.118872
2,410,949,0.120143
2,410,949,0.125111
2,410,949,0.118772
2,411,950,0.118113
2,411,950,0.121451
2,411,950,0.121265
2,411,950,0.119670
2,411,950,0.122485
2,411,950,0.121622
2,412,951,0.120083
2,412,951,0.123031
2,412,951,0.120560
2,412,951,0.122139
2,412,951,0.120260
2,412,951,0.117892
2,413,952,0.118539
2,413,952,0.124169
2,413,952,0.117850
2,413,952,0.116740
2,413,952,0.125536
2,413,952,0.124836
2,414,953,0.119095
2,414,953,0.116352
2,414,953,0.118764
2,414,953,0.117913
2,414,953,0.122528
2,414,953,0.120449
2,415,954,0.118063
2,415,954,0.117857
2,415,954,0.119650
2,415,954,0.117871
2,415,954,0.118812
2,415,954,0.118953
2,416,955,0.120438
2,416,955,0.116215
2,416,955,0.118964
2,416,955,0.120950
2,416,955,0.119112
2,416,955,0.118063
2,417,956,0.120918
2,417,956,0.116523
2,417,956,0.116679
2,417,956,0.122131
2,417,956,0.119671
2,417,956,0.121511
2,418,957,0.118775
2,418,957,0.116591
2,418,957,0.119550
2,418,957,0.122435
2,418,957,0.116355
2,418,957,0.119470
2,419,958,0.117567
2,419,958,0.115685
2,419,958,0.116462
2,419,958,0.122565
2,419,958,0.118202
2,419,958,0.123019
2,420,959,0.116344
2,420,959,0.117645
2,420,959,0.118622
2,420,959,0.119809
2,420,959,0.119004
2,420,959,0.119787
2,421,960,0.117896
2,421,960,0.114687
2,421,960,0.119167
2,421,960,0.121392
2,421,960,0.120774
2,421,960,0.118455
2,422,961,0.119368
2,422,961,0.121705
2,422,961,0.120961
2,422,961,0.116444
2,422,961,0.119240
2,422,961,0.114934
2,423,962,0.115122
2,423,962,0.118577
2,423,962,0.120125
2,423,962,0.119169
2,423,962,0.120455
2,423,962,0.119938
2,424,963,0.124154
2,424,963,0.120164
2,424,963,0.114968
2,424,963,0.120052
2,424,963,0.115330
2,424,963,0.119939
2,425,964,0.118301
2,425,964,0.117291
2,425,964,0.120381
2,425,964,0.118529
2,425,964,0.112836
2,425,964,0.116799
2,426,965,0.116516
2,426,965,0.112805
2,426,965,0.114755
2,426,965,0.115966
2,426,965,0.119826
2,426,965,0.118150
2,427,966,0.114284
2,427,966,0.118700
2,427,966,0.119992
2,427,966,0.122732
2,427,966,0.123014
2,427,966,0.117544
2,428,967,0.119853
2,428,967,0.119687
2,428,967,0.117880
2,428,967,0.121403
2,428,967,0.116842
2,428,967,0.116424
2,429,968,0.125342
2,429,968,0.115564
2,429,968,0.115222
2,429,968,0.115764
2,429,968,0.114516
2,429,968,0.117383
2,430,969,0.119928
2,430,969,0.115103
2,430,969,0.116518
2,430,969,0.119849
2,430,969,0.118772
2,430,969,0.116385
2,431,970,0.115927
2,431,970,0.121367
2,431,970,0.116273
2,431,970,0.115883
2,431,970,0.120550
2,431,970,0.119241
2,432,971,0.121960
2,432,971,0.120177
2,432,971,0.119135
2,432,971,0.118353
2,432,971,0.116818
2,432,971,0.113294
2,433,972,0.115337
2,433,972,0.117999
2,433,972,0.118700
2,433,972,0.117615
2,433,972,0.121631
2,433,972,0.115912
2,434,973,0.116213
2,434,973,0.119322
2,434,973,0.120707
2,434,973,0.116932
2,434,973,0.116305
2,434,973,0.117274
2,435,974,0.114510
2,435,974,0.114907
2,435,974,0.119088
2,435,974,0.117585
2,435,974,0.119548
2,435,974,0.120605
2,436,975,0.117798
2,436,975,0.119611
2,436,975,0.118783
2,436,975,0.117613
2,436,975,0.115909
2,436,975,0.115941
2,437,976,0.127318
2,437,976,0.120908
2,437,976,0.117470
2,437,976,0.117334
2,437,976,0.118793
2,437,976,0.119959
2,438,977,0.119624
2,438,977,0.120028
2,438,977,0.118521
2,438,977,0.116733
2,438,977,0.118275
2,438,977,0.112421
2,439,978,0.122968
2,439,978,0.124886
2,439,978,0.117733
2,439,978,0.121229
2,439,978,0.115530
2,439,978,0.116587
2,440,979,0.121598
2,440,979,0.117091
2,440,979,0.120148
2,440,979,0.117153
2,440,979,0.117398
2,440,979,0.118661
2,441,980,0.115706
2,441,980,0.113142
2,441,980,0.120309
2,441,980,0.118925
2,441,980,0.119167
2,441,980,0.120613
2,442,981,0.115677
2,442,981,0.117006
2,442,981,0.120028
2,442,981,0.112850
2,442,981,0.117468
2,442,981,0.116749
2,443,982,0.118732
2,443,982,0.117526
2,443,982,0.120173
2,443,982,0.119392
2,443,982,0.119457
2,443,982,0.120080
2,444,983,0.116626
2,444,983,0.113323
2,444,983,0.124238
2,444,983,0.119185
2,444,983,0.116934
2,444,983,0.119506
2,445,984,0.118828
2,445,984,0.115033
2,445,984,0.114219
2,445,984,0.113836
2,445,984,0.121458
2,445,984,0.118385
2,446,985,0.121301
2,446,985,0.117988
2,446,985,0.121209
2,446,985,0.118477
2,446,985,0.122116
2,446,985,0.115984
2,447,986,0.115817
2,447,986,0.116717
2,447,986,0.120040
2,447,986,0.115400
2,447,986,0.117271
2,447,986,0.121926
2,448,987,0.122581
2,448,987,0.117907
2,448,987,0.117719
2,448,987,0.117872
2,448,987,0.116495
2,448,987,0.116807
2,449,988,0.120593
2,449,988,0.123444
2,449,988,0.117472
2,449,988,0.119127
2,449,988,0.120341
2,449,988,0.124742
2,450,989,0.121967
2,450,989,0.121373
2,450,989,0.117610
2,450,989,0.121088
2,450,989,0.121591
2,450,989,0.122991
2,451,990,0.119798
2,451,990,0.121459
2,451,990,0.118596
2,451,990,0.119355
2,451,990,0.117129
2,451,990,0.118514
2,452,991,0.116186
2,452,991,0.115744
2,452,991,0.115834
2,452,991,0.114947
2,452,991,0.114413
2,452,991,0.123474
2,453,992,0.118181
2,453,992,0.119944
2,453,992,0.113624
2,453,992,0.116902
2,453,992,0.115509
2,453,992,0.118408
2,454,993,0.117931
2,454,993,0.112267
2,454,993,0.121100
2,454,993,0.120738
2,454,993,0.116155
2,454,993,0.117427
2,455,994,0.114663
2,455,994,0.121347
2,455,994,0.117331
2,455,994,0.119378
2,455,994,0.116018
2,455,994,0.115129
2,456,995,0.117215
2,456,995,0.118301
2,456,995,0.116856
2,456,995,0.117298
2,456,995,0.117642
2,456,995,0.117381
2,457,996,0.116592
2,457,996,0.115974
2,457,996,0.118939
2,457,996,0.115151
2,457,996,0.117084
2,457,996,0.117008
2,458,997,0.121159
2,458,997,0.115946
2,458,997,0.115602
2,458,997,0.121617
2,458,997,0.117284
2,458,997,0.115484
2,459,998,0.116250
2,459,998,0.118008
2,459,998,0.120688
2,459,998,0.121843
2,459,998,0.117589
2,459,998,0.117553
2,460,999,0.117528
2,460,999,0.116942
2,460,999,0.115976
2,460,999,0.116344
2,460,999,0.115694
2,460,999,0.115198
2,461,1000,0.116754
2,461,1000,0.115119
2,461,1000,0.117619
2,461,1000,0.116448
2,461,1000,0.119698
2,461,1000,0.116150
2,462,1001,0.116422
2,462,1001,0.114490
2,462,1001,0.115653
2,462,1001,0.119138
2,462,1001,0.118950
2,462,1001,0.116248
2,463,1002,0.122484
2,463,1002,0.113559
2,463,1002,0.117033
2,463,1002,0.117500
2,463,1002,0.119498
2,463,1002,0.117479
2,464,1003,0.116292
2,464,1003,0.119529
2,464,1003,0.122737
2,464,1003,0.113287
2,464,1003,0.116182
2,464,1003,0.121422
2,465,1004,0.119443
2,465,1004,0.115891
2,465,1004,0.118384
2,465,1004,0.118117
2,465,1004,0.120549
2,465,1004,0.119807
2,466,1005,0.113976
2,466,1005,0.120945
2,466,1005,0.118283
2,466,1005,0.120674
2,466,1005,0.125095
2,466,1005,0.117328
2,467,1006,0.120517
2,467,1006,0.113987
2,467,1006,0.114711
2,467,1006,0.116269
2,467,1006,0.122790
2,467,1006,0.115608
2,468,1007,0.119963
2,468,1007,0.116428
2,468,1007,0.116518
2,468,1007,0.114096
2,468,1007,0.115991
2,468,1007,0.117988
2,469,1008,0.118788
2,469,1008,0.121038
2,469,1008,0.118303
2,469,1008,0.115281
2,469,1008,0.116566
2,469,1008,0.116167
2,470,1009,0.115203
2,470,1009,0.120908
2,470,1009,0.113769
2,470,1009,0.116406
2,470,1009,0.115247
2,470,1009,0.116111
2,471,1010,0.121994
2,471,1010,0.115664
2,471,1010,0.119025
2,471,1010,0.115422
2,471,1010,0.116419
2,471,1010,0.121848
2,472,1011,0.114682
2,472,1011,0.118782
2,472,1011,0.117149
2,472,1011,0.118331
2,472,1011,0.116906
2,472,1011,0.124992
2,473,1012,0.116899
2,473,1012,0.115148
2,473,1012,0.117173
2,473,1012,0.121169
2,473,1012,0.115972
2,473,1012,0.119063
2,474,1013,0.116848
2,474,1013,0.114944
2,474,1013,0.113505
2,474,1013,0.114867
2,474,1013,0.115907
2,474,1013,0.115976
2,475,1014,0.114920
2,475,1014,0.116062
2,475,1014,0.117451
2,475,1014,0.120520
2,475,1014,0.117931
2,475,1014,0.122709
2,476,1015,0.119361
2,476,1015,0.117204
2,476,1015,0.116514
2,476,1015,0.113745
2,476,1015,0.116380
2,476,1015,0.116506
2,477,1016,0.116774
2,477,1016,0.118262
2,477,1016,0.119658
2,477,1016,0.117957
2,477,1016,0.117207
2,477,1016,0.120748
2,478,1017,0.114399
2,478,1017,0.116078
2,478,1017,0.113709
2,478,1017,0.116426
2,478,1017,0.114735
2,478,1017,0.115545
2,479,1018,0.114975
2,479,1018,0.113866
2,479,1018,0.114353
2,479,1018,0.118357
2,479,1018,0.116349
2,479,1018,0.124107
2,480,1019,0.117062
2,480,1019,0.121535
2,480,1019,0.121255
2,480,1019,0.116007
2,480,1019,0.115395
2,480,1019,0.124040
2,481,1020,0.118548
2,481,1020,0.116517
2,481,1020,0.116198
2,481,1020,0.115046
2,481,1020,0.115342
2,481,1020,0.117076
2,482,1021,0.116841
2,482,1021,0.123682
2,482,1021,0.120130
2,482,1021,0.117687
2,482,1021,0.117168
2,482,1021,0.127594
2,483,1022,0.120034
2,483,1022,0.113661
2,483,1022,0.116663
2,483,1022,0.118914
2,483,1022,0.115129
2,483,1022,0.118759
2,484,1023,0.119286
2,484,1023,0.116503
2,484,1023,0.118122
2,484,1023,0.120939
2,484,1023,0.119120
2,484,1023,0.116683
2,485,1024,0.122776
2,485,1024,0.119672
2,485,1024,0.118786
2,485,1024,0.116495
2,485,1024,0.118528
2,485,1024,0.118464
2,486,1025,0.118037
2,486,1025,0.119524
2,486,1025,0.117392
2,486,1025,0.126436
2,486,1025,0.120726
2,486,1025,0.121183
2,487,1026,0.120889
2,487,1026,0.118399
2,487,1026,0.120555
2,487,1026,0.121748
2,487,1026,0.118143
2,487,1026,0.121742
2,488,1027,0.116927
2,488,1027,0.116509
2,488,1027,0.119796
2,488,1027,0.120452
2,488,1027,0.115722
2,488,1027,0.117633
2,489,1028,0.119865
2,489,1028,0.121673
2,489,1028,0.117660
2,489,1028,0.121733
2,489,1028,0.118564
2,489,1028,0.120031
2,490,1029,0.114911
2,490,1029,0.117566
2,490,1029,0.117810
2,490,1029,0.118741
2,490,1029,0.118514
2,490,1029,0.118822
2,491,1030,0.117276
2,491,1030,0.118160
2,491,1030,0.120240
2,491,1030,0.117703
2,491,1030,0.121900
2,491,1030,0.117385
2,492,1031,0.120124
2,492,1031,0.120038
2,492,1031,0.115567
2,492,1031,0.117322
2,492,1031,0.118278
2,492,1031,0.119360
2,493,1032,0.121765
2,493,1032,0.120715
2,493,1032,0.123115
2,493,1032,0.121999
2,493,1032,0.120728
2,493,1032,0.121666
2,494,1033,0.121021
2,494,1033,0.120562
2,494,1033,0.122704
2,494,1033,0.123954
2,494,1033,0.121050
2,494,1033,0.126250
2,495,1034,0.120440
2,495,1034,0.113158
2,495,1034,0.115466
2,495,1034,0.116110
2,495,1034,0.114634
2,495,1034,0.118467
2,496,1035,0.119927
2,496,1035,0.120952
2,496,1035,0.120522
2,496,1035,0.122799
2,496,1035,0.119058
2,496,1035,0.116957
2,497,1036,0.119036
2,497,1036,0.118077
2,497,1036,0.116162
2,497,1036,0.117989
2,497,1036,0.122080
2,497,1036,0.117703
2,498,1037,0.118615
2,498,1037,0.119122
2,498,1037,0.119364
2,498,1037,0.124054
2,498,1037,0.119401
2,498,1037,0.120399
2,499,1038,0.116876
2,499,1038,0.115305
2,499,1038,0.120463
2,499,1038,0.120592
2,499,1038,0.121733
2,499,1038,0.116883
2,500,1039,0.119656
2,500,1039,0.119726
2,500,1039,0.119972
2,500,1039,0.120647
2,500,1039,0.120609
2,500,1039,0.121681
2,501,1040,0.118918
2,501,1040,0.123558
2,501,1040,0.120247
2,501,1040,0.120351
2,501,1040,0.120839
2,501,1040,0.117043
2,502,1041,0.120893
2,502,1041,0.126359
2,502,1041,0.125479
2,502,1041,0.123781
2,502,1041,0.120990
2,502,1041,0.117756
2,503,1042,0.120868
2,503,1042,0.117008
2,503,1042,0.117691
2,503,1042,0.118853
2,503,1042,0.116917
2,503,1042,0.115676
2,504,1043,0.118736
2,504,1043,0.116956
2,504,1043,0.120136
2,504,1043,0.125036
2,504,1043,0.117107
2,504,1043,0.128688
2,505,1044,0.123932
2,505,1044,0.118345
2,505,1044,0.123567
2,505,1044,0.121005
2,505,1044,0.115843
2,505,1044,0.117043
2,506,1045,0.120516
2,506,1045,0.120183
2,506,1045,0.120364
2,506,1045,0.116345
2,506,1045,0.120508
2,506,1045,0.117256
2,507,1046,0.121906
2,507,1046,0.123348
2,507,1046,0.119544
2,507,1046,0.116175
2,507,1046,0.123052
2,507,1046,0.122825
2,508,1047,0.116945
2,508,1047,0.123448
2,508,1047,0.120140
2,508,1047,0.116496
2,508,1047,0.114815
2,508,1047,0.118067
2,509,1048,0.118682
2,509,1048,0.124068
2,509,1048,0.116861
2,509,1048,0.115644
2,509,1048,0.120206
2,509,1048,0.116099
2,510,1049,0.116251
2,510,1049,0.116607
2,510,1049,0.118523
2,510,1049,0.118736
2,510,1049,0.122469
2,510,1049,0.116714
2,511,1050,0.117747
2,511,1050,0.118945
2,511,1050,0.119921
2,511,1050,0.117177
2,511,1050,0.115786
2,511,1050,0.123059
2,512,1051,0.118319
2,512,1051,0.115549
2,512,1051,0.120289
2,512,1051,0.116755
2,512,1051,0.118979
2,512,1051,0.114672
2,513,1052,0.119989
2,513,1052,0.117045
2,513,1052,0.119673
2,513,1052,0.120773
2,513,1052,0.119511
2,513,1052,0.119493
2,514,1053,0.115717
2,514,1053,0.123943
2,514,1053,0.114924
2,514,1053,0.117337
2,514,1053,0.120018
2,514,1053,0.117491
2,515,1054,0.121765
2,515,1054,0.119960
2,515,1054,0.114520
2,515,1054,0.115969
2,515,1054,0.116128
2,515,1054,0.123283
2,516,1055,0.119099
2,516,1055,0.115363
2,516,1055,0.115854
2,516,1055,0.118245
2,516,1055,0.116131
2,516,1055,0.120891
2,517,1056,0.115526
2,517,1056,0.119393
2,517,1056,0.116591
2,517,1056,0.115244
2,517,1056,0.115269
2,517,1056,0.116333
2,518,1057,0.118494
2,518,1057,0.115171
2,518,1057,0.114696
2,518,1057,0.121075
2,518,1057,0.117086
2,518,1057,0.117909
2,519,1058,0.115462
2,519,1058,0.116998
2,519,1058,0.116662
2,519,1058,0.112634
2,519,1058,0.118263
2,519,1058,0.117009
2,520,1059,0.117619
2,520,1059,0.114483
2,520,1059,0.114904
2,520,1059,0.117937
2,520,1059,0.117559
2,520,1059,0.116510
2,521,1060,0.117293
2,521,1060,0.113447
2,521,1060,0.118078
2,521,1060,0.115856
2,521,1060,0.120186
2,521,1060,0.117791
2,522,1061,0.119524
2,522,1061,0.121451
2,522,1061,0.117330
2,522,1061,0.116514
2,522,1061,0.115444
2,522,1061,0.118452
2,523,1062,0.117484
2,523,1062,0.115422
2,523,1062,0.118844
2,523,1062,0.119250
2,523,1062,0.117062
2,523,1062,0.118880
2,524,1063,0.117214
2,524,1063,0.118034
2,524,1063,0.115117
2,524,1063,0.117524
2,524,1063,0.118970
2,524,1063,0.119180
2,525,1064,0.117016
2,525,1064,0.115416
2,525,1064,0.117156
2,525,1064,0.112988
2,525,1064,0.117934
2,525,1064,0.119579
2,526,1065,0.118811
2,526,1065,0.123134
2,526,1065,0.123027
2,526,1065,0.116859
2,526,1065,0.117058
2,526,1065,0.122926
2,527,1066,0.114318
2,527,1066,0.125607
2,527,1066,0.114735
2,527,1066,0.116252
2,527,1066,0.115382
2,527,1066,0.118733
2,528,1067,0.118336
2,528,1067,0.115791
2,528,1067,0.115834
2,528,1067,0.116891
2,528,1067,0.119974
2,528,1067,0.117036
2,529,1068,0.118336
2,529,1068,0.121770
2,529,1068,0.117502
2,529,1068,0.115466
2,529,1068,0.120160
2,529,1068,0.116015
2,530,1069,0.116984
2,530,1069,0.124362
2,530,1069,0.117183
2,530,1069,0.114636
2,530,1069,0.115609
2,530,1069,0.114903
2,531,1070,0.118934
2,531,1070,0.119001
2,531,1070,0.115708
2,531,1070,0.117444
2,531,1070,0.113338
2,531,1070,0.120446
2,532,1071,0.117061
2,532,1071,0.115597
2,532,1071,0.115977
2,532,1071,0.117794
2,532,1071,0.113994
2,532,1071,0.116516
2,533,1072,0.118443
2,533,1072,0.116682
2,533,1072,0.116741
2,533,1072,0.114665
2,533,1072,0.117304
2,533,1072,0.123994
2,534,1073,0.118066
2,534,1073,0.115029
2,534,1073,0.123861
2,534,1073,0.117549
2,534,1073,0.118917
2,534,1073,0.116453
2,535,1074,0.120554
2,535,1074,0.114865
2,535,1074,0.114388
2,535,1074,0.118111
2,535,1074,0.118755
2,535,1074,0.120931
2,536,1075,0.122435
2,536,1075,0.116841
2,536,1075,0.120430
2,536,1075,0.118870
2,536,1075,0.118412
2,536,1075,0.117264
2,537,1076,0.115936
2,537,1076,0.119373
2,537,1076,0.116127
2,537,1076,0.117029
2,537,1076,0.118404
2,537,1076,0.121965
2,538,1077,0.118938
2,538,1077,0.117186
2,538,1077,0.122446
2,538,1077,0.124736
2,538,1077,0.122137
2,538,1077,0.114285
2,539,1078,0.121535
2,539,1078,0.122455
2,539,1078,0.112643
2,539,1078,0.117338
2,539,1078,0.118878
2,539,1078,0.115961
3,1,1079,0.119751
3,1,1079,0.120817
3,1,1079,0.119697
3,1,1079,0.117430
3,1,1079,0.117274
3,1,1079,0.117725
3,2,1080,0.120311
3,2,1080,0.116326
3,2,1080,0.118979
3,2,1080,0.119330
3,2,1080,0.118987
3,2,1080,0.113378
3,3,1081,0.116434
3,3,1081,0.118786
3,3,1081,0.115386
3,3,1081,0.120975
3,3,1081,0.120989
3,3,1081,0.121786
3,4,1082,0.114603
3,4,1082,0.116676
3,4,1082,0.113984
3,4,1082,0.119286
3,4,1082,0.120593
3,4,1082,0.114607
3,5,1083,0.114832
3,5,1083,0.117398
3,5,1083,0.117399
3,5,1083,0.117886
3,5,1083,0.117758
3,5,1083,0.114909
3,6,1084,0.123889
3,6,1084,0.115689
3,6,1084,0.117200
3,6,1084,0.119178
3,6,1084,0.119240
3,6,1084,0.118718
3,7,1085,0.114231
3,7,1085,0.124215
3,7,1085,0.120048
3,7,1085,0.117639
3,7,1085,0.117520
3,7,1085,0.114132
3,8,1086,0.115312
3,8,1086,0.116174
3,8,1086,0.122046
3,8,1086,0.114674
3,8,1086,0.121577
3,8,1086,0.122182
3,9,1087,0.120490
3,9,1087,0.115479
3,9,1087,0.118761
3,9,1087,0.121117
3,9,1087,0.120099
3,9,1087,0.120762
3,10,1088,0.115239
3,10,1088,0.118467
3,10,1088,0.115242
3,10,1088,0.116339
3,10,1088,0.117441
3,10,1088,0.117983
3,11,1089,0.114729
3,11,1089,0.117911
3,11,1089,0.114599
3,11,1089,0.116505
3,11,1089,0.116989
3,11,1089,0.118262
3,12,1090,0.115622
3,12,1090,0.122495
3,12,1090,0.119067
3,12,1090,0.114469
3,12,1090,0.113964
3,12,1090,0.117926
3,13,1091,0.119279
3,13,1091,0.116878
3,13,1091,0.116875
3,13,1091,0.112641
3,13,1091,0.119155
3,13,1091,0.121704
3,14,1092,0.117496
3,14,1092,0.118916
3,14,1092,0.122323
3,14,1092,0.117756
3,14,1092,0.115487
3,14,1092,0.117721
3,15,1093,0.119423
3,15,1093,0.122698
3,15,1093,0.120091
3,15,1093,0.120735
3,15,1093,0.118146
3,15,1093,0.117791
3,16,1094,0.117184
3,16,1094,0.122059
3,16,1094,0.115861
3,16,1094,0.117037
3,16,1094,0.117373
3,16,1094,0.118227
3,17,1095,0.115690
3,17,1095,0.120689
3,17,1095,0.116288
3,17,1095,0.115162
3,17,1095,0.119937
3,17,1095,0.117537
3,18,1096,0.114479
3,18,1096,0.118083
3,18,1096,0.119020
3,18,1096,0.114804
3,18,1096,0.116547
3,18,1096,0.118320
3,19,1097,0.118912
3,19,1097,0.118813
3,19,1097,0.116491
3,19,1097,0.117811
3,19,1097,0.115065
3,19,1097,0.118230
3,20,1098,0.115765
3,20,1098,0.117477
3,20,1098,0.117572
3,20,1098,0.120278
3,20,1098,0.117959
3,20,1098,0.115484
3,21,1099,0.120751
3,21,1099,0.114278
3,21,1099,0.117356
3,21,1099,0.117542
3,21,1099,0.119433
3,21,1099,0.117256
3,22,1100,0.118461
3,22,1100,0.116310
3,22,1100,0.118889
3,22,1100,0.115681
3,22,1100,0.116025
3,22,1100,0.120595
3,23,1101,0.119497
3,23,1101,0.121539
3,23,1101,0.117870
3,23,1101,0.120371
3,23,1101,0.125323
3,23,1101,0.118852
3,24,1102,0.121036
3,24,1102,0.115458
3,24,1102,0.125002
3,24,1102,0.115278
3,24,1102,0.115399
3,24,1102,0.113730
3,25,1103,0.124001
3,25,1103,0.123383
3,25,1103,0.117836
3,25,1103,0.123968
3,25,1103,0.119351
3,25,1103,0.119988
3,26,1104,0.118438
3,26,1104,0.118146
3,26,1104,0.120033
3,26,1104,0.118051
3,26,1104,0.116060
3,26,1104,0.118838
3,27,1105,0.119298
3,27,1105,0.118800
3,27,1105,0.119406
3,27,1105,0.119370
3,27,1105,0.119660
3,27,1105,0.119529
3,28,1106,0.118932
3,28,1106,0.121899
3,28,1106,0.124914
3,28,1106,0.124824
3,28,1106,0.116735
3,28,1106,0.117480
3,29,1107,0.120746
3,29,1107,0.118726
3,29,1107,0.119890
3,29,1107,0.119806
3,29,1107,0.122020
3,29,1107,0.122048
3,30,1108,0.118967
3,30,1108,0.124385
3,30,1108,0.121267
3,30,1108,0.119972
3,30,1108,0.123646
3,30,1108,0.119512
3,31,1109,0.116768
3,31,1109,0.123286
3,31,1109,0.119559
3,31,1109,0.124163
3,31,1109,0.119899
3,31,1109,0.119693
3,32,1110,0.118069
3,32,1110,0.123654
3,32,1110,0.120729
3,32,1110,0.121353
3,32,1110,0.121181
3,32,1110,0.122240
3,33,1111,0.121127
3,33,1111,0.119291
3,33,1111,0.117757
3,33,1111,0.121569
3,33,1111,0.117894
3,33,1111,0.123851
3,34,1112,0.119934
3,34,1112,0.122636
3,34,1112,0.117739
3,34,1112,0.117693
3,34,1112,0.120666
3,34,1112,0.123059
3,35,1113,0.119876
3,35,1113,0.125538
3,35,1113,0.126643
3,35,1113,0.121978
3,35,1113,0.117780
3,35,1113,0.122509
3,36,1114,0.116321
3,36,1114,0.121689
3,36,1114,0.117115
3,36,1114,0.120702
3,36,1114,0.118516
3,36,1114,0.122355
3,37,1115,0.121573
3,37,1115,0.116843
3,37,1115,0.121572
3,37,1115,0.123956
3,37,1115,0.118806
3,37,1115,0.121079
3,38,1116,0.121476
3,38,1116,0.115317
3,38,1116,0.116459
3,38,1116,0.120174
3,38,1116,0.120639
3,38,1116,0.122190
3,39,1117,0.113982
3,39,1117,0.119114
3,39,1117,0.116722
3,39,1117,0.114742
3,39,1117,0.118163
3,39,1117,0.119231
3,40,1118,0.118747
3,40,1118,0.115267
3,40,1118,0.124278
3,40,1118,0.122849
3,40,1118,0.118656
3,40,1118,0.118342
3,41,1119,0.115018
3,41,1119,0.119593
3,41,1119,0.115714
3,41,1119,0.113364
3,41,1119,0.120376
3,41,1119,0.118531
3,42,1120,0.116527
3,42,1120,0.117425
3,42,1120,0.118104
3,42,1120,0.119988
3,42,1120,0.117773
3,42,1120,0.120885
3,43,1121,0.115843
3,43,1121,0.119584
3,43,1121,0.122384
3,43,1121,0.122661
3,43,1121,0.114680
3,43,1121,0.118699
3,44,1122,0.116125
3,44,1122,0.117201
3,44,1122,0.115730
3,44,1122,0.122132
3,44,1122,0.114443
3,44,1122,0.117300
3,45,1123,0.118322
3,45,1123,0.121744
3,45,1123,0.117405
3,45,1123,0.117338
3,45,1123,0.124016
3,45,1123,0.119134
3,46,1124,0.116184
3,46,1124,0.118758
3,46,1124,0.115584
3,46,1124,0.116614
3,46,1124,0.119661
3,46,1124,0.118940
3,47,1125,0.121346
3,47,1125,0.118711
3,47,1125,0.121380
3,47,1125,0.118599
3,47,1125,0.115469
3,47,1125,0.118419
3,48,1126,0.118205
3,48,1126,0.119802
3,48,1126,0.117192
3,48,1126,0.115987
3,48,1126,0.115255
3,48,1126,0.113037
3,49,1127,0.113315
3,49,1127,0.114276
3,49,1127,0.117958
3,49,1127,0.115922
3,49,1127,0.119942
3,49,1127,0.118877
3,50,1128,0.115007
3,50,1128,0.117198
3,50,1128,0.116742
3,50,1128,0.113684
3,50,1128,0.117750
3,50,1128,0.116148
3,51,1129,0.117053
3,51,1129,0.118859
3,51,1129,0.118636
3,51,1129,0.112662
3,51,1129,0.116412
3,51,1129,0.116023
3,52,1130,0.116666
3,52,1130,0.117336
3,52,1130,0.116395
3,52,1130,0.115298
3,52,1130,0.117219
3,52,1130,0.114675
3,53,1131,0.119696
3,53,1131,0.117311
3,53,1131,0.117897
3,53,1131,0.123273
3,53,1131,0.118089
3,53,1131,0.115938
3,54,1132,0.113357
3,54,1132,0.116700
3,54,1132,0.118112
3,54,1132,0.124118
3,54,1132,0.119239
3,54,1132,0.118191
3,55,1133,0.117476
3,55,1133,0.114765
3,55,1133,0.118259
3,55,1133,0.124257
3,55,1133,0.118041
3,55,1133,0.117747
3,56,1134,0.116391
3,56,1134,0.114446
3,56,1134,0.120740
3,56,1134,0.117933
3,56,1134,0.114205
3,56,1134,0.119765
3,57,1135,0.119560
3,57,1135,0.115167
3,57,1135,0.114844
3,57,1135,0.118766
3,57,1135,0.113557
3,57,1135,0.119130
3,58,1136,0.116434
3,58,1136,0.114561
3,58,1136,0.113970
3,58,1136,0.115097
3,58,1136,0.114542
3,58,1136,0.116612
3,59,1137,0.114465
3,59,1137,0.114808
3,59,1137,0.115075
3,59,1137,0.113407
3,59,1137,0.114449
3,59,1137,0.118708
3,60,1138,0.117856
3,60,1138,0.113614
3,60,1138,0.117168
3,60,1138,0.116696
3,60,1138,0.116918
3,60,1138,0.116257
3,61,1139,0.112972
3,61,1139,0.116028
3,61,1139,0.112874
3,61,1139,0.115500
3,61,1139,0.114953
3,61,1139,0.116873
3,62,1140,0.114917
3,62,1140,0.116263
3,62,1140,0.116152
3,62,1140,0.115818
3,62,1140,0.118404
3,62,1140,0.118839
3,63,1141,0.117821
3,63,1141,0.113536
3,63,1141,0.116503
3,63,1141,0.114705
3,63,1141,0.115610
3,63,1141,0.115656
3,64,1142,0.114824
3,64,1142,0.115537
3,64,1142,0.117126
3,64,1142,0.114997
3,64,1142,0.122544
3,64,1142,0.113408
3,65,1143,0.115587
3,65,1143,0.115014
3,65,1143,0.115360
3,65,1143,0.117511
3,65,1143,0.118874
3,65,1143,0.116552
3,66,1144,0.118223
3,66,1144,0.118259
3,66,1144,0.119283
3,66,1144,0.117256
3,66,1144,0.117631
3,66,1144,0.116310
3,67,1145,0.113773
3,67,1145,0.118815
3,67,1145,0.116892
3,67,1145,0.113711
3,67,1145,0.113758
3,67,1145,0.114139
3,68,1146,0.115950
3,68,1146,0.115799
3,68,1146,0.116554
3,68,1146,0.115286
3,68,1146,0.115638
3,68,1146,0.116419
3,69,1147,0.116817
3,69,1147,0.118009
3,69,1147,0.117908
3,69,1147,0.113151
3,69,1147,0.112488
3,69,1147,0.112956
3,70,1148,0.115578
3,70,1148,0.114382
3,70,1148,0.116636
3,70,1148,0.115682
3,70,1148,0.116597
3,70,1148,0.120151
3,71,1149,0.113943
3,71,1149,0.111568
3,71,1149,0.117541
3,71,1149,0.115946
3,71,1149,0.115543
3,71,1149,0.114357
3,72,1150,0.114502
3,72,1150,0.115484
3,72,1150,0.120628
3,72,1150,0.115345
3,72,1150,0.114850
3,72,1150,0.115804
3,73,1151,0.117095
3,73,1151,0.117216
3,73,1151,0.115135
3,73,1151,0.118632
3,73,1151,0.114699
3,73,1151,0.115071
3,74,1152,0.118054
3,74,1152,0.117311
3,74,1152,0.120911
3,74,1152,0.116938
3,74,1152,0.120321
3,74,1152,0.119305
3,75,1153,0.116068
3,75,1153,0.113316
3,75,1153,0.119600
3,75,1153,0.115438
3,75,1153,0.117327
3,75,1153,0.119463
3,76,1154,0.118196
3,76,1154,0.113706
3,76,1154,0.115052
3,76,1154,0.114426
3,76,1154,0.114436
3,76,1154,0.118748
3,77,1155,0.115164
3,77,1155,0.118359
3,77,1155,0.118180
3,77,1155,0.118313
3,77,1155,0.117891
3,77,1155,0.115307
3,78,1156,0.120630
3,78,1156,0.115158
3,78,1156,0.114446
3,78,1156,0.117288
3,78,1156,0.119296
3,78,1156,0.125168
3,79,1157,0.118749
3,79,1157,0.114341
3,79,1157,0.115729
3,79,1157,0.116345
3,79,1157,0.118019
3,79,1157,0.117044
3,80,1158,0.116576
3,80,1158,0.118170
3,80,1158,0.114861
3,80,1158,0.120144
3,80,1158,0.115877
3,80,1158,0.119512
3,81,1159,0.116306
3,81,1159,0.117841
3,81,1159,0.117602
3,81,1159,0.120338
3,81,1159,0.116343
3,81,1159,0.120037
3,82,1160,0.117846
3,82,1160,0.121781
3,82,1160,0.117850
3,82,1160,0.111413
3,82,1160,0.120292
3,82,1160,0.119030
3,83,1161,0.112406
3,83,1161,0.120118
3,83,1161,0.113364
3,83,1161,0.118901
3,83,1161,0.121021
3,83,1161,0.116547
3,84,1162,0.116483
3,84,1162,0.117685
3,84,1162,0.115606
3,84,1162,0.114583
3,84,1162,0.110981
3,84,1162,0.113191
3,85,1163,0.115772
3,85,1163,0.119047
3,85,1163,0.118975
3,85,1163,0.116110
3,85,1163,0.115638
3,85,1163,0.115445
3,86,1164,0.112693
3,86,1164,0.113982
3,86,1164,0.118233
3,86,1164,0.111873
3,86,1164,0.115342
3,86,1164,0.115840
3,87,1165,0.118876
3,87,1165,0.114652
3,87,1165,0.116441
3,87,1165,0.118604
3,87,1165,0.115629
3,87,1165,0.114854
3,88,1166,0.118612
3,88,1166,0.111228
3,88,1166,0.116662
3,88,1166,0.117485
3,88,1166,0.112393
3,88,1166,0.114158
3,89,1167,0.116337
3,89,1167,0.115208
3,89,1167,0.116034
3,89,1167,0.115673
3,89,1167,0.117515
3,89,1167,0.119240
3,90,1168,0.116804
3,90,1168,0.114750
3,90,1168,0.118405
3,90,1168,0.115499
3,90,1168,0.117863
3,90,1168,0.118522
3,91,1169,0.118612
3,91,1169,0.118353
3,91,1169,0.116660
3,91,1169,0.116996
3,91,1169,0.114996
3,91,1169,0.119214
3,92,1170,0.117628
3,92,1170,0.114882
3,92,1170,0.113931
3,92,1170,0.113332
3,92,1170,0.116195
3,92,1170,0.121230
3,93,1171,0.115277
3,93,1171,0.118506
3,93,1171,0.114887
3,93,1171,0.118351
3,93,1171,0.121013
3,93,1171,0.121659
3,94,1172,0.113867
3,94,1172,0.119375
3,94,1172,0.116544
3,94,1172,0.114463
3,94,1172,0.115479
3,94,1172,0.118539
3,95,1173,0.116696
3,95,1173,0.115372
3,95,1173,0.114747
3,95,1173,0.116712
3,95,1173,0.115530
3,95,1173,0.113751
3,96,1174,0.117670
3,96,1174,0.119786
3,96,1174,0.114239
3,96,1174,0.115132
3,96,1174,0.114489
3,96,1174,0.115922
3,97,1175,0.125049
3,97,1175,0.114989
3,97,1175,0.124539
3,97,1175,0.114374
3,97,1175,0.114932
3,97,1175,0.117193
3,98,1176,0.116017
3,98,1176,0.114739
3,98,1176,0.115119
3,98,1176,0.115483
3,98,1176,0.117237
3,98,1176,0.115174
3,99,1177,0.115003
3,99,1177,0.115574
3,99,1177,0.116152
3,99,1177,0.118739
3,99,1177,0.115895
3,99,1177,0.116813
3,100,1178,0.112159
3,100,1178,0.114749
3,100,1178,0.118032
3,100,1178,0.112618
3,100,1178,0.122671
3,100,1178,0.117205
3,101,1179,0.117759
3,101,1179,0.115477
3,101,1179,0.121703
3,101,1179,0.118159
3,101,1179,0.112056
3,101,1179,0.118877
3,102,1180,0.116437
3,102,1180,0.114949
3,102,1180,0.118199
3,102,1180,0.119760
3,102,1180,0.120877
3,102,1180,0.116024
3,103,1181,0.115094
3,103,1181,0.122046
3,103,1181,0.117568
3,103,1181,0.116861
3,103,1181,0.116486
3,103,1181,0.117235
3,104,1182,0.116942
3,104,1182,0.113095
3,104,1182,0.115923
3,104,1182,0.113834
3,104,1182,0.116125
3,104,1182,0.123308
3,105,1183,0.117470
3,105,1183,0.114675
3,105,1183,0.118575
3,105,1183,0.116905
3,105,1183,0.114735
3,105,1183,0.115996
3,106,1184,0.117524
3,106,1184,0.112613
3,106,1184,0.115597
3,106,1184,0.119181
3,106,1184,0.118103
3,106,1184,0.112194
3,107,1185,0.121946
3,107,1185,0.118363
3,107,1185,0.117770
3,107,1185,0.116695
3,107,1185,0.117149
3,107,1185,0.118264
3,108,1186,0.117694
3,108,1186,0.117083
3,108,1186,0.115226
3,108,1186,0.116904
3,108,1186,0.118725
3,108,1186,0.118395
3,109,1187,0.116199
3,109,1187,0.116860
3,109,1187,0.112677
3,109,1187,0.114588
3,109,1187,0.114970
3,109,1187,0.120726
3,110,1188,0.124155
3,110,1188,0.116976
3,110,1188,0.116444
3,110,1188,0.118011
3,110,1188,0.118525
3,110,1188,0.113130
3,111,1189,0.119438
3,111,1189,0.117127
3,111,1189,0.113003
3,111,1189,0.113015
3,111,1189,0.116724
3,111,1189,0.116284
3,112,1190,0.112484
3,112,1190,0.118694
3,112,1190,0.112136
3,112,1190,0.115421
3,112,1190,0.118301
3,112,1190,0.117964
3,113,1191,0.117595
3,113,1191,0.116106
3,113,1191,0.114670
3,113,1191,0.111177
3,113,1191,0.115260
3,113,1191,0.119492
3,114,1192,0.115332
3,114,1192,0.122224
3,114,1192,0.111887
3,114,1192,0.116562
3,114,1192,0.113265
3,114,1192,0.114937
3,115,1193,0.117982
3,115,1193,0.114373
3,115,1193,0.115639
3,115,1193,0.115764
3,115,1193,0.116617
3,115,1193,0.123055
3,116,1194,0.110650
3,116,1194,0.118481
3,116,1194,0.118428
3,116,1194,0.120846
3,116,1194,0.118692
3,116,1194,0.115427
3,117,1195,0.116194
3,117,1195,0.121995
3,117,1195,0.117110
3,117,1195,0.113797
3,117,1195,0.138855
3,117,1195,0.121407
3,118,1196,0.121264
3,118,1196,0.116177
3,118,1196,0.119435
3,118,1196,0.118004
3,118,1196,0.125676
3,118,1196,0.123058
3,119,1197,0.115407
3,119,1197,0.118114
3,119,1197,0.117141
3,119,1197,0.117237
3,119,1197,0.117460
3,119,1197,0.122832
3,120,1198,0.119407
3,120,1198,0.117418
3,120,1198,0.118028
3,120,1198,0.119637
3,120,1198,0.120377
3,120,1198,0.121590
3,121,1199,0.112843
3,121,1199,0.119353
3,121,1199,0.125814
3,121,1199,0.126233
3,121,1199,0.114799
3,121,1199,0.120345
3,122,1200,0.124336
3,122,1200,0.118967
3,122,1200,0.116955
3,122,1200,0.120338
3,122,1200,0.119782
3,122,1200,0.122528
3,123,1201,0.119418
3,123,1201,0.113487
3,123,1201,0.116370
3,123,1201,0.116134
3,123,1201,0.121403
3,123,1201,0.117090
3,124,1202,0.118403
3,124,1202,0.116763
3,124,1202,0.121962
3,124,1202,0.115686
3,124,1202,0.119384
3,124,1202,0.121960
3,125,1203,0.117593
3,125,1203,0.116930
3,125,1203,0.115890
3,125,1203,0.120712
3,125,1203,0.119820
3,125,1203,0.115717
3,126,1204,0.120487
3,126,1204,0.117750
3,126,1204,0.125944
3,126,1204,0.118140
3,126,1204,0.115604
3,126,1204,0.120677
3,127,1205,0.114762
3,127,1205,0.118581
3,127,1205,0.117979
3,127,1205,0.119161
3,127,1205,0.117974
3,127,1205,0.119874
3,128,1206,0.117379
3,128,1206,0.120995
3,128,1206,0.115998
3,128,1206,0.120623
3,128,1206,0.115266
3,128,1206,0.115336
3,129,1207,0.116099
3,129,1207,0.122778
3,129,1207,0.115602
3,129,1207,0.119237
3,129,1207,0.117008
3,129,1207,0.119001
3,130,1208,0.123315
3,130,1208,0.123263
3,130,1208,0.116497
3,130,1208,0.123133
3,130,1208,0.121963
3,130,1208,0.117105
3,131,1209,0.120775
3,131,1209,0.114998
3,131,1209,0.117056
3,131,1209,0.121270
3,131,1209,0.121717
3,131,1209,0.119349
3,132,1210,0.114512
3,132,1210,0.113358
3,132,1210,0.117514
3,132,1210,0.117552
3,132,1210,0.116760
3,132,1210,0.116070
3,133,1211,0.117170
3,133,1211,0.117588
3,133,1211,0.118539
3,133,1211,0.115242
3,133,1211,0.116075
3,133,1211,0.115331
3,134,1212,0.118850
3,134,1212,0.117313
3,134,1212,0.120460
3,134,1212,0.115584
3,134,1212,0.117207
3,134,1212,0.115785
3,135,1213,0.118574
3,135,1213,0.121866
3,135,1213,0.122369
3,135,1213,0.114944
3,135,1213,0.113566
3,135,1213,0.113667
3,136,1214,0.119624
3,136,1214,0.117234
3,136,1214,0.114378
3,136,1214,0.119338
3,136,1214,0.120006
3,136,1214,0.113056
3,137,1215,0.120385
3,137,1215,0.113691
3,137,1215,0.118942
3,137,1215,0.112923
3,137,1215,0.115004
3,137,1215,0.116648
3,138,1216,0.118240
3,138,1216,0.118242
3,138,1216,0.114951
3,138,1216,0.115333
3,138,1216,0.117602
3,138,1216,0.112128
3,139,1217,0.114318
3,139,1217,0.123281
3,139,1217,0.116705
3,139,1217,0.117875
3,139,1217,0.115691
3,139,1217,0.116729
3,140,1218,0.121812
3,140,1218,0.117564
3,140,1218,0.116986
3,140,1218,0.119175
3,140,1218,0.115220
3,140,1218,0.117140
3,141,1219,0.122307
3,141,1219,0.115996
3,141,1219,0.121044
3,141,1219,0.116319
3,141,1219,0.114672
3,141,1219,0.114901
3,142,1220,0.115180
3,142,1220,0.119353
3,142,1220,0.118149
3,142,1220,0.117324
3,142,1220,0.112435
3,142,1220,0.116413
3,143,1221,0.119109
3,143,1221,0.120601
3,143,1221,0.120603
3,143,1221,0.119801
3,143,1221,0.117778
3,143,1221,0.114566
3,144,1222,0.118129
3,144,1222,0.117281
3,144,1222,0.116687
3,144,1222,0.119028
3,144,1222,0.118273
3,144,1222,0.113458
3,145,1223,0.121216
3,145,1223,0.113961
3,145,1223,0.116847
3,145,1223,0.116427
3,145,1223,0.124020
3,145,1223,0.117770
3,146,1224,0.119706
3,146,1224,0.116245
3,146,1224,0.120350
3,146,1224,0.117611
3,146,1224,0.116661
3,146,1224,0.115417
3,147,1225,0.115960
3,147,1225,0.120908
3,147,1225,0.116087
3,147,1225,0.121762
3,147,1225,0.119806
3,147,1225,0.116211
3,148,1226,0.115626
3,148,1226,0.118515
3,148,1226,0.120126
3,148,1226,0.119707
3,148,1226,0.117020
3,148,1226,0.115979
3,149,1227,0.114080
3,149,1227,0.114352
3,149,1227,0.115574
3,149,1227,0.118101
3,149,1227,0.121714
3,149,1227,0.116534
3,150,1228,0.118913
3,150,1228,0.116981
3,150,1228,0.116261
3,150,1228,0.118272
3,150,1228,0.116475
3,150,1228,0.122875
3,151,1229,0.115374
3,151,1229,0.117308
3,151,1229,0.120746
3,151,1229,0.120311
3,151,1229,0.119392
3,151,1229,0.115906
3,152,1230,0.117486
3,152,1230,0.115469
3,152,1230,0.116494
3,152,1230,0.116382
3,152,1230,0.116722
3,152,1230,0.114448
3,153,1231,0.115659
3,153,1231,0.117752
3,153,1231,0.115812
3,153,1231,0.117250
3,153,1231,0.117367
3,153,1231,0.123251
3,154,1232,0.115620
3,154,1232,0.116192
3,154,1232,0.122056
3,154,1232,0.122266
3,154,1232,0.120692
3,154,1232,0.111278
3,155,1233,0.113336
3,155,1233,0.114318
3,155,1233,0.119913
3,155,1233,0.115216
3,155,1233,0.117809
3,155,1233,0.116045
3,156,1234,0.114552
3,156,1234,0.116773
3,156,1234,0.126683
3,156,1234,0.115098
3,156,1234,0.114061
3,156,1234,0.115657
3,157,1235,0.116139
3,157,1235,0.114140
3,157,1235,0.117476
3,157,1235,0.115445
3,157,1235,0.114526
3,157,1235,0.112927
3,158,1236,0.114588
3,158,1236,0.116690
3,158,1236,0.112442
3,158,1236,0.113964
3,158,1236,0.114042
3,158,1236,0.120292
3,159,1237,0.115655
3,159,1237,0.116021
3,159,1237,0.116238
3,159,1237,0.116635
3,159,1237,0.115175
3,159,1237,0.119112
3,160,1238,0.114867
3,160,1238,0.118885
3,160,1238,0.117528
3,160,1238,0.118124
3,160,1238,0.116513
3,160,1238,0.114082
3,161,1239,0.116134
3,161,1239,0.113113
3,161,1239,0.113719
3,161,1239,0.121679
3,161,1239,0.115566
3,161,1239,0.115476
3,162,1240,0.119977
3,162,1240,0.115154
3,162,1240,0.117195
3,162,1240,0.117592
3,162,1240,0.112399
3,162,1240,0.113670
3,163,1241,0.115974
3,163,1241,0.115611
3,163,1241,0.116870
3,163,1241,0.117122
3,163,1241,0.114614
3,163,1241,0.120799
3,164,1242,0.119275
3,164,1242,0.119086
3,164,1242,0.118148
3,164,1242,0.113472
3,164,1242,0.115674
3,164,1242,0.118075
3,165,1243,0.112858
3,165,1243,0.114400
3,165,1243,0.119533
3,165,1243,0.115494
3,165,1243,0.114671
3,165,1243,0.112047
3,166,1244,0.114476
3,166,1244,0.117271
3,166,1244,0.115514
3,166,1244,0.115694
3,166,1244,0.114900
3,166,1244,0.119139
3,167,1245,0.114123
3,167,1245,0.116107
3,167,1245,0.113014
3,167,1245,0.116448
3,167,1245,0.117422
3,167,1245,0.116679
3,168,1246,0.114212
3,168,1246,0.113439
3,168,1246,0.116921
3,168,1246,0.117234
3,168,1246,0.113874
3,168,1246,0.117506
3,169,1247,0.119781
3,169,1247,0.114169
3,169,1247,0.113941
3,169,1247,0.117959
3,169,1247,0.118899
3,169,1247,0.119989
3,170,1248,0.116709
3,170,1248,0.115406
3,170,1248,0.114055
3,170,1248,0.125614
3,170,1248,0.115246
3,170,1248,0.117861
3,171,1249,0.115089
3,171,1249,0.114685
3,171,1249,0.121083
3,171,1249,0.122198
3,171,1249,0.119196
3,171,1249,0.114497
3,172,1250,0.115886
3,172,1250,0.115284
3,172,1250,0.115840
3,172,1250,0.116997
3,172,1250,0.119857
3,172,1250,0.113951
3,173,1251,0.118302
3,173,1251,0.113334
3,173,1251,0.116284
3,173,1251,0.119177
3,173,1251,0.118128
3,173,1251,0.112637
3,174,1252,0.118037
3,174,1252,0.117354
3,174,1252,0.116954
3,174,1252,0.115884
3,174,1252,0.115583
3,174,1252,0.115355
3,175,1253,0.115333
3,175,1253,0.118631
3,175,1253,0.116004
3,175,1253,0.113928
3,175,1253,0.113555
3,175,1253,0.119160
3,176,1254,0.113192
3,176,1254,0.116687
3,176,1254,0.119963
3,176,1254,0.117415
3,176,1254,0.114671
3,176,1254,0.121061
3,177,1255,0.114273
3,177,1255,0.115460
3,177,1255,0.119215
3,177,1255,0.113971
3,177,1255,0.115026
3,177,1255,0.117944
3,178,1256,0.116627
3,178,1256,0.115371
3,178,1256,0.121285
3,178,1256,0.115142
3,178,1256,0.116934
3,178,1256,0.117344
3,179,1257,0.117747
3,179,1257,0.116714
3,179,1257,0.115544
3,179,1257,0.120270
3,179,1257,0.116506
3,179,1257,0.118176
3,180,1258,0.119144
3,180,1258,0.117994
3,180,1258,0.116093
3,180,1258,0.120594
3,180,1258,0.116242
3,180,1258,0.114646
3,181,1259,0.118100
3,181,1259,0.117771
3,181,1259,0.116492
3,181,1259,0.115513
3,181,1259,0.116894
3,181,1259,0.120188
3,182,1260,0.116591
3,182,1260,0.118064
3,182,1260,0.121089
3,182,1260,0.116168
3,182,1260,0.123423
3,182,1260,0.115027
3,183,1261,0.118747
3,183,1261,0.117857
3,183,1261,0.117421
3,183,1261,0.117784
3,183,1261,0.118553
3,183,1261,0.119042
3,184,1262,0.116170
3,184,1262,0.115444
3,184,1262,0.115335
3,184,1262,0.114103
3,184,1262,0.119682
3,184,1262,0.119778
3,185,1263,0.116495
3,185,1263,0.113435
3,185,1263,0.116829
3,185,1263,0.114576
3,185,1263,0.120778
3,185,1263,0.115934
3,186,1264,0.119948
3,186,1264,0.117526
3,186,1264,0.117506
3,186,1264,0.115477
3,186,1264,0.117885
3,186,1264,0.116590
3,187,1265,0.118801
3,187,1265,0.118863
3,187,1265,0.113817
3,187,1265,0.115782
3,187,1265,0.114667
3,187,1265,0.112323
3,188,1266,0.115995
3,188,1266,0.116763
3,188,1266,0.116439
3,188,1266,0.116999
3,188,1266,0.119022
3,188,1266,0.118966
3,189,1267,0.115600
3,189,1267,0.112789
3,189,1267,0.114399
3,189,1267,0.121593
3,189,1267,0.119662
3,189,1267,0.115131
3,190,1268,0.117029
3,190,1268,0.117398
3,190,1268,0.116768
3,190,1268,0.119173
3,190,1268,0.116138
3,190,1268,0.114795
3,191,1269,0.119621
3,191,1269,0.116117
3,191,1269,0.114054
3,191,1269,0.111445
3,191,1269,0.117513
3,191,1269,0.118797
3,192,1270,0.111865
3,192,1270,0.115968
3,192,1270,0.117122
3,192,1270,0.115103
3,192,1270,0.121614
3,192,1270,0.117945
3,193,1271,0.115200
3,193,1271,0.114557
3,193,1271,0.114482
3,193,1271,0.116115
3,193,1271,0.114935
3,193,1271,0.113536
3,194,1272,0.117045
3,194,1272,0.114215
3,194,1272,0.117059
3,194,1272,0.117435
3,194,1272,0.116097
3,194,1272,0.116461
3,195,1273,0.112350
3,195,1273,0.116010
3,195,1273,0.117150
3,195,1273,0.113555
3,195,1273,0.116398
3,195,1273,0.117579
3,196,1274,0.115946
3,196,1274,0.114428
3,196,1274,0.112136
3,196,1274,0.118779
3,196,1274,0.113043
3,196,1274,0.115534
3,197,1275,0.117959
3,197,1275,0.115262
3,197,1275,0.116342
3,197,1275,0.118541
3,197,1275,0.117521
3,197,1275,0.120350
3,198,1276,0.120867
3,198,1276,0.117127
3,198,1276,0.122631
3,198,1276,0.117892
3,198,1276,0.116405
3,198,1276,0.115341
3,199,1277,0.117959
3,199,1277,0.115115
3,199,1277,0.117705
3,199,1277,0.124023
3,199,1277,0.116059
3,199,1277,0.117388
3,200,1278,0.119286
3,200,1278,0.113809
3,200,1278,0.116743
3,200,1278,0.113689
3,200,1278,0.117707
3,200,1278,0.116797
3,201,1279,0.116740
3,201,1279,0.113977
3,201,1279,0.119216
3,201,1279,0.115044
3,201,1279,0.117136
3,201,1279,0.119514
3,202,1280,0.119298
3,202,1280,0.121807
3,202,1280,0.116260
3,202,1280,0.116916
3,202,1280,0.118487
3,202,1280,0.116399
3,203,1281,0.115940
3,203,1281,0.122798
3,203,1281,0.114799
3,203,1281,0.116767
3,203,1281,0.111173
3,203,1281,0.116119
3,204,1282,0.115111
3,204,1282,0.113467
3,204,1282,0.112905
3,204,1282,0.116290
3,204,1282,0.115562
3,204,1282,0.118733
3,205,1283,0.113481
3,205,1283,0.120050
3,205,1283,0.115460
3,205,1283,0.117268
3,205,1283,0.117845
3,205,1283,0.115085
3,206,1284,0.117045
3,206,1284,0.116835
3,206,1284,0.113089
3,206,1284,0.116518
3,206,1284,0.115420
3,206,1284,0.116141
3,207,1285,0.116756
3,207,1285,0.114609
3,207,1285,0.116454
3,207,1285,0.117803
3,207,1285,0.117194
3,207,1285,0.117775
3,208,1286,0.115248
3,208,1286,0.115811
3,208,1286,0.118505
3,208,1286,0.116320
3,208,1286,0.118843
3,208,1286,0.115190
3,209,1287,0.114753
3,209,1287,0.119381
3,209,1287,0.113342
3,209,1287,0.121585
3,209,1287,0.119697
3,209,1287,0.120256
3,210,1288,0.113770
3,210,1288,0.115315
3,210,1288,0.117294
3,210,1288,0.118132
3,210,1288,0.125194
3,210,1288,0.119722
3,211,1289,0.113101
3,211,1289,0.117243
3,211,1289,0.119229
3,211,1289,0.116882
3,211,1289,0.117447
3,211,1289,0.115549
3,212,1290,0.124053
3,212,1290,0.115298
3,212,1290,0.120354
3,212,1290,0.115353
3,212,1290,0.116238
3,212,1290,0.118738
3,213,1291,0.116809
3,213,1291,0.116562
3,213,1291,0.116059
3,213,1291,0.115687
3,213,1291,0.115812
3,213,1291,0.115240
3,214,1292,0.114380
3,214,1292,0.118254
3,214,1292,0.117895
3,214,1292,0.117065
3,214,1292,0.119669
3,214,1292,0.119969
3,215,1293,0.118169
3,215,1293,0.117621
3,215,1293,0.116053
3,215,1293,0.117016
3,215,1293,0.116673
3,215,1293,0.121405
3,216,1294,0.115863
3,216,1294,0.116675
3,216,1294,0.118871
3,216,1294,0.114865
3,216,1294,0.116281
3,216,1294,0.115182
3,217,1295,0.114816
3,217,1295,0.113162
3,217,1295,0.114938
3,217,1295,0.114763
3,217,1295,0.114722
3,217,1295,0.116030
3,218,1296,0.114116
3,218,1296,0.113942
3,218,1296,0.119026
3,218,1296,0.115556
3,218,1296,0.113376
3,218,1296,0.116238
3,219,1297,0.114390
3,219,1297,0.116806
3,219,1297,0.116665
3,219,1297,0.121073
3,219,1297,0.118931
3,219,1297,0.113622
3,220,1298,0.114012
3,220,1298,0.118820
3,220,1298,0.115177
3,220,1298,0.123031
3,220,1298,0.113441
3,220,1298,0.117607
3,221,1299,0.114403
3,221,1299,0.113735
3,221,1299,0.116905
3,221,1299,0.114029
3,221,1299,0.118763
3,221,1299,0.115823
3,222,1300,0.118583
3,222,1300,0.114962
3,222,1300,0.114527
3,222,1300,0.122593
3,222,1300,0.116918
3,222,1300,0.117726
3,223,1301,0.111672
3,223,1301,0.119264
3,223,1301,0.123581
3,223,1301,0.116812
3,223,1301,0.117969
3,223,1301,0.115479
3,224,1302,0.114754
3,224,1302,0.118570
3,224,1302,0.117047
3,224,1302,0.114974
3,224,1302,0.113828
3,224,1302,0.117764
3,225,1303,0.117386
3,225,1303,0.121569
3,225,1303,0.113682
3,225,1303,0.116341
3,225,1303,0.113079
3,225,1303,0.116724
3,226,1304,0.116167
3,226,1304,0.116304
3,226,1304,0.111409
3,226,1304,0.117324
3,226,1304,0.115008
3,226,1304,0.117166
3,227,1305,0.112512
3,227,1305,0.118991
3,227,1305,0.114183
3,227,1305,0.118552
3,227,1305,0.117638
3,227,1305,0.115443
3,228,1306,0.116909
3,228,1306,0.114351
3,228,1306,0.114777
3,228,1306,0.122598
3,228,1306,0.118405
3,228,1306,0.116371
3,229,1307,0.114786
3,229,1307,0.113414
3,229,1307,0.118396
3,229,1307,0.116274
3,229,1307,0.117277
3,229,1307,0.117821
3,230,1308,0.118968
3,230,1308,0.111437
3,230,1308,0.118568
3,230,1308,0.111426
3,230,1308,0.115673
3,230,1308,0.114598
3,231,1309,0.118582
3,231,1309,0.115314
3,231,1309,0.118670
3,231,1309,0.113433
3,231,1309,0.118912
3,231,1309,0.120112
3,232,1310,0.118112
3,232,1310,0.112855
3,232,1310,0.113234
3,232,1310,0.114507
3,232,1310,0.117897
3,232,1310,0.116220
3,233,1311,0.114492
3,233,1311,0.118484
3,233,1311,0.116068
3,233,1311,0.120209
3,233,1311,0.117453
3,233,1311,0.115810
3,234,1312,0.116690
3,234,1312,0.119122
3,234,1312,0.114055
3,234,1312,0.113955
3,234,1312,0.115384
3,234,1312,0.116035
3,235,1313,0.118673
3,235,1313,0.116101
3,235,1313,0.113446
3,235,1313,0.114438
3,235,1313,0.115799
3,235,1313,0.116731
3,236,1314,0.115695
3,236,1314,0.115307
3,236,1314,0.113889
3,236,1314,0.117091
3,236,1314,0.119346
3,236,1314,0.119352
3,237,1315,0.115495
3,237,1315,0.114743
3,237,1315,0.118091
3,237,1315,0.115459
3,237,1315,0.116916
3,237,1315,0.116539
3,238,1316,0.114623
3,238,1316,0.116506
3,238,1316,0.119502
3,238,1316,0.117436
3,238,1316,0.117501
3,238,1316,0.113178
3,239,1317,0.114181
3,239,1317,0.114610
3,239,1317,0.115424
3,239,1317,0.114848
3,239,1317,0.116097
3,239,1317,0.115820
3,240,1318,0.115929
3,240,1318,0.113513
3,240,1318,0.118223
3,240,1318,0.116288
3,240,1318,0.115811
3,240,1318,0.117949
3,241,1319,0.112701
3,241,1319,0.112184
3,241,1319,0.117302
3,241,1319,0.116690
3,241,1319,0.115135
3,241,1319,0.118237
3,242,1320,0.114531
3,242,1320,0.120254
3,242,1320,0.116511
3,242,1320,0.116863
3,242,1320,0.113490
3,242,1320,0.114344
3,243,1321,0.118451
3,243,1321,0.120080
3,243,1321,0.117623
3,243,1321,0.119343
3,243,1321,0.121158
3,243,1321,0.113174
3,244,1322,0.121355
3,244,1322,0.119201
3,244,1322,0.119274
3,244,1322,0.115846
3,244,1322,0.114940
3,244,1322,0.120523
3,245,1323,0.113454
3,245,1323,0.119486
3,245,1323,0.120176
3,245,1323,0.115082
3,245,1323,0.111965
3,245,1323,0.116672
3,246,1324,0.115486
3,246,1324,0.116472
3,246,1324,0.114522
3,246,1324,0.114470
3,246,1324,0.114792
3,246,1324,0.116889
3,247,1325,0.113951
3,247,1325,0.115891
3,247,1325,0.113376
3,247,1325,0.115248
3,247,1325,0.115641
3,247,1325,0.115093
3,248,1326,0.118628
3,248,1326,0.118782
3,248,1326,0.112746
3,248,1326,0.114547
3,248,1326,0.118052
3,248,1326,0.117550
3,249,1327,0.114496
3,249,1327,0.116089
3,249,1327,0.117150
3,249,1327,0.115021
3,249,1327,0.118622
3,249,1327,0.114526
3,250,1328,0.117408
3,250,1328,0.122777
3,250,1328,0.124892
3,250,1328,0.113763
3,250,1328,0.118507
3,250,1328,0.115489
3,251,1329,0.113612
3,251,1329,0.117509
3,251,1329,0.117764
3,251,1329,0.120600
3,251,1329,0.119115
3,251,1329,0.114760
3,252,1330,0.113318
3,252,1330,0.117941
3,252,1330,0.114977
3,252,1330,0.115947
3,252,1330,0.120343
3,252,1330,0.121030
3,253,1331,0.112929
3,253,1331,0.117535
3,253,1331,0.116976
3,253,1331,0.117788
3,253,1331,0.115580
3,253,1331,0.119598
3,254,1332,0.118511
3,254,1332,0.115390
3,254,1332,0.117112
3,254,1332,0.115582
3,254,1332,0.118030
3,254,1332,0.118106
3,255,1333,0.114655
3,255,1333,0.115678
3,255,1333,0.116762
3,255,1333,0.117095
3,255,1333,0.113166
3,255,1333,0.117739
3,256,1334,0.115968
3,256,1334,0.117845
3,256,1334,0.114418
3,256,1334,0.118078
3,256,1334,0.116144
3,256,1334,0.118066
3,257,1335,0.113748
3,257,1335,0.117293
3,257,1335,0.114420
3,257,1335,0.113355
3,257,1335,0.113312
3,257,1335,0.116303
3,258,1336,0.115734
3,258,1336,0.118589
3,258,1336,0.117348
3,258,1336,0.117617
3,258,1336,0.112895
3,258,1336,0.118366
3,259,1337,0.117850
3,259,1337,0.111724
3,259,1337,0.113369
3,259,1337,0.116319
3,259,1337,0.115391
3,259,1337,0.116218
3,260,1338,0.115483
3,260,1338,0.115589
3,260,1338,0.116930
3,260,1338,0.117248
3,260,1338,0.114336
3,260,1338,0.121993
3,261,1339,0.113300
3,261,1339,0.119692
3,261,1339,0.116244
3,261,1339,0.114093
3,261,1339,0.118343
3,261,1339,0.120040
3,262,1340,0.118228
3,262,1340,0.117610
3,262,1340,0.114221
3,262,1340,0.116354
3,262,1340,0.113696
3,262,1340,0.113404
3,263,1341,0.121027
3,263,1341,0.119055
3,263,1341,0.114500
3,263,1341,0.118551
3,263,1341,0.111948
3,263,1341,0.112078
3,264,1342,0.117555
3,264,1342,0.118428
3,264,1342,0.115095
3,264,1342,0.118533
3,264,1342,0.113584
3,264,1342,0.119402
3,265,1343,0.114876
3,265,1343,0.115021
3,265,1343,0.121151
3,265,1343,0.123405
3,265,1343,0.117492
3,265,1343,0.116943
3,266,1344,0.114231
3,266,1344,0.114470
3,266,1344,0.113032
3,266,1344,0.115074
3,266,1344,0.115316
3,266,1344,0.117437
3,267,1345,0.118550
3,267,1345,0.113547
3,267,1345,0.117993
3,267,1345,0.116147
3,267,1345,0.125469
3,267,1345,0.117605
3,268,1346,0.118049
3,268,1346,0.119617
3,268,1346,0.113050
3,268,1346,0.117118
3,268,1346,0.118268
3,268,1346,0.117360
3,269,1347,0.113301
3,269,1347,0.115242
3,269,1347,0.117082
3,269,1347,0.115726
3,269,1347,0.114721
3,269,1347,0.115171
3,270,1348,0.119686
3,270,1348,0.112731
3,270,1348,0.123594
3,270,1348,0.115192
3,270,1348,0.115111
3,270,1348,0.118188
3,271,1349,0.118273
3,271,1349,0.119087
3,271,1349,0.114752
3,271,1349,0.113978
3,271,1349,0.115802
3,271,1349,0.116904
3,272,1350,0.114647
3,272,1350,0.118590
3,272,1350,0.117241
3,272,1350,0.117282
3,272,1350,0.114777
3,272,1350,0.117901
3,273,1351,0.115762
3,273,1351,0.116457
3,273,1351,0.112571
3,273,1351,0.114539
3,273,1351,0.117218
3,273,1351,0.116041
3,274,1352,0.115806
3,274,1352,0.118792
3,274,1352,0.120361
3,274,1352,0.113359
3,274,1352,0.116191
3,274,1352,0.119634
3,275,1353,0.115135
3,275,1353,0.118607
3,275,1353,0.115612
3,275,1353,0.121955
3,275,1353,0.116387
3,275,1353,0.115681
3,276,1354,0.113679
3,276,1354,0.119989
3,276,1354,0.115822
3,276,1354,0.116423
3,276,1354,0.121350
3,276,1354,0.116053
3,277,1355,0.118257
3,277,1355,0.114881
3,277,1355,0.119074
3,277,1355,0.119484
3,277,1355,0.114675
3,277,1355,0.116136
3,278,1356,0.114544
3,278,1356,0.117880
3,278,1356,0.117161
3,278,1356,0.112982
3,278,1356,0.121244
3,278,1356,0.120846
3,279,1357,0.117149
3,279,1357,0.117587
3,279,1357,0.116620
3,279,1357,0.115427
3,279,1357,0.122209
3,279,1357,0.116842
3,280,1358,0.114984
3,280,1358,0.118669
3,280,1358,0.115956
3,280,1358,0.115725
3,280,1358,0.115778
3,280,1358,0.113801
3,281,1359,0.117138
3,281,1359,0.122644
3,281,1359,0.114210
3,281,1359,0.113769
3,281,1359,0.118626
3,281,1359,0.115680
3,282,1360,0.120301
3,282,1360,0.122538
3,282,1360,0.115005
3,282,1360,0.112501
3,282,1360,0.118340
3,282,1360,0.115178
3,283,1361,0.115000
3,283,1361,0.117854
3,283,1361,0.115570
3,283,1361,0.114590
3,283,1361,0.117255
3,283,1361,0.115051
3,284,1362,0.112909
3,284,1362,0.119222
3,284,1362,0.114862
3,284,1362,0.117688
3,284,1362,0.115814
3,284,1362,0.113385
3,285,1363,0.117637
3,285,1363,0.114621
3,285,1363,0.116809
3,285,1363,0.114211
3,285,1363,0.113972
3,285,1363,0.120130
3,286,1364,0.116589
3,286,1364,0.112917
3,286,1364,0.118502
3,286,1364,0.116714
3,286,1364,0.113732
3,286,1364,0.117662
3,287,1365,0.118798
3,287,1365,0.116452
3,287,1365,0.116939
3,287,1365,0.115241
3,287,1365,0.118199
3,287,1365,0.114363
3,288,1366,0.115747
3,288,1366,0.117977
3,288,1366,0.116265
3,288,1366,0.115839
3,288,1366,0.114905
3,288,1366,0.117551
3,289,1367,0.116389
3,289,1367,0.116704
3,289,1367,0.116454
3,289,1367,0.116565
3,289,1367,0.121435
3,289,1367,0.115725
3,290,1368,0.118011
3,290,1368,0.117381
3,290,1368,0.121941
3,290,1368,0.117261
3,290,1368,0.116763
3,290,1368,0.113632
3,291,1369,0.116510
3,291,1369,0.118627
3,291,1369,0.119421
3,291,1369,0.119922
3,291,1369,0.117775
3,291,1369,0.117424
3,292,1370,0.120638
3,292,1370,0.119861
3,292,1370,0.114056
3,292,1370,0.119428
3,292,1370,0.114784
3,292,1370,0.116709
3,293,1371,0.114507
3,293,1371,0.116689
3,293,1371,0.114923
3,293,1371,0.116158
3,293,1371,0.118969
3,293,1371,0.119098
3,294,1372,0.121922
3,294,1372,0.113636
3,294,1372,0.115642
3,294,1372,0.113829
3,294,1372,0.116644
3,294,1372,0.118732
3,295,1373,0.116212
3,295,1373,0.116160
3,295,1373,0.117808
3,295,1373,0.117703
3,295,1373,0.117130
3,295,1373,0.121867
3,296,1374,0.111907
3,296,1374,0.114013
3,296,1374,0.115008
3,296,1374,0.118455
3,296,1374,0.113905
3,296,1374,0.117474
3,297,1375,0.118713
3,297,1375,0.115342
3,297,1375,0.118892
3,297,1375,0.114835
3,297,1375,0.117212
3,297,1375,0.112160
3,298,1376,0.115128
3,298,1376,0.115069
3,298,1376,0.116672
3,298,1376,0.119793
3,298,1376,0.113793
3,298,1376,0.116792
3,299,1377,0.114112
3,299,1377,0.119749
3,299,1377,0.115852
3,299,1377,0.114692
3,299,1377,0.116112
3,299,1377,0.117315
3,300,1378,0.118202
3,300,1378,0.117233
3,300,1378,0.115371
3,300,1378,0.114581
3,300,1378,0.116613
3,300,1378,0.111976
3,301,1379,0.116647
3,301,1379,0.115755
3,301,1379,0.115189
3,301,1379,0.115724
3,301,1379,0.112183
3,301,1379,0.114824
3,302,1380,0.115747
3,302,1380,0.116237
3,302,1380,0.118146
3,302,1380,0.115146
3,302,1380,0.115862
3,302,1380,0.114542
3,303,1381,0.117531
3,303,1381,0.116644
3,303,1381,0.113412
3,303,1381,0.114858
3,303,1381,0.114892
3,303,1381,0.115491
3,304,1382,0.115659
3,304,1382,0.120161
3,304,1382,0.114027
3,304,1382,0.112537
3,304,1382,0.117501
3,304,1382,0.118584
3,305,1383,0.122210
3,305,1383,0.114372
3,305,1383,0.120368
3,305,1383,0.114575
3,305,1383,0.118741
3,305,1383,0.115878
3,306,1384,0.119214
3,306,1384,0.115699
3,306,1384,0.117474
3,306,1384,0.115856
3,306,1384,0.112172
3,306,1384,0.118959
3,307,1385,0.116419
3,307,1385,0.114393
3,307,1385,0.116516
3,307,1385,0.117029
3,307,1385,0.120044
3,307,1385,0.119875
3,308,1386,0.115111
3,308,1386,0.116055
3,308,1386,0.116292
3,308,1386,0.122007
3,308,1386,0.112964
3,308,1386,0.115267
3,309,1387,0.117315
3,309,1387,0.113031
3,309,1387,0.116765
3,309,1387,0.117691
3,309,1387,0.116977
3,309,1387,0.113315
3,310,1388,0.116687
3,310,1388,0.115039
3,310,1388,0.117222
3,310,1388,0.114857
3,310,1388,0.113514
3,310,1388,0.113847
3,311,1389,0.117173
3,311,1389,0.117621
3,311,1389,0.116454
3,311,1389,0.119710
3,311,1389,0.122617
3,311,1389,0.113189
3,312,1390,0.116531
3,312,1390,0.113931
3,312,1390,0.115830
3,312,1390,0.119876
3,312,1390,0.115278
3,312,1390,0.115756
3,313,1391,0.115393
3,313,1391,0.116711
3,313,1391,0.114816
3,313,1391,0.116863
3,313,1391,0.117611
3,313,1391,0.117482
3,314,1392,0.113898
3,314,1392,0.113194
3,314,1392,0.119544
3,314,1392,0.117028
3,314,1392,0.118919
3,314,1392,0.115689
3,315,1393,0.117208
3,315,1393,0.113650
3,315,1393,0.121385
3,315,1393,0.116643
3,315,1393,0.113631
3,315,1393,0.116099
3,316,1394,0.117748
3,316,1394,0.116901
3,316,1394,0.118977
3,316,1394,0.116652
3,316,1394,0.118462
3,316,1394,0.115573
3,317,1395,0.115728
3,317,1395,0.116484
3,317,1395,0.123361
3,317,1395,0.113798
3,317,1395,0.117060
3,317,1395,0.114287
3,318,1396,0.116437
3,318,1396,0.112935
3,318,1396,0.113966
3,318,1396,0.112549
3,318,1396,0.118653
3,318,1396,0.115605
3,319,1397,0.116849
3,319,1397,0.117868
3,319,1397,0.116327
3,319,1397,0.115655
3,319,1397,0.116201
3,319,1397,0.124209
3,320,1398,0.113788
3,320,1398,0.111432
3,320,1398,0.117944
3,320,1398,0.120476
3,320,1398,0.112907
3,320,1398,0.114327
3,321,1399,0.115420
3,321,1399,0.117167
3,321,1399,0.114382
3,321,1399,0.112347
3,321,1399,0.117558
3,321,1399,0.118188
3,322,1400,0.115616
3,322,1400,0.114406
3,322,1400,0.116878
3,322,1400,0.120988
3,322,1400,0.114559
3,322,1400,0.119478
3,323,1401,0.121854
3,323,1401,0.118103
3,323,1401,0.117637
3,323,1401,0.116583
3,323,1401,0.114260
3,323,1401,0.116068
3,324,1402,0.116250
3,324,1402,0.117206
3,324,1402,0.113420
3,324,1402,0.113618
3,324,1402,0.116188
3,324,1402,0.116133
3,325,1403,0.114795
3,325,1403,0.118886
3,325,1403,0.116734
3,325,1403,0.118093
3,325,1403,0.113957
3,325,1403,0.114916
3,326,1404,0.115553
3,326,1404,0.118012
3,326,1404,0.123825
3,326,1404,0.114541
3,326,1404,0.113025
3,326,1404,0.117154
3,327,1405,0.114346
3,327,1405,0.117162
3,327,1405,0.115754
3,327,1405,0.116273
3,327,1405,0.117512
3,327,1405,0.113282
3,328,1406,0.115847
3,328,1406,0.117832
3,328,1406,0.115713
3,328,1406,0.112686
3,328,1406,0.115171
3,328,1406,0.119203
3,329,1407,0.112599
3,329,1407,0.111675
3,329,1407,0.115911
3,329,1407,0.117335
3,329,1407,0.118703
3,329,1407,0.112494
3,330,1408,0.116901
3,330,1408,0.111642
3,330,1408,0.115924
3,330,1408,0.116139
3,330,1408,0.118509
3,330,1408,0.115237
3,331,1409,0.114790
3,331,1409,0.119358
3,331,1409,0.115900
3,331,1409,0.114083
3,331,1409,0.115827
3,331,1409,0.114492
3,332,1410,0.116415
3,332,1410,0.112933
3,332,1410,0.113512
3,332,1410,0.112342
3,332,1410,0.118231
3,332,1410,0.114475
3,333,1411,0.116958
3,333,1411,0.116762
3,333,1411,0.115516
3,333,1411,0.114822
3,333,1411,0.113936
3,333,1411,0.114058
3,334,1412,0.113331
3,334,1412,0.114586
3,334,1412,0.114784
3,334,1412,0.114726
3,334,1412,0.116299
3,334,1412,0.116154
3,335,1413,0.118275
3,335,1413,0.116971
3,335,1413,0.115059
3,335,1413,0.119020
3,335,1413,0.116193
3,335,1413,0.116341
3,336,1414,0.116144
3,336,1414,0.115286
3,336,1414,0.115203
3,336,1414,0.116286
3,336,1414,0.116379
3,336,1414,0.112407
3,337,1415,0.116139
3,337,1415,0.119391
3,337,1415,0.113423
3,337,1415,0.115593
3,337,1415,0.113403
3,337,1415,0.114431
3,338,1416,0.118167
3,338,1416,0.118448
3,338,1416,0.117961
3,338,1416,0.122947
3,338,1416,0.117643
3,338,1416,0.116059
3,339,1417,0.118097
3,339,1417,0.117472
3,339,1417,0.115533
3,339,1417,0.115953
3,339,1417,0.121731
3,339,1417,0.115923
3,340,1418,0.117743
3,340,1418,0.117944
3,340,1418,0.117482
3,340,1418,0.115345
3,340,1418,0.121169
3,340,1418,0.120150
3,341,1419,0.116181
3,341,1419,0.115478
3,341,1419,0.115251
3,341,1419,0.116233
3,341,1419,0.115701
3,341,1419,0.120520
3,342,1420,0.119519
3,342,1420,0.114887
3,342,1420,0.117444
3,342,1420,0.119344
3,342,1420,0.119340
3,342,1420,0.115731
3,343,1421,0.116794
3,343,1421,0.115433
3,343,1421,0.115881
3,343,1421,0.113058
3,343,1421,0.115414
3,343,1421,0.114544
3,344,1422,0.118804
3,344,1422,0.112613
3,344,1422,0.116109
3,344,1422,0.115053
3,344,1422,0.116192
3,344,1422,0.116152
3,345,1423,0.114405
3,345,1423,0.112242
3,345,1423,0.116251
3,345,1423,0.116519
3,345,1423,0.115507
3,345,1423,0.116389
3,346,1424,0.116187
3,346,1424,0.115840
3,346,1424,0.118686
3,346,1424,0.116710
3,346,1424,0.119125
3,346,1424,0.119947
3,347,1425,0.117756
3,347,1425,0.116311
3,347,1425,0.114671
3,347,1425,0.114226
3,347,1425,0.118895
3,347,1425,0.115657
3,348,1426,0.116347
3,348,1426,0.117722
3,348,1426,0.117394
3,348,1426,0.113584
3,348,1426,0.116592
3,348,1426,0.116980
3,349,1427,0.115318
3,349,1427,0.117633
3,349,1427,0.115916
3,349,1427,0.115365
3,349,1427,0.113846
3,349,1427,0.113777
3,350,1428,0.114525
3,350,1428,0.115820
3,350,1428,0.120669
3,350,1428,0.114364
3,350,1428,0.115851
3,350,1428,0.120472
3,351,1429,0.112116
3,351,1429,0.115416
3,351,1429,0.115155
3,351,1429,0.120527
3,351,1429,0.116050
3,351,1429,0.115990
3,352,1430,0.121949
3,352,1430,0.114398
3,352,1430,0.115827
3,352,1430,0.118064
3,352,1430,0.114271
3,352,1430,0.113656
3,353,1431,0.116428
3,353,1431,0.116511
3,353,1431,0.118186
3,353,1431,0.119054
3,353,1431,0.115712
3,353,1431,0.112590
3,354,1432,0.113685
3,354,1432,0.115208
3,354,1432,0.113849
3,354,1432,0.116851
3,354,1432,0.115125
3,354,1432,0.120107
3,355,1433,0.118458
3,355,1433,0.116787
3,355,1433,0.116049
3,355,1433,0.115572
3,355,1433,0.118528
3,355,1433,0.115054
3,356,1434,0.114824
3,356,1434,0.121570
3,356,1434,0.119272
3,356,1434,0.116019
3,356,1434,0.120221
3,356,1434,0.115268
3,357,1435,0.116876
3,357,1435,0.116072
3,357,1435,0.114734
3,357,1435,0.116953
3,357,1435,0.119020
3,357,1435,0.117019
3,358,1436,0.114552
3,358,1436,0.117077
3,358,1436,0.122419
3,358,1436,0.115073
3,358,1436,0.118409
3,358,1436,0.121603
3,359,1437,0.116504
3,359,1437,0.112196
3,359,1437,0.118848
3,359,1437,0.121368
3,359,1437,0.114439
3,359,1437,0.115592
3,360,1438,0.115253
3,360,1438,0.119822
3,360,1438,0.113482
3,360,1438,0.114131
3,360,1438,0.114805
3,360,1438,0.113347
3,361,1439,0.114480
3,361,1439,0.119778
3,361,1439,0.119738
3,361,1439,0.116381
3,361,1439,0.114560
3,361,1439,0.118044
3,362,1440,0.119644
3,362,1440,0.115007
3,362,1440,0.125530
3,362,1440,0.114732
3,362,1440,0.116645
3,362,1440,0.116110
3,363,1441,0.120410
3,363,1441,0.124452
3,363,1441,0.118318
3,363,1441,0.113080
3,363,1441,0.117088
3,363,1441,0.116389
3,364,1442,0.120547
3,364,1442,0.115986
3,364,1442,0.121108
3,364,1442,0.116988
3,364,1442,0.114158
3,364,1442,0.116588
3,365,1443,0.112735
3,365,1443,0.115563
3,365,1443,0.113644
3,365,1443,0.118284
3,365,1443,0.121592
3,365,1443,0.114932
3,366,1444,0.115469
3,366,1444,0.114514
3,366,1444,0.116965
3,366,1444,0.121525
3,366,1444,0.118702
3,366,1444,0.114199
3,367,1445,0.114172
3,367,1445,0.120065
3,367,1445,0.114948
3,367,1445,0.123774
3,367,1445,0.113488
3,367,1445,0.118071
3,368,1446,0.115055
3,368,1446,0.119743
3,368,1446,0.115891
3,368,1446,0.111999
3,368,1446,0.112870
3,368,1446,0.115518
3,369,1447,0.116852
3,369,1447,0.115011
3,369,1447,0.114772
3,369,1447,0.111734
3,369,1447,0.114804
3,369,1447,0.116130
3,370,1448,0.119349
3,370,1448,0.114336
3,370,1448,0.115430
3,370,1448,0.118112
3,370,1448,0.113785
3,370,1448,0.116021
3,371,1449,0.114142
3,371,1449,0.114205
3,371,1449,0.115925
3,371,1449,0.114590
3,371,1449,0.120613
3,371,1449,0.115979
3,372,1450,0.117465
3,372,1450,0.114509
3,372,1450,0.116117
3,372,1450,0.118350
3,372,1450,0.130182
3,372,1450,0.116085
3,373,1451,0.116614
3,373,1451,0.116658
3,373,1451,0.114064
3,373,1451,0.117992
3,373,1451,0.112347
3,373,1451,0.117544
3,374,1452,0.113661
3,374,1452,0.116461
3,374,1452,0.113650
3,374,1452,0.114841
3,374,1452,0.117942
3,374,1452,0.111270
3,375,1453,0.117456
3,375,1453,0.115120
3,375,1453,0.116740
3,375,1453,0.116618
3,375,1453,0.115293
3,375,1453,0.112253
3,376,1454,0.126030
3,376,1454,0.117104
3,376,1454,0.116452
3,376,1454,0.113134
3,376,1454,0.112904
3,376,1454,0.112447
3,377,1455,0.112348
3,377,1455,0.119736
3,377,1455,0.114040
3,377,1455,0.114744
3,377,1455,0.114750
3,377,1455,0.119971
3,378,1456,0.117756
3,378,1456,0.116673
3,378,1456,0.123178
3,378,1456,0.115081
3,378,1456,0.118052
3,378,1456,0.120546
3,379,1457,0.114125
3,379,1457,0.114356
3,379,1457,0.115529
3,379,1457,0.113366
3,379,1457,0.113269
3,379,1457,0.115890
3,380,1458,0.116482
3,380,1458,0.114025
3,380,1458,0.112766
3,380,1458,0.112262
3,380,1458,0.117404
3,380,1458,0.113170
3,381,1459,0.114029
3,381,1459,0.117008
3,381,1459,0.122915
3,381,1459,0.115013
3,381,1459,0.113123
3,381,1459,0.113874
3,382,1460,0.114291
3,382,1460,0.112045
3,382,1460,0.114867
3,382,1460,0.112957
3,382,1460,0.114912
3,382,1460,0.112891
3,383,1461,0.115128
3,383,1461,0.113696
3,383,1461,0.115259
3,383,1461,0.115927
3,383,1461,0.114757
3,383,1461,0.115292
3,384,1462,0.113807
3,384,1462,0.112560
3,384,1462,0.115256
3,384,1462,0.114773
3,384,1462,0.123245
3,384,1462,0.114930
3,385,1463,0.116364
3,385,1463,0.119846
3,385,1463,0.112572
3,385,1463,0.116010
3,385,1463,0.115516
3,385,1463,0.116404
3,386,1464,0.114230
3,386,1464,0.118401
3,386,1464,0.117340
3,386,1464,0.116136
3,386,1464,0.115402
3,386,1464,0.116501
3,387,1465,0.115418
3,387,1465,0.114300
3,387,1465,0.113149
3,387,1465,0.118058
3,387,1465,0.114737
3,387,1465,0.117161
3,388,1466,0.114122
3,388,1466,0.118110
3,388,1466,0.115751
3,388,1466,0.114200
3,388,1466,0.114882
3,388,1466,0.114455
3,389,1467,0.116894
3,389,1467,0.115513
3,389,1467,0.115452
3,389,1467,0.118330
3,389,1467,0.112605
3,389,1467,0.114671
3,390,1468,0.113869
3,390,1468,0.118817
3,390,1468,0.119601
3,390,1468,0.117298
3,390,1468,0.116268
3,390,1468,0.113509
3,391,1469,0.114714
3,391,1469,0.116726
3,391,1469,0.110478
3,391,1469,0.114482
3,391,1469,0.113967
3,391,1469,0.118029
3,392,1470,0.120233
3,392,1470,0.117165
3,392,1470,0.113923
3,392,1470,0.115662
3,392,1470,0.114850
3,392,1470,0.117459
3,393,1471,0.118389
3,393,1471,0.118533
3,393,1471,0.114745
3,393,1471,0.114543
3,393,1471,0.113208
3,393,1471,0.112536
3,394,1472,0.115955
3,394,1472,0.115174
3,394,1472,0.115268
3,394,1472,0.115868
3,394,1472,0.116996
3,394,1472,0.114390
3,395,1473,0.118721
3,395,1473,0.113652
3,395,1473,0.118790
3,395,1473,0.115934
3,395,1473,0.114773
3,395,1473,0.117229
3,396,1474,0.117079
3,396,1474,0.113676
3,396,1474,0.114995
3,396,1474,0.113843
3,396,1474,0.115463
3,396,1474,0.117929
3,397,1475,0.113919
3,397,1475,0.112234
3,397,1475,0.114229
3,397,1475,0.117234
3,397,1475,0.115086
3,397,1475,0.113953
3,398,1476,0.113856
3,398,1476,0.115242
3,398,1476,0.112536
3,398,1476,0.113845
3,398,1476,0.110953
3,398,1476,0.120007
3,399,1477,0.121082
3,399,1477,0.115099
3,399,1477,0.113791
3,399,1477,0.119440
3,399,1477,0.124076
3,399,1477,0.115761
3,400,1478,0.119440
3,400,1478,0.114822
3,400,1478,0.122215
3,400,1478,0.115023
3,400,1478,0.119182
3,400,1478,0.110467
3,401,1479,0.111478
3,401,1479,0.114189
3,401,1479,0.114028
3,401,1479,0.115248
3,401,1479,0.117157
3,401,1479,0.113529
3,402,1480,0.115195
3,402,1480,0.113621
3,402,1480,0.118456
3,402,1480,0.116388
3,402,1480,0.117852
3,402,1480,0.117711
3,403,1481,0.119442
3,403,1481,0.115297
3,403,1481,0.114163
3,403,1481,0.119754
3,403,1481,0.122046
3,403,1481,0.112270
3,404,1482,0.117821
3,404,1482,0.117522
3,404,1482,0.115566
3,404,1482,0.118084
3,404,1482,0.115299
3,404,1482,0.114882
3,405,1483,0.118675
3,405,1483,0.123611
3,405,1483,0.113834
3,405,1483,0.114480
3,405,1483,0.117236
3,405,1483,0.116515
3,406,1484,0.115153
3,406,1484,0.118868
3,406,1484,0.115056
3,406,1484,0.116999
3,406,1484,0.119352
3,406,1484,0.117316
3,407,1485,0.112982
3,407,1485,0.113623
3,407,1485,0.116525
3,407,1485,0.116531
3,407,1485,0.116010
3,407,1485,0.114720
3,408,1486,0.114368
3,408,1486,0.112905
3,408,1486,0.115889
3,408,1486,0.113158
3,408,1486,0.116293
3,408,1486,0.116142
3,409,1487,0.112856
3,409,1487,0.112475
3,409,1487,0.115740
3,409,1487,0.116966
3,409,1487,0.112000
3,409,1487,0.114835
3,410,1488,0.113458
3,410,1488,0.114476
3,410,1488,0.114499
3,410,1488,0.117649
3,410,1488,0.119516
3,410,1488,0.120491
3,411,1489,0.119626
3,411,1489,0.113011
3,411,1489,0.113657
3,411,1489,0.116052
3,411,1489,0.113988
3,411,1489,0.113248
3,412,1490,0.114517
3,412,1490,0.117039
3,412,1490,0.116955
3,412,1490,0.114426
3,412,1490,0.113271
3,412,1490,0.115634
3,413,1491,0.113954
3,413,1491,0.114220
3,413,1491,0.111086
3,413,1491,0.116607
3,413,1491,0.117181
3,413,1491,0.115491
3,414,1492,0.113987
3,414,1492,0.112381
3,414,1492,0.115586
3,414,1492,0.116049
3,414,1492,0.109874
3,414,1492,0.116311
3,415,1493,0.116242
3,415,1493,0.116029
3,415,1493,0.113240
3,415,1493,0.114458
3,415,1493,0.119328
3,415,1493,0.113584
3,416,1494,0.112871
3,416,1494,0.114598
3,416,1494,0.116978
3,416,1494,0.113764
3,416,1494,0.112853
3,416,1494,0.112529
3,417,1495,0.114029
3,417,1495,0.115924
3,417,1495,0.115315
3,417,1495,0.117488
3,417,1495,0.116457
3,417,1495,0.114511
3,418,1496,0.113813
3,418,1496,0.115143
3,418,1496,0.114467
3,418,1496,0.116078
3,418,1496,0.113065
3,418,1496,0.114103
3,419,1497,0.112721
3,419,1497,0.113292
3,419,1497,0.115670
3,419,1497,0.113877
3,419,1497,0.113048
3,419,1497,0.112506
3,420,1498,0.116437
3,420,1498,0.112616
3,420,1498,0.116031
3,420,1498,0.123311
3,420,1498,0.116973
3,420,1498,0.113893
3,421,1499,0.118249
3,421,1499,0.118648
3,421,1499,0.112938
3,421,1499,0.113511
3,421,1499,0.119351
3,421,1499,0.116241
3,422,1500,0.115449
3,422,1500,0.115286
3,422,1500,0.119712
3,422,1500,0.115800
3,422,1500,0.117341
3,422,1500,0.114789
3,423,1501,0.115251
3,423,1501,0.116844
3,423,1501,0.118634
3,423,1501,0.117265
3,423,1501,0.115448
3,423,1501,0.119915
3,424,1502,0.117629
3,424,1502,0.116245
3,424,1502,0.112337
3,424,1502,0.112023
3,424,1502,0.112629
3,424,1502,0.111520
3,425,1503,0.120378
3,425,1503,0.116381
3,425,1503,0.114943
3,425,1503,0.114261
3,425,1503,0.117022
3,425,1503,0.113233
3,426,1504,0.115567
3,426,1504,0.121814
3,426,1504,0.113989
3,426,1504,0.111483
3,426,1504,0.116964
3,426,1504,0.115073
3,427,1505,0.118780
3,427,1505,0.117483
3,427,1505,0.114856
3,427,1505,0.113723
3,427,1505,0.116661
3,427,1505,0.113766
3,428,1506,0.117582
3,428,1506,0.113529
3,428,1506,0.113268
3,428,1506,0.117648
3,428,1506,0.119899
3,428,1506,0.111580
3,429,1507,0.114080
3,429,1507,0.113218
3,429,1507,0.112205
3,429,1507,0.113677
3,429,1507,0.117197
3,429,1507,0.113103
3,430,1508,0.116571
3,430,1508,0.115146
3,430,1508,0.114766
3,430,1508,0.114188
3,430,1508,0.118689
3,430,1508,0.111145
3,431,1509,0.113867
3,431,1509,0.114966
3,431,1509,0.115686
3,431,1509,0.113680
3,431,1509,0.117438
3,431,1509,0.115756
3,432,1510,0.119045
3,432,1510,0.116296
3,432,1510,0.115445
3,432,1510,0.118832
3,432,1510,0.115280
3,432,1510,0.113307
3,433,1511,0.116552
3,433,1511,0.112495
3,433,1511,0.112418
3,433,1511,0.114571
3,433,1511,0.115567
3,433,1511,0.116150
3,434,1512,0.116321
3,434,1512,0.119341
3,434,1512,0.114486
3,434,1512,0.113915
3,434,1512,0.114804
3,434,1512,0.116923
3,435,1513,0.123029
3,435,1513,0.115362
3,435,1513,0.113232
3,435,1513,0.112370
3,435,1513,0.113144
3,435,1513,0.114932
3,436,1514,0.111080
3,436,1514,0.113919
3,436,1514,0.115888
3,436,1514,0.112832
3,436,1514,0.115275
3,436,1514,0.116493
3,437,1515,0.117747
3,437,1515,0.120359
3,437,1515,0.125069
3,437,1515,0.112978
3,437,1515,0.117554
3,437,1515,0.111286
3,438,1516,0.111325
3,438,1516,0.112396
3,438,1516,0.115308
3,438,1516,0.113687
3,438,1516,0.113090
3,438,1516,0.116290
3,439,1517,0.115968
3,439,1517,0.117497
3,439,1517,0.114392
3,439,1517,0.113917
3,439,1517,0.115900
3,439,1517,0.111641
3,440,1518,0.115400
3,440,1518,0.116563
3,440,1518,0.113640
3,440,1518,0.114258
3,440,1518,0.117605
3,440,1518,0.121492
3,441,1519,0.117392
3,441,1519,0.120393
3,441,1519,0.111973
3,441,1519,0.116572
3,441,1519,0.115433
3,441,1519,0.117193
3,442,1520,0.115374
3,442,1520,0.113634
3,442,1520,0.116009
3,442,1520,0.117055
3,442,1520,0.112966
3,442,1520,0.115488
3,443,1521,0.114623
3,443,1521,0.116222
3,443,1521,0.114714
3,443,1521,0.114743
3,443,1521,0.121016
3,443,1521,0.114665
3,444,1522,0.116134
3,444,1522,0.118680
3,444,1522,0.115118
3,444,1522,0.114418
3,444,1522,0.114874
3,444,1522,0.115044
3,445,1523,0.116690
3,445,1523,0.116034
3,445,1523,0.112708
3,445,1523,0.114547
3,445,1523,0.116794
3,445,1523,0.117524
3,446,1524,0.119567
3,446,1524,0.113276
3,446,1524,0.114090
3,446,1524,0.112157
3,446,1524,0.113134
3,446,1524,0.113339
3,447,1525,0.119998
3,447,1525,0.116840
3,447,1525,0.114615
3,447,1525,0.120288
3,447,1525,0.120529
3,447,1525,0.118876
3,448,1526,0.114729
3,448,1526,0.110155
3,448,1526,0.117063
3,448,1526,0.119114
3,448,1526,0.112897
3,448,1526,0.116307
3,449,1527,0.115358
3,449,1527,0.121617
3,449,1527,0.117260
3,449,1527,0.117438
3,449,1527,0.117210
3,449,1527,0.115667
3,450,1528,0.113188
3,450,1528,0.116457
3,450,1528,0.113359
3,450,1528,0.112148
3,450,1528,0.114114
3,450,1528,0.114478
3,451,1529,0.118111
3,451,1529,0.116313
3,451,1529,0.117888
3,451,1529,0.115962
3,451,1529,0.114767
3,451,1529,0.114179
3,452,1530,0.113348
3,452,1530,0.114009
3,452,1530,0.115978
3,452,1530,0.114148
3,452,1530,0.116257
3,452,1530,0.116157
3,453,1531,0.113268
3,453,1531,0.113323
3,453,1531,0.111851
3,453,1531,0.113871
3,453,1531,0.113450
3,453,1531,0.114465
3,454,1532,0.116316
3,454,1532,0.117367
3,454,1532,0.117476
3,454,1532,0.116323
3,454,1532,0.115450
3,454,1532,0.112963
3,455,1533,0.112264
3,455,1533,0.112721
3,455,1533,0.111935
3,455,1533,0.113310
3,455,1533,0.119265
3,455,1533,0.117190
3,456,1534,0.117265
3,456,1534,0.111489
3,456,1534,0.112827
3,456,1534,0.115525
3,456,1534,0.115753
3,456,1534,0.115815
3,457,1535,0.115891
3,457,1535,0.112031
3,457,1535,0.112535
3,457,1535,0.116761
3,457,1535,0.114576
3,457,1535,0.113439
3,458,1536,0.115558
3,458,1536,0.115799
3,458,1536,0.114958
3,458,1536,0.112771
3,458,1536,0.116800
3,458,1536,0.114383
3,459,1537,0.115761
3,459,1537,0.120610
3,459,1537,0.116523
3,459,1537,0.117083
3,459,1537,0.115112
3,459,1537,0.111777
3,460,1538,0.115424
3,460,1538,0.115010
3,460,1538,0.115822
3,460,1538,0.114973
3,460,1538,0.115709
3,460,1538,0.112389
3,461,1539,0.118661
3,461,1539,0.113117
3,461,1539,0.117676
3,461,1539,0.114275
3,461,1539,0.113448
3,461,1539,0.115112
3,462,1540,0.114767
3,462,1540,0.115133
3,462,1540,0.120995
3,462,1540,0.118680
3,462,1540,0.109854
3,462,1540,0.111852
3,463,1541,0.117984
3,463,1541,0.113018
3,463,1541,0.118136
3,463,1541,0.116702
3,463,1541,0.113372
3,463,1541,0.113551
3,464,1542,0.115343
3,464,1542,0.115915
3,464,1542,0.121910
3,464,1542,0.113251
3,464,1542,0.114895
3,464,1542,0.113069
3,465,1543,0.114894
3,465,1543,0.113858
3,465,1543,0.111912
3,465,1543,0.117212
3,465,1543,0.111809
3,465,1543,0.114159
3,466,1544,0.113897
3,466,1544,0.115628
3,466,1544,0.114209
3,466,1544,0.114226
3,466,1544,0.115765
3,466,1544,0.113356
3,467,1545,0.114144
3,467,1545,0.117854
3,467,1545,0.116941
3,467,1545,0.119027
3,467,1545,0.117312
3,467,1545,0.116481
3,468,1546,0.116915
3,468,1546,0.112983
3,468,1546,0.114686
3,468,1546,0.113832
3,468,1546,0.113249
3,468,1546,0.111211
3,469,1547,0.115638
3,469,1547,0.115563
3,469,1547,0.111580
3,469,1547,0.114469
3,469,1547,0.112043
3,469,1547,0.114410
3,470,1548,0.114086
3,470,1548,0.116587
3,470,1548,0.118979
3,470,1548,0.114194
3,470,1548,0.115124
3,470,1548,0.115522
3,471,1549,0.114152
3,471,1549,0.116885
3,471,1549,0.113775
3,471,1549,0.114120
3,471,1549,0.117709
3,471,1549,0.112572
3,472,1550,0.116517
3,472,1550,0.113796
3,472,1550,0.116445
3,472,1550,0.111351
3,472,1550,0.112623
3,472,1550,0.120023
3,473,1551,0.110715
3,473,1551,0.118266
3,473,1551,0.116350
3,473,1551,0.112428
3,473,1551,0.116264
3,473,1551,0.118897
3,474,1552,0.113916
3,474,1552,0.116890
3,474,1552,0.115699
3,474,1552,0.113215
3,474,1552,0.113831
3,474,1552,0.113842
3,475,1553,0.120502
3,475,1553,0.113594
3,475,1553,0.117777
3,475,1553,0.119128
3,475,1553,0.116329
3,475,1553,0.112298
3,476,1554,0.117052
3,476,1554,0.113853
3,476,1554,0.113839
3,476,1554,0.112086
3,476,1554,0.117631
3,476,1554,0.119397
3,477,1555,0.118934
3,477,1555,0.118481
3,477,1555,0.119916
3,477,1555,0.117704
3,477,1555,0.112048
3,477,1555,0.115882
3,478,1556,0.114733
3,478,1556,0.118972
3,478,1556,0.122691
3,478,1556,0.117707
3,478,1556,0.111746
3,478,1556,0.112302
3,479,1557,0.116206
3,479,1557,0.120610
3,479,1557,0.115265
3,479,1557,0.119476
3,479,1557,0.113822
3,479,1557,0.114519
3,480,1558,0.121007
3,480,1558,0.122338
3,480,1558,0.114654
3,480,1558,0.119340
3,480,1558,0.114512
3,480,1558,0.117257
3,481,1559,0.115180
3,481,1559,0.113644
3,481,1559,0.113643
3,481,1559,0.109776
3,481,1559,0.112401
3,481,1559,0.116363
3,482,1560,0.119259
3,482,1560,0.117272
3,482,1560,0.114311
3,482,1560,0.117695
3,482,1560,0.113582
3,482,1560,0.117097
3,483,1561,0.116015
3,483,1561,0.114236
3,483,1561,0.120459
3,483,1561,0.114261
3,483,1561,0.115908
3,483,1561,0.115805
3,484,1562,0.116981
3,484,1562,0.113290
3,484,1562,0.114449
3,484,1562,0.119321
3,484,1562,0.119555
3,484,1562,0.115757
3,485,1563,0.117165
3,485,1563,0.116314
3,485,1563,0.113585
3,485,1563,0.114680
3,485,1563,0.110368
3,485,1563,0.113688
3,486,1564,0.112515
3,486,1564,0.116005
3,486,1564,0.122762
3,486,1564,0.114590
3,486,1564,0.117616
3,486,1564,0.120238
3,487,1565,0.117038
3,487,1565,0.113018
3,487,1565,0.113915
3,487,1565,0.115993
3,487,1565,0.117153
3,487,1565,0.112396
3,488,1566,0.115740
3,488,1566,0.115075
3,488,1566,0.113445
3,488,1566,0.115131
3,488,1566,0.118901
3,488,1566,0.116064
3,489,1567,0.115645
3,489,1567,0.112589
3,489,1567,0.110834
3,489,1567,0.112026
3,489,1567,0.116650
3,489,1567,0.115101
3,490,1568,0.116829
3,490,1568,0.117147
3,490,1568,0.117022
3,490,1568,0.118341
3,490,1568,0.116170
3,490,1568,0.115121
3,491,1569,0.116345
3,491,1569,0.113141
3,491,1569,0.117490
3,491,1569,0.114806
3,491,1569,0.112139
3,491,1569,0.118065
3,492,1570,0.114637
3,492,1570,0.114907
3,492,1570,0.119497
3,492,1570,0.115759
3,492,1570,0.113613
3,492,1570,0.114600
3,493,1571,0.113170
3,493,1571,0.117825
3,493,1571,0.114083
3,493,1571,0.112988
3,493,1571,0.111879
3,493,1571,0.120706
3,494,1572,0.113354
3,494,1572,0.118518
3,494,1572,0.120836
3,494,1572,0.115826
3,494,1572,0.112917
3,494,1572,0.114836
3,495,1573,0.111177
3,495,1573,0.115007
3,495,1573,0.114429
3,495,1573,0.109592
3,495,1573,0.112566
3,495,1573,0.112390
3,496,1574,0.113602
3,496,1574,0.117559
3,496,1574,0.115117
3,496,1574,0.112424
3,496,1574,0.112314
3,496,1574,0.114588
3,497,1575,0.114828
3,497,1575,0.122145
3,497,1575,0.111155
3,497,1575,0.111066
3,497,1575,0.111938
3,497,1575,0.116889
3,498,1576,0.114317
3,498,1576,0.111601
3,498,1576,0.122360
3,498,1576,0.114556
3,498,1576,0.115750
3,498,1576,0.116240
3,499,1577,0.114232
3,499,1577,0.114401
3,499,1577,0.117468
3,499,1577,0.113930
3,499,1577,0.114572
3,499,1577,0.113103
3,500,1578,0.114354
3,500,1578,0.117203
3,500,1578,0.116831
3,500,1578,0.113603
3,500,1578,0.118338
3,500,1578,0.113006
3,501,1579,0.113785
3,501,1579,0.115825
3,501,1579,0.115171
3,501,1579,0.111126
3,501,1579,0.115004
3,501,1579,0.115853
3,502,1580,0.114383
3,502,1580,0.112992
3,502,1580,0.112049
3,502,1580,0.118662
3,502,1580,0.113799
3,502,1580,0.115295
3,503,1581,0.121914
3,503,1581,0.116873
3,503,1581,0.115370
3,503,1581,0.114260
3,503,1581,0.114407
3,503,1581,0.113947
3,504,1582,0.119615
3,504,1582,0.114786
3,504,1582,0.120751
3,504,1582,0.116833
3,504,1582,0.116117
3,504,1582,0.109774
3,505,1583,0.115784
3,505,1583,0.114747
3,505,1583,0.114535
3,505,1583,0.120515
3,505,1583,0.113507
3,505,1583,0.116567
3,506,1584,0.115112
3,506,1584,0.115193
3,506,1584,0.112533
3,506,1584,0.117118
3,506,1584,0.115732
3,506,1584,0.115564
3,507,1585,0.115897
3,507,1585,0.117647
3,507,1585,0.114902
3,507,1585,0.112326
3,507,1585,0.117535
3,507,1585,0.115514
3,508,1586,0.115802
3,508,1586,0.115869
3,508,1586,0.115096
3,508,1586,0.116355
3,508,1586,0.113918
3,508,1586,0.114331
3,509,1587,0.112617
3,509,1587,0.114324
3,509,1587,0.119899
3,509,1587,0.112315
3,509,1587,0.120877
3,509,1587,0.120824
3,510,1588,0.114231
3,510,1588,0.111213
3,510,1588,0.114749
3,510,1588,0.115026
3,510,1588,0.113396
3,510,1588,0.111396
3,511,1589,0.118973
3,511,1589,0.113200
3,511,1589,0.110866
3,511,1589,0.115737
3,511,1589,0.114197
3,511,1589,0.114766
3,512,1590,0.114810
3,512,1590,0.115092
3,512,1590,0.119822
3,512,1590,0.111822
3,512,1590,0.114267
3,512,1590,0.117190
3,513,1591,0.118589
3,513,1591,0.119102
3,513,1591,0.110495
3,513,1591,0.114785
3,513,1591,0.115471
3,513,1591,0.115767
3,514,1592,0.115795
3,514,1592,0.115458
3,514,1592,0.113462
3,514,1592,0.113928
3,514,1592,0.113937
3,514,1592,0.116803
3,515,1593,0.111108
3,515,1593,0.117911
3,515,1593,0.113023
3,515,1593,0.117796
3,515,1593,0.114324
3,515,1593,0.116422
3,516,1594,0.115132
3,516,1594,0.115652
3,516,1594,0.115130
3,516,1594,0.114412
3,516,1594,0.115814
3,516,1594,0.115827
3,517,1595,0.114045
3,517,1595,0.117347
3,517,1595,0.118483
3,517,1595,0.114768
3,517,1595,0.116491
3,517,1595,0.111619
3,518,1596,0.116015
3,518,1596,0.114344
3,518,1596,0.114428
3,518,1596,0.116256
3,518,1596,0.114077
3,518,1596,0.112851
3,519,1597,0.115336
3,519,1597,0.114666
3,519,1597,0.116818
3,519,1597,0.117426
3,519,1597,0.114719
3,519,1597,0.113416
3,520,1598,0.116925
3,520,1598,0.112311
3,520,1598,0.120922
3,520,1598,0.115784
3,520,1598,0.114266
3,520,1598,0.116788
3,521,1599,0.115107
3,521,1599,0.113543
3,521,1599,0.114570
3,521,1599,0.114567
3,521,1599,0.113479
3,521,1599,0.117286
3,522,1600,0.115661
3,522,1600,0.115600
3,522,1600,0.113936
3,522,1600,0.113906
3,522,1600,0.116890
3,522,1600,0.115086
3,523,1601,0.113822
3,523,1601,0.118955
3,523,1601,0.115652
3,523,1601,0.110489
3,523,1601,0.114668
3,523,1601,0.113265
3,524,1602,0.113287
3,524,1602,0.113610
3,524,1602,0.113984
3,524,1602,0.114879
3,524,1602,0.115917
3,524,1602,0.114584
3,525,1603,0.115828
3,525,1603,0.114026
3,525,1603,0.112231
3,525,1603,0.115454
3,525,1603,0.123239
3,525,1603,0.119318
3,526,1604,0.115407
3,526,1604,0.118191
3,526,1604,0.117026
3,526,1604,0.115659
3,526,1604,0.115646
3,526,1604,0.116892
3,527,1605,0.114272
3,527,1605,0.114264
3,527,1605,0.113791
3,527,1605,0.117554
3,527,1605,0.117118
3,527,1605,0.113067
3,528,1606,0.115000
3,528,1606,0.117668
3,528,1606,0.112858
3,528,1606,0.114639
3,528,1606,0.116487
3,528,1606,0.116350
3,529,1607,0.123169
3,529,1607,0.120825
3,529,1607,0.113600
3,529,1607,0.118521
3,529,1607,0.114053
3,529,1607,0.119345
3,530,1608,0.116721
3,530,1608,0.115454
3,530,1608,0.114781
3,530,1608,0.113776
3,530,1608,0.113427
3,530,1608,0.115595
3,531,1609,0.107712
3,531,1609,0.118031
3,531,1609,0.110991
3,531,1609,0.116180
3,531,1609,0.112280
3,531,1609,0.116148
3,532,1610,0.113926
3,532,1610,0.112756
3,532,1610,0.114987
3,532,1610,0.113430
3,532,1610,0.120008
3,532,1610,0.118515
3,533,1611,0.113813
3,533,1611,0.115011
3,533,1611,0.115952
3,533,1611,0.112439
3,533,1611,0.115850
3,533,1611,0.120555
3,534,1612,0.117642
3,534,1612,0.110753
3,534,1612,0.114527
3,534,1612,0.113093
3,534,1612,0.114786
3,534,1612,0.111709
3,535,1613,0.116444
3,535,1613,0.115076
3,535,1613,0.118312
3,535,1613,0.114147
3,535,1613,0.117788
3,535,1613,0.115961
3,536,1614,0.113357
3,536,1614,0.117041
3,536,1614,0.114517
3,536,1614,0.111366
3,536,1614,0.115094
3,536,1614,0.116543
3,537,1615,0.112250
3,537,1615,0.115617
3,537,1615,0.116243
3,537,1615,0.113217
3,537,1615,0.115851
3,537,1615,0.110514
3,538,1616,0.114239
3,538,1616,0.116502
3,538,1616,0.114299
3,538,1616,0.110460
3,538,1616,0.116309
3,538,1616,0.113700
3,539,1617,0.115445
3,539,1617,0.113404
3,539,1617,0.111750
3,539,1617,0.116008
3,539,1617,0.113994
3,539,1617,0.117562
4,1,1618,0.113713
4,1,1618,0.115964
4,1,1618,0.115594
4,1,1618,0.115878
4,1,1618,0.113004
4,1,1618,0.112711
4,2,1619,0.114756
4,2,1619,0.111705
4,2,1619,0.111917
4,2,1619,0.111780
4,2,1619,0.116313
4,2,1619,0.116772
4,3,1620,0.115417
4,3,1620,0.115404
4,3,1620,0.111719
4,3,1620,0.116045
4,3,1620,0.114897
4,3,1620,0.118934
4,4,1621,0.115443
4,4,1621,0.113053
4,4,1621,0.111336
4,4,1621,0.113520
4,4,1621,0.110382
4,4,1621,0.116645
4,5,1622,0.112300
4,5,1622,0.116644
4,5,1622,0.121251
4,5,1622,0.113843
4,5,1622,0.113329
4,5,1622,0.115231
4,6,1623,0.113418
4,6,1623,0.116061
4,6,1623,0.119896
4,6,1623,0.115748
4,6,1623,0.116164
4,6,1623,0.115139
4,7,1624,0.115105
4,7,1624,0.115422
4,7,1624,0.112385
4,7,1624,0.117858
4,7,1624,0.114827
4,7,1624,0.114888
4,8,1625,0.112313
4,8,1625,0.116275
4,8,1625,0.112718
4,8,1625,0.116233
4,8,1625,0.119171
4,8,1625,0.118339
4,9,1626,0.121636
4,9,1626,0.115622
4,9,1626,0.121458
4,9,1626,0.111324
4,9,1626,0.116633
4,9,1626,0.114747
4,10,1627,0.118146
4,10,1627,0.112725
4,10,1627,0.117967
4,10,1627,0.115215
4,10,1627,0.114499
4,10,1627,0.121422
4,11,1628,0.113720
4,11,1628,0.113874
4,11,1628,0.112319
4,11,1628,0.118244
4,11,1628,0.111123
4,11,1628,0.116772
4,12,1629,0.114948
4,12,1629,0.112976
4,12,1629,0.115040
4,12,1629,0.119140
4,12,1629,0.114876
4,12,1629,0.121711
4,13,1630,0.113416
4,13,1630,0.115772
4,13,1630,0.118486
4,13,1630,0.117108
4,13,1630,0.114713
4,13,1630,0.116005
4,14,1631,0.115358
4,14,1631,0.115410
4,14,1631,0.113822
4,14,1631,0.121076
4,14,1631,0.114576
4,14,1631,0.118313
4,15,1632,0.113000
4,15,1632,0.116151
4,15,1632,0.118267
4,15,1632,0.112071
4,15,1632,0.113958
4,15,1632,0.117061
4,16,1633,0.114967
4,16,1633,0.114730
4,16,1633,0.117867
4,16,1633,0.118881
4,16,1633,0.118731
4,16,1633,0.121331
4,17,1634,0.119902
4,17,1634,0.117422
4,17,1634,0.115654
4,17,1634,0.115982
4,17,1634,0.114450
4,17,1634,0.115277
4,18,1635,0.114196
4,18,1635,0.113697
4,18,1635,0.114376
4,18,1635,0.115060
4,18,1635,0.113783
4,18,1635,0.114855
4,19,1636,0.113969
4,19,1636,0.113606
4,19,1636,0.115527
4,19,1636,0.118469
4,19,1636,0.114933
4,19,1636,0.118762
4,20,1637,0.115275
4,20,1637,0.120303
4,20,1637,0.113248
4,20,1637,0.117951
4,20,1637,0.116099
4,20,1637,0.119288
4,21,1638,0.117613
4,21,1638,0.118052
4,21,1638,0.112800
4,21,1638,0.117765
4,21,1638,0.112130
4,21,1638,0.114376
4,22,1639,0.114008
4,22,1639,0.115637
4,22,1639,0.114070
4,22,1639,0.115691
4,22,1639,0.110793
4,22,1639,0.115874
4,23,1640,0.112808
4,23,1640,0.114902
4,23,1640,0.115877
4,23,1640,0.111483
4,23,1640,0.117473
4,23,1640,0.116340
4,24,1641,0.116541
4,24,1641,0.113299
4,24,1641,0.113058
4,24,1641,0.113797
4,24,1641,0.113886
4,24,1641,0.116031
4,25,1642,0.114655
4,25,1642,0.115844
4,25,1642,0.112862
4,25,1642,0.114686
4,25,1642,0.114288
4,25,1642,0.112468
4,26,1643,0.119390
4,26,1643,0.113018
4,26,1643,0.114883
4,26,1643,0.112557
4,26,1643,0.116824
4,26,1643,0.114852
4,27,1644,0.117403
4,27,1644,0.117892
4,27,1644,0.117454
4,27,1644,0.114573
4,27,1644,0.112999
4,27,1644,0.110810
4,28,1645,0.113319
4,28,1645,0.113660
4,28,1645,0.117237
4,28,1645,0.112544
4,28,1645,0.115339
4,28,1645,0.113689
4,29,1646,0.111282
4,29,1646,0.112351
4,29,1646,0.113291
4,29,1646,0.111280
4,29,1646,0.114501
4,29,1646,0.120510
4,30,1647,0.114389
4,30,1647,0.113730
4,30,1647,0.115796
4,30,1647,0.115862
4,30,1647,0.115946
4,30,1647,0.117479
4,31,1648,0.114136
4,31,1648,0.114828
4,31,1648,0.117067
4,31,1648,0.111990
4,31,1648,0.113240
4,31,1648,0.112793
4,32,1649,0.111698
4,32,1649,0.116983
4,32,1649,0.116530
4,32,1649,0.110750
4,32,1649,0.112736
4,32,1649,0.112918
4,33,1650,0.114727
4,33,1650,0.113164
4,33,1650,0.117259
4,33,1650,0.121151
4,33,1650,0.118825
4,33,1650,0.112414
4,34,1651,0.111291
4,34,1651,0.116711
4,34,1651,0.115667
4,34,1651,0.117163
4,34,1651,0.115605
4,34,1651,0.111949
4,35,1652,0.114365
4,35,1652,0.115415
4,35,1652,0.114678
4,35,1652,0.114566
4,35,1652,0.115108
4,35,1652,0.116577
4,36,1653,0.113164
4,36,1653,0.113489
4,36,1653,0.113606
4,36,1653,0.117745
4,36,1653,0.115469
4,36,1653,0.113331
4,37,1654,0.116035
4,37,1654,0.112702
4,37,1654,0.114565
4,37,1654,0.109449
4,37,1654,0.114053
4,37,1654,0.122883
4,38,1655,0.112615
4,38,1655,0.116418
4,38,1655,0.114111
4,38,1655,0.114400
4,38,1655,0.112923
4,38,1655,0.114786
4,39,1656,0.112444
4,39,1656,0.111205
4,39,1656,0.112955
4,39,1656,0.113478
4,39,1656,0.115804
4,39,1656,0.114800
4,40,1657,0.113689
4,40,1657,0.115453
4,40,1657,0.114180
4,40,1657,0.114456
4,40,1657,0.120106
4,40,1657,0.111702
4,41,1658,0.112595
4,41,1658,0.116719
4,41,1658,0.119627
4,41,1658,0.114151
4,41,1658,0.117469
4,41,1658,0.110722
4,42,1659,0.113242
4,42,1659,0.111597
4,42,1659,0.114719
4,42,1659,0.115892
4,42,1659,0.114304
4,42,1659,0.113100
4,43,1660,0.117669
4,43,1660,0.111972
4,43,1660,0.115678
4,43,1660,0.116680
4,43,1660,0.114135
4,43,1660,0.119439
4,44,1661,0.118221
4,44,1661,0.113990
4,44,1661,0.115681
4,44,1661,0.115714
4,44,1661,0.116103
4,44,1661,0.113189
4,45,1662,0.114740
4,45,1662,0.116572
4,45,1662,0.113500
4,45,1662,0.113444
4,45,1662,0.116235
4,45,1662,0.114068
4,46,1663,0.114729
4,46,1663,0.116990
4,46,1663,0.113642
4,46,1663,0.119782
4,46,1663,0.113434
4,46,1663,0.115751
4,47,1664,0.112527
4,47,1664,0.118745
4,47,1664,0.124451
4,47,1664,0.114744
4,47,1664,0.121015
4,47,1664,0.115427
4,48,1665,0.113860
4,48,1665,0.117980
4,48,1665,0.111957
4,48,1665,0.113028
4,48,1665,0.112085
4,48,1665,0.117375
4,49,1666,0.113742
4,49,1666,0.113514
4,49,1666,0.114476
4,49,1666,0.113891
4,49,1666,0.115412
4,49,1666,0.116615
4,50,1667,0.112751
4,50,1667,0.113130
4,50,1667,0.114997
4,50,1667,0.112409
4,50,1667,0.117570
4,50,1667,0.119834
4,51,1668,0.116375
4,51,1668,0.116734
4,51,1668,0.116248
4,51,1668,0.115468
4,51,1668,0.114766
4,51,1668,0.115532
4,52,1669,0.113400
4,52,1669,0.115095
4,52,1669,0.113667
4,52,1669,0.113364
4,52,1669,0.115024
4,52,1669,0.116522
4,53,1670,0.113380
4,53,1670,0.113621
4,53,1670,0.114743
4,53,1670,0.115173
4,53,1670,0.115116
4,53,1670,0.117818
4,54,1671,0.114500
4,54,1671,0.115276
4,54,1671,0.110515
4,54,1671,0.110538
4,54,1671,0.116575
4,54,1671,0.114155
4,55,1672,0.113309
4,55,1672,0.113681
4,55,1672,0.116315
4,55,1672,0.116087
4,55,1672,0.120082
4,55,1672,0.116208
4,56,1673,0.112801
4,56,1673,0.116493
4,56,1673,0.116038
4,56,1673,0.112720
4,56,1673,0.114966
4,56,1673,0.112213
4,57,1674,0.111212
4,57,1674,0.114742
4,57,1674,0.116616
4,57,1674,0.115357
4,57,1674,0.118863
4,57,1674,0.115632
4,58,1675,0.114043
4,58,1675,0.118045
4,58,1675,0.115811
4,58,1675,0.113897
4,58,1675,0.115478
4,58,1675,0.114287
4,59,1676,0.115917
4,59,1676,0.116779
4,59,1676,0.112497
4,59,1676,0.115326
4,59,1676,0.112832
4,59,1676,0.115879
4,60,1677,0.112712
4,60,1677,0.114133
4,60,1677,0.113318
4,60,1677,0.110828
4,60,1677,0.114414
4,60,1677,0.113576
4,61,1678,0.115088
4,61,1678,0.116184
4,61,1678,0.114256
4,61,1678,0.113029
4,61,1678,0.111851
4,61,1678,0.115009
4,62,1679,0.115979
4,62,1679,0.114429
4,62,1679,0.111639
4,62,1679,0.111380
4,62,1679,0.117644
4,62,1679,0.112383
4,63,1680,0.113355
4,63,1680,0.113782
4,63,1680,0.110598
4,63,1680,0.115261
4,63,1680,0.111698
4,63,1680,0.112173
4,64,1681,0.119461
4,64,1681,0.113358
4,64,1681,0.111729
4,64,1681,0.110124
4,64,1681,0.113830
4,64,1681,0.121010
4,65,1682,0.118990
4,65,1682,0.116613
4,65,1682,0.111706
4,65,1682,0.114886
4,65,1682,0.112653
4,65,1682,0.120152
4,66,1683,0.118748
4,66,1683,0.112208
4,66,1683,0.114725
4,66,1683,0.114821
4,66,1683,0.118624
4,66,1683,0.114104
4,67,1684,0.114611
4,67,1684,0.115541
4,67,1684,0.120221
4,67,1684,0.115450
4,67,1684,0.112443
4,67,1684,0.115018
4,68,1685,0.113301
4,68,1685,0.113038
4,68,1685,0.113288
4,68,1685,0.112868
4,68,1685,0.116000
4,68,1685,0.115907
4,69,1686,0.114876
4,69,1686,0.113739
4,69,1686,0.113780
4,69,1686,0.113478
4,69,1686,0.112947
4,69,1686,0.116003
4,70,1687,0.114299
4,70,1687,0.114570
4,70,1687,0.116216
4,70,1687,0.110604
4,70,1687,0.115908
4,70,1687,0.114102
4,71,1688,0.116986
4,71,1688,0.114938
4,71,1688,0.114760
4,71,1688,0.112497
4,71,1688,0.115061
4,71,1688,0.112942
4,72,1689,0.120539
4,72,1689,0.114248
4,72,1689,0.115639
4,72,1689,0.115534
4,72,1689,0.118604
4,72,1689,0.112680
4,73,1690,0.114442
4,73,1690,0.114729
4,73,1690,0.118101
4,73,1690,0.116433
4,73,1690,0.110386
4,73,1690,0.116191
4,74,1691,0.113657
4,74,1691,0.113005
4,74,1691,0.114196
4,74,1691,0.112496
4,74,1691,0.112768
4,74,1691,0.113423
4,75,1692,0.112200
4,75,1692,0.113352
4,75,1692,0.109198
4,75,1692,0.120017
4,75,1692,0.116984
4,75,1692,0.110177
4,76,1693,0.114423
4,76,1693,0.114206
4,76,1693,0.121796
4,76,1693,0.115160
4,76,1693,0.112339
4,76,1693,0.116968
4,77,1694,0.114737
4,77,1694,0.114806
4,77,1694,0.116197
4,77,1694,0.113368
4,77,1694,0.115127
4,77,1694,0.113305
4,78,1695,0.114489
4,78,1695,0.110518
4,78,1695,0.115647
4,78,1695,0.114951
4,78,1695,0.113331
4,78,1695,0.109951
4,79,1696,0.114505
4,79,1696,0.113813
4,79,1696,0.116595
4,79,1696,0.115764
4,79,1696,0.115751
4,79,1696,0.114965
4,80,1697,0.120857
4,80,1697,0.116191
4,80,1697,0.114484
4,80,1697,0.112284
4,80,1697,0.117951
4,80,1697,0.115483
4,81,1698,0.114132
4,81,1698,0.114101
4,81,1698,0.113790
4,81,1698,0.112802
4,81,1698,0.115354
4,81,1698,0.115508
4,82,1699,0.115662
4,82,1699,0.111116
4,82,1699,0.112967
4,82,1699,0.121330
4,82,1699,0.113874
4,82,1699,0.114335
4,83,1700,0.117300
4,83,1700,0.111926
4,83,1700,0.111165
4,83,1700,0.115011
4,83,1700,0.114227
4,83,1700,0.110744
4,84,1701,0.110742
4,84,1701,0.112800
4,84,1701,0.112364
4,84,1701,0.117093
4,84,1701,0.115598
4,84,1701,0.116148
4,85,1702,0.113909
4,85,1702,0.114160
4,85,1702,0.116786
4,85,1702,0.110879
4,85,1702,0.113471
4,85,1702,0.118546
4,86,1703,0.113577
4,86,1703,0.118943
4,86,1703,0.114967
4,86,1703,0.111244
4,86,1703,0.113333
4,86,1703,0.114088
4,87,1704,0.114988
4,87,1704,0.113171
4,87,1704,0.113829
4,87,1704,0.113392
4,87,1704,0.112521
4,87,1704,0.117555
4,88,1705,0.116918
4,88,1705,0.114939
4,88,1705,0.112114
4,88,1705,0.112200
4,88,1705,0.114865
4,88,1705,0.116864
4,89,1706,0.118426
4,89,1706,0.115532
4,89,1706,0.116450
4,89,1706,0.116545
4,89,1706,0.114848
4,89,1706,0.117980
4,90,1707,0.114008
4,90,1707,0.111365
4,90,1707,0.111698
4,90,1707,0.113077
4,90,1707,0.117530
4,90,1707,0.115780
4,91,1708,0.115698
4,91,1708,0.116934
4,91,1708,0.113909
4,91,1708,0.113517
4,91,1708,0.114274
4,91,1708,0.115847
4,92,1709,0.115427
4,92,1709,0.115579
4,92,1709,0.114396
4,92,1709,0.121729
4,92,1709,0.116149
4,92,1709,0.112854
4,93,1710,0.117707
4,93,1710,0.115110
4,93,1710,0.112084
4,93,1710,0.118591
4,93,1710,0.113364
4,93,1710,0.114023
4,94,1711,0.114843
4,94,1711,0.115777
4,94,1711,0.116078
4,94,1711,0.116800
4,94,1711,0.113389
4,94,1711,0.116470
4,95,1712,0.117394
4,95,1712,0.115313
4,95,1712,0.116779
4,95,1712,0.114396
4,95,1712,0.114320
4,95,1712,0.113442
4,96,1713,0.113960
4,96,1713,0.113355
4,96,1713,0.114201
4,96,1713,0.117510
4,96,1713,0.114050
4,96,1713,0.113864
4,97,1714,0.115377
4,97,1714,0.113726
4,97,1714,0.115703
4,97,1714,0.112843
4,97,1714,0.114063
4,97,1714,0.112130
4,98,1715,0.114191
4,98,1715,0.110639
4,98,1715,0.116912
4,98,1715,0.115127
4,98,1715,0.110549
4,98,1715,0.115183
4,99,1716,0.114619
4,99,1716,0.112916
4,99,1716,0.118812
4,99,1716,0.116077
4,99,1716,0.117510
4,99,1716,0.115676
4,100,1717,0.113450
4,100,1717,0.113651
4,100,1717,0.113775
4,100,1717,0.109657
4,100,1717,0.112390
4,100,1717,0.114943
4,101,1718,0.114152
4,101,1718,0.115149
4,101,1718,0.116036
4,101,1718,0.115092
4,101,1718,0.114530
4,101,1718,0.113119
4,102,1719,0.113529
4,102,1719,0.115731
4,102,1719,0.117667
4,102,1719,0.115606
4,102,1719,0.112679
4,102,1719,0.111356
4,103,1720,0.115572
4,103,1720,0.112008
4,103,1720,0.117201
4,103,1720,0.114928
4,103,1720,0.113928
4,103,1720,0.116494
4,104,1721,0.113492
4,104,1721,0.119061
4,104,1721,0.116714
4,104,1721,0.113956
4,104,1721,0.115141
4,104,1721,0.111829
4,105,1722,0.111623
4,105,1722,0.112966
4,105,1722,0.113460
4,105,1722,0.116204
4,105,1722,0.113008
4,105,1722,0.113070
4,106,1723,0.115102
4,106,1723,0.114990
4,106,1723,0.114070
4,106,1723,0.115465
4,106,1723,0.117022
4,106,1723,0.120165
4,107,1724,0.115940
4,107,1724,0.115974
4,107,1724,0.113368
4,107,1724,0.116873
4,107,1724,0.114205
4,107,1724,0.111724
4,108,1725,0.112907
4,108,1725,0.117984
4,108,1725,0.119652
4,108,1725,0.113870
4,108,1725,0.115126
4,108,1725,0.114341
4,109,1726,0.113540
4,109,1726,0.115500
4,109,1726,0.119114
4,109,1726,0.112026
4,109,1726,0.112350
4,109,1726,0.113778
4,110,1727,0.115167
4,110,1727,0.119174
4,110,1727,0.114356
4,110,1727,0.113558
4,110,1727,0.112845
4,110,1727,0.114057
4,111,1728,0.112850
4,111,1728,0.113604
4,111,1728,0.115691
4,111,1728,0.114049
4,111,1728,0.116065
4,111,1728,0.113841
4,112,1729,0.116032
4,112,1729,0.115983
4,112,1729,0.110280
4,112,1729,0.116050
4,112,1729,0.116726
4,112,1729,0.114527
4,113,1730,0.112722
4,113,1730,0.114478
4,113,1730,0.112565
4,113,1730,0.112732
4,113,1730,0.115993
4,113,1730,0.115090
4,114,1731,0.113236
4,114,1731,0.119885
4,114,1731,0.113871
4,114,1731,0.119929
4,114,1731,0.116855
4,114,1731,0.114020
4,115,1732,0.113985
4,115,1732,0.114295
4,115,1732,0.119725
4,115,1732,0.116517
4,115,1732,0.116400
4,115,1732,0.122824
4,116,1733,0.121455
4,116,1733,0.116048
4,116,1733,0.116067
4,116,1733,0.115980
4,116,1733,0.116317
4,116,1733,0.111363
4,117,1734,0.117339
4,117,1734,0.112441
4,117,1734,0.114393
4,117,1734,0.113807
4,117,1734,0.115244
4,117,1734,0.115196
4,118,1735,0.113642
4,118,1735,0.115500
4,118,1735,0.116013
4,118,1735,0.115651
4,118,1735,0.115052
4,118,1735,0.111113
4,119,1736,0.112870
4,119,1736,0.116210
4,119,1736,0.114376
4,119,1736,0.115438
4,119,1736,0.119775
4,119,1736,0.119994
4,120,1737,0.113232
4,120,1737,0.121253
4,120,1737,0.115969
4,120,1737,0.115207
4,120,1737,0.113740
4,120,1737,0.111698
4,121,1738,0.114602
4,121,1738,0.116836
4,121,1738,0.114794
4,121,1738,0.113122
4,121,1738,0.115530
4,121,1738,0.115467
4,122,1739,0.112467
4,122,1739,0.119487
4,122,1739,0.116906
4,122,1739,0.116733
4,122,1739,0.111761
4,122,1739,0.114999
4,123,1740,0.117379
4,123,1740,0.112195
4,123,1740,0.113639
4,123,1740,0.115714
4,123,1740,0.114131
4,123,1740,0.114509
4,124,1741,0.114054
4,124,1741,0.112318
4,124,1741,0.116012
4,124,1741,0.116626
4,124,1741,0.114007
4,124,1741,0.114090
4,125,1742,0.115870
4,125,1742,0.116333
4,125,1742,0.114989
4,125,1742,0.114341
4,125,1742,0.113942
4,125,1742,0.115065
4,126,1743,0.115007
4,126,1743,0.112641
4,126,1743,0.113838
4,126,1743,0.114272
4,126,1743,0.117702
4,126,1743,0.115748
4,127,1744,0.115303
4,127,1744,0.111450
4,127,1744,0.112770
4,127,1744,0.112877
4,127,1744,0.114420
4,127,1744,0.116751
4,128,1745,0.112792
4,128,1745,0.117551
4,128,1745,0.112118
4,128,1745,0.120943
4,128,1745,0.113497
4,128,1745,0.115133
4,129,1746,0.112878
4,129,1746,0.119245
4,129,1746,0.118952
4,129,1746,0.114863
4,129,1746,0.113883
4,129,1746,0.116902
4,130,1747,0.115603
4,130,1747,0.117554
4,130,1747,0.116190
4,130,1747,0.113941
4,130,1747,0.116096
4,130,1747,0.112329
4,131,1748,0.116101
4,131,1748,0.112746
4,131,1748,0.118133
4,131,1748,0.113609
4,131,1748,0.116004
4,131,1748,0.118660
4,132,1749,0.114582
4,132,1749,0.113814
4,132,1749,0.112788
4,132,1749,0.113405
4,132,1749,0.114139
4,132,1749,0.112650
4,133,1750,0.113484
4,133,1750,0.115502
4,133,1750,0.115860
4,133,1750,0.115480
4,133,1750,0.116073
4,133,1750,0.114534
4,134,1751,0.113187
4,134,1751,0.115359
4,134,1751,0.111435
4,134,1751,0.117571
4,134,1751,0.121432
4,134,1751,0.113551
4,135,1752,0.114427
4,135,1752,0.118506
4,135,1752,0.113666
4,135,1752,0.112816
4,135,1752,0.114704
4,135,1752,0.114984
4,136,1753,0.117798
4,136,1753,0.116857
4,136,1753,0.116483
4,136,1753,0.111500
4,136,1753,0.115091
4,136,1753,0.112625
4,137,1754,0.113272
4,137,1754,0.116425
4,137,1754,0.118785
4,137,1754,0.117020
4,137,1754,0.116990
4,137,1754,0.118567
4,138,1755,0.113485
4,138,1755,0.114768
4,138,1755,0.114147
4,138,1755,0.115973
4,138,1755,0.113408
4,138,1755,0.116621
4,139,1756,0.114114
4,139,1756,0.114769
4,139,1756,0.112484
4,139,1756,0.116290
4,139,1756,0.115603
4,139,1756,0.114979
4,140,1757,0.115813
4,140,1757,0.115855
4,140,1757,0.118206
4,140,1757,0.119574
4,140,1757,0.119057
4,140,1757,0.112082
4,141,1758,0.112001
4,141,1758,0.115569
4,141,1758,0.114956
4,141,1758,0.113564
4,141,1758,0.118018
4,141,1758,0.117356
4,142,1759,0.114914
4,142,1759,0.117672
4,142,1759,0.112387
4,142,1759,0.116276
4,142,1759,0.115206
4,142,1759,0.115193
4,143,1760,0.118136
4,143,1760,0.114595
4,143,1760,0.117886
4,143,1760,0.118460
4,143,1760,0.116162
4,143,1760,0.115913
4,144,1761,0.114679
4,144,1761,0.116671
4,144,1761,0.120271
4,144,1761,0.117484
4,144,1761,0.116104
4,144,1761,0.114505
4,145,1762,0.114261
4,145,1762,0.113259
4,145,1762,0.114704
4,145,1762,0.110891
4,145,1762,0.115952
4,145,1762,0.116112
4,146,1763,0.112921
4,146,1763,0.115314
4,146,1763,0.114716
4,146,1763,0.113922
4,146,1763,0.118857
4,146,1763,0.113945
4,147,1764,0.114160
4,147,1764,0.119603
4,147,1764,0.111427
4,147,1764,0.112481
4,147,1764,0.114635
4,147,1764,0.117262
4,148,1765,0.114934
4,148,1765,0.116009
4,148,1765,0.111583
4,148,1765,0.114069
4,148,1765,0.113359
4,148,1765,0.118456
4,149,1766,0.114322
4,149,1766,0.116091
4,149,1766,0.114817
4,149,1766,0.113569
4,149,1766,0.115240
4,149,1766,0.114110
4,150,1767,0.115426
4,150,1767,0.115151
4,150,1767,0.115136
4,150,1767,0.116562
4,150,1767,0.111450
4,150,1767,0.113254
4,151,1768,0.114039
4,151,1768,0.111838
4,151,1768,0.114228
4,151,1768,0.114684
4,151,1768,0.115565
4,151,1768,0.113260
4,152,1769,0.112641
4,152,1769,0.113311
4,152,1769,0.113691
4,152,1769,0.111930
4,152,1769,0.113393
4,152,1769,0.114362
4,153,1770,0.113889
4,153,1770,0.113216
4,153,1770,0.122772
4,153,1770,0.115954
4,153,1770,0.122191
4,153,1770,0.113680
4,154,1771,0.113663
4,154,1771,0.114334
4,154,1771,0.115306
4,154,1771,0.118669
4,154,1771,0.112000
4,154,1771,0.110405
4,155,1772,0.112795
4,155,1772,0.113339
4,155,1772,0.112720
4,155,1772,0.112882
4,155,1772,0.117946
4,155,1772,0.115703
4,156,1773,0.114005
4,156,1773,0.113617
4,156,1773,0.118302
4,156,1773,0.113080
4,156,1773,0.112957
4,156,1773,0.114403
4,157,1774,0.116103
4,157,1774,0.116988
4,157,1774,0.112172
4,157,1774,0.112088
4,157,1774,0.117886
4,157,1774,0.109557
4,158,1775,0.112353
4,158,1775,0.115174
4,158,1775,0.114122
4,158,1775,0.115284
4,158,1775,0.111624
4,158,1775,0.114977
4,159,1776,0.117285
4,159,1776,0.116167
4,159,1776,0.111053
4,159,1776,0.115288
4,159,1776,0.124989
4,159,1776,0.120884
4,160,1777,0.114479
4,160,1777,0.112953
4,160,1777,0.113992
4,160,1777,0.116344
4,160,1777,0.111860
4,160,1777,0.112575
4,161,1778,0.115905
4,161,1778,0.113597
4,161,1778,0.114799
4,161,1778,0.112057
4,161,1778,0.113327
4,161,1778,0.114329
4,162,1779,0.111636
4,162,1779,0.115287
4,162,1779,0.118318
4,162,1779,0.112866
4,162,1779,0.115971
4,162,1779,0.111200
4,163,1780,0.115371
4,163,1780,0.115234
4,163,1780,0.114037
4,163,1780,0.111609
4,163,1780,0.111233
4,163,1780,0.112701
4,164,1781,0.113927
4,164,1781,0.114032
4,164,1781,0.116420
4,164,1781,0.120408
4,164,1781,0.111451
4,164,1781,0.117236
4,165,1782,0.116625
4,165,1782,0.118842
4,165,1782,0.114365
4,165,1782,0.110925
4,165,1782,0.116759
4,165,1782,0.113284
4,166,1783,0.113933
4,166,1783,0.112024
4,166,1783,0.117048
4,166,1783,0.114531
4,166,1783,0.110997
4,166,1783,0.116856
4,167,1784,0.114446
4,167,1784,0.112621
4,167,1784,0.118404
4,167,1784,0.113512
4,167,1784,0.119716
4,167,1784,0.113119
4,168,1785,0.113995
4,168,1785,0.115077
4,168,1785,0.114858
4,168,1785,0.115334
4,168,1785,0.114255
4,168,1785,0.113816
4,169,1786,0.116995
4,169,1786,0.113068
4,169,1786,0.112349
4,169,1786,0.115029
4,169,1786,0.112739
4,169,1786,0.112582
4,170,1787,0.112460
4,170,1787,0.110915
4,170,1787,0.114913
4,170,1787,0.115389
4,170,1787,0.111694
4,170,1787,0.115707
4,171,1788,0.111233
4,171,1788,0.114636
4,171,1788,0.114826
4,171,1788,0.115404
4,171,1788,0.117177
4,171,1788,0.114328
4,172,1789,0.116470
4,172,1789,0.113176
4,172,1789,0.113524
4,172,1789,0.115886
4,172,1789,0.115017
4,172,1789,0.116908
4,173,1790,0.116845
4,173,1790,0.111307
4,173,1790,0.114785
4,173,1790,0.114277
4,173,1790,0.118655
4,173,1790,0.114457
4,174,1791,0.117224
4,174,1791,0.113447
4,174,1791,0.114733
4,174,1791,0.110016
4,174,1791,0.111041
4,174,1791,0.114891
4,175,1792,0.117204
4,175,1792,0.114938
4,175,1792,0.118443
4,175,1792,0.115021
4,175,1792,0.112098
4,175,1792,0.114107
4,176,1793,0.112678
4,176,1793,0.113015
4,176,1793,0.119104
4,176,1793,0.121119
4,176,1793,0.116534
4,176,1793,0.115682
4,177,1794,0.115704
4,177,1794,0.112380
4,177,1794,0.116351
4,177,1794,0.119154
4,177,1794,0.116290
4,177,1794,0.113257
4,178,1795,0.114152
4,178,1795,0.114833
4,178,1795,0.114252
4,178,1795,0.112103
4,178,1795,0.115289
4,178,1795,0.112534
4,179,1796,0.115649
4,179,1796,0.113066
4,179,1796,0.114460
4,179,1796,0.113803
4,179,1796,0.112274
4,179,1796,0.114093
4,180,1797,0.113019
4,180,1797,0.116252
4,180,1797,0.111712
4,180,1797,0.116809
4,180,1797,0.114976
4,180,1797,0.112409
4,181,1798,0.110811
4,181,1798,0.115188
4,181,1798,0.114080
4,181,1798,0.111420
4,181,1798,0.112524
4,181,1798,0.112195
4,182,1799,0.119465
4,182,1799,0.115242
4,182,1799,0.114065
4,182,1799,0.111335
4,182,1799,0.114690
4,182,1799,0.114630
4,183,1800,0.111032
4,183,1800,0.110565
4,183,1800,0.115856
4,183,1800,0.111833
4,183,1800,0.119728
4,183,1800,0.111265
4,184,1801,0.119480
4,184,1801,0.109669
4,184,1801,0.111474
4,184,1801,0.113350
4,184,1801,0.114780
4,184,1801,0.114059
4,185,1802,0.118214
4,185,1802,0.112393
4,185,1802,0.114522
4,185,1802,0.111034
4,185,1802,0.116171
4,185,1802,0.115464
4,186,1803,0.114856
4,186,1803,0.115019
4,186,1803,0.111657
4,186,1803,0.112269
4,186,1803,0.119264
4,186,1803,0.115765
4,187,1804,0.114994
4,187,1804,0.115965
4,187,1804,0.113894
4,187,1804,0.113783
4,187,1804,0.112106
4,187,1804,0.115140
4,188,1805,0.110699
4,188,1805,0.114972
4,188,1805,0.114379
4,188,1805,0.113950
4,188,1805,0.118352
4,188,1805,0.114994
4,189,1806,0.115862
4,189,1806,0.114496
4,189,1806,0.119641
4,189,1806,0.114968
4,189,1806,0.119024
4,189,1806,0.112020
4,190,1807,0.115293
4,190,1807,0.115390
4,190,1807,0.112839
4,190,1807,0.119885
4,190,1807,0.111059
4,190,1807,0.115897
4,191,1808,0.116220
4,191,1808,0.113404
4,191,1808,0.119875
4,191,1808,0.119228
4,191,1808,0.110241
4,191,1808,0.115815
4,192,1809,0.120947
4,192,1809,0.120073
4,192,1809,0.112885
4,192,1809,0.113675
4,192,1809,0.111444
4,192,1809,0.111620
4,193,1810,0.110916
4,193,1810,0.113003
4,193,1810,0.117042
4,193,1810,0.114123
4,193,1810,0.113148
4,193,1810,0.114644
4,194,1811,0.113512
4,194,1811,0.115078
4,194,1811,0.114029
4,194,1811,0.112613
4,194,1811,0.116251
4,194,1811,0.113182
4,195,1812,0.115451
4,195,1812,0.118517
4,195,1812,0.118146
4,195,1812,0.120892
4,195,1812,0.113959
4,195,1812,0.114045
4,196,1813,0.111858
4,196,1813,0.114723
4,196,1813,0.115691
4,196,1813,0.116174
4,196,1813,0.112964
4,196,1813,0.111954
4,197,1814,0.115299
4,197,1814,0.122178
4,197,1814,0.111300
4,197,1814,0.116483
4,197,1814,0.115719
4,197,1814,0.111461
4,198,1815,0.114303
4,198,1815,0.110914
4,198,1815,0.113483
4,198,1815,0.113729
4,198,1815,0.115519
4,198,1815,0.113398
4,199,1816,0.114524
4,199,1816,0.114469
4,199,1816,0.115390
4,199,1816,0.117833
4,199,1816,0.113524
4,199,1816,0.115181
4,200,1817,0.111107
4,200,1817,0.115320
4,200,1817,0.115412
4,200,1817,0.113308
4,200,1817,0.118087
4,200,1817,0.115158
4,201,1818,0.116146
4,201,1818,0.113665
4,201,1818,0.115556
4,201,1818,0.116976
4,201,1818,0.114331
4,201,1818,0.113516
4,202,1819,0.119108
4,202,1819,0.115475
4,202,1819,0.114764
4,202,1819,0.112200
4,202,1819,0.111612
4,202,1819,0.111484
4,203,1820,0.116214
4,203,1820,0.117864
4,203,1820,0.115814
4,203,1820,0.114527
4,203,1820,0.118921
4,203,1820,0.115871
4,204,1821,0.117381
4,204,1821,0.113560
4,204,1821,0.113585
4,204,1821,0.112558
4,204,1821,0.113876
4,204,1821,0.114130
4,205,1822,0.114686
4,205,1822,0.111946
4,205,1822,0.115935
4,205,1822,0.115449
4,205,1822,0.113656
4,205,1822,0.113209
4,206,1823,0.114660
4,206,1823,0.116985
4,206,1823,0.115159
4,206,1823,0.115741
4,206,1823,0.116864
4,206,1823,0.112545
4,207,1824,0.118152
4,207,1824,0.113578
4,207,1824,0.113314
4,207,1824,0.116171
4,207,1824,0.111889
4,207,1824,0.117759
4,208,1825,0.116491
4,208,1825,0.116666
4,208,1825,0.112156
4,208,1825,0.114577
4,208,1825,0.112641
4,208,1825,0.118756
4,209,1826,0.112142
4,209,1826,0.118523
4,209,1826,0.116650
4,209,1826,0.118875
4,209,1826,0.114340
4,209,1826,0.112468
4,210,1827,0.119626
4,210,1827,0.113033
4,210,1827,0.115050
4,210,1827,0.115109
4,210,1827,0.113826
4,210,1827,0.116780
4,211,1828,0.111550
4,211,1828,0.115333
4,211,1828,0.113672
4,211,1828,0.114155
4,211,1828,0.112906
4,211,1828,0.116027
4,212,1829,0.113604
4,212,1829,0.111721
4,212,1829,0.113124
4,212,1829,0.117222
4,212,1829,0.109469
4,212,1829,0.116607
4,213,1830,0.116059
4,213,1830,0.112767
4,213,1830,0.115245
4,213,1830,0.112031
4,213,1830,0.115531
4,213,1830,0.112996
4,214,1831,0.112669
4,214,1831,0.118349
4,214,1831,0.113449
4,214,1831,0.114242
4,214,1831,0.118741
4,214,1831,0.112742
4,215,1832,0.115214
4,215,1832,0.112517
4,215,1832,0.116970
4,215,1832,0.113193
4,215,1832,0.116644
4,215,1832,0.115874
4,216,1833,0.115558
4,216,1833,0.113809
4,216,1833,0.117630
4,216,1833,0.109474
4,216,1833,0.117509
4,216,1833,0.112483
4,217,1834,0.113318
4,217,1834,0.114227
4,217,1834,0.111564
4,217,1834,0.112942
4,217,1834,0.114252
4,217,1834,0.120574
4,218,1835,0.116749
4,218,1835,0.114972
4,218,1835,0.113098
4,218,1835,0.114260
4,218,1835,0.117545
4,218,1835,0.113246
4,219,1836,0.111079
4,219,1836,0.114084
4,219,1836,0.112354
4,219,1836,0.112086
4,219,1836,0.113377
4,219,1836,0.114351
4,220,1837,0.115431
4,220,1837,0.115877
4,220,1837,0.112660
4,220,1837,0.115440
4,220,1837,0.116264
4,220,1837,0.115780
4,221,1838,0.114668
4,221,1838,0.120588
4,221,1838,0.119615
4,221,1838,0.115249
4,221,1838,0.114898
4,221,1838,0.115845
4,222,1839,0.112373
4,222,1839,0.111909
4,222,1839,0.111894
4,222,1839,0.116970
4,222,1839,0.119286
4,222,1839,0.111006
4,223,1840,0.115493
4,223,1840,0.113283
4,223,1840,0.118931
4,223,1840,0.114747
4,223,1840,0.114237
4,223,1840,0.111045
4,224,1841,0.115644
4,224,1841,0.114141
4,224,1841,0.112742
4,224,1841,0.112979
4,224,1841,0.115587
4,224,1841,0.113039
4,225,1842,0.114600
4,225,1842,0.114139
4,225,1842,0.118896
4,225,1842,0.112642
4,225,1842,0.111130
4,225,1842,0.111577
4,226,1843,0.120596
4,226,1843,0.114115
4,226,1843,0.115368
4,226,1843,0.113733
4,226,1843,0.113158
4,226,1843,0.113514
4,227,1844,0.112520
4,227,1844,0.114915
4,227,1844,0.119588
4,227,1844,0.117527
4,227,1844,0.114293
4,227,1844,0.113970
4,228,1845,0.112250
4,228,1845,0.112106
4,228,1845,0.116516
4,228,1845,0.115256
4,228,1845,0.112797
4,228,1845,0.112551
4,229,1846,0.113065
4,229,1846,0.112150
4,229,1846,0.117615
4,229,1846,0.116355
4,229,1846,0.116273
4,229,1846,0.113351
4,230,1847,0.113003
4,230,1847,0.119065
4,230,1847,0.111486
4,230,1847,0.112627
4,230,1847,0.111334
4,230,1847,0.117397
4,231,1848,0.113137
4,231,1848,0.117653
4,231,1848,0.115745
4,231,1848,0.113368
4,231,1848,0.112564
4,231,1848,0.111168
4,232,1849,0.114060
4,232,1849,0.111203
4,232,1849,0.116211
4,232,1849,0.114826
4,232,1849,0.112419
4,232,1849,0.112077
4,233,1850,0.111793
4,233,1850,0.117062
4,233,1850,0.117823
4,233,1850,0.114220
4,233,1850,0.109293
4,233,1850,0.113602
4,234,1851,0.113482
4,234,1851,0.113200
4,234,1851,0.113798
4,234,1851,0.116457
4,234,1851,0.116777
4,234,1851,0.114930
4,235,1852,0.115788
4,235,1852,0.117113
4,235,1852,0.113552
4,235,1852,0.115329
4,235,1852,0.115828
4,235,1852,0.112208
4,236,1853,0.111393
4,236,1853,0.112756
4,236,1853,0.117847
4,236,1853,0.112932
4,236,1853,0.112162
4,236,1853,0.111786
4,237,1854,0.114170
4,237,1854,0.114359
4,237,1854,0.116806
4,237,1854,0.113586
4,237,1854,0.114147
4,237,1854,0.112729
4,238,1855,0.112156
4,238,1855,0.111247
4,238,1855,0.113575
4,238,1855,0.113437
4,238,1855,0.109932
4,238,1855,0.114665
4,239,1856,0.113271
4,239,1856,0.114665
4,239,1856,0.116874
4,239,1856,0.116523
4,239,1856,0.115400
4,239,1856,0.114034
4,240,1857,0.114428
4,240,1857,0.111186
4,240,1857,0.111168
4,240,1857,0.112694
4,240,1857,0.117712
4,240,1857,0.110069
4,241,1858,0.112734
4,241,1858,0.113524
4,241,1858,0.114649
4,241,1858,0.111890
4,241,1858,0.116571
4,241,1858,0.113740
4,242,1859,0.111408
4,242,1859,0.113205
4,242,1859,0.114437
4,242,1859,0.114958
4,242,1859,0.114006
4,242,1859,0.114416
4,243,1860,0.112448
4,243,1860,0.118897
4,243,1860,0.112431
4,243,1860,0.113981
4,243,1860,0.115962
4,243,1860,0.115341
4,244,1861,0.113929
4,244,1861,0.117095
4,244,1861,0.113357
4,244,1861,0.119062
4,244,1861,0.109522
4,244,1861,0.112361
4,245,1862,0.111323
4,245,1862,0.112011
4,245,1862,0.110664
4,245,1862,0.116356
4,245,1862,0.112478
4,245,1862,0.112442
4,246,1863,0.117677
4,246,1863,0.115040
4,246,1863,0.113095
4,246,1863,0.120398
4,246,1863,0.113503
4,246,1863,0.109399
4,247,1864,0.114171
4,247,1864,0.116984
4,247,1864,0.115642
4,247,1864,0.112600
4,247,1864,0.113786
4,247,1864,0.118200
4,248,1865,0.114445
4,248,1865,0.118958
4,248,1865,0.114631
4,248,1865,0.115958
4,248,1865,0.111188
4,248,1865,0.115896
4,249,1866,0.115867
4,249,1866,0.113403
4,249,1866,0.116842
4,249,1866,0.112776
4,249,1866,0.114969
4,249,1866,0.112019
4,250,1867,0.113928
4,250,1867,0.115029
4,250,1867,0.112795
4,250,1867,0.116702
4,250,1867,0.113047
4,250,1867,0.111879
4,251,1868,0.115916
4,251,1868,0.111902
4,251,1868,0.119229
4,251,1868,0.111224
4,251,1868,0.114451
4,251,1868,0.113591
4,252,1869,0.113116
4,252,1869,0.114858
4,252,1869,0.112954
4,252,1869,0.111298
4,252,1869,0.109631
4,252,1869,0.113353
4,253,1870,0.114026
4,253,1870,0.114169
4,253,1870,0.114063
4,253,1870,0.116208
4,253,1870,0.115663
4,253,1870,0.108950
4,254,1871,0.117306
4,254,1871,0.111485
4,254,1871,0.114593
4,254,1871,0.114897
4,254,1871,0.114566
4,254,1871,0.112902
4,255,1872,0.120978
4,255,1872,0.112841
4,255,1872,0.115397
4,255,1872,0.109551
4,255,1872,0.117509
4,255,1872,0.116945
4,256,1873,0.114589
4,256,1873,0.112365
4,256,1873,0.113605
4,256,1873,0.115263
4,256,1873,0.115694
4,256,1873,0.120223
4,257,1874,0.114238
4,257,1874,0.112396
4,257,1874,0.113703
4,257,1874,0.112967
4,257,1874,0.113516
4,257,1874,0.116592
4,258,1875,0.113135
4,258,1875,0.110034
4,258,1875,0.110120
4,258,1875,0.117316
4,258,1875,0.112329
4,258,1875,0.119311
4,259,1876,0.114461
4,259,1876,0.115533
4,259,1876,0.114583
4,259,1876,0.119173
4,259,1876,0.116200
4,259,1876,0.112643
4,260,1877,0.114241
4,260,1877,0.111291
4,260,1877,0.113797
4,260,1877,0.113047
4,260,1877,0.114016
4,260,1877,0.114952
4,261,1878,0.114377
4,261,1878,0.113744
4,261,1878,0.113729
4,261,1878,0.114143
4,261,1878,0.112991
4,261,1878,0.110850
4,262,1879,0.116521
4,262,1879,0.113413
4,262,1879,0.114149
4,262,1879,0.120965
4,262,1879,0.108923
4,262,1879,0.111360
4,263,1880,0.114511
4,263,1880,0.113751
4,263,1880,0.114159
4,263,1880,0.113190
4,263,1880,0.113070
4,263,1880,0.118857
4,264,1881,0.115396
4,264,1881,0.120125
4,264,1881,0.111980
4,264,1881,0.116330
4,264,1881,0.118934
4,264,1881,0.110911
4,265,1882,0.112232
4,265,1882,0.114390
4,265,1882,0.114836
4,265,1882,0.114630
4,265,1882,0.114625
4,265,1882,0.114805
4,266,1883,0.114054
4,266,1883,0.113457
4,266,1883,0.114214
4,266,1883,0.119196
4,266,1883,0.115605
4,266,1883,0.113034
4,267,1884,0.114470
4,267,1884,0.113312
4,267,1884,0.114316
4,267,1884,0.112363
4,267,1884,0.112812
4,267,1884,0.114531
4,268,1885,0.112547
4,268,1885,0.112665
4,268,1885,0.115953
4,268,1885,0.111819
4,268,1885,0.113771
4,268,1885,0.114598
4,269,1886,0.113360
4,269,1886,0.111367
4,269,1886,0.114003
4,269,1886,0.114242
4,269,1886,0.116402
4,269,1886,0.114961
4,270,1887,0.112157
4,270,1887,0.111817
4,270,1887,0.116747
4,270,1887,0.109515
4,270,1887,0.114834
4,270,1887,0.111713
4,271,1888,0.112155
4,271,1888,0.112179
4,271,1888,0.118068
4,271,1888,0.118486
4,271,1888,0.115026
4,271,1888,0.116034
4,272,1889,0.117371
4,272,1889,0.114752
4,272,1889,0.115556
4,272,1889,0.115893
4,272,1889,0.110811
4,272,1889,0.112392
4,273,1890,0.114997
4,273,1890,0.110570
4,273,1890,0.114843
4,273,1890,0.113581
4,273,1890,0.112182
4,273,1890,0.113057
4,274,1891,0.111943
4,274,1891,0.111807
4,274,1891,0.113611
4,274,1891,0.111496
4,274,1891,0.113350
4,274,1891,0.112159
4,275,1892,0.113423
4,275,1892,0.114250
4,275,1892,0.113908
4,275,1892,0.111557
4,275,1892,0.111694
4,275,1892,0.113136
4,276,1893,0.111443
4,276,1893,0.120522
4,276,1893,0.117540
4,276,1893,0.113368
4,276,1893,0.117205
4,276,1893,0.113883
4,277,1894,0.112914
4,277,1894,0.113309
4,277,1894,0.110819
4,277,1894,0.111814
4,277,1894,0.112586
4,277,1894,0.114283
4,278,1895,0.113029
4,278,1895,0.111511
4,278,1895,0.113077
4,278,1895,0.113062
4,278,1895,0.114915
4,278,1895,0.114175
4,279,1896,0.113122
4,279,1896,0.115325
4,279,1896,0.113986
4,279,1896,0.116551
4,279,1896,0.114884
4,279,1896,0.113192
4,280,1897,0.112525
4,280,1897,0.113903
4,280,1897,0.110302
4,280,1897,0.113358
4,280,1897,0.119750
4,280,1897,0.114898
4,281,1898,0.116687
4,281,1898,0.114459
4,281,1898,0.116520
4,281,1898,0.113281
4,281,1898,0.116264
4,281,1898,0.118479
4,282,1899,0.113082
4,282,1899,0.115379
4,282,1899,0.114882
4,282,1899,0.113144
4,282,1899,0.112561
4,282,1899,0.107318
4,283,1900,0.113518
4,283,1900,0.113099
4,283,1900,0.115072
4,283,1900,0.112864
4,283,1900,0.114929
4,283,1900,0.112761
4,284,1901,0.116310
4,284,1901,0.111755
4,284,1901,0.115494
4,284,1901,0.115946
4,284,1901,0.114421
4,284,1901,0.111841
4,285,1902,0.112668
4,285,1902,0.113556
4,285,1902,0.111578
4,285,1902,0.119171
4,285,1902,0.117632
4,285,1902,0.114699
4,286,1903,0.111977
4,286,1903,0.112149
4,286,1903,0.120272
4,286,1903,0.111445
4,286,1903,0.116336
4,286,1903,0.112077
4,287,1904,0.114790
4,287,1904,0.109091
4,287,1904,0.114759
4,287,1904,0.115028
4,287,1904,0.117865
4,287,1904,0.112746
4,288,1905,0.116868
4,288,1905,0.116791
4,288,1905,0.115911
4,288,1905,0.115707
4,288,1905,0.110217
4,288,1905,0.112018
4,289,1906,0.114098
4,289,1906,0.115762
4,289,1906,0.122134
4,289,1906,0.113314
4,289,1906,0.114241
4,289,1906,0.110131
4,290,1907,0.121063
4,290,1907,0.114550
4,290,1907,0.113166
4,290,1907,0.114912
4,290,1907,0.113357
4,290,1907,0.111956
4,291,1908,0.113218
4,291,1908,0.115899
4,291,1908,0.113848
4,291,1908,0.114779
4,291,1908,0.113548
4,291,1908,0.119740
4,292,1909,0.117242
4,292,1909,0.117374
4,292,1909,0.114959
4,292,1909,0.115562
4,292,1909,0.113043
4,292,1909,0.115293
4,293,1910,0.116682
4,293,1910,0.117396
4,293,1910,0.112280
4,293,1910,0.113539
4,293,1910,0.113905
4,293,1910,0.112597
4,294,1911,0.114218
4,294,1911,0.114105
4,294,1911,0.112562
4,294,1911,0.115515
4,294,1911,0.113971
4,294,1911,0.113989
4,295,1912,0.114262
4,295,1912,0.113208
4,295,1912,0.113018
4,295,1912,0.113773
4,295,1912,0.110012
4,295,1912,0.112448
4,296,1913,0.112919
4,296,1913,0.114606
4,296,1913,0.119761
4,296,1913,0.113727
4,296,1913,0.118032
4,296,1913,0.114294
4,297,1914,0.118469
4,297,1914,0.112672
4,297,1914,0.111250
4,297,1914,0.117386
4,297,1914,0.118008
4,297,1914,0.111741
4,298,1915,0.112954
4,298,1915,0.117161
4,298,1915,0.115286
4,298,1915,0.111412
4,298,1915,0.116589
4,298,1915,0.116624
4,299,1916,0.116769
4,299,1916,0.113058
4,299,1916,0.118430
4,299,1916,0.115285
4,299,1916,0.113397
4,299,1916,0.111594
4,300,1917,0.114845
4,300,1917,0.111752
4,300,1917,0.114103
4,300,1917,0.116009
4,300,1917,0.110315
4,300,1917,0.114050
4,301,1918,0.119501
4,301,1918,0.114400
4,301,1918,0.115083
4,301,1918,0.117677
4,301,1918,0.117304
4,301,1918,0.113935
4,302,1919,0.114323
4,302,1919,0.115952
4,302,1919,0.115855
4,302,1919,0.112051
4,302,1919,0.116391
4,302,1919,0.112481
4,303,1920,0.114442
4,303,1920,0.117080
4,303,1920,0.113102
4,303,1920,0.113118
4,303,1920,0.114102
4,303,1920,0.113095
4,304,1921,0.112454
4,304,1921,0.118056
4,304,1921,0.111623
4,304,1921,0.116852
4,304,1921,0.118993
4,304,1921,0.117792
4,305,1922,0.114573
4,305,1922,0.115941
4,305,1922,0.113269
4,305,1922,0.115336
4,305,1922,0.115019
4,305,1922,0.116215
4,306,1923,0.115686
4,306,1923,0.115987
4,306,1923,0.114241
4,306,1923,0.117779
4,306,1923,0.114249
4,306,1923,0.116295
4,307,1924,0.114637
4,307,1924,0.114699
4,307,1924,0.116687
4,307,1924,0.114494
4,307,1924,0.116191
4,307,1924,0.115123
4,308,1925,0.113676
4,308,1925,0.110542
4,308,1925,0.114616
4,308,1925,0.115310
4,308,1925,0.114306
4,308,1925,0.114156
4,309,1926,0.113828
4,309,1926,0.115028
4,309,1926,0.119210
4,309,1926,0.115314
4,309,1926,0.112722
4,309,1926,0.114076
4,310,1927,0.111804
4,310,1927,0.114589
4,310,1927,0.116469
4,310,1927,0.117789
4,310,1927,0.117976
4,310,1927,0.118216
4,311,1928,0.117474
4,311,1928,0.111093
4,311,1928,0.114142
4,311,1928,0.110557
4,311,1928,0.112404
4,311,1928,0.112364
4,312,1929,0.114583
4,312,1929,0.111572
4,312,1929,0.117689
4,312,1929,0.115081
4,312,1929,0.114022
4,312,1929,0.111898
4,313,1930,0.115958
4,313,1930,0.116094
4,313,1930,0.114133
4,313,1930,0.115481
4,313,1930,0.119965
4,313,1930,0.111179
4,314,1931,0.110856
4,314,1931,0.115476
4,314,1931,0.112169
4,314,1931,0.114357
4,314,1931,0.115247
4,314,1931,0.117544
4,315,1932,0.113741
4,315,1932,0.111204
4,315,1932,0.112881
4,315,1932,0.114245
4,315,1932,0.113593
4,315,1932,0.113711
4,316,1933,0.112275
4,316,1933,0.111992
4,316,1933,0.116217
4,316,1933,0.113596
4,316,1933,0.112411
4,316,1933,0.110184
4,317,1934,0.112467
4,317,1934,0.118727
4,317,1934,0.112880
4,317,1934,0.116595
4,317,1934,0.111264
4,317,1934,0.114080
4,318,1935,0.116965
4,318,1935,0.112903
4,318,1935,0.111885
4,318,1935,0.111440
4,318,1935,0.115666
4,318,1935,0.111911
4,319,1936,0.111895
4,319,1936,0.118610
4,319,1936,0.115482
4,319,1936,0.112643
4,319,1936,0.110916
4,319,1936,0.111649
4,320,1937,0.108481
4,320,1937,0.111822
4,320,1937,0.119138
4,320,1937,0.111279
4,320,1937,0.115759
4,320,1937,0.112802
4,321,1938,0.114359
4,321,1938,0.113305
4,321,1938,0.114176
4,321,1938,0.111363
4,321,1938,0.116082
4,321,1938,0.112485
4,322,1939,0.115250
4,322,1939,0.113761
4,322,1939,0.114573
4,322,1939,0.115989
4,322,1939,0.112618
4,322,1939,0.117331
4,323,1940,0.119382
4,323,1940,0.114285
4,323,1940,0.122179
4,323,1940,0.115771
4,323,1940,0.115221
4,323,1940,0.112328
4,324,1941,0.119446
4,324,1941,0.115383
4,324,1941,0.116671
4,324,1941,0.112338
4,324,1941,0.111455
4,324,1941,0.115077
4,325,1942,0.113821
4,325,1942,0.114545
4,325,1942,0.110317
4,325,1942,0.114004
4,325,1942,0.113354
4,325,1942,0.115809
4,326,1943,0.111266
4,326,1943,0.117256
4,326,1943,0.109235
4,326,1943,0.112213
4,326,1943,0.116546
4,326,1943,0.115657
4,327,1944,0.113070
4,327,1944,0.113775
4,327,1944,0.115578
4,327,1944,0.113218
4,327,1944,0.114591
4,327,1944,0.113579
4,328,1945,0.114571
4,328,1945,0.114589
4,328,1945,0.113828
4,328,1945,0.114634
4,328,1945,0.114116
4,328,1945,0.110749
4,329,1946,0.111850
4,329,1946,0.116112
4,329,1946,0.111755
4,329,1946,0.112153
4,329,1946,0.113084
4,329,1946,0.114145
4,330,1947,0.121401
4,330,1947,0.110290
4,330,1947,0.112797
4,330,1947,0.116448
4,330,1947,0.112042
4,330,1947,0.113403
4,331,1948,0.112690
4,331,1948,0.119753
4,331,1948,0.115607
4,331,1948,0.114394
4,331,1948,0.117458
4,331,1948,0.115189
4,332,1949,0.119595
4,332,1949,0.114448
4,332,1949,0.121994
4,332,1949,0.111660
4,332,1949,0.115501
4,332,1949,0.121026
4,333,1950,0.110430
4,333,1950,0.114328
4,333,1950,0.114320
4,333,1950,0.115157
4,333,1950,0.112661
4,333,1950,0.114408
4,334,1951,0.113182
4,334,1951,0.112492
4,334,1951,0.115241
4,334,1951,0.118768
4,334,1951,0.115165
4,334,1951,0.113317
4,335,1952,0.118093
4,335,1952,0.119687
4,335,1952,0.114264
4,335,1952,0.116845
4,335,1952,0.113511
4,335,1952,0.113832
4,336,1953,0.110748
4,336,1953,0.112754
4,336,1953,0.114728
4,336,1953,0.115727
4,336,1953,0.115792
4,336,1953,0.112777
4,337,1954,0.113520
4,337,1954,0.112088
4,337,1954,0.115487
4,337,1954,0.114525
4,337,1954,0.114071
4,337,1954,0.117327
4,338,1955,0.111758
4,338,1955,0.110820
4,338,1955,0.110905
4,338,1955,0.111066
4,338,1955,0.113564
4,338,1955,0.114540
4,339,1956,0.114282
4,339,1956,0.115777
4,339,1956,0.121352
4,339,1956,0.112534
4,339,1956,0.112817
4,339,1956,0.112839
4,340,1957,0.114226
4,340,1957,0.116996
4,340,1957,0.113555
4,340,1957,0.116027
4,340,1957,0.119964
4,340,1957,0.113891
4,341,1958,0.113120
4,341,1958,0.113920
4,341,1958,0.115981
4,341,1958,0.113282
4,341,1958,0.115849
4,341,1958,0.114541
4,342,1959,0.117838
4,342,1959,0.115219
4,342,1959,0.114594
4,342,1959,0.112505
4,342,1959,0.112783
4,342,1959,0.115350
4,343,1960,0.110796
4,343,1960,0.111448
4,343,1960,0.115267
4,343,1960,0.115568
4,343,1960,0.114834
4,343,1960,0.113472
4,344,1961,0.112218
4,344,1961,0.114569
4,344,1961,0.112407
4,344,1961,0.118518
4,344,1961,0.113875
4,344,1961,0.114507
4,345,1962,0.112180
4,345,1962,0.112915
4,345,1962,0.112974
4,345,1962,0.114485
4,345,1962,0.119240
4,345,1962,0.118585
4,346,1963,0.114212
4,346,1963,0.113438
4,346,1963,0.112119
4,346,1963,0.118189
4,346,1963,0.109480
4,346,1963,0.115390
4,347,1964,0.120234
4,347,1964,0.115274
4,347,1964,0.116274
4,347,1964,0.116401
4,347,1964,0.113874
4,347,1964,0.112904
4,348,1965,0.114880
4,348,1965,0.111951
4,348,1965,0.114001
4,348,1965,0.111248
4,348,1965,0.110174
4,348,1965,0.119590
4,349,1966,0.117488
4,349,1966,0.111203
4,349,1966,0.112555
4,349,1966,0.111084
4,349,1966,0.112939
4,349,1966,0.116639
4,350,1967,0.113930
4,350,1967,0.113839
4,350,1967,0.113496
4,350,1967,0.111648
4,350,1967,0.114905
4,350,1967,0.110574
4,351,1968,0.114206
4,351,1968,0.111113
4,351,1968,0.111152
4,351,1968,0.108651
4,351,1968,0.117796
4,351,1968,0.115655
4,352,1969,0.116269
4,352,1969,0.115493
4,352,1969,0.111869
4,352,1969,0.113927
4,352,1969,0.114699
4,352,1969,0.115317
4,353,1970,0.114202
4,353,1970,0.114753
4,353,1970,0.116119
4,353,1970,0.115279
4,353,1970,0.115667
4,353,1970,0.110049
4,354,1971,0.113074
4,354,1971,0.111957
4,354,1971,0.115776
4,354,1971,0.113174
4,354,1971,0.112984
4,354,1971,0.119157
4,355,1972,0.110351
4,355,1972,0.117021
4,355,1972,0.115943
4,355,1972,0.116529
4,355,1972,0.114963
4,355,1972,0.113732
4,356,1973,0.111722
4,356,1973,0.113370
4,356,1973,0.115745
4,356,1973,0.112485
4,356,1973,0.114248
4,356,1973,0.112564
4,357,1974,0.113529
4,357,1974,0.114088
4,357,1974,0.114109
4,357,1974,0.118292
4,357,1974,0.118951
4,357,1974,0.115393
4,358,1975,0.113907
4,358,1975,0.115584
4,358,1975,0.111788
4,358,1975,0.112458
4,358,1975,0.112545
4,358,1975,0.113578
4,359,1976,0.112619
4,359,1976,0.115503
4,359,1976,0.110472
4,359,1976,0.115749
4,359,1976,0.113701
4,359,1976,0.114653
4,360,1977,0.114007
4,360,1977,0.113878
4,360,1977,0.116549
4,360,1977,0.114340
4,360,1977,0.112460
4,360,1977,0.111521
4,361,1978,0.116296
4,361,1978,0.111132
4,361,1978,0.110984
4,361,1978,0.115185
4,361,1978,0.112391
4,361,1978,0.114476
4,362,1979,0.114303
4,362,1979,0.115407
4,362,1979,0.112860
4,362,1979,0.112956
4,362,1979,0.114954
4,362,1979,0.113590
4,363,1980,0.111095
4,363,1980,0.112734
4,363,1980,0.123170
4,363,1980,0.113855
4,363,1980,0.110915
4,363,1980,0.112196
4,364,1981,0.115704
4,364,1981,0.112506
4,364,1981,0.112892
4,364,1981,0.113044
4,364,1981,0.112935
4,364,1981,0.111690
4,365,1982,0.113964
4,365,1982,0.116414
4,365,1982,0.113588
4,365,1982,0.113777
4,365,1982,0.116572
4,365,1982,0.117026
4,366,1983,0.111098
4,366,1983,0.121260
4,366,1983,0.113270
4,366,1983,0.117915
4,366,1983,0.112986
4,366,1983,0.113356
4,367,1984,0.112346
4,367,1984,0.113897
4,367,1984,0.113295
4,367,1984,0.113629
4,367,1984,0.116345
4,367,1984,0.115360
4,368,1985,0.114815
4,368,1985,0.111659
4,368,1985,0.110678
4,368,1985,0.111399
4,368,1985,0.112381
4,368,1985,0.112191
4,369,1986,0.117236
4,369,1986,0.114542
4,369,1986,0.114093
4,369,1986,0.118780
4,369,1986,0.112792
4,369,1986,0.114517
4,370,1987,0.112920
4,370,1987,0.117157
4,370,1987,0.112296
4,370,1987,0.115641
4,370,1987,0.113911
4,370,1987,0.119691
4,371,1988,0.113346
4,371,1988,0.115278
4,371,1988,0.114745
4,371,1988,0.117298
4,371,1988,0.113817
4,371,1988,0.112267
4,372,1989,0.112793
4,372,1989,0.113651
4,372,1989,0.116804
4,372,1989,0.116923
4,372,1989,0.122678
4,372,1989,0.114081
4,373,1990,0.115255
4,373,1990,0.113117
4,373,1990,0.110727
4,373,1990,0.115912
4,373,1990,0.115393
4,373,1990,0.115953
4,374,1991,0.113881
4,374,1991,0.116042
4,374,1991,0.114589
4,374,1991,0.112059
4,374,1991,0.110305
4,374,1991,0.112960
4,375,1992,0.113736
4,375,1992,0.113641
4,375,1992,0.110315
4,375,1992,0.111447
4,375,1992,0.114570
4,375,1992,0.113210
4,376,1993,0.120469
4,376,1993,0.112661
4,376,1993,0.110437
4,376,1993,0.112820
4,376,1993,0.114753
4,376,1993,0.111430
4,377,1994,0.116833
4,377,1994,0.114281
4,377,1994,0.113107
4,377,1994,0.114732
4,377,1994,0.112506
4,377,1994,0.112922
4,378,1995,0.110796
4,378,1995,0.113777
4,378,1995,0.114029
4,378,1995,0.120240
4,378,1995,0.115047
4,378,1995,0.111870
4,379,1996,0.113270
4,379,1996,0.119296
4,379,1996,0.113963
4,379,1996,0.112476
4,379,1996,0.114652
4,379,1996,0.114532
4,380,1997,0.114487
4,380,1997,0.111682
4,380,1997,0.115148
4,380,1997,0.112268
4,380,1997,0.116366
4,380,1997,0.111692
4,381,1998,0.119858
4,381,1998,0.112568
4,381,1998,0.114698
4,381,1998,0.115225
4,381,1998,0.113030
4,381,1998,0.114321
4,382,1999,0.116331
4,382,1999,0.109873
4,382,1999,0.115702
4,382,1999,0.114670
4,382,1999,0.114298
4,382,1999,0.114252
4,383,2000,0.114412
4,383,2000,0.115925
4,383,2000,0.114190
4,383,2000,0.113280
4,383,2000,0.114357
4,383,2000,0.111950
4,384,2001,0.115593
4,384,2001,0.117180
4,384,2001,0.115370
4,384,2001,0.114836
4,384,2001,0.110907
4,384,2001,0.113462
4,385,2002,0.116072
4,385,2002,0.114505
4,385,2002,0.110970
4,385,2002,0.111998
4,385,2002,0.115323
4,385,2002,0.110545
4,386,2003,0.113173
4,386,2003,0.114218
4,386,2003,0.113140
4,386,2003,0.111916
4,386,2003,0.115543
4,386,2003,0.112033
4,387,2004,0.111279
4,387,2004,0.113412
4,387,2004,0.115247
4,387,2004,0.110636
4,387,2004,0.112109
4,387,2004,0.117430
4,388,2005,0.113082
4,388,2005,0.115793
4,388,2005,0.110975
4,388,2005,0.113759
4,388,2005,0.112830
4,388,2005,0.116489
4,389,2006,0.115201
4,389,2006,0.112776
4,389,2006,0.114109
4,389,2006,0.115303
4,389,2006,0.112088
4,389,2006,0.113960
4,390,2007,0.113564
4,390,2007,0.113551
4,390,2007,0.111616
4,390,2007,0.120633
4,390,2007,0.116116
4,390,2007,0.114181
4,391,2008,0.119496
4,391,2008,0.115432
4,391,2008,0.112911
4,391,2008,0.113298
4,391,2008,0.115925
4,391,2008,0.115399
4,392,2009,0.114458
4,392,2009,0.112808
4,392,2009,0.115673
4,392,2009,0.115525
4,392,2009,0.113587
4,392,2009,0.112095
4,393,2010,0.115896
4,393,2010,0.111770
4,393,2010,0.117135
4,393,2010,0.115578
4,393,2010,0.111355
4,393,2010,0.116775
4,394,2011,0.113771
4,394,2011,0.116183
4,394,2011,0.115669
4,394,2011,0.113555
4,394,2011,0.117273
4,394,2011,0.115935
4,395,2012,0.116730
4,395,2012,0.115164
4,395,2012,0.116601
4,395,2012,0.111354
4,395,2012,0.120529
4,395,2012,0.115938
4,396,2013,0.114024
4,396,2013,0.115288
4,396,2013,0.115491
4,396,2013,0.112867
4,396,2013,0.114837
4,396,2013,0.114227
4,397,2014,0.113668
4,397,2014,0.114931
4,397,2014,0.121405
4,397,2014,0.116685
4,397,2014,0.109789
4,397,2014,0.115453
4,398,2015,0.117529
4,398,2015,0.113166
4,398,2015,0.114155
4,398,2015,0.112413
4,398,2015,0.115495
4,398,2015,0.112118
4,399,2016,0.115409
4,399,2016,0.118242
4,399,2016,0.111947
4,399,2016,0.114284
4,399,2016,0.112978
4,399,2016,0.111167
4,400,2017,0.114152
4,400,2017,0.113276
4,400,2017,0.112636
4,400,2017,0.115983
4,400,2017,0.113251
4,400,2017,0.113853
4,401,2018,0.112391
4,401,2018,0.116534
4,401,2018,0.113968
4,401,2018,0.112634
4,401,2018,0.112333
4,401,2018,0.112353
4,402,2019,0.113725
4,402,2019,0.110159
4,402,2019,0.115015
4,402,2019,0.112453
4,402,2019,0.116524
4,402,2019,0.112406
4,403,2020,0.115004
4,403,2020,0.114441
4,403,2020,0.113612
4,403,2020,0.111784
4,403,2020,0.112530
4,403,2020,0.120161
4,404,2021,0.113346
4,404,2021,0.118068
4,404,2021,0.115118
4,404,2021,0.112399
4,404,2021,0.112239
4,404,2021,0.114323
4,405,2022,0.114189
4,405,2022,0.115112
4,405,2022,0.114926
4,405,2022,0.115987
4,405,2022,0.118880
4,405,2022,0.113152
4,406,2023,0.114173
4,406,2023,0.120535
4,406,2023,0.118536
4,406,2023,0.115746
4,406,2023,0.115566
4,406,2023,0.113412
4,407,2024,0.113149
4,407,2024,0.115912
4,407,2024,0.113589
4,407,2024,0.111330
4,407,2024,0.114928
4,407,2024,0.111592
4,408,2025,0.113369
4,408,2025,0.113742
4,408,2025,0.112664
4,408,2025,0.114890
4,408,2025,0.112078
4,408,2025,0.120751
4,409,2026,0.113682
4,409,2026,0.112722
4,409,2026,0.115162
4,409,2026,0.116323
4,409,2026,0.115215
4,409,2026,0.114366
4,410,2027,0.114659
4,410,2027,0.114259
4,410,2027,0.113796
4,410,2027,0.115121
4,410,2027,0.112123
4,410,2027,0.112936
4,411,2028,0.117741
4,411,2028,0.110049
4,411,2028,0.112805
4,411,2028,0.117330
4,411,2028,0.112793
4,411,2028,0.112279
4,412,2029,0.114177
4,412,2029,0.111832
4,412,2029,0.111828
4,412,2029,0.115279
4,412,2029,0.113019
4,412,2029,0.115468
4,413,2030,0.118073
4,413,2030,0.117322
4,413,2030,0.113761
4,413,2030,0.112897
4,413,2030,0.114795
4,413,2030,0.115380
4,414,2031,0.114639
4,414,2031,0.119380
4,414,2031,0.115317
4,414,2031,0.111773
4,414,2031,0.114746
4,414,2031,0.115913
4,415,2032,0.113363
4,415,2032,0.114936
4,415,2032,0.114114
4,415,2032,0.112393
4,415,2032,0.118566
4,415,2032,0.111315
4,416,2033,0.111069
4,416,2033,0.112897
4,416,2033,0.115823
4,416,2033,0.114323
4,416,2033,0.109997
4,416,2033,0.122578
4,417,2034,0.114998
4,417,2034,0.113685
4,417,2034,0.114352
4,417,2034,0.119938
4,417,2034,0.117522
4,417,2034,0.115857
4,418,2035,0.116197
4,418,2035,0.115565
4,418,2035,0.112835
4,418,2035,0.111255
4,418,2035,0.114613
4,418,2035,0.115831
4,419,2036,0.113804
4,419,2036,0.113049
4,419,2036,0.111168
4,419,2036,0.115752
4,419,2036,0.119299
4,419,2036,0.115497
4,420,2037,0.119274
4,420,2037,0.115822
4,420,2037,0.117646
4,420,2037,0.120694
4,420,2037,0.115857
4,420,2037,0.109911
4,421,2038,0.117928
4,421,2038,0.114329
4,421,2038,0.113523
4,421,2038,0.111710
4,421,2038,0.116598
4,421,2038,0.113157
4,422,2039,0.112591
4,422,2039,0.116140
4,422,2039,0.114054
4,422,2039,0.113090
4,422,2039,0.115170
4,422,2039,0.110446
4,423,2040,0.116173
4,423,2040,0.110711
4,423,2040,0.122187
4,423,2040,0.119442
4,423,2040,0.113935
4,423,2040,0.111267
4,424,2041,0.113941
4,424,2041,0.118617
4,424,2041,0.112090
4,424,2041,0.112193
4,424,2041,0.115402
4,424,2041,0.116382
4,425,2042,0.113843
4,425,2042,0.114759
4,425,2042,0.111659
4,425,2042,0.112416
4,425,2042,0.113853
4,425,2042,0.124159
4,426,2043,0.117049
4,426,2043,0.111409
4,426,2043,0.112228
4,426,2043,0.113284
4,426,2043,0.112268
4,426,2043,0.117320
4,427,2044,0.113816
4,427,2044,0.115939
4,427,2044,0.113846
4,427,2044,0.117737
4,427,2044,0.112179
4,427,2044,0.117611
4,428,2045,0.111185
4,428,2045,0.110453
4,428,2045,0.114888
4,428,2045,0.115393
4,428,2045,0.115982
4,428,2045,0.110866
4,429,2046,0.115977
4,429,2046,0.112375
4,429,2046,0.115292
4,429,2046,0.113272
4,429,2046,0.112931
4,429,2046,0.115058
4,430,2047,0.114564
4,430,2047,0.113804
4,430,2047,0.117762
4,430,2047,0.115584
4,430,2047,0.110761
4,430,2047,0.115678
4,431,2048,0.118525
4,431,2048,0.114341
4,431,2048,0.112123
4,431,2048,0.113837
4,431,2048,0.112174
4,431,2048,0.112138
4,432,2049,0.116217
4,432,2049,0.117662
4,432,2049,0.116096
4,432,2049,0.115166
4,432,2049,0.111401
4,432,2049,0.113311
4,433,2050,0.112751
4,433,2050,0.119554
4,433,2050,0.115877
4,433,2050,0.114757
4,433,2050,0.111902
4,433,2050,0.113923
4,434,2051,0.116159
4,434,2051,0.113444
4,434,2051,0.109372
4,434,2051,0.114396
4,434,2051,0.111319
4,434,2051,0.112200
4,435,2052,0.113329
4,435,2052,0.114625
4,435,2052,0.118705
4,435,2052,0.115412
4,435,2052,0.113119
4,435,2052,0.111965
4,436,2053,0.114384
4,436,2053,0.111829
4,436,2053,0.119383
4,436,2053,0.111318
4,436,2053,0.115776
4,436,2053,0.115787
4,437,2054,0.116565
4,437,2054,0.115511
4,437,2054,0.115221
4,437,2054,0.118490
4,437,2054,0.114732
4,437,2054,0.115491
4,438,2055,0.112930
4,438,2055,0.113615
4,438,2055,0.111464
4,438,2055,0.112585
4,438,2055,0.116935
4,438,2055,0.112083
4,439,2056,0.114824
4,439,2056,0.115219
4,439,2056,0.120504
4,439,2056,0.116723
4,439,2056,0.114124
4,439,2056,0.110994
4,440,2057,0.112612
4,440,2057,0.111014
4,440,2057,0.111783
4,440,2057,0.111531
4,440,2057,0.117293
4,440,2057,0.107904
4,441,2058,0.115058
4,441,2058,0.113843
4,441,2058,0.115009
4,441,2058,0.113408
4,441,2058,0.112633
4,441,2058,0.116389
4,442,2059,0.112580
4,442,2059,0.117162
4,442,2059,0.112552
4,442,2059,0.111868
4,442,2059,0.114257
4,442,2059,0.112632
4,443,2060,0.118210
4,443,2060,0.108771
4,443,2060,0.112224
4,443,2060,0.116454
4,443,2060,0.114382
4,443,2060,0.109752
4,444,2061,0.113892
4,444,2061,0.111940
4,444,2061,0.113389
4,444,2061,0.113981
4,444,2061,0.109856
4,444,2061,0.113958
4,445,2062,0.115539
4,445,2062,0.113392
4,445,2062,0.110945
4,445,2062,0.115133
4,445,2062,0.121422
4,445,2062,0.115724
4,446,2063,0.117524
4,446,2063,0.114282
4,446,2063,0.117571
4,446,2063,0.109977
4,446,2063,0.111999
4,446,2063,0.119147
4,447,2064,0.112270
4,447,2064,0.109496
4,447,2064,0.116267
4,447,2064,0.113310
4,447,2064,0.112680
4,447,2064,0.111393
4,448,2065,0.114499
4,448,2065,0.112437
4,448,2065,0.116168
4,448,2065,0.113087
4,448,2065,0.114546
4,448,2065,0.113726
4,449,2066,0.112294
4,449,2066,0.113220
4,449,2066,0.114536
4,449,2066,0.113346
4,449,2066,0.108764
4,449,2066,0.113654
4,450,2067,0.115129
4,450,2067,0.119275
4,450,2067,0.116102
4,450,2067,0.117868
4,450,2067,0.114330
4,450,2067,0.112717
4,451,2068,0.110365
4,451,2068,0.119096
4,451,2068,0.114578
4,451,2068,0.113461
4,451,2068,0.112090
4,451,2068,0.119817
4,452,2069,0.111468
4,452,2069,0.112619
4,452,2069,0.111877
4,452,2069,0.109661
4,452,2069,0.119418
4,452,2069,0.111011
4,453,2070,0.112492
4,453,2070,0.111662
4,453,2070,0.116321
4,453,2070,0.113650
4,453,2070,0.111382
4,453,2070,0.114124
4,454,2071,0.113573
4,454,2071,0.113699
4,454,2071,0.112946
4,454,2071,0.111643
4,454,2071,0.113219
4,454,2071,0.112922
4,455,2072,0.113314
4,455,2072,0.114088
4,455,2072,0.111992
4,455,2072,0.114764
4,455,2072,0.115895
4,455,2072,0.119781
4,456,2073,0.114046
4,456,2073,0.112103
4,456,2073,0.111668
4,456,2073,0.116889
4,456,2073,0.112622
4,456,2073,0.110748
4,457,2074,0.115593
4,457,2074,0.114972
4,457,2074,0.117855
4,457,2074,0.111218
4,457,2074,0.116530
4,457,2074,0.111569
4,458,2075,0.111736
4,458,2075,0.117766
4,458,2075,0.113261
4,458,2075,0.111478
4,458,2075,0.115742
4,458,2075,0.112871
4,459,2076,0.113595
4,459,2076,0.110775
4,459,2076,0.113652
4,459,2076,0.118052
4,459,2076,0.115767
4,459,2076,0.112849
4,460,2077,0.115974
4,460,2077,0.113688
4,460,2077,0.113790
4,460,2077,0.113977
4,460,2077,0.110948
4,460,2077,0.115454
4,461,2078,0.113059
4,461,2078,0.109905
4,461,2078,0.113470
4,461,2078,0.114069
4,461,2078,0.114121
4,461,2078,0.115211
4,462,2079,0.117279
4,462,2079,0.112309
4,462,2079,0.113062
4,462,2079,0.113701
4,462,2079,0.113091
4,462,2079,0.117197
4,463,2080,0.119138
4,463,2080,0.115989
4,463,2080,0.112620
4,463,2080,0.114977
4,463,2080,0.113507
4,463,2080,0.112752
4,464,2081,0.114207
4,464,2081,0.112171
4,464,2081,0.113092
4,464,2081,0.112205
4,464,2081,0.114499
4,464,2081,0.113503
4,465,2082,0.111965
4,465,2082,0.114624
4,465,2082,0.115684
4,465,2082,0.112661
4,465,2082,0.114032
4,465,2082,0.112030
4,466,2083,0.113088
4,466,2083,0.110010
4,466,2083,0.115245
4,466,2083,0.113653
4,466,2083,0.113403
4,466,2083,0.111904
4,467,2084,0.114489
4,467,2084,0.110466
4,467,2084,0.110927
4,467,2084,0.111757
4,467,2084,0.113224
4,467,2084,0.115362
4,468,2085,0.115246
4,468,2085,0.114692
4,468,2085,0.110157
4,468,2085,0.114206
4,468,2085,0.112752
4,468,2085,0.111414
4,469,2086,0.114490
4,469,2086,0.110080
4,469,2086,0.114996
4,469,2086,0.119727
4,469,2086,0.111906
4,469,2086,0.110522
4,470,2087,0.116010
4,470,2087,0.117042
4,470,2087,0.112138
4,470,2087,0.112173
4,470,2087,0.113932
4,470,2087,0.112180
4,471,2088,0.118369
4,471,2088,0.114211
4,471,2088,0.113909
4,471,2088,0.121472
4,471,2088,0.110572
4,471,2088,0.112249
4,472,2089,0.114011
4,472,2089,0.112794
4,472,2089,0.112096
4,472,2089,0.112399
4,472,2089,0.111385
4,472,2089,0.112979
4,473,2090,0.112081
4,473,2090,0.111638
4,473,2090,0.112942
4,473,2090,0.111991
4,473,2090,0.113246
4,473,2090,0.112983
4,474,2091,0.112396
4,474,2091,0.114172
4,474,2091,0.115413
4,474,2091,0.115561
4,474,2091,0.112311
4,474,2091,0.116261
4,475,2092,0.112941
4,475,2092,0.112745
4,475,2092,0.111385
4,475,2092,0.110128
4,475,2092,0.111307
4,475,2092,0.112505
4,476,2093,0.115101
4,476,2093,0.116067
4,476,2093,0.111561
4,476,2093,0.115759
4,476,2093,0.112918
4,476,2093,0.111498
4,477,2094,0.114445
4,477,2094,0.111651
4,477,2094,0.112470
4,477,2094,0.115394
4,477,2094,0.114887
4,477,2094,0.111226
4,478,2095,0.120968
4,478,2095,0.112647
4,478,2095,0.111124
4,478,2095,0.120298
4,478,2095,0.114814
4,478,2095,0.123741
4,479,2096,0.120024
4,479,2096,0.115697
4,479,2096,0.117047
4,479,2096,0.116723
4,479,2096,0.115653
4,479,2096,0.115120
4,480,2097,0.114391
4,480,2097,0.111005
4,480,2097,0.113090
4,480,2097,0.114879
4,480,2097,0.112080
4,480,2097,0.114259
4,481,2098,0.114324
4,481,2098,0.112909
4,481,2098,0.114284
4,481,2098,0.114520
4,481,2098,0.112736
4,481,2098,0.113439
4,482,2099,0.113362
4,482,2099,0.114769
4,482,2099,0.112709
4,482,2099,0.114153
4,482,2099,0.114578
4,482,2099,0.109893
4,483,2100,0.111405
4,483,2100,0.113424
4,483,2100,0.115962
4,483,2100,0.114883
4,483,2100,0.111365
4,483,2100,0.114002
4,484,2101,0.113574
4,484,2101,0.113282
4,484,2101,0.113070
4,484,2101,0.109169
4,484,2101,0.113837
4,484,2101,0.118003
4,485,2102,0.114079
4,485,2102,0.111980
4,485,2102,0.117390
4,485,2102,0.111770
4,485,2102,0.114405
4,485,2102,0.116290
4,486,2103,0.117536
4,486,2103,0.111920
4,486,2103,0.116770
4,486,2103,0.113265
4,486,2103,0.111504
4,486,2103,0.115965
4,487,2104,0.117625
4,487,2104,0.115635
4,487,2104,0.115242
4,487,2104,0.112460
4,487,2104,0.113892
4,487,2104,0.111587
4,488,2105,0.111003
4,488,2105,0.113146
4,488,2105,0.114109
4,488,2105,0.115035
4,488,2105,0.114164
4,488,2105,0.112493
4,489,2106,0.115122
4,489,2106,0.112260
4,489,2106,0.112968
4,489,2106,0.111905
4,489,2106,0.111153
4,489,2106,0.114641
4,490,2107,0.117752
4,490,2107,0.113833
4,490,2107,0.116369
4,490,2107,0.113635
4,490,2107,0.111581
4,490,2107,0.115127
4,491,2108,0.115377
4,491,2108,0.115579
4,491,2108,0.112298
4,491,2108,0.112395
4,491,2108,0.116977
4,491,2108,0.113397
4,492,2109,0.115381
4,492,2109,0.116287
4,492,2109,0.118027
4,492,2109,0.115492
4,492,2109,0.113762
4,492,2109,0.112809
4,493,2110,0.112296
4,493,2110,0.110426
4,493,2110,0.115955
4,493,2110,0.118379
4,493,2110,0.114059
4,493,2110,0.108633
4,494,2111,0.113444
4,494,2111,0.116177
4,494,2111,0.114002
4,494,2111,0.114918
4,494,2111,0.114915
4,494,2111,0.114748
4,495,2112,0.114479
4,495,2112,0.115288
4,495,2112,0.109779
4,495,2112,0.117057
4,495,2112,0.113435
4,495,2112,0.110712
4,496,2113,0.112272
4,496,2113,0.113545
4,496,2113,0.115880
4,496,2113,0.114040
4,496,2113,0.120428
4,496,2113,0.115654
4,497,2114,0.116612
4,497,2114,0.115651
4,497,2114,0.119322
4,497,2114,0.111654
4,497,2114,0.113488
4,497,2114,0.110921
4,498,2115,0.118278
4,498,2115,0.114572
4,498,2115,0.113482
4,498,2115,0.116308
4,498,2115,0.110431
4,498,2115,0.112243
4,499,2116,0.111746
4,499,2116,0.118697
4,499,2116,0.114134
4,499,2116,0.114220
4,499,2116,0.113938
4,499,2116,0.110891
4,500,2117,0.116421
4,500,2117,0.112254
4,500,2117,0.113967
4,500,2117,0.109856
4,500,2117,0.112064
4,500,2117,0.112265
4,501,2118,0.113425
4,501,2118,0.110103
4,501,2118,0.119099
4,501,2118,0.110889
4,501,2118,0.112127
4,501,2118,0.111826
4,502,2119,0.121182
4,502,2119,0.113586
4,502,2119,0.114653
4,502,2119,0.111348
4,502,2119,0.115965
4,502,2119,0.113279
4,503,2120,0.112357
4,503,2120,0.111144
4,503,2120,0.113420
4,503,2120,0.111071
4,503,2120,0.109626
4,503,2120,0.113515
4,504,2121,0.113947
4,504,2121,0.121191
4,504,2121,0.112343
4,504,2121,0.116235
4,504,2121,0.113074
4,504,2121,0.115657
4,505,2122,0.114698
4,505,2122,0.116521
4,505,2122,0.116062
4,505,2122,0.112295
4,505,2122,0.113544
4,505,2122,0.113839
4,506,2123,0.111659
4,506,2123,0.113290
4,506,2123,0.114593
4,506,2123,0.114001
4,506,2123,0.122508
4,506,2123,0.114418
4,507,2124,0.110198
4,507,2124,0.116177
4,507,2124,0.111022
4,507,2124,0.115601
4,507,2124,0.117777
4,507,2124,0.118735
4,508,2125,0.117199
4,508,2125,0.112766
4,508,2125,0.113631
4,508,2125,0.113110
4,508,2125,0.111579
4,508,2125,0.114762
4,509,2126,0.112103
4,509,2126,0.114006
4,509,2126,0.117068
4,509,2126,0.120253
4,509,2126,0.113472
4,509,2126,0.111514
4,510,2127,0.116006
4,510,2127,0.110169
4,510,2127,0.111847
4,510,2127,0.112473
4,510,2127,0.115919
4,510,2127,0.111611
4,511,2128,0.116100
4,511,2128,0.111361
4,511,2128,0.113356
4,511,2128,0.112512
4,511,2128,0.113161
4,511,2128,0.110387
4,512,2129,0.115401
4,512,2129,0.113476
4,512,2129,0.113360
4,512,2129,0.113515
4,512,2129,0.113614
4,512,2129,0.111072
4,513,2130,0.114170
4,513,2130,0.115236
4,513,2130,0.111032
4,513,2130,0.115176
4,513,2130,0.114520
4,513,2130,0.118495
4,514,2131,0.115244
4,514,2131,0.116142
4,514,2131,0.113934
4,514,2131,0.111300
4,514,2131,0.116713
4,514,2131,0.112962
4,515,2132,0.113713
4,515,2132,0.113922
4,515,2132,0.112533
4,515,2132,0.112018
4,515,2132,0.111161
4,515,2132,0.114852
4,516,2133,0.115476
4,516,2133,0.112764
4,516,2133,0.114187
4,516,2133,0.116586
4,516,2133,0.116607
4,516,2133,0.113837
4,517,2134,0.114312
4,517,2134,0.115185
4,517,2134,0.111588
4,517,2134,0.112438
4,517,2134,0.112751
4,517,2134,0.113649
4,518,2135,0.113242
4,518,2135,0.111941
4,518,2135,0.113624
4,518,2135,0.115964
4,518,2135,0.108441
4,518,2135,0.114993
4,519,2136,0.113775
4,519,2136,0.117297
4,519,2136,0.113544
4,519,2136,0.114702
4,519,2136,0.117184
4,519,2136,0.112795
4,520,2137,0.109051
4,520,2137,0.114902
4,520,2137,0.114375
4,520,2137,0.122072
4,520,2137,0.114779
4,520,2137,0.115248
4,521,2138,0.114937
4,521,2138,0.115229
4,521,2138,0.114276
4,521,2138,0.113992
4,521,2138,0.123365
4,521,2138,0.114895
4,522,2139,0.115126
4,522,2139,0.110440
4,522,2139,0.111535
4,522,2139,0.112679
4,522,2139,0.112067
4,522,2139,0.116052
4,523,2140,0.112547
4,523,2140,0.117149
4,523,2140,0.112887
4,523,2140,0.112529
4,523,2140,0.114023
4,523,2140,0.115058
4,524,2141,0.113012
4,524,2141,0.109148
4,524,2141,0.116410
4,524,2141,0.114473
4,524,2141,0.115991
4,524,2141,0.113461
4,525,2142,0.113411
4,525,2142,0.111668
4,525,2142,0.117129
4,525,2142,0.110534
4,525,2142,0.112408
4,525,2142,0.116099
4,526,2143,0.116047
4,526,2143,0.111603
4,526,2143,0.113455
4,526,2143,0.112676
4,526,2143,0.114009
4,526,2143,0.112488
4,527,2144,0.115088
4,527,2144,0.116489
4,527,2144,0.112836
4,527,2144,0.116179
4,527,2144,0.109418
4,527,2144,0.115081
4,528,2145,0.118204
4,528,2145,0.113747
4,528,2145,0.114075
4,528,2145,0.111386
4,528,2145,0.117286
4,528,2145,0.113706
4,529,2146,0.112167
4,529,2146,0.113281
4,529,2146,0.117611
4,529,2146,0.111968
4,529,2146,0.113952
4,529,2146,0.111698
4,530,2147,0.116354
4,530,2147,0.115834
4,530,2147,0.118629
4,530,2147,0.113283
4,530,2147,0.117289
4,530,2147,0.111437
4,531,2148,0.112741
4,531,2148,0.114275
4,531,2148,0.115092
4,531,2148,0.112025
4,531,2148,0.112711
4,531,2148,0.114410
4,532,2149,0.114667
4,532,2149,0.116273
4,532,2149,0.111668
4,532,2149,0.112894
4,532,2149,0.116110
4,532,2149,0.113166
4,533,2150,0.110639
4,533,2150,0.116387
4,533,2150,0.115632
4,533,2150,0.117958
4,533,2150,0.110561
4,533,2150,0.114651
4,534,2151,0.111456
4,534,2151,0.114733
4,534,2151,0.113530
4,534,2151,0.110626
4,534,2151,0.112094
4,534,2151,0.112135
4,535,2152,0.113062
4,535,2152,0.110221
4,535,2152,0.116535
4,535,2152,0.118804
4,535,2152,0.114075
4,535,2152,0.113359
4,536,2153,0.113743
4,536,2153,0.113046
4,536,2153,0.113712
4,536,2153,0.114091
4,536,2153,0.112139
4,536,2153,0.114928
4,537,2154,0.112123
4,537,2154,0.113198
4,537,2154,0.112317
4,537,2154,0.112262
4,537,2154,0.112672
4,537,2154,0.120589
4,538,2155,0.112464
4,538,2155,0.113132
4,538,2155,0.110741
4,538,2155,0.112057
4,538,2155,0.111657
4,538,2155,0.111196
4,539,2156,0.114881
4,539,2156,0.114245
4,539,2156,0.110272
4,539,2156,0.111003
4,539,2156,0.114715
4,539,2156,0.115315
5,1,2157,0.113350
5,1,2157,0.114433
5,1,2157,0.113338
5,1,2157,0.113459
5,1,2157,0.113909
5,1,2157,0.113116
5,2,2158,0.113018
5,2,2158,0.115408
5,2,2158,0.110233
5,2,2158,0.113036
5,2,2158,0.114505
5,2,2158,0.111980
5,3,2159,0.113741
5,3,2159,0.111023
5,3,2159,0.110888
5,3,2159,0.116444
5,3,2159,0.111329
5,3,2159,0.114020
5,4,2160,0.113347
5,4,2160,0.113715
5,4,2160,0.112066
5,4,2160,0.114311
5,4,2160,0.111121
5,4,2160,0.113814
5,5,2161,0.114051
5,5,2161,0.114771
5,5,2161,0.110733
5,5,2161,0.113405
5,5,2161,0.112123
5,5,2161,0.112147
5,6,2162,0.114587
5,6,2162,0.123293
5,6,2162,0.115211
5,6,2162,0.110475
5,6,2162,0.109896
5,6,2162,0.114170
5,7,2163,0.112843
5,7,2163,0.111888
5,7,2163,0.111892
5,7,2163,0.111018
5,7,2163,0.112269
5,7,2163,0.110585
5,8,2164,0.114238
5,8,2164,0.112022
5,8,2164,0.112064
5,8,2164,0.111726
5,8,2164,0.113048
5,8,2164,0.120875
5,9,2165,0.113083
5,9,2165,0.116330
5,9,2165,0.115814
5,9,2165,0.115758
5,9,2165,0.110629
5,9,2165,0.112682
5,10,2166,0.113514
5,10,2166,0.108270
5,10,2166,0.110381
5,10,2166,0.117157
5,10,2166,0.116330
5,10,2166,0.113360
5,11,2167,0.114926
5,11,2167,0.110829
5,11,2167,0.114008
5,11,2167,0.112075
5,11,2167,0.113166
5,11,2167,0.117285
5,12,2168,0.114486
5,12,2168,0.113623
5,12,2168,0.112581
5,12,2168,0.115402
5,12,2168,0.112898
5,12,2168,0.112052
5,13,2169,0.116642
5,13,2169,0.113381
5,13,2169,0.108719
5,13,2169,0.112347
5,13,2169,0.111841
5,13,2169,0.108449
5,14,2170,0.118936
5,14,2170,0.115251
5,14,2170,0.119083
5,14,2170,0.112166
5,14,2170,0.116419
5,14,2170,0.113318
5,15,2171,0.115380
5,15,2171,0.110253
5,15,2171,0.116714
5,15,2171,0.116397
5,15,2171,0.112249
5,15,2171,0.109941
5,16,2172,0.112893
5,16,2172,0.109324
5,16,2172,0.114655
5,16,2172,0.112221
5,16,2172,0.112672
5,16,2172,0.111891
5,17,2173,0.117091
5,17,2173,0.111756
5,17,2173,0.113392
5,17,2173,0.116301
5,17,2173,0.112115
5,17,2173,0.109981
5,18,2174,0.110669
5,18,2174,0.111247
5,18,2174,0.113951
5,18,2174,0.111662
5,18,2174,0.114939
5,18,2174,0.112781
5,19,2175,0.115888
5,19,2175,0.113439
5,19,2175,0.113562
5,19,2175,0.115964
5,19,2175,0.113971
5,19,2175,0.111884
5,20,2176,0.112804
5,20,2176,0.112689
5,20,2176,0.113435
5,20,2176,0.113958
5,20,2176,0.110236
5,20,2176,0.116395
5,21,2177,0.108125
5,21,2177,0.118449
5,21,2177,0.111204
5,21,2177,0.117342
5,21,2177,0.114580
5,21,2177,0.119111
5,22,2178,0.112045
5,22,2178,0.112807
5,22,2178,0.112515
5,22,2178,0.111569
5,22,2178,0.110603
5,22,2178,0.113579
5,23,2179,0.111493
5,23,2179,0.113995
5,23,2179,0.111523
5,23,2179,0.112302
5,23,2179,0.116035
5,23,2179,0.112760
5,24,2180,0.111157
5,24,2180,0.113903
5,24,2180,0.111111
5,24,2180,0.114853
5,24,2180,0.112888
5,24,2180,0.113855
5,25,2181,0.112251
5,25,2181,0.114337
5,25,2181,0.113389
5,25,2181,0.113477
5,25,2181,0.111442
5,25,2181,0.113531
5,26,2182,0.114446
5,26,2182,0.111273
5,26,2182,0.117667
5,26,2182,0.114683
5,26,2182,0.112774
5,26,2182,0.110792
5,27,2183,0.114531
5,27,2183,0.116054
5,27,2183,0.114333
5,27,2183,0.113368
5,27,2183,0.114553
5,27,2183,0.111527
5,28,2184,0.109818
5,28,2184,0.113384
5,28,2184,0.112237
5,28,2184,0.114217
5,28,2184,0.111714
5,28,2184,0.112243
5,29,2185,0.114236
5,29,2185,0.111672
5,29,2185,0.115232
5,29,2185,0.117295
5,29,2185,0.110972
5,29,2185,0.120347
5,30,2186,0.113310
5,30,2186,0.111977
5,30,2186,0.117796
5,30,2186,0.111214
5,30,2186,0.112418
5,30,2186,0.114901
5,31,2187,0.120734
5,31,2187,0.113151
5,31,2187,0.114329
5,31,2187,0.116070
5,31,2187,0.112688
5,31,2187,0.119199
5,32,2188,0.115589
5,32,2188,0.112645
5,32,2188,0.114328
5,32,2188,0.108442
5,32,2188,0.112217
5,32,2188,0.113233
5,33,2189,0.113219
5,33,2189,0.114123
5,33,2189,0.111343
5,33,2189,0.109473
5,33,2189,0.112160
5,33,2189,0.111933
5,34,2190,0.111593
5,34,2190,0.119845
5,34,2190,0.111565
5,34,2190,0.113671
5,34,2190,0.115717
5,34,2190,0.110735
5,35,2191,0.113238
5,35,2191,0.115416
5,35,2191,0.114521
5,35,2191,0.115068
5,35,2191,0.115148
5,35,2191,0.112392
5,36,2192,0.115339
5,36,2192,0.113053
5,36,2192,0.112860
5,36,2192,0.116691
5,36,2192,0.112763
5,36,2192,0.111405
5,37,2193,0.112460
5,37,2193,0.112496
5,37,2193,0.111756
5,37,2193,0.113606
5,37,2193,0.114522
5,37,2193,0.110542
5,38,2194,0.111745
5,38,2194,0.113061
5,38,2194,0.113207
5,38,2194,0.113954
5,38,2194,0.120359
5,38,2194,0.114615
5,39,2195,0.111460
5,39,2195,0.113761
5,39,2195,0.114442
5,39,2195,0.114036
5,39,2195,0.112777
5,39,2195,0.110071
5,40,2196,0.115415
5,40,2196,0.114450
5,40,2196,0.112832
5,40,2196,0.113748
5,40,2196,0.115142
5,40,2196,0.114363
5,41,2197,0.116982
5,41,2197,0.113731
5,41,2197,0.114611
5,41,2197,0.118283
5,41,2197,0.110567
5,41,2197,0.113081
5,42,2198,0.114089
5,42,2198,0.118635
5,42,2198,0.114373
5,42,2198,0.113746
5,42,2198,0.114782
5,42,2198,0.110872
5,43,2199,0.116033
5,43,2199,0.112453
5,43,2199,0.115791
5,43,2199,0.110977
5,43,2199,0.115261
5,43,2199,0.112338
5,44,2200,0.115641
5,44,2200,0.115276
5,44,2200,0.116763
5,44,2200,0.112720
5,44,2200,0.116069
5,44,2200,0.114084
5,45,2201,0.112620
5,45,2201,0.110526
5,45,2201,0.114560
5,45,2201,0.114158
5,45,2201,0.111329
5,45,2201,0.111646
5,46,2202,0.109830
5,46,2202,0.118485
5,46,2202,0.114948
5,46,2202,0.111467
5,46,2202,0.116005
5,46,2202,0.110550
5,47,2203,0.112309
5,47,2203,0.112508
5,47,2203,0.115759
5,47,2203,0.110320
5,47,2203,0.110795
5,47,2203,0.110945
5,48,2204,0.113053
5,48,2204,0.112899
5,48,2204,0.111252
5,48,2204,0.113223
5,48,2204,0.113783
5,48,2204,0.112069
5,49,2205,0.114008
5,49,2205,0.112304
5,49,2205,0.112025
5,49,2205,0.113108
5,49,2205,0.112787
5,49,2205,0.113450
5,50,2206,0.111761
5,50,2206,0.113430
5,50,2206,0.108652
5,50,2206,0.111220
5,50,2206,0.112096
5,50,2206,0.112005
5,51,2207,0.113197
5,51,2207,0.115864
5,51,2207,0.111435
5,51,2207,0.109078
5,51,2207,0.110579
5,51,2207,0.114033
5,52,2208,0.116245
5,52,2208,0.112954
5,52,2208,0.114280
5,52,2208,0.114308
5,52,2208,0.111936
5,52,2208,0.112188
5,53,2209,0.111150
5,53,2209,0.114063
5,53,2209,0.116037
5,53,2209,0.110408
5,53,2209,0.113924
5,53,2209,0.116088
5,54,2210,0.112779
5,54,2210,0.113123
5,54,2210,0.111111
5,54,2210,0.112398
5,54,2210,0.114883
5,54,2210,0.114793
5,55,2211,0.114656
5,55,2211,0.113445
5,55,2211,0.114425
5,55,2211,0.116200
5,55,2211,0.110000
5,55,2211,0.111529
5,56,2212,0.114801
5,56,2212,0.112745
5,56,2212,0.118226
5,56,2212,0.115304
5,56,2212,0.118086
5,56,2212,0.112630
5,57,2213,0.112019
5,57,2213,0.110125
5,57,2213,0.119503
5,57,2213,0.112985
5,57,2213,0.114762
5,57,2213,0.111940
5,58,2214,0.111131
5,58,2214,0.111957
5,58,2214,0.112274
5,58,2214,0.117255
5,58,2214,0.113468
5,58,2214,0.112581
5,59,2215,0.116720
5,59,2215,0.112064
5,59,2215,0.113276
5,59,2215,0.114932
5,59,2215,0.111455
5,59,2215,0.117587
5,60,2216,0.115910
5,60,2216,0.112530
5,60,2216,0.113385
5,60,2216,0.119698
5,60,2216,0.115452
5,60,2216,0.116062
5,61,2217,0.112720
5,61,2217,0.113243
5,61,2217,0.113918
5,61,2217,0.112836
5,61,2217,0.113294
5,61,2217,0.112514
5,62,2218,0.111438
5,62,2218,0.114700
5,62,2218,0.114195
5,62,2218,0.109745
5,62,2218,0.116522
5,62,2218,0.111633
5,63,2219,0.110978
5,63,2219,0.119717
5,63,2219,0.111185
5,63,2219,0.113766
5,63,2219,0.109947
5,63,2219,0.114358
5,64,2220,0.113185
5,64,2220,0.112938
5,64,2220,0.111379
5,64,2220,0.114326
5,64,2220,0.110063
5,64,2220,0.114285
5,65,2221,0.118633
5,65,2221,0.116779
5,65,2221,0.113000
5,65,2221,0.116129
5,65,2221,0.111208
5,65,2221,0.112646
5,66,2222,0.108881
5,66,2222,0.115452
5,66,2222,0.112691
5,66,2222,0.114315
5,66,2222,0.115190
5,66,2222,0.114900
5,67,2223,0.115231
5,67,2223,0.111892
5,67,2223,0.113191
5,67,2223,0.112556
5,67,2223,0.114462
5,67,2223,0.111347
5,68,2224,0.120517
5,68,2224,0.112360
5,68,2224,0.113149
5,68,2224,0.116320
5,68,2224,0.111661
5,68,2224,0.118607
5,69,2225,0.114278
5,69,2225,0.110607
5,69,2225,0.114610
5,69,2225,0.112336
5,69,2225,0.110480
5,69,2225,0.114124
5,70,2226,0.113238
5,70,2226,0.115733
5,70,2226,0.112145
5,70,2226,0.119827
5,70,2226,0.123271
5,70,2226,0.113842
5,71,2227,0.113612
5,71,2227,0.114732
5,71,2227,0.112430
5,71,2227,0.112461
5,71,2227,0.112705
5,71,2227,0.112108
5,72,2228,0.116094
5,72,2228,0.115877
5,72,2228,0.112919
5,72,2228,0.111057
5,72,2228,0.114657
5,72,2228,0.113502
5,73,2229,0.111983
5,73,2229,0.113123
5,73,2229,0.110548
5,73,2229,0.112796
5,73,2229,0.113846
5,73,2229,0.113537
5,74,2230,0.112774
5,74,2230,0.112599
5,74,2230,0.116047
5,74,2230,0.112079
5,74,2230,0.115651
5,74,2230,0.114204
5,75,2231,0.119313
5,75,2231,0.112121
5,75,2231,0.116952
5,75,2231,0.112559
5,75,2231,0.113471
5,75,2231,0.112784
5,76,2232,0.112146
5,76,2232,0.112048
5,76,2232,0.112508
5,76,2232,0.111005
5,76,2232,0.112756
5,76,2232,0.112611
5,77,2233,0.114263
5,77,2233,0.111941
5,77,2233,0.113149
5,77,2233,0.111936
5,77,2233,0.115549
5,77,2233,0.117220
5,78,2234,0.111253
5,78,2234,0.113857
5,78,2234,0.112898
5,78,2234,0.118487
5,78,2234,0.111964
5,78,2234,0.110916
5,79,2235,0.115133
5,79,2235,0.116150
5,79,2235,0.114683
5,79,2235,0.111424
5,79,2235,0.117241
5,79,2235,0.112836
5,80,2236,0.115118
5,80,2236,0.112465
5,80,2236,0.115240
5,80,2236,0.113973
5,80,2236,0.112365
5,80,2236,0.114235
5,81,2237,0.112342
5,81,2237,0.117838
5,81,2237,0.113487
5,81,2237,0.112671
5,81,2237,0.111173
5,81,2237,0.114827
5,82,2238,0.116728
5,82,2238,0.114217
5,82,2238,0.113368
5,82,2238,0.112213
5,82,2238,0.111231
5,82,2238,0.117819
5,83,2239,0.118628
5,83,2239,0.113456
5,83,2239,0.111155
5,83,2239,0.110690
5,83,2239,0.115110
5,83,2239,0.113170
5,84,2240,0.110721
5,84,2240,0.112814
5,84,2240,0.116079
5,84,2240,0.110708
5,84,2240,0.120721
5,84,2240,0.112668
5,85,2241,0.114358
5,85,2241,0.114905
5,85,2241,0.111034
5,85,2241,0.116564
5,85,2241,0.111147
5,85,2241,0.110534
5,86,2242,0.115457
5,86,2242,0.111735
5,86,2242,0.113944
5,86,2242,0.111106
5,86,2242,0.112410
5,86,2242,0.115953
5,87,2243,0.115642
5,87,2243,0.115804
5,87,2243,0.112362
5,87,2243,0.114194
5,87,2243,0.111359
5,87,2243,0.114799
5,88,2244,0.114584
5,88,2244,0.112833
5,88,2244,0.112244
5,88,2244,0.111754
5,88,2244,0.113187
5,88,2244,0.112878
5,89,2245,0.118169
5,89,2245,0.114180
5,89,2245,0.113243
5,89,2245,0.112802
5,89,2245,0.111109
5,89,2245,0.111036
5,90,2246,0.110770
5,90,2246,0.112687
5,90,2246,0.112758
5,90,2246,0.112218
5,90,2246,0.111675
5,90,2246,0.111639
5,91,2247,0.111902
5,91,2247,0.115154
5,91,2247,0.109982
5,91,2247,0.114016
5,91,2247,0.113522
5,91,2247,0.114898
5,92,2248,0.112478
5,92,2248,0.113465
5,92,2248,0.114355
5,92,2248,0.115346
5,92,2248,0.112859
5,92,2248,0.117858
5,93,2249,0.112769
5,93,2249,0.116537
5,93,2249,0.115721
5,93,2249,0.110134
5,93,2249,0.115568
5,93,2249,0.114453
5,94,2250,0.110771
5,94,2250,0.112101
5,94,2250,0.109450
5,94,2250,0.112225
5,94,2250,0.115025
5,94,2250,0.118495
5,95,2251,0.115997
5,95,2251,0.112377
5,95,2251,0.113516
5,95,2251,0.116089
5,95,2251,0.114012
5,95,2251,0.114936
5,96,2252,0.120750
5,96,2252,0.116251
5,96,2252,0.112150
5,96,2252,0.110931
5,96,2252,0.118102
5,96,2252,0.113244
5,97,2253,0.111353
5,97,2253,0.113328
5,97,2253,0.113895
5,97,2253,0.112989
5,97,2253,0.117808
5,97,2253,0.120887
5,98,2254,0.117362
5,98,2254,0.111536
5,98,2254,0.113209
5,98,2254,0.112245
5,98,2254,0.111520
5,98,2254,0.113540
5,99,2255,0.116762
5,99,2255,0.109065
5,99,2255,0.113392
5,99,2255,0.110173
5,99,2255,0.113819
5,99,2255,0.113971
5,100,2256,0.112306
5,100,2256,0.122530
5,100,2256,0.115133
5,100,2256,0.115394
5,100,2256,0.115961
5,100,2256,0.114977
5,101,2257,0.109309
5,101,2257,0.113870
5,101,2257,0.112832
5,101,2257,0.111296
5,101,2257,0.113574
5,101,2257,0.115610
5,102,2258,0.117811
5,102,2258,0.114526
5,102,2258,0.116707
5,102,2258,0.120137
5,102,2258,0.116171
5,102,2258,0.111590
5,103,2259,0.114376
5,103,2259,0.112818
5,103,2259,0.114129
5,103,2259,0.111372
5,103,2259,0.109424
5,103,2259,0.111323
5,104,2260,0.112654
5,104,2260,0.112050
5,104,2260,0.114125
5,104,2260,0.110789
5,104,2260,0.113704
5,104,2260,0.111395
5,105,2261,0.116202
5,105,2261,0.119149
5,105,2261,0.115044
5,105,2261,0.112833
5,105,2261,0.112413
5,105,2261,0.111731
5,106,2262,0.116196
5,106,2262,0.112523
5,106,2262,0.118622
5,106,2262,0.115474
5,106,2262,0.113665
5,106,2262,0.111523
5,107,2263,0.114866
5,107,2263,0.112323
5,107,2263,0.111766
5,107,2263,0.116646
5,107,2263,0.113445
5,107,2263,0.115868
5,108,2264,0.117463
5,108,2264,0.112767
5,108,2264,0.110064
5,108,2264,0.115363
5,108,2264,0.114337
5,108,2264,0.111797
5,109,2265,0.118985
5,109,2265,0.114186
5,109,2265,0.113290
5,109,2265,0.114405
5,109,2265,0.112723
5,109,2265,0.117277
5,110,2266,0.114294
5,110,2266,0.112617
5,110,2266,0.110324
5,110,2266,0.113198
5,110,2266,0.113687
5,110,2266,0.113469
5,111,2267,0.111006
5,111,2267,0.116822
5,111,2267,0.115927
5,111,2267,0.112235
5,111,2267,0.110907
5,111,2267,0.112163
5,112,2268,0.113793
5,112,2268,0.111870
5,112,2268,0.112549
5,112,2268,0.112639
5,112,2268,0.111542
5,112,2268,0.118243
5,113,2269,0.111816
5,113,2269,0.111804
5,113,2269,0.113008
5,113,2269,0.111801
5,113,2269,0.112425
5,113,2269,0.110020
5,114,2270,0.113878
5,114,2270,0.116732
5,114,2270,0.115747
5,114,2270,0.111425
5,114,2270,0.122242
5,114,2270,0.115065
5,115,2271,0.112554
5,115,2271,0.112663
5,115,2271,0.112661
5,115,2271,0.113916
5,115,2271,0.110880
5,115,2271,0.111428
5,116,2272,0.114104
5,116,2272,0.116113
5,116,2272,0.115115
5,116,2272,0.113380
5,116,2272,0.109743
5,116,2272,0.114972
5,117,2273,0.115794
5,117,2273,0.113192
5,117,2273,0.119467
5,117,2273,0.114515
5,117,2273,0.113015
5,117,2273,0.111840
5,118,2274,0.111252
5,118,2274,0.114061
5,118,2274,0.113158
5,118,2274,0.117317
5,118,2274,0.116975
5,118,2274,0.112734
5,119,2275,0.110382
5,119,2275,0.111690
5,119,2275,0.118270
5,119,2275,0.113622
5,119,2275,0.113021
5,119,2275,0.112704
5,120,2276,0.110663
5,120,2276,0.109772
5,120,2276,0.111291
5,120,2276,0.114904
5,120,2276,0.118353
5,120,2276,0.113855
5,121,2277,0.111379
5,121,2277,0.112794
5,121,2277,0.113842
5,121,2277,0.112883
5,121,2277,0.110943
5,121,2277,0.116363
5,122,2278,0.112005
5,122,2278,0.116132
5,122,2278,0.113066
5,122,2278,0.114054
5,122,2278,0.111596
5,122,2278,0.113852
5,123,2279,0.111558
5,123,2279,0.114575
5,123,2279,0.112492
5,123,2279,0.114412
5,123,2279,0.114579
5,123,2279,0.109827
5,124,2280,0.109702
5,124,2280,0.113653
5,124,2280,0.109510
5,124,2280,0.118770
5,124,2280,0.111088
5,124,2280,0.115476
5,125,2281,0.113671
5,125,2281,0.112035
5,125,2281,0.112017
5,125,2281,0.112060
5,125,2281,0.113561
5,125,2281,0.117330
5,126,2282,0.114675
5,126,2282,0.112015
5,126,2282,0.112590
5,126,2282,0.115314
5,126,2282,0.113002
5,126,2282,0.111727
5,127,2283,0.116869
5,127,2283,0.112027
5,127,2283,0.112807
5,127,2283,0.112755
5,127,2283,0.114224
5,127,2283,0.115474
5,128,2284,0.111520
5,128,2284,0.114539
5,128,2284,0.111117
5,128,2284,0.114483
5,128,2284,0.114179
5,128,2284,0.112800
5,129,2285,0.115550
5,129,2285,0.114416
5,129,2285,0.112007
5,129,2285,0.111518
5,129,2285,0.113060
5,129,2285,0.112570
5,130,2286,0.109847
5,130,2286,0.113783
5,130,2286,0.113380
5,130,2286,0.109005
5,130,2286,0.114954
5,130,2286,0.114285
5,131,2287,0.112425
5,131,2287,0.109467
5,131,2287,0.112322
5,131,2287,0.114042
5,131,2287,0.113607
5,131,2287,0.114230
5,132,2288,0.111901
5,132,2288,0.112243
5,132,2288,0.113297
5,132,2288,0.116502
5,132,2288,0.117347
5,132,2288,0.113732
5,133,2289,0.113813
5,133,2289,0.111696
5,133,2289,0.113187
5,133,2289,0.113113
5,133,2289,0.116619
5,133,2289,0.112176
5,134,2290,0.112643
5,134,2290,0.114834
5,134,2290,0.113452
5,134,2290,0.115654
5,134,2290,0.111146
5,134,2290,0.113493
5,135,2291,0.110394
5,135,2291,0.112790
5,135,2291,0.111068
5,135,2291,0.115260
5,135,2291,0.112343
5,135,2291,0.116309
5,136,2292,0.111789
5,136,2292,0.112948
5,136,2292,0.115758
5,136,2292,0.112482
5,136,2292,0.112552
5,136,2292,0.115337
5,137,2293,0.112821
5,137,2293,0.108743
5,137,2293,0.112375
5,137,2293,0.109579
5,137,2293,0.112871
5,137,2293,0.112340
5,138,2294,0.113873
5,138,2294,0.113054
5,138,2294,0.116169
5,138,2294,0.113811
5,138,2294,0.113456
5,138,2294,0.113213
5,139,2295,0.112765
5,139,2295,0.112514
5,139,2295,0.113537
5,139,2295,0.109474
5,139,2295,0.116379
5,139,2295,0.112165
5,140,2296,0.109474
5,140,2296,0.113992
5,140,2296,0.112058
5,140,2296,0.115784
5,140,2296,0.113037
5,140,2296,0.113552
5,141,2297,0.112326
5,141,2297,0.111513
5,141,2297,0.118731
5,141,2297,0.113601
5,141,2297,0.117330
5,141,2297,0.116583
5,142,2298,0.118050
5,142,2298,0.110737
5,142,2298,0.115845
5,142,2298,0.110283
5,142,2298,0.113360
5,142,2298,0.110988
5,143,2299,0.117376
5,143,2299,0.116605
5,143,2299,0.112943
5,143,2299,0.116769
5,143,2299,0.110945
5,143,2299,0.114714
5,144,2300,0.113577
5,144,2300,0.114165
5,144,2300,0.113610
5,144,2300,0.113690
5,144,2300,0.112712
5,144,2300,0.115426
5,145,2301,0.115826
5,145,2301,0.114049
5,145,2301,0.111237
5,145,2301,0.111667
5,145,2301,0.115395
5,145,2301,0.112718
5,146,2302,0.111695
5,146,2302,0.114967
5,146,2302,0.114723
5,146,2302,0.117383
5,146,2302,0.113673
5,146,2302,0.112495
5,147,2303,0.111833
5,147,2303,0.112181
5,147,2303,0.110689
5,147,2303,0.115407
5,147,2303,0.111703
5,147,2303,0.119080
5,148,2304,0.111555
5,148,2304,0.113244
5,148,2304,0.111783
5,148,2304,0.114475
5,148,2304,0.117459
5,148,2304,0.113952
5,149,2305,0.112544
5,149,2305,0.113641
5,149,2305,0.115558
5,149,2305,0.108589
5,149,2305,0.110440
5,149,2305,0.112258
5,150,2306,0.113220
5,150,2306,0.113557
5,150,2306,0.110906
5,150,2306,0.113482
5,150,2306,0.114380
5,150,2306,0.108280
5,151,2307,0.114341
5,151,2307,0.113438
5,151,2307,0.113186
5,151,2307,0.111239
5,151,2307,0.113964
5,151,2307,0.114087
5,152,2308,0.114965
5,152,2308,0.113309
5,152,2308,0.120851
5,152,2308,0.116409
5,152,2308,0.111926
5,152,2308,0.112098
5,153,2309,0.113907
5,153,2309,0.108995
5,153,2309,0.115938
5,153,2309,0.112960
5,153,2309,0.110540
5,153,2309,0.116455
5,154,2310,0.115433
5,154,2310,0.112730
5,154,2310,0.114853
5,154,2310,0.115950
5,154,2310,0.113880
5,154,2310,0.112676
5,155,2311,0.109219
5,155,2311,0.113111
5,155,2311,0.116308
5,155,2311,0.113040
5,155,2311,0.113752
5,155,2311,0.114293
5,156,2312,0.111552
5,156,2312,0.115872
5,156,2312,0.112887
5,156,2312,0.112476
5,156,2312,0.114467
5,156,2312,0.111913
5,157,2313,0.114112
5,157,2313,0.111401
5,157,2313,0.108207
5,157,2313,0.110681
5,157,2313,0.113367
5,157,2313,0.111147
5,158,2314,0.111981
5,158,2314,0.114081
5,158,2314,0.112686
5,158,2314,0.112560
5,158,2314,0.116812
5,158,2314,0.111602
5,159,2315,0.115214
5,159,2315,0.113948
5,159,2315,0.111397
5,159,2315,0.115668
5,159,2315,0.112498
5,159,2315,0.110519
5,160,2316,0.114626
5,160,2316,0.113656
5,160,2316,0.108054
5,160,2316,0.114459
5,160,2316,0.111339
5,160,2316,0.116146
5,161,2317,0.115985
5,161,2317,0.113385
5,161,2317,0.116614
5,161,2317,0.110544
5,161,2317,0.111934
5,161,2317,0.112893
5,162,2318,0.112383
5,162,2318,0.115188
5,162,2318,0.111934
5,162,2318,0.111271
5,162,2318,0.114522
5,162,2318,0.116299
5,163,2319,0.116289
5,163,2319,0.115437
5,163,2319,0.112813
5,163,2319,0.111139
5,163,2319,0.113713
5,163,2319,0.111055
5,164,2320,0.110107
5,164,2320,0.113416
5,164,2320,0.115746
5,164,2320,0.112445
5,164,2320,0.112825
5,164,2320,0.111599
5,165,2321,0.112066
5,165,2321,0.111782
5,165,2321,0.115916
5,165,2321,0.112316
5,165,2321,0.111578
5,165,2321,0.115370
5,166,2322,0.116551
5,166,2322,0.113796
5,166,2322,0.111845
5,166,2322,0.110635
5,166,2322,0.111040
5,166,2322,0.112279
5,167,2323,0.114819
5,167,2323,0.114393
5,167,2323,0.113224
5,167,2323,0.109639
5,167,2323,0.115722
5,167,2323,0.113674
5,168,2324,0.111435
5,168,2324,0.110262
5,168,2324,0.113398
5,168,2324,0.113302
5,168,2324,0.112920
5,168,2324,0.112741
5,169,2325,0.112797
5,169,2325,0.111267
5,169,2325,0.117788
5,169,2325,0.116187
5,169,2325,0.115731
5,169,2325,0.113481
5,170,2326,0.115191
5,170,2326,0.117613
5,170,2326,0.113536
5,170,2326,0.111188
5,170,2326,0.113175
5,170,2326,0.115305
5,171,2327,0.109996
5,171,2327,0.116588
5,171,2327,0.111133
5,171,2327,0.109921
5,171,2327,0.111532
5,171,2327,0.110648
5,172,2328,0.111940
5,172,2328,0.112124
5,172,2328,0.114096
5,172,2328,0.111403
5,172,2328,0.110946
5,172,2328,0.114128
5,173,2329,0.113171
5,173,2329,0.113936
5,173,2329,0.109934
5,173,2329,0.112332
5,173,2329,0.113127
5,173,2329,0.113015
5,174,2330,0.117433
5,174,2330,0.112926
5,174,2330,0.110914
5,174,2330,0.110147
5,174,2330,0.111917
5,174,2330,0.114640
5,175,2331,0.119826
5,175,2331,0.112419
5,175,2331,0.114850
5,175,2331,0.112933
5,175,2331,0.116402
5,175,2331,0.108705
5,176,2332,0.113589
5,176,2332,0.112990
5,176,2332,0.113571
5,176,2332,0.111152
5,176,2332,0.113648
5,176,2332,0.114681
5,177,2333,0.114087
5,177,2333,0.111768
5,177,2333,0.112328
5,177,2333,0.112401
5,177,2333,0.113070
5,177,2333,0.112784
5,178,2334,0.112028
5,178,2334,0.111298
5,178,2334,0.111464
5,178,2334,0.111150
5,178,2334,0.115184
5,178,2334,0.113608
5,179,2335,0.114587
5,179,2335,0.114239
5,179,2335,0.113147
5,179,2335,0.113594
5,179,2335,0.112005
5,179,2335,0.116133
5,180,2336,0.109165
5,180,2336,0.113269
5,180,2336,0.112422
5,180,2336,0.113976
5,180,2336,0.113857
5,180,2336,0.111963
5,181,2337,0.114619
5,181,2337,0.108908
5,181,2337,0.117204
5,181,2337,0.112690
5,181,2337,0.114496
5,181,2337,0.116476
5,182,2338,0.114045
5,182,2338,0.112948
5,182,2338,0.114347
5,182,2338,0.110134
5,182,2338,0.120147
5,182,2338,0.114782
5,183,2339,0.110699
5,183,2339,0.111965
5,183,2339,0.118759
5,183,2339,0.111503
5,183,2339,0.115472
5,183,2339,0.112438
5,184,2340,0.115834
5,184,2340,0.112830
5,184,2340,0.110387
5,184,2340,0.115628
5,184,2340,0.110339
5,184,2340,0.110972
5,185,2341,0.110536
5,185,2341,0.109784
5,185,2341,0.113640
5,185,2341,0.115215
5,185,2341,0.113923
5,185,2341,0.110345
5,186,2342,0.113019
5,186,2342,0.114110
5,186,2342,0.114691
5,186,2342,0.114078
5,186,2342,0.112948
5,186,2342,0.110621
5,187,2343,0.112349
5,187,2343,0.115098
5,187,2343,0.117897
5,187,2343,0.111704
5,187,2343,0.112890
5,187,2343,0.112938
5,188,2344,0.114370
5,188,2344,0.114513
5,188,2344,0.111118
5,188,2344,0.114981
5,188,2344,0.111019
5,188,2344,0.119504
5,189,2345,0.113093
5,189,2345,0.113727
5,189,2345,0.115442
5,189,2345,0.117646
5,189,2345,0.112840
5,189,2345,0.116985
5,190,2346,0.113112
5,190,2346,0.117363
5,190,2346,0.112746
5,190,2346,0.113786
5,190,2346,0.113133
5,190,2346,0.114172
5,191,2347,0.113968
5,191,2347,0.114465
5,191,2347,0.115274
5,191,2347,0.112143
5,191,2347,0.115811
5,191,2347,0.117396
5,192,2348,0.111184
5,192,2348,0.112110
5,192,2348,0.109426
5,192,2348,0.117429
5,192,2348,0.117915
5,192,2348,0.114352
5,193,2349,0.114891
5,193,2349,0.114039
5,193,2349,0.113832
5,193,2349,0.110404
5,193,2349,0.111366
5,193,2349,0.113718
5,194,2350,0.113936
5,194,2350,0.115198
5,194,2350,0.113648
5,194,2350,0.117467
5,194,2350,0.112742
5,194,2350,0.114802
5,195,2351,0.116392
5,195,2351,0.111466
5,195,2351,0.114095
5,195,2351,0.111279
5,195,2351,0.115447
5,195,2351,0.112336
5,196,2352,0.114746
5,196,2352,0.113660
5,196,2352,0.120371
5,196,2352,0.114159
5,196,2352,0.107795
5,196,2352,0.111266
5,197,2353,0.111779
5,197,2353,0.114821
5,197,2353,0.110220
5,197,2353,0.113019
5,197,2353,0.111889
5,197,2353,0.109212
5,198,2354,0.115828
5,198,2354,0.113110
5,198,2354,0.114509
5,198,2354,0.114491
5,198,2354,0.111963
5,198,2354,0.112441
5,199,2355,0.113479
5,199,2355,0.111884
5,199,2355,0.117114
5,199,2355,0.112572
5,199,2355,0.112293
5,199,2355,0.118526
5,200,2356,0.113185
5,200,2356,0.111926
5,200,2356,0.110013
5,200,2356,0.112803
5,200,2356,0.114131
5,200,2356,0.114468
5,201,2357,0.113217
5,201,2357,0.115317
5,201,2357,0.117186
5,201,2357,0.113125
5,201,2357,0.114127
5,201,2357,0.114996
5,202,2358,0.112318
5,202,2358,0.114055
5,202,2358,0.112963
5,202,2358,0.111901
5,202,2358,0.112513
5,202,2358,0.115992
5,203,2359,0.118598
5,203,2359,0.110402
5,203,2359,0.115187
5,203,2359,0.112125
5,203,2359,0.112742
5,203,2359,0.114737
5,204,2360,0.109765
5,204,2360,0.113737
5,204,2360,0.113896
5,204,2360,0.113704
5,204,2360,0.113414
5,204,2360,0.112114
5,205,2361,0.122202
5,205,2361,0.112970
5,205,2361,0.112374
5,205,2361,0.112805
5,205,2361,0.115293
5,205,2361,0.117768
5,206,2362,0.112757
5,206,2362,0.117254
5,206,2362,0.112510
5,206,2362,0.114301
5,206,2362,0.111091
5,206,2362,0.114945
5,207,2363,0.118360
5,207,2363,0.112419
5,207,2363,0.112400
5,207,2363,0.111021
5,207,2363,0.115371
5,207,2363,0.111323
5,208,2364,0.111942
5,208,2364,0.120002
5,208,2364,0.112674
5,208,2364,0.119527
5,208,2364,0.113008
5,208,2364,0.111842
5,209,2365,0.114845
5,209,2365,0.109594
5,209,2365,0.113090
5,209,2365,0.115961
5,209,2365,0.114866
5,209,2365,0.113510
5,210,2366,0.117683
5,210,2366,0.112981
5,210,2366,0.115745
5,210,2366,0.116401
5,210,2366,0.114549
5,210,2366,0.112532
5,211,2367,0.116135
5,211,2367,0.115876
5,211,2367,0.111415
5,211,2367,0.110534
5,211,2367,0.111987
5,211,2367,0.115215
5,212,2368,0.115150
5,212,2368,0.114000
5,212,2368,0.112461
5,212,2368,0.110925
5,212,2368,0.113703
5,212,2368,0.112056
5,213,2369,0.114360
5,213,2369,0.112784
5,213,2369,0.113460
5,213,2369,0.109278
5,213,2369,0.113565
5,213,2369,0.111101
5,214,2370,0.112360
5,214,2370,0.114579
5,214,2370,0.118979
5,214,2370,0.123826
5,214,2370,0.110727
5,214,2370,0.119109
5,215,2371,0.117653
5,215,2371,0.120082
5,215,2371,0.112622
5,215,2371,0.112507
5,215,2371,0.111417
5,215,2371,0.114058
5,216,2372,0.111702
5,216,2372,0.116113
5,216,2372,0.112003
5,216,2372,0.111787
5,216,2372,0.116296
5,216,2372,0.112720
5,217,2373,0.113946
5,217,2373,0.112437
5,217,2373,0.114286
5,217,2373,0.110665
5,217,2373,0.109959
5,217,2373,0.113343
5,218,2374,0.112497
5,218,2374,0.114575
5,218,2374,0.118922
5,218,2374,0.113495
5,218,2374,0.114618
5,218,2374,0.114127
5,219,2375,0.110613
5,219,2375,0.110166
5,219,2375,0.113836
5,219,2375,0.112105
5,219,2375,0.114828
5,219,2375,0.114606
5,220,2376,0.110451
5,220,2376,0.113076
5,220,2376,0.110578
5,220,2376,0.113533
5,220,2376,0.115195
5,220,2376,0.115062
5,221,2377,0.110508
5,221,2377,0.117184
5,221,2377,0.114215
5,221,2377,0.112397
5,221,2377,0.109466
5,221,2377,0.112268
5,222,2378,0.111697
5,222,2378,0.112093
5,222,2378,0.113544
5,222,2378,0.113289
5,222,2378,0.112892
5,222,2378,0.110837
5,223,2379,0.113786
5,223,2379,0.109982
5,223,2379,0.116009
5,223,2379,0.118287
5,223,2379,0.115672
5,223,2379,0.117650
5,224,2380,0.114259
5,224,2380,0.112805
5,224,2380,0.112403
5,224,2380,0.116028
5,224,2380,0.107921
5,224,2380,0.110626
5,225,2381,0.111080
5,225,2381,0.121572
5,225,2381,0.113082
5,225,2381,0.113965
5,225,2381,0.110956
5,225,2381,0.112883
5,226,2382,0.110452
5,226,2382,0.112818
5,226,2382,0.114111
5,226,2382,0.112469
5,226,2382,0.111905
5,226,2382,0.118366
5,227,2383,0.113888
5,227,2383,0.116436
5,227,2383,0.114945
5,227,2383,0.113564
5,227,2383,0.110573
5,227,2383,0.113461
5,228,2384,0.113772
5,228,2384,0.111513
5,228,2384,0.110006
5,228,2384,0.115197
5,228,2384,0.113456
5,228,2384,0.116748
5,229,2385,0.111882
5,229,2385,0.113818
5,229,2385,0.113496
5,229,2385,0.111668
5,229,2385,0.112765
5,229,2385,0.114093
5,230,2386,0.112907
5,230,2386,0.113127
5,230,2386,0.115928
5,230,2386,0.110885
5,230,2386,0.113506
5,230,2386,0.113776
5,231,2387,0.118282
5,231,2387,0.115701
5,231,2387,0.112804
5,231,2387,0.121060
5,231,2387,0.117064
5,231,2387,0.116244
5,232,2388,0.114627
5,232,2388,0.111937
5,232,2388,0.120152
5,232,2388,0.110961
5,232,2388,0.112968
5,232,2388,0.117313
5,233,2389,0.114002
5,233,2389,0.116516
5,233,2389,0.115159
5,233,2389,0.113233
5,233,2389,0.111021
5,233,2389,0.112670
5,234,2390,0.113302
5,234,2390,0.112277
5,234,2390,0.113745
5,234,2390,0.111856
5,234,2390,0.112782
5,234,2390,0.109773
5,235,2391,0.117984
5,235,2391,0.113024
5,235,2391,0.116368
5,235,2391,0.114373
5,235,2391,0.111364
5,235,2391,0.113601
5,236,2392,0.112845
5,236,2392,0.112729
5,236,2392,0.114784
5,236,2392,0.116087
5,236,2392,0.112142
5,236,2392,0.112183
5,237,2393,0.117601
5,237,2393,0.114113
5,237,2393,0.109938
5,237,2393,0.118561
5,237,2393,0.114076
5,237,2393,0.109214
5,238,2394,0.114789
5,238,2394,0.113325
5,238,2394,0.115568
5,238,2394,0.111742
5,238,2394,0.110977
5,238,2394,0.108312
5,239,2395,0.122047
5,239,2395,0.113265
5,239,2395,0.114711
5,239,2395,0.113580
5,239,2395,0.114537
5,239,2395,0.114308
5,240,2396,0.114797
5,240,2396,0.111812
5,240,2396,0.110337
5,240,2396,0.119136
5,240,2396,0.115644
5,240,2396,0.114931
5,241,2397,0.113638
5,241,2397,0.110397
5,241,2397,0.115156
5,241,2397,0.118590
5,241,2397,0.113511
5,241,2397,0.113326
5,242,2398,0.111894
5,242,2398,0.109779
5,242,2398,0.110088
5,242,2398,0.118314
5,242,2398,0.112965
5,242,2398,0.114414
5,243,2399,0.109602
5,243,2399,0.112548
5,243,2399,0.110731
5,243,2399,0.112927
5,243,2399,0.112969
5,243,2399,0.111943
5,244,2400,0.113929
5,244,2400,0.109163
5,244,2400,0.114566
5,244,2400,0.114342
5,244,2400,0.113998
5,244,2400,0.112156
5,245,2401,0.116143
5,245,2401,0.112413
5,245,2401,0.113865
5,245,2401,0.111750
5,245,2401,0.118240
5,245,2401,0.113775
5,246,2402,0.113183
5,246,2402,0.112138
5,246,2402,0.113180
5,246,2402,0.112738
5,246,2402,0.111746
5,246,2402,0.111910
5,247,2403,0.113122
5,247,2403,0.115442
5,247,2403,0.111088
5,247,2403,0.112697
5,247,2403,0.115625
5,247,2403,0.108107
5,248,2404,0.109334
5,248,2404,0.114194
5,248,2404,0.112607
5,248,2404,0.117910
5,248,2404,0.117847
5,248,2404,0.110498
5,249,2405,0.117719
5,249,2405,0.113465
5,249,2405,0.113443
5,249,2405,0.115336
5,249,2405,0.116753
5,249,2405,0.111101
5,250,2406,0.112486
5,250,2406,0.115789
5,250,2406,0.111081
5,250,2406,0.112645
5,250,2406,0.112878
5,250,2406,0.112921
5,251,2407,0.118556
5,251,2407,0.114335
5,251,2407,0.114704
5,251,2407,0.112755
5,251,2407,0.114111
5,251,2407,0.117987
5,252,2408,0.112750
5,252,2408,0.116265
5,252,2408,0.110687
5,252,2408,0.112145
5,252,2408,0.114242
5,252,2408,0.112991
5,253,2409,0.109813
5,253,2409,0.113196
5,253,2409,0.114174
5,253,2409,0.111069
5,253,2409,0.112346
5,253,2409,0.114027
5,254,2410,0.115091
5,254,2410,0.113404
5,254,2410,0.111717
5,254,2410,0.112774
5,254,2410,0.114929
5,254,2410,0.110527
5,255,2411,0.111500
5,255,2411,0.114599
5,255,2411,0.112545
5,255,2411,0.115354
5,255,2411,0.115653
5,255,2411,0.112948
5,256,2412,0.113906
5,256,2412,0.118781
5,256,2412,0.111496
5,256,2412,0.111864
5,256,2412,0.115140
5,256,2412,0.112396
5,257,2413,0.111597
5,257,2413,0.112574
5,257,2413,0.114594
5,257,2413,0.116043
5,257,2413,0.112242
5,257,2413,0.114733
5,258,2414,0.113052
5,258,2414,0.114069
5,258,2414,0.117178
5,258,2414,0.115507
5,258,2414,0.111370
5,258,2414,0.114798
5,259,2415,0.109819
5,259,2415,0.118327
5,259,2415,0.113861
5,259,2415,0.117369
5,259,2415,0.112718
5,259,2415,0.116135
5,260,2416,0.113689
5,260,2416,0.113013
5,260,2416,0.110946
5,260,2416,0.112583
5,260,2416,0.110568
5,260,2416,0.111400
5,261,2417,0.110897
5,261,2417,0.117037
5,261,2417,0.110214
5,261,2417,0.114223
5,261,2417,0.113901
5,261,2417,0.114677
5,262,2418,0.113045
5,262,2418,0.113005
5,262,2418,0.111065
5,262,2418,0.111334
5,262,2418,0.111971
5,262,2418,0.110690
5,263,2419,0.116942
5,263,2419,0.108948
5,263,2419,0.112427
5,263,2419,0.114115
5,263,2419,0.115751
5,263,2419,0.114776
5,264,2420,0.120319
5,264,2420,0.113544
5,264,2420,0.110505
5,264,2420,0.115604
5,264,2420,0.110599
5,264,2420,0.113368
5,265,2421,0.112585
5,265,2421,0.110349
5,265,2421,0.113107
5,265,2421,0.113627
5,265,2421,0.111951
5,265,2421,0.112333
5,266,2422,0.113591
5,266,2422,0.111556
5,266,2422,0.109700
5,266,2422,0.110710
5,266,2422,0.112928
5,266,2422,0.118240
5,267,2423,0.115674
5,267,2423,0.114151
5,267,2423,0.115160
5,267,2423,0.115183
5,267,2423,0.112786
5,267,2423,0.113549
5,268,2424,0.113302
5,268,2424,0.111309
5,268,2424,0.113832
5,268,2424,0.112727
5,268,2424,0.113459
5,268,2424,0.110572
5,269,2425,0.109325
5,269,2425,0.114527
5,269,2425,0.111132
5,269,2425,0.113687
5,269,2425,0.110983
5,269,2425,0.113218
5,270,2426,0.112505
5,270,2426,0.112934
5,270,2426,0.119144
5,270,2426,0.111923
5,270,2426,0.113537
5,270,2426,0.116418
5,271,2427,0.111295
5,271,2427,0.110753
5,271,2427,0.119595
5,271,2427,0.114104
5,271,2427,0.110636
5,271,2427,0.111023
5,272,2428,0.112686
5,272,2428,0.113318
5,272,2428,0.112603
5,272,2428,0.112996
5,272,2428,0.112526
5,272,2428,0.115723
5,273,2429,0.114440
5,273,2429,0.112531
5,273,2429,0.115644
5,273,2429,0.113569
5,273,2429,0.109245
5,273,2429,0.114137
5,274,2430,0.110013
5,274,2430,0.112161
5,274,2430,0.115343
5,274,2430,0.113395
5,274,2430,0.112229
5,274,2430,0.112837
5,275,2431,0.113224
5,275,2431,0.114131
5,275,2431,0.113766
5,275,2431,0.114769
5,275,2431,0.113484
5,275,2431,0.119525
5,276,2432,0.110185
5,276,2432,0.112383
5,276,2432,0.111763
5,276,2432,0.113909
5,276,2432,0.113665
5,276,2432,0.109533
5,277,2433,0.112630
5,277,2433,0.118487
5,277,2433,0.114948
5,277,2433,0.114242
5,277,2433,0.113457
5,277,2433,0.113374
5,278,2434,0.115651
5,278,2434,0.114589
5,278,2434,0.115677
5,278,2434,0.114916
5,278,2434,0.118618
5,278,2434,0.110810
5,279,2435,0.115270
5,279,2435,0.112895
5,279,2435,0.111717
5,279,2435,0.111045
5,279,2435,0.112459
5,279,2435,0.112818
5,280,2436,0.110696
5,280,2436,0.111128
5,280,2436,0.111941
5,280,2436,0.114789
5,280,2436,0.119385
5,280,2436,0.111349
5,281,2437,0.111211
5,281,2437,0.115039
5,281,2437,0.111704
5,281,2437,0.112228
5,281,2437,0.112438
5,281,2437,0.117798
5,282,2438,0.120258
5,282,2438,0.111530
5,282,2438,0.110676
5,282,2438,0.115872
5,282,2438,0.113466
5,282,2438,0.112439
5,283,2439,0.112197
5,283,2439,0.111844
5,283,2439,0.116485
5,283,2439,0.112568
5,283,2439,0.112983
5,283,2439,0.115233
5,284,2440,0.110158
5,284,2440,0.114247
5,284,2440,0.112827
5,284,2440,0.109707
5,284,2440,0.112292
5,284,2440,0.114079
5,285,2441,0.116079
5,285,2441,0.117282
5,285,2441,0.111211
5,285,2441,0.109897
5,285,2441,0.112489
5,285,2441,0.114871
5,286,2442,0.114077
5,286,2442,0.109170
5,286,2442,0.115187
5,286,2442,0.110909
5,286,2442,0.109253
5,286,2442,0.109974
5,287,2443,0.113775
5,287,2443,0.110844
5,287,2443,0.112046
5,287,2443,0.117763
5,287,2443,0.113502
5,287,2443,0.113351
5,288,2444,0.113837
5,288,2444,0.108692
5,288,2444,0.113712
5,288,2444,0.112604
5,288,2444,0.111485
5,288,2444,0.111911
5,289,2445,0.114717
5,289,2445,0.111549
5,289,2445,0.114238
5,289,2445,0.112721
5,289,2445,0.109577
5,289,2445,0.114698
5,290,2446,0.111760
5,290,2446,0.112367
5,290,2446,0.113891
5,290,2446,0.112641
5,290,2446,0.112492
5,290,2446,0.114008
5,291,2447,0.114777
5,291,2447,0.119283
5,291,2447,0.118523
5,291,2447,0.110612
5,291,2447,0.114549
5,291,2447,0.112022
5,292,2448,0.110778
5,292,2448,0.117334
5,292,2448,0.110379
5,292,2448,0.113733
5,292,2448,0.112220
5,292,2448,0.112437
5,293,2449,0.112046
5,293,2449,0.112726
5,293,2449,0.119344
5,293,2449,0.111114
5,293,2449,0.113385
5,293,2449,0.118411
5,294,2450,0.118649
5,294,2450,0.110253
5,294,2450,0.117153
5,294,2450,0.112129
5,294,2450,0.112834
5,294,2450,0.115155
5,295,2451,0.114000
5,295,2451,0.114832
5,295,2451,0.113679
5,295,2451,0.113309
5,295,2451,0.113283
5,295,2451,0.111387
5,296,2452,0.112125
5,296,2452,0.112502
5,296,2452,0.111565
5,296,2452,0.113366
5,296,2452,0.110927
5,296,2452,0.113759
5,297,2453,0.113318
5,297,2453,0.113070
5,297,2453,0.111440
5,297,2453,0.113882
5,297,2453,0.112412
5,297,2453,0.110064
5,298,2454,0.113995
5,298,2454,0.112928
5,298,2454,0.116208
5,298,2454,0.114491
5,298,2454,0.111491
5,298,2454,0.117524
5,299,2455,0.112202
5,299,2455,0.116126
5,299,2455,0.112191
5,299,2455,0.112886
5,299,2455,0.111501
5,299,2455,0.112625
5,300,2456,0.110072
5,300,2456,0.112782
5,300,2456,0.111185
5,300,2456,0.113812
5,300,2456,0.110975
5,300,2456,0.112590
5,301,2457,0.110210
5,301,2457,0.109508
5,301,2457,0.112880
5,301,2457,0.110963
5,301,2457,0.112837
5,301,2457,0.109871
5,302,2458,0.111737
5,302,2458,0.111497
5,302,2458,0.112228
5,302,2458,0.115514
5,302,2458,0.115036
5,302,2458,0.113624
5,303,2459,0.114644
5,303,2459,0.112453
5,303,2459,0.119881
5,303,2459,0.113778
5,303,2459,0.113000
5,303,2459,0.108871
5,304,2460,0.111336
5,304,2460,0.113362
5,304,2460,0.115233
5,304,2460,0.112187
5,304,2460,0.113329
5,304,2460,0.114878
5,305,2461,0.113075
5,305,2461,0.117001
5,305,2461,0.110802
5,305,2461,0.112168
5,305,2461,0.110876
5,305,2461,0.114444
5,306,2462,0.112087
5,306,2462,0.116290
5,306,2462,0.112349
5,306,2462,0.113717
5,306,2462,0.111074
5,306,2462,0.108829
5,307,2463,0.114337
5,307,2463,0.112335
5,307,2463,0.111669
5,307,2463,0.112484
5,307,2463,0.114944
5,307,2463,0.112717
5,308,2464,0.116881
5,308,2464,0.116116
5,308,2464,0.113097
5,308,2464,0.111139
5,308,2464,0.114961
5,308,2464,0.110529
5,309,2465,0.116457
5,309,2465,0.111810
5,309,2465,0.112907
5,309,2465,0.113920
5,309,2465,0.113567
5,309,2465,0.114313
5,310,2466,0.110407
5,310,2466,0.111700
5,310,2466,0.112641
5,310,2466,0.117091
5,310,2466,0.112849
5,310,2466,0.112068
5,311,2467,0.111835
5,311,2467,0.119617
5,311,2467,0.110647
5,311,2467,0.112044
5,311,2467,0.114316
5,311,2467,0.110729
5,312,2468,0.113984
5,312,2468,0.114562
5,312,2468,0.111795
5,312,2468,0.111788
5,312,2468,0.111050
5,312,2468,0.111370
5,313,2469,0.117540
5,313,2469,0.115943
5,313,2469,0.112727
5,313,2469,0.111865
5,313,2469,0.113460
5,313,2469,0.111290
5,314,2470,0.110169
5,314,2470,0.115303
5,314,2470,0.115001
5,314,2470,0.111194
5,314,2470,0.110997
5,314,2470,0.116850
5,315,2471,0.110174
5,315,2471,0.113510
5,315,2471,0.115634
5,315,2471,0.113313
5,315,2471,0.110368
5,315,2471,0.111997
5,316,2472,0.113297
5,316,2472,0.113157
5,316,2472,0.118792
5,316,2472,0.111191
5,316,2472,0.114037
5,316,2472,0.110328
5,317,2473,0.118915
5,317,2473,0.112480
5,317,2473,0.112480
5,317,2473,0.116356
5,317,2473,0.110497
5,317,2473,0.111837
5,318,2474,0.111943
5,318,2474,0.115891
5,318,2474,0.112799
5,318,2474,0.112756
5,318,2474,0.113846
5,318,2474,0.111255
5,319,2475,0.114307
5,319,2475,0.110913
5,319,2475,0.111938
5,319,2475,0.113271
5,319,2475,0.111804
5,319,2475,0.115975
5,320,2476,0.114741
5,320,2476,0.114494
5,320,2476,0.112788
5,320,2476,0.112672
5,320,2476,0.111465
5,320,2476,0.111587
5,321,2477,0.115230
5,321,2477,0.113284
5,321,2477,0.113735
5,321,2477,0.117268
5,321,2477,0.109331
5,321,2477,0.108158
5,322,2478,0.113559
5,322,2478,0.115912
5,322,2478,0.111702
5,322,2478,0.115131
5,322,2478,0.116525
5,322,2478,0.110443
5,323,2479,0.112869
5,323,2479,0.111957
5,323,2479,0.118344
5,323,2479,0.114448
5,323,2479,0.110040
5,323,2479,0.112448
5,324,2480,0.113718
5,324,2480,0.115820
5,324,2480,0.113200
5,324,2480,0.116968
5,324,2480,0.116095
5,324,2480,0.108826
5,325,2481,0.115530
5,325,2481,0.114494
5,325,2481,0.112488
5,325,2481,0.111118
5,325,2481,0.109952
5,325,2481,0.112399
5,326,2482,0.113965
5,326,2482,0.115301
5,326,2482,0.109840
5,326,2482,0.111478
5,326,2482,0.114077
5,326,2482,0.112469
5,327,2483,0.114269
5,327,2483,0.116662
5,327,2483,0.110347
5,327,2483,0.115716
5,327,2483,0.112467
5,327,2483,0.112860
5,328,2484,0.113220
5,328,2484,0.112014
5,328,2484,0.112740
5,328,2484,0.113209
5,328,2484,0.118026
5,328,2484,0.114479
5,329,2485,0.115786
5,329,2485,0.121202
5,329,2485,0.112166
5,329,2485,0.111206
5,329,2485,0.115282
5,329,2485,0.113325
5,330,2486,0.115482
5,330,2486,0.113851
5,330,2486,0.116020
5,330,2486,0.116092
5,330,2486,0.112836
5,330,2486,0.112546
5,331,2487,0.113429
5,331,2487,0.114353
5,331,2487,0.114026
5,331,2487,0.109161
5,331,2487,0.111081
5,331,2487,0.113084
5,332,2488,0.111220
5,332,2488,0.112992
5,332,2488,0.112986
5,332,2488,0.112047
5,332,2488,0.114636
5,332,2488,0.113223
5,333,2489,0.115102
5,333,2489,0.109375
5,333,2489,0.110897
5,333,2489,0.112044
5,333,2489,0.114879
5,333,2489,0.111928
5,334,2490,0.112868
5,334,2490,0.114041
5,334,2490,0.115414
5,334,2490,0.113976
5,334,2490,0.113775
5,334,2490,0.111115
5,335,2491,0.111330
5,335,2491,0.112953
5,335,2491,0.111683
5,335,2491,0.113646
5,335,2491,0.114202
5,335,2491,0.111158
5,336,2492,0.116623
5,336,2492,0.113156
5,336,2492,0.111494
5,336,2492,0.108376
5,336,2492,0.111641
5,336,2492,0.111418
5,337,2493,0.114378
5,337,2493,0.111230
5,337,2493,0.113900
5,337,2493,0.115981
5,337,2493,0.112009
5,337,2493,0.112659
5,338,2494,0.111563
5,338,2494,0.114521
5,338,2494,0.113679
5,338,2494,0.117246
5,338,2494,0.111381
5,338,2494,0.112788
5,339,2495,0.110127
5,339,2495,0.113666
5,339,2495,0.112290
5,339,2495,0.113476
5,339,2495,0.109789
5,339,2495,0.114792
5,340,2496,0.114481
5,340,2496,0.118275
5,340,2496,0.109442
5,340,2496,0.116537
5,340,2496,0.118244
5,340,2496,0.114518
5,341,2497,0.115515
5,341,2497,0.113745
5,341,2497,0.110342
5,341,2497,0.110784
5,341,2497,0.114000
5,341,2497,0.112892
5,342,2498,0.111198
5,342,2498,0.113785
5,342,2498,0.111321
5,342,2498,0.112901
5,342,2498,0.115284
5,342,2498,0.112963
5,343,2499,0.113234
5,343,2499,0.118500
5,343,2499,0.112951
5,343,2499,0.113591
5,343,2499,0.113748
5,343,2499,0.113402
5,344,2500,0.113278
5,344,2500,0.113152
5,344,2500,0.110953
5,344,2500,0.113012
5,344,2500,0.112391
5,344,2500,0.112571
5,345,2501,0.112035
5,345,2501,0.111970
5,345,2501,0.111148
5,345,2501,0.115013
5,345,2501,0.114925
5,345,2501,0.109987
5,346,2502,0.114930
5,346,2502,0.114478
5,346,2502,0.117305
5,346,2502,0.110845
5,346,2502,0.114108
5,346,2502,0.112256
5,347,2503,0.117962
5,347,2503,0.112603
5,347,2503,0.113374
5,347,2503,0.113931
5,347,2503,0.110957
5,347,2503,0.111637
5,348,2504,0.114041
5,348,2504,0.111813
5,348,2504,0.117063
5,348,2504,0.112205
5,348,2504,0.115257
5,348,2504,0.115907
5,349,2505,0.113931
5,349,2505,0.112153
5,349,2505,0.115932
5,349,2505,0.115705
5,349,2505,0.112381
5,349,2505,0.114686
5,350,2506,0.113675
5,350,2506,0.112670
5,350,2506,0.110717
5,350,2506,0.113476
5,350,2506,0.116040
5,350,2506,0.114790
5,351,2507,0.114040
5,351,2507,0.118593
5,351,2507,0.113493
5,351,2507,0.115942
5,351,2507,0.112998
5,351,2507,0.111235
5,352,2508,0.112248
5,352,2508,0.114156
5,352,2508,0.116301
5,352,2508,0.111110
5,352,2508,0.110924
5,352,2508,0.115973
5,353,2509,0.116285
5,353,2509,0.111796
5,353,2509,0.115196
5,353,2509,0.110217
5,353,2509,0.109409
5,353,2509,0.112204
5,354,2510,0.114256
5,354,2510,0.113334
5,354,2510,0.111417
5,354,2510,0.116142
5,354,2510,0.112703
5,354,2510,0.115104
5,355,2511,0.111516
5,355,2511,0.113833
5,355,2511,0.111846
5,355,2511,0.114106
5,355,2511,0.115591
5,355,2511,0.111779
5,356,2512,0.111757
5,356,2512,0.112280
5,356,2512,0.113767
5,356,2512,0.114056
5,356,2512,0.115525
5,356,2512,0.113101
5,357,2513,0.118015
5,357,2513,0.115343
5,357,2513,0.115127
5,357,2513,0.109691
5,357,2513,0.112320
5,357,2513,0.116116
5,358,2514,0.118822
5,358,2514,0.116587
5,358,2514,0.113543
5,358,2514,0.114071
5,358,2514,0.113419
5,358,2514,0.119907
5,359,2515,0.114316
5,359,2515,0.113339
5,359,2515,0.112901
5,359,2515,0.111020
5,359,2515,0.108995
5,359,2515,0.110425
5,360,2516,0.110781
5,360,2516,0.115724
5,360,2516,0.111785
5,360,2516,0.113389
5,360,2516,0.111363
5,360,2516,0.113096
5,361,2517,0.118955
5,361,2517,0.112795
5,361,2517,0.113492
5,361,2517,0.111690
5,361,2517,0.110471
5,361,2517,0.114998
5,362,2518,0.111956
5,362,2518,0.112989
5,362,2518,0.112056
5,362,2518,0.114737
5,362,2518,0.111840
5,362,2518,0.114695
5,363,2519,0.112467
5,363,2519,0.110984
5,363,2519,0.113250
5,363,2519,0.114518
5,363,2519,0.111333
5,363,2519,0.112996
5,364,2520,0.111424
5,364,2520,0.114803
5,364,2520,0.113188
5,364,2520,0.114877
5,364,2520,0.112012
5,364,2520,0.114541
5,365,2521,0.115170
5,365,2521,0.110429
5,365,2521,0.110964
5,365,2521,0.114018
5,365,2521,0.113363
5,365,2521,0.116845
5,366,2522,0.115689
5,366,2522,0.111587
5,366,2522,0.115334
5,366,2522,0.114672
5,366,2522,0.112185
5,366,2522,0.111204
5,367,2523,0.113145
5,367,2523,0.113230
5,367,2523,0.114620
5,367,2523,0.114912
5,367,2523,0.114682
5,367,2523,0.116433
5,368,2524,0.112605
5,368,2524,0.112319
5,368,2524,0.110695
5,368,2524,0.111081
5,368,2524,0.113087
5,368,2524,0.113394
5,369,2525,0.113649
5,369,2525,0.116246
5,369,2525,0.116479
5,369,2525,0.115606
5,369,2525,0.112648
5,369,2525,0.113296
5,370,2526,0.111207
5,370,2526,0.112426
5,370,2526,0.112360
5,370,2526,0.113685
5,370,2526,0.111909
5,370,2526,0.115755
5,371,2527,0.113724
5,371,2527,0.119931
5,371,2527,0.115738
5,371,2527,0.111821
5,371,2527,0.119517
5,371,2527,0.114829
5,372,2528,0.109370
5,372,2528,0.112878
5,372,2528,0.110094
5,372,2528,0.114547
5,372,2528,0.114372
5,372,2528,0.113291
5,373,2529,0.110342
5,373,2529,0.114380
5,373,2529,0.112246
5,373,2529,0.113321
5,373,2529,0.109379
5,373,2529,0.109562
5,374,2530,0.116191
5,374,2530,0.112709
5,374,2530,0.115197
5,374,2530,0.115367
5,374,2530,0.110752
5,374,2530,0.114804
5,375,2531,0.116447
5,375,2531,0.121133
5,375,2531,0.113524
5,375,2531,0.113270
5,375,2531,0.112156
5,375,2531,0.113956
5,376,2532,0.114013
5,376,2532,0.109865
5,376,2532,0.113979
5,376,2532,0.110038
5,376,2532,0.113820
5,376,2532,0.111055
5,377,2533,0.112287
5,377,2533,0.112822
5,377,2533,0.110891
5,377,2533,0.113060
5,377,2533,0.112759
5,377,2533,0.113776
5,378,2534,0.112714
5,378,2534,0.111893
5,378,2534,0.114401
5,378,2534,0.108968
5,378,2534,0.114070
5,378,2534,0.115033
5,379,2535,0.115572
5,379,2535,0.119255
5,379,2535,0.111461
5,379,2535,0.111732
5,379,2535,0.112291
5,379,2535,0.112438
5,380,2536,0.111002
5,380,2536,0.113184
5,380,2536,0.116096
5,380,2536,0.109753
5,380,2536,0.114015
5,380,2536,0.114534
5,381,2537,0.117998
5,381,2537,0.109397
5,381,2537,0.114019
5,381,2537,0.113280
5,381,2537,0.108650
5,381,2537,0.114588
5,382,2538,0.114699
5,382,2538,0.113698
5,382,2538,0.112153
5,382,2538,0.111198
5,382,2538,0.110401
5,382,2538,0.114359
5,383,2539,0.109986
5,383,2539,0.112768
5,383,2539,0.115258
5,383,2539,0.112004
5,383,2539,0.113380
5,383,2539,0.112438
5,384,2540,0.113967
5,384,2540,0.112173
5,384,2540,0.115730
5,384,2540,0.109841
5,384,2540,0.114264
5,384,2540,0.112482
5,385,2541,0.111013
5,385,2541,0.115729
5,385,2541,0.113130
5,385,2541,0.113540
5,385,2541,0.111156
5,385,2541,0.110959
5,386,2542,0.113574
5,386,2542,0.112561
5,386,2542,0.112205
5,386,2542,0.114030
5,386,2542,0.112570
5,386,2542,0.108673
5,387,2543,0.109642
5,387,2543,0.111477
5,387,2543,0.108554
5,387,2543,0.112486
5,387,2543,0.113729
5,387,2543,0.110031
5,388,2544,0.115018
5,388,2544,0.114286
5,388,2544,0.113480
5,388,2544,0.116707
5,388,2544,0.110752
5,388,2544,0.111353
5,389,2545,0.113694
5,389,2545,0.111821
5,389,2545,0.107116
5,389,2545,0.112239
5,389,2545,0.112292
5,389,2545,0.111008
5,390,2546,0.112628
5,390,2546,0.113681
5,390,2546,0.110319
5,390,2546,0.111541
5,390,2546,0.110962
5,390,2546,0.116032
5,391,2547,0.115165
5,391,2547,0.111741
5,391,2547,0.117528
5,391,2547,0.112290
5,391,2547,0.114796
5,391,2547,0.113031
5,392,2548,0.110588
5,392,2548,0.114727
5,392,2548,0.112029
5,392,2548,0.116622
5,392,2548,0.110040
5,392,2548,0.109588
5,393,2549,0.111352
5,393,2549,0.114110
5,393,2549,0.113648
5,393,2549,0.112761
5,393,2549,0.113187
5,393,2549,0.116745
5,394,2550,0.115898
5,394,2550,0.113203
5,394,2550,0.115803
5,394,2550,0.112264
5,394,2550,0.112075
5,394,2550,0.112995
5,395,2551,0.113345
5,395,2551,0.114391
5,395,2551,0.113979
5,395,2551,0.117488
5,395,2551,0.114732
5,395,2551,0.112432
5,396,2552,0.108777
5,396,2552,0.115569
5,396,2552,0.114290
5,396,2552,0.109557
5,396,2552,0.113420
5,396,2552,0.109900
5,397,2553,0.111768
5,397,2553,0.114567
5,397,2553,0.110512
5,397,2553,0.114074
5,397,2553,0.111988
5,397,2553,0.111288
5,398,2554,0.114069
5,398,2554,0.116250
5,398,2554,0.116338
5,398,2554,0.111082
5,398,2554,0.111947
5,398,2554,0.112304
5,399,2555,0.116794
5,399,2555,0.114329
5,399,2555,0.109975
5,399,2555,0.112958
5,399,2555,0.110765
5,399,2555,0.106820
5,400,2556,0.111517
5,400,2556,0.112755
5,400,2556,0.118068
5,400,2556,0.112049
5,400,2556,0.114884
5,400,2556,0.115550
5,401,2557,0.112773
5,401,2557,0.118178
5,401,2557,0.115589
5,401,2557,0.116840
5,401,2557,0.113457
5,401,2557,0.113114
5,402,2558,0.117485
5,402,2558,0.112814
5,402,2558,0.110869
5,402,2558,0.112227
5,402,2558,0.111162
5,402,2558,0.112268
5,403,2559,0.116421
5,403,2559,0.111729
5,403,2559,0.115231
5,403,2559,0.114470
5,403,2559,0.110463
5,403,2559,0.114057
5,404,2560,0.113092
5,404,2560,0.111704
5,404,2560,0.111746
5,404,2560,0.113965
5,404,2560,0.115050
5,404,2560,0.115285
5,405,2561,0.111009
5,405,2561,0.112927
5,405,2561,0.111241
5,405,2561,0.111233
5,405,2561,0.118150
5,405,2561,0.111389
5,406,2562,0.113038
5,406,2562,0.110127
5,406,2562,0.113802
5,406,2562,0.110806
5,406,2562,0.114460
5,406,2562,0.107978
5,407,2563,0.111313
5,407,2563,0.113704
5,407,2563,0.114466
5,407,2563,0.119803
5,407,2563,0.110967
5,407,2563,0.112212
5,408,2564,0.109508
5,408,2564,0.113204
5,408,2564,0.115196
5,408,2564,0.111751
5,408,2564,0.111192
5,408,2564,0.112046
5,409,2565,0.112168
5,409,2565,0.114595
5,409,2565,0.111661
5,409,2565,0.108066
5,409,2565,0.112745
5,409,2565,0.114778
5,410,2566,0.118900
5,410,2566,0.111332
5,410,2566,0.116814
5,410,2566,0.111881
5,410,2566,0.111747
5,410,2566,0.108084
5,411,2567,0.116979
5,411,2567,0.114336
5,411,2567,0.114246
5,411,2567,0.113642
5,411,2567,0.108826
5,411,2567,0.113609
5,412,2568,0.112812
5,412,2568,0.111904
5,412,2568,0.112763
5,412,2568,0.108295
5,412,2568,0.111825
5,412,2568,0.111036
5,413,2569,0.112526
5,413,2569,0.113274
5,413,2569,0.110738
5,413,2569,0.114235
5,413,2569,0.113017
5,413,2569,0.111832
5,414,2570,0.111096
5,414,2570,0.110300
5,414,2570,0.112367
5,414,2570,0.114805
5,414,2570,0.112089
5,414,2570,0.112992
5,415,2571,0.110238
5,415,2571,0.111062
5,415,2571,0.118684
5,415,2571,0.113544
5,415,2571,0.114145
5,415,2571,0.109876
5,416,2572,0.111723
5,416,2572,0.113223
5,416,2572,0.114484
5,416,2572,0.110749
5,416,2572,0.108224
5,416,2572,0.114397
5,417,2573,0.111686
5,417,2573,0.112364
5,417,2573,0.119475
5,417,2573,0.112923
5,417,2573,0.111976
5,417,2573,0.117795
5,418,2574,0.111273
5,418,2574,0.113567
5,418,2574,0.117586
5,418,2574,0.117349
5,418,2574,0.112455
5,418,2574,0.110128
5,419,2575,0.113967
5,419,2575,0.115306
5,419,2575,0.116794
5,419,2575,0.113059
5,419,2575,0.117087
5,419,2575,0.110733
5,420,2576,0.110819
5,420,2576,0.119637
5,420,2576,0.112566
5,420,2576,0.110989
5,420,2576,0.112533
5,420,2576,0.112885
5,421,2577,0.113903
5,421,2577,0.112567
5,421,2577,0.110111
5,421,2577,0.112455
5,421,2577,0.110979
5,421,2577,0.114887
5,422,2578,0.109068
5,422,2578,0.116310
5,422,2578,0.113581
5,422,2578,0.112389
5,422,2578,0.114241
5,422,2578,0.112448
5,423,2579,0.116569
5,423,2579,0.114266
5,423,2579,0.111523
5,423,2579,0.114655
5,423,2579,0.113057
5,423,2579,0.109804
5,424,2580,0.113927
5,424,2580,0.111487
5,424,2580,0.115754
5,424,2580,0.112345
5,424,2580,0.110281
5,424,2580,0.114304
5,425,2581,0.111334
5,425,2581,0.114608
5,425,2581,0.111753
5,425,2581,0.110493
5,425,2581,0.114895
5,425,2581,0.112143
5,426,2582,0.114589
5,426,2582,0.113980
5,426,2582,0.111588
5,426,2582,0.116570
5,426,2582,0.113396
5,426,2582,0.109600
5,427,2583,0.115039
5,427,2583,0.114903
5,427,2583,0.109641
5,427,2583,0.113589
5,427,2583,0.113410
5,427,2583,0.112921
5,428,2584,0.113628
5,428,2584,0.112064
5,428,2584,0.111762
5,428,2584,0.114322
5,428,2584,0.112269
5,428,2584,0.112584
5,429,2585,0.112215
5,429,2585,0.109984
5,429,2585,0.113559
5,429,2585,0.115813
5,429,2585,0.111371
5,429,2585,0.114375
5,430,2586,0.117265
5,430,2586,0.114645
5,430,2586,0.113234
5,430,2586,0.109332
5,430,2586,0.112703
5,430,2586,0.111732
5,431,2587,0.116394
5,431,2587,0.112925
5,431,2587,0.114539
5,431,2587,0.111772
5,431,2587,0.119168
5,431,2587,0.112723
5,432,2588,0.116326
5,432,2588,0.111853
5,432,2588,0.110848
5,432,2588,0.111953
5,432,2588,0.112464
5,432,2588,0.112000
5,433,2589,0.112310
5,433,2589,0.112670
5,433,2589,0.110410
5,433,2589,0.114152
5,433,2589,0.114911
5,433,2589,0.110935
5,434,2590,0.111939
5,434,2590,0.116496
5,434,2590,0.112635
5,434,2590,0.112654
5,434,2590,0.117760
5,434,2590,0.113276
5,435,2591,0.114051
5,435,2591,0.109273
5,435,2591,0.111739
5,435,2591,0.117551
5,435,2591,0.113827
5,435,2591,0.111973
5,436,2592,0.113256
5,436,2592,0.114508
5,436,2592,0.111436
5,436,2592,0.112660
5,436,2592,0.113595
5,436,2592,0.110961
5,437,2593,0.109406
5,437,2593,0.111686
5,437,2593,0.114232
5,437,2593,0.114375
5,437,2593,0.113517
5,437,2593,0.114769
5,438,2594,0.111037
5,438,2594,0.111544
5,438,2594,0.114000
5,438,2594,0.112009
5,438,2594,0.113349
5,438,2594,0.111706
5,439,2595,0.113445
5,439,2595,0.110128
5,439,2595,0.110867
5,439,2595,0.110972
5,439,2595,0.114631
5,439,2595,0.114560
5,440,2596,0.114675
5,440,2596,0.114050
5,440,2596,0.111967
5,440,2596,0.112659
5,440,2596,0.113716
5,440,2596,0.109943
5,441,2597,0.113768
5,441,2597,0.110639
5,441,2597,0.111712
5,441,2597,0.111806
5,441,2597,0.112517
5,441,2597,0.112592
5,442,2598,0.112416
5,442,2598,0.112147
5,442,2598,0.109018
5,442,2598,0.114799
5,442,2598,0.116439
5,442,2598,0.111422
5,443,2599,0.114588
5,443,2599,0.114824
5,443,2599,0.111817
5,443,2599,0.113592
5,443,2599,0.114317
5,443,2599,0.109339
5,444,2600,0.110967
5,444,2600,0.112494
5,444,2600,0.114413
5,444,2600,0.116279
5,444,2600,0.115685
5,444,2600,0.111444
5,445,2601,0.114688
5,445,2601,0.113608
5,445,2601,0.115502
5,445,2601,0.110932
5,445,2601,0.110436
5,445,2601,0.113997
5,446,2602,0.112294
5,446,2602,0.119417
5,446,2602,0.113749
5,446,2602,0.112547
5,446,2602,0.111466
5,446,2602,0.112256
5,447,2603,0.114502
5,447,2603,0.111761
5,447,2603,0.117063
5,447,2603,0.113740
5,447,2603,0.111552
5,447,2603,0.117565
5,448,2604,0.109865
5,448,2604,0.110699
5,448,2604,0.117109
5,448,2604,0.120112
5,448,2604,0.114247
5,448,2604,0.113932
5,449,2605,0.110587
5,449,2605,0.113593
5,449,2605,0.112000
5,449,2605,0.112891
5,449,2605,0.117322
5,449,2605,0.116030
5,450,2606,0.113566
5,450,2606,0.117075
5,450,2606,0.110217
5,450,2606,0.110325
5,450,2606,0.113804
5,450,2606,0.107900
5,451,2607,0.112579
5,451,2607,0.113722
5,451,2607,0.114544
5,451,2607,0.111855
5,451,2607,0.116889
5,451,2607,0.113402
5,452,2608,0.119872
5,452,2608,0.114866
5,452,2608,0.110994
5,452,2608,0.112696
5,452,2608,0.110402
5,452,2608,0.112196
5,453,2609,0.114066
5,453,2609,0.112182
5,453,2609,0.118123
5,453,2609,0.118435
5,453,2609,0.109426
5,453,2609,0.111931
5,454,2610,0.112184
5,454,2610,0.114284
5,454,2610,0.111142
5,454,2610,0.112000
5,454,2610,0.109732
5,454,2610,0.114384
5,455,2611,0.112445
5,455,2611,0.111781
5,455,2611,0.112111
5,455,2611,0.114318
5,455,2611,0.111765
5,455,2611,0.111374
5,456,2612,0.114557
5,456,2612,0.111895
5,456,2612,0.114664
5,456,2612,0.112805
5,456,2612,0.112868
5,456,2612,0.115956
5,457,2613,0.113925
5,457,2613,0.111035
5,457,2613,0.111831
5,457,2613,0.112459
5,457,2613,0.109813
5,457,2613,0.113390
5,458,2614,0.110340
5,458,2614,0.114036
5,458,2614,0.113552
5,458,2614,0.114413
5,458,2614,0.114341
5,458,2614,0.113704
5,459,2615,0.112147
5,459,2615,0.114839
5,459,2615,0.111957
5,459,2615,0.115838
5,459,2615,0.114314
5,459,2615,0.113526
5,460,2616,0.114621
5,460,2616,0.111070
5,460,2616,0.111354
5,460,2616,0.114960
5,460,2616,0.110420
5,460,2616,0.110436
5,461,2617,0.109915
5,461,2617,0.113357
5,461,2617,0.113928
5,461,2617,0.110973
5,461,2617,0.116663
5,461,2617,0.113278
5,462,2618,0.115991
5,462,2618,0.114557
5,462,2618,0.111520
5,462,2618,0.110064
5,462,2618,0.111076
5,462,2618,0.112459
5,463,2619,0.110210
5,463,2619,0.110221
5,463,2619,0.115862
5,463,2619,0.116147
5,463,2619,0.111793
5,463,2619,0.113598
5,464,2620,0.111728
5,464,2620,0.114302
5,464,2620,0.111794
5,464,2620,0.116332
5,464,2620,0.113060
5,464,2620,0.114064
5,465,2621,0.112013
5,465,2621,0.112536
5,465,2621,0.113189
5,465,2621,0.111015
5,465,2621,0.116291
5,465,2621,0.110774
5,466,2622,0.111922
5,466,2622,0.115306
5,466,2622,0.112030
5,466,2622,0.112564
5,466,2622,0.112840
5,466,2622,0.112433
5,467,2623,0.111933
5,467,2623,0.112914
5,467,2623,0.108145
5,467,2623,0.112565
5,467,2623,0.111131
5,467,2623,0.114777
5,468,2624,0.112249
5,468,2624,0.112661
5,468,2624,0.117023
5,468,2624,0.110407
5,468,2624,0.112062
5,468,2624,0.110492
5,469,2625,0.112176
5,469,2625,0.110943
5,469,2625,0.109876
5,469,2625,0.111765
5,469,2625,0.110753
5,469,2625,0.114796
5,470,2626,0.119277
5,470,2626,0.111622
5,470,2626,0.112956
5,470,2626,0.111823
5,470,2626,0.115127
5,470,2626,0.112914
5,471,2627,0.115949
5,471,2627,0.111426
5,471,2627,0.118052
5,471,2627,0.111649
5,471,2627,0.110100
5,471,2627,0.113547
5,472,2628,0.111918
5,472,2628,0.114406
5,472,2628,0.111923
5,472,2628,0.112565
5,472,2628,0.111164
5,472,2628,0.110255
5,473,2629,0.116521
5,473,2629,0.115786
5,473,2629,0.110510
5,473,2629,0.117656
5,473,2629,0.108902
5,473,2629,0.114363
5,474,2630,0.116030
5,474,2630,0.114862
5,474,2630,0.112006
5,474,2630,0.110985
5,474,2630,0.110609
5,474,2630,0.113373
5,475,2631,0.114319
5,475,2631,0.112052
5,475,2631,0.108098
5,475,2631,0.110465
5,475,2631,0.114218
5,475,2631,0.111123
5,476,2632,0.113971
5,476,2632,0.110626
5,476,2632,0.114188
5,476,2632,0.111323
5,476,2632,0.111204
5,476,2632,0.113063
5,477,2633,0.110533
5,477,2633,0.112671
5,477,2633,0.114869
5,477,2633,0.110596
5,477,2633,0.110144
5,477,2633,0.116384
5,478,2634,0.113631
5,478,2634,0.110934
5,478,2634,0.113485
5,478,2634,0.110916
5,478,2634,0.111842
5,478,2634,0.114175
5,479,2635,0.112603
5,479,2635,0.114770
5,479,2635,0.112945
5,479,2635,0.112563
5,479,2635,0.111766
5,479,2635,0.114246
5,480,2636,0.114893
5,480,2636,0.113331
5,480,2636,0.112318
5,480,2636,0.112701
5,480,2636,0.114421
5,480,2636,0.120891
5,481,2637,0.113761
5,481,2637,0.114810
5,481,2637,0.114650
5,481,2637,0.112191
5,481,2637,0.115028
5,481,2637,0.115133
5,482,2638,0.111674
5,482,2638,0.115423
5,482,2638,0.119495
5,482,2638,0.112816
5,482,2638,0.110895
5,482,2638,0.111371
5,483,2639,0.119712
5,483,2639,0.111915
5,483,2639,0.111767
5,483,2639,0.109383
5,483,2639,0.114806
5,483,2639,0.113462
5,484,2640,0.113971
5,484,2640,0.113959
5,484,2640,0.115174
5,484,2640,0.115517
5,484,2640,0.110996
5,484,2640,0.113876
5,485,2641,0.110305
5,485,2641,0.114787
5,485,2641,0.113317
5,485,2641,0.116100
5,485,2641,0.111688
5,485,2641,0.110082
5,486,2642,0.109692
5,486,2642,0.112030
5,486,2642,0.113105
5,486,2642,0.111170
5,486,2642,0.113098
5,486,2642,0.111278
5,487,2643,0.117666
5,487,2643,0.112093
5,487,2643,0.112948
5,487,2643,0.115550
5,487,2643,0.110719
5,487,2643,0.113520
5,488,2644,0.114183
5,488,2644,0.114437
5,488,2644,0.113781
5,488,2644,0.115648
5,488,2644,0.111245
5,488,2644,0.113192
5,489,2645,0.115381
5,489,2645,0.113583
5,489,2645,0.111605
5,489,2645,0.108643
5,489,2645,0.118778
5,489,2645,0.115521
5,490,2646,0.114453
5,490,2646,0.111956
5,490,2646,0.110508
5,490,2646,0.117735
5,490,2646,0.112015
5,490,2646,0.109929
5,491,2647,0.112797
5,491,2647,0.118932
5,491,2647,0.112558
5,491,2647,0.119231
5,491,2647,0.109976
5,491,2647,0.111994
5,492,2648,0.116389
5,492,2648,0.109784
5,492,2648,0.112774
5,492,2648,0.114413
5,492,2648,0.112155
5,492,2648,0.117058
5,493,2649,0.110594
5,493,2649,0.113228
5,493,2649,0.115892
5,493,2649,0.119416
5,493,2649,0.112421
5,493,2649,0.118589
5,494,2650,0.119224
5,494,2650,0.115381
5,494,2650,0.112518
5,494,2650,0.110376
5,494,2650,0.111614
5,494,2650,0.112372
5,495,2651,0.119099
5,495,2651,0.111459
5,495,2651,0.111168
5,495,2651,0.114497
5,495,2651,0.120923
5,495,2651,0.111399
5,496,2652,0.112802
5,496,2652,0.117773
5,496,2652,0.110273
5,496,2652,0.113647
5,496,2652,0.108734
5,496,2652,0.115143
5,497,2653,0.112575
5,497,2653,0.114597
5,497,2653,0.110444
5,497,2653,0.111337
5,497,2653,0.112470
5,497,2653,0.112943
5,498,2654,0.112601
5,498,2654,0.115132
5,498,2654,0.111909
5,498,2654,0.116228
5,498,2654,0.113943
5,498,2654,0.111699
5,499,2655,0.110065
5,499,2655,0.111128
5,499,2655,0.116471
5,499,2655,0.113516
5,499,2655,0.113294
5,499,2655,0.112809
5,500,2656,0.113629
5,500,2656,0.113774
5,500,2656,0.114373
5,500,2656,0.115431
5,500,2656,0.111018
5,500,2656,0.109802
5,501,2657,0.113057
5,501,2657,0.113123
5,501,2657,0.112261
5,501,2657,0.115661
5,501,2657,0.113463
5,501,2657,0.112203
5,502,2658,0.112652
5,502,2658,0.113678
5,502,2658,0.115322
5,502,2658,0.115471
5,502,2658,0.113723
5,502,2658,0.112215
5,503,2659,0.110919
5,503,2659,0.109163
5,503,2659,0.110118
5,503,2659,0.115284
5,503,2659,0.110194
5,503,2659,0.115386
5,504,2660,0.114272
5,504,2660,0.107839
5,504,2660,0.110162
5,504,2660,0.112186
5,504,2660,0.109503
5,504,2660,0.112237
5,505,2661,0.108957
5,505,2661,0.112198
5,505,2661,0.116253
5,505,2661,0.113259
5,505,2661,0.117410
5,505,2661,0.111967
5,506,2662,0.112334
5,506,2662,0.111170
5,506,2662,0.112812
5,506,2662,0.115040
5,506,2662,0.118719
5,506,2662,0.117138
5,507,2663,0.116876
5,507,2663,0.112643
5,507,2663,0.122020
5,507,2663,0.112169
5,507,2663,0.111143
5,507,2663,0.113387
5,508,2664,0.112544
5,508,2664,0.112615
5,508,2664,0.113072
5,508,2664,0.112582
5,508,2664,0.121548
5,508,2664,0.112087
5,509,2665,0.113001
5,509,2665,0.112294
5,509,2665,0.113728
5,509,2665,0.112716
5,509,2665,0.113905
5,509,2665,0.110103
5,510,2666,0.114908
5,510,2666,0.113486
5,510,2666,0.111586
5,510,2666,0.114999
5,510,2666,0.112391
5,510,2666,0.112168
5,511,2667,0.111908
5,511,2667,0.115814
5,511,2667,0.112781
5,511,2667,0.113450
5,511,2667,0.117104
5,511,2667,0.113008
5,512,2668,0.108093
5,512,2668,0.110341
5,512,2668,0.115817
5,512,2668,0.116287
5,512,2668,0.110960
5,512,2668,0.111665
5,513,2669,0.112221
5,513,2669,0.115045
5,513,2669,0.114996
5,513,2669,0.112125
5,513,2669,0.112234
5,513,2669,0.114018
5,514,2670,0.115838
5,514,2670,0.110682
5,514,2670,0.110576
5,514,2670,0.113037
5,514,2670,0.112215
5,514,2670,0.115151
5,515,2671,0.111649
5,515,2671,0.114818
5,515,2671,0.118954
5,515,2671,0.115047
5,515,2671,0.110375
5,515,2671,0.110840
5,516,2672,0.113729
5,516,2672,0.114319
5,516,2672,0.114453
5,516,2672,0.110503
5,516,2672,0.111176
5,516,2672,0.118669
5,517,2673,0.109213
5,517,2673,0.113146
5,517,2673,0.110431
5,517,2673,0.111422
5,517,2673,0.115449
5,517,2673,0.112086
5,518,2674,0.115667
5,518,2674,0.112065
5,518,2674,0.120574
5,518,2674,0.113002
5,518,2674,0.118712
5,518,2674,0.114560
5,519,2675,0.116384
5,519,2675,0.115527
5,519,2675,0.113100
5,519,2675,0.116456
5,519,2675,0.110472
5,519,2675,0.113564
5,520,2676,0.112742
5,520,2676,0.113388
5,520,2676,0.110989
5,520,2676,0.112559
5,520,2676,0.116658
5,520,2676,0.111696
5,521,2677,0.111408
5,521,2677,0.113227
5,521,2677,0.113630
5,521,2677,0.111865
5,521,2677,0.110920
5,521,2677,0.116765
5,522,2678,0.118352
5,522,2678,0.114283
5,522,2678,0.113150
5,522,2678,0.111340
5,522,2678,0.110653
5,522,2678,0.111005
5,523,2679,0.111521
5,523,2679,0.111601
5,523,2679,0.112755
5,523,2679,0.113079
5,523,2679,0.112569
5,523,2679,0.110876
5,524,2680,0.109570
5,524,2680,0.111486
5,524,2680,0.115431
5,524,2680,0.113253
5,524,2680,0.113348
5,524,2680,0.112929
5,525,2681,0.112678
5,525,2681,0.114873
5,525,2681,0.111226
5,525,2681,0.113900
5,525,2681,0.117719
5,525,2681,0.111966
5,526,2682,0.115561
5,526,2682,0.108947
5,526,2682,0.113124
5,526,2682,0.111940
5,526,2682,0.117443
5,526,2682,0.115874
5,527,2683,0.115036
5,527,2683,0.115742
5,527,2683,0.115009
5,527,2683,0.113363
5,527,2683,0.112496
5,527,2683,0.112879
5,528,2684,0.112722
5,528,2684,0.111568
5,528,2684,0.114092
5,528,2684,0.111442
5,528,2684,0.109207
5,528,2684,0.115760
5,529,2685,0.112165
5,529,2685,0.109832
5,529,2685,0.110407
5,529,2685,0.111941
5,529,2685,0.113293
5,529,2685,0.114345
5,530,2686,0.111250
5,530,2686,0.111143
5,530,2686,0.110656
5,530,2686,0.112496
5,530,2686,0.114301
5,530,2686,0.113920
5,531,2687,0.114534
5,531,2687,0.109614
5,531,2687,0.117280
5,531,2687,0.112704
5,531,2687,0.116125
5,531,2687,0.111046
5,532,2688,0.112411
5,532,2688,0.114695
5,532,2688,0.110599
5,532,2688,0.113591
5,532,2688,0.116032
5,532,2688,0.111417
5,533,2689,0.112346
5,533,2689,0.113948
5,533,2689,0.107293
5,533,2689,0.118200
5,533,2689,0.111762
5,533,2689,0.109843
5,534,2690,0.112945
5,534,2690,0.112488
5,534,2690,0.111717
5,534,2690,0.113518
5,534,2690,0.111256
5,534,2690,0.121813
5,535,2691,0.113734
5,535,2691,0.113758
5,535,2691,0.111436
5,535,2691,0.112999
5,535,2691,0.112089
5,535,2691,0.111895
5,536,2692,0.111550
5,536,2692,0.115929
5,536,2692,0.110088
5,536,2692,0.109812
5,536,2692,0.109875
5,536,2692,0.112265
5,537,2693,0.110155
5,537,2693,0.111511
5,537,2693,0.114746
5,537,2693,0.109723
5,537,2693,0.115710
5,537,2693,0.112047
5,538,2694,0.113171
5,538,2694,0.114262
5,538,2694,0.113112
5,538,2694,0.112183
5,538,2694,0.113487
5,538,2694,0.113980
5,539,2695,0.108494
5,539,2695,0.110485
5,539,2695,0.109741
5,539,2695,0.109201
5,539,2695,0.115423
5,539,2695,0.112968
