Epoch,Step,Global_Step,Loss
1,1,1,0.114677
1,1,1,0.121199
1,1,1,0.116583
1,1,1,0.116506
1,1,1,0.116441
1,1,1,0.122655
1,1,1,0.117162
1,1,1,0.122102
1,2,2,1.065996
1,2,2,1.380757
1,2,2,0.891328
1,2,2,1.077365
1,2,2,0.847191
1,2,2,1.397060
1,2,2,1.018059
1,2,2,0.918550
1,3,3,0.599704
1,3,3,0.816653
1,3,3,0.765231
1,3,3,0.769965
1,3,3,0.852703
1,3,3,0.791489
1,3,3,0.604783
1,3,3,1.001403
1,4,4,0.364607
1,4,4,0.387371
1,4,4,0.555274
1,4,4,0.576563
1,4,4,0.458574
1,4,4,0.510997
1,4,4,0.409554
1,4,4,0.477959
1,5,5,0.335939
1,5,5,0.418490
1,5,5,0.402486
1,5,5,0.310594
1,5,5,0.320203
1,5,5,0.316977
1,5,5,0.331629
1,5,5,0.385923
1,6,6,0.308726
1,6,6,0.315153
1,6,6,0.304750
1,6,6,0.356490
1,6,6,0.292250
1,6,6,0.328653
1,6,6,0.358199
1,6,6,0.304749
1,7,7,0.264262
1,7,7,0.256497
1,7,7,0.290274
1,7,7,0.254590
1,7,7,0.307577
1,7,7,0.268721
1,7,7,0.255764
1,7,7,0.275294
1,8,8,0.217456
1,8,8,0.243613
1,8,8,0.267738
1,8,8,0.260325
1,8,8,0.270675
1,8,8,0.246959
1,8,8,0.260397
1,8,8,0.283861
1,9,9,0.215571
1,9,9,0.225380
1,9,9,0.301057
1,9,9,0.200061
1,9,9,0.222506
1,9,9,0.190948
1,9,9,0.245895
1,9,9,0.214610
1,10,10,0.229405
1,10,10,0.205843
1,10,10,0.236839
1,10,10,0.218227
1,10,10,0.200669
1,10,10,0.237375
1,10,10,0.234696
1,10,10,0.220456
1,11,11,0.212412
1,11,11,0.200014
1,11,11,0.228037
1,11,11,0.235916
1,11,11,0.210607
1,11,11,0.255466
1,11,11,0.197992
1,11,11,0.215875
1,12,12,0.191651
1,12,12,0.200131
1,12,12,0.214264
1,12,12,0.213805
1,12,12,0.186633
1,12,12,0.206216
1,12,12,0.199621
1,12,12,0.202226
1,13,13,0.171821
1,13,13,0.182591
1,13,13,0.187103
1,13,13,0.212939
1,13,13,0.187147
1,13,13,0.193900
1,13,13,0.188937
1,13,13,0.181299
1,14,14,0.170000
1,14,14,0.191327
1,14,14,0.167681
1,14,14,0.174081
1,14,14,0.171827
1,14,14,0.182086
1,14,14,0.174986
1,14,14,0.176300
1,15,15,0.191141
1,15,15,0.192995
1,15,15,0.180358
1,15,15,0.164632
1,15,15,0.178590
1,15,15,0.182428
1,15,15,0.180855
1,15,15,0.176093
1,16,16,0.163641
1,16,16,0.167168
1,16,16,0.171304
1,16,16,0.169870
1,16,16,0.188650
1,16,16,0.165708
1,16,16,0.176169
1,16,16,0.194535
1,17,17,0.166781
1,17,17,0.163340
1,17,17,0.164529
1,17,17,0.170314
1,17,17,0.172948
1,17,17,0.173918
1,17,17,0.180265
1,17,17,0.181487
1,18,18,0.168696
1,18,18,0.170502
1,18,18,0.159015
1,18,18,0.161225
1,18,18,0.156291
1,18,18,0.165557
1,18,18,0.161863
1,18,18,0.159826
1,19,19,0.151170
1,19,19,0.159099
1,19,19,0.160677
1,19,19,0.149974
1,19,19,0.161559
1,19,19,0.159932
1,19,19,0.152927
1,19,19,0.158083
1,20,20,0.174888
1,20,20,0.192120
1,20,20,0.153023
1,20,20,0.148674
1,20,20,0.157758
1,20,20,0.148639
1,20,20,0.151231
1,20,20,0.154628
1,21,21,0.176421
1,21,21,0.151559
1,21,21,0.161783
1,21,21,0.151568
1,21,21,0.158597
1,21,21,0.161902
1,21,21,0.154279
1,21,21,0.155610
1,22,22,0.155922
1,22,22,0.155976
1,22,22,0.150588
1,22,22,0.145217
1,22,22,0.153729
1,22,22,0.161904
1,22,22,0.191722
1,22,22,0.150764
1,23,23,0.141701
1,23,23,0.143968
1,23,23,0.145913
1,23,23,0.155207
1,23,23,0.149603
1,23,23,0.153901
1,23,23,0.154986
1,23,23,0.145495
1,24,24,0.186042
1,24,24,0.146230
1,24,24,0.146834
1,24,24,0.142844
1,24,24,0.159296
1,24,24,0.144775
1,24,24,0.148503
1,24,24,0.138360
1,25,25,0.155853
1,25,25,0.141769
1,25,25,0.146901
1,25,25,0.151286
1,25,25,0.144929
1,25,25,0.144543
1,25,25,0.142112
1,25,25,0.142477
1,26,26,0.142760
1,26,26,0.149340
1,26,26,0.149563
1,26,26,0.141135
1,26,26,0.147706
1,26,26,0.146986
1,26,26,0.138055
1,26,26,0.160048
1,27,27,0.149125
1,27,27,0.144648
1,27,27,0.144030
1,27,27,0.144106
1,27,27,0.136387
1,27,27,0.141530
1,27,27,0.143348
1,27,27,0.145246
1,28,28,0.151122
1,28,28,0.133466
1,28,28,0.144200
1,28,28,0.141107
1,28,28,0.140647
1,28,28,0.144456
1,28,28,0.145592
1,28,28,0.139462
1,29,29,0.138915
1,29,29,0.135250
1,29,29,0.130836
1,29,29,0.134043
1,29,29,0.137941
1,29,29,0.140276
1,29,29,0.140480
1,29,29,0.130855
1,30,30,0.132305
1,30,30,0.141602
1,30,30,0.140956
1,30,30,0.139664
1,30,30,0.135558
1,30,30,0.141898
1,30,30,0.135164
1,30,30,0.130916
1,31,31,0.136802
1,31,31,0.133779
1,31,31,0.135299
1,31,31,0.135061
1,31,31,0.144505
1,31,31,0.133471
1,31,31,0.132015
1,31,31,0.138222
1,32,32,0.133831
1,32,32,0.137622
1,32,32,0.135994
1,32,32,0.135939
1,32,32,0.133858
1,32,32,0.136661
1,32,32,0.138550
1,32,32,0.145012
1,33,33,0.141655
1,33,33,0.128959
1,33,33,0.126427
1,33,33,0.132273
1,33,33,0.128111
1,33,33,0.131022
1,33,33,0.138894
1,33,33,0.130425
1,34,34,0.127873
1,34,34,0.131329
1,34,34,0.133462
1,34,34,0.130526
1,34,34,0.129158
1,34,34,0.125336
1,34,34,0.129706
1,34,34,0.134333
1,35,35,0.133496
1,35,35,0.134621
1,35,35,0.130610
1,35,35,0.135191
1,35,35,0.144352
1,35,35,0.128712
1,35,35,0.130581
1,35,35,0.128178
1,36,36,0.135799
1,36,36,0.131831
1,36,36,0.132690
1,36,36,0.130691
1,36,36,0.132837
1,36,36,0.128549
1,36,36,0.130000
1,36,36,0.129968
1,37,37,0.133050
1,37,37,0.126542
1,37,37,0.135491
1,37,37,0.125443
1,37,37,0.126162
1,37,37,0.125243
1,37,37,0.133932
1,37,37,0.123950
1,38,38,0.132789
1,38,38,0.123878
1,38,38,0.123600
1,38,38,0.129866
1,38,38,0.123768
1,38,38,0.132730
1,38,38,0.130236
1,38,38,0.138205
1,39,39,0.131105
1,39,39,0.132738
1,39,39,0.127208
1,39,39,0.129432
1,39,39,0.125710
1,39,39,0.128556
1,39,39,0.129889
1,39,39,0.122191
1,40,40,0.125077
1,40,40,0.130751
1,40,40,0.127846
1,40,40,0.119754
1,40,40,0.125453
1,40,40,0.126398
1,40,40,0.123003
1,40,40,0.125533
1,41,41,0.124366
1,41,41,0.131855
1,41,41,0.124735
1,41,41,0.124658
1,41,41,0.129839
1,41,41,0.130910
1,41,41,0.131133
1,41,41,0.124918
1,42,42,0.123075
1,42,42,0.133166
1,42,42,0.131705
1,42,42,0.127513
1,42,42,0.125045
1,42,42,0.130134
1,42,42,0.126422
1,42,42,0.126520
1,43,43,0.126861
1,43,43,0.125126
1,43,43,0.128739
1,43,43,0.122436
1,43,43,0.123683
1,43,43,0.126468
1,43,43,0.120710
1,43,43,0.129463
1,44,44,0.120681
1,44,44,0.125458
1,44,44,0.127830
1,44,44,0.120470
1,44,44,0.121592
1,44,44,0.123579
1,44,44,0.122183
1,44,44,0.127304
1,45,45,0.123086
1,45,45,0.122367
1,45,45,0.122614
1,45,45,0.122329
1,45,45,0.127244
1,45,45,0.120970
1,45,45,0.129317
1,45,45,0.127475
1,46,46,0.122696
1,46,46,0.125715
1,46,46,0.129459
1,46,46,0.123289
1,46,46,0.127008
1,46,46,0.123954
1,46,46,0.130934
1,46,46,0.123861
1,47,47,0.126787
1,47,47,0.123462
1,47,47,0.127877
1,47,47,0.123263
1,47,47,0.124440
1,47,47,0.129749
1,47,47,0.127700
1,47,47,0.122882
1,48,48,0.126414
1,48,48,0.122985
1,48,48,0.121812
1,48,48,0.118936
1,48,48,0.123918
1,48,48,0.123577
1,48,48,0.123007
1,48,48,0.126568
1,49,49,0.130017
1,49,49,0.123921
1,49,49,0.123326
1,49,49,0.122634
1,49,49,0.120866
1,49,49,0.134275
1,49,49,0.120394
1,49,49,0.120419
1,50,50,0.125891
1,50,50,0.120929
1,50,50,0.117076
1,50,50,0.127690
1,50,50,0.118240
1,50,50,0.121504
1,50,50,0.121967
1,50,50,0.120115
1,51,51,0.122468
1,51,51,0.123097
1,51,51,0.121188
1,51,51,0.119769
1,51,51,0.124729
1,51,51,0.121913
1,51,51,0.118188
1,51,51,0.124455
1,52,52,0.121014
1,52,52,0.123946
1,52,52,0.126204
1,52,52,0.126231
1,52,52,0.124439
1,52,52,0.123248
1,52,52,0.118756
1,52,52,0.125571
1,53,53,0.127055
1,53,53,0.122519
1,53,53,0.117716
1,53,53,0.128529
1,53,53,0.127764
1,53,53,0.128820
1,53,53,0.128143
1,53,53,0.129036
1,54,54,0.123193
1,54,54,0.124152
1,54,54,0.128158
1,54,54,0.122595
1,54,54,0.118547
1,54,54,0.117217
1,54,54,0.121012
1,54,54,0.122251
1,55,55,0.117822
1,55,55,0.120422
1,55,55,0.116443
1,55,55,0.135540
1,55,55,0.119585
1,55,55,0.118797
1,55,55,0.121029
1,55,55,0.129774
1,56,56,0.123878
1,56,56,0.121051
1,56,56,0.121608
1,56,56,0.126294
1,56,56,0.126349
1,56,56,0.128487
1,56,56,0.121283
1,56,56,0.119057
1,57,57,0.127661
1,57,57,0.118359
1,57,57,0.122458
1,57,57,0.125674
1,57,57,0.120198
1,57,57,0.121274
1,57,57,0.119434
1,57,57,0.128756
1,58,58,0.119513
1,58,58,0.125838
1,58,58,0.119869
1,58,58,0.119405
1,58,58,0.120629
1,58,58,0.121243
1,58,58,0.119861
1,58,58,0.121192
1,59,59,0.118018
1,59,59,0.125289
1,59,59,0.119998
1,59,59,0.123504
1,59,59,0.122502
1,59,59,0.118210
1,59,59,0.117828
1,59,59,0.123510
1,60,60,0.121117
1,60,60,0.118389
1,60,60,0.129931
1,60,60,0.120838
1,60,60,0.126939
1,60,60,0.118121
1,60,60,0.121359
1,60,60,0.119298
1,61,61,0.122033
1,61,61,0.131472
1,61,61,0.122906
1,61,61,0.120612
1,61,61,0.118963
1,61,61,0.121145
1,61,61,0.125392
1,61,61,0.124879
1,62,62,0.117429
1,62,62,0.124238
1,62,62,0.121347
1,62,62,0.119562
1,62,62,0.124484
1,62,62,0.120947
1,62,62,0.120761
1,62,62,0.120458
1,63,63,0.120352
1,63,63,0.119307
1,63,63,0.126152
1,63,63,0.125372
1,63,63,0.120069
1,63,63,0.123540
1,63,63,0.124367
1,63,63,0.120539
1,64,64,0.121646
1,64,64,0.117420
1,64,64,0.119272
1,64,64,0.118601
1,64,64,0.124506
1,64,64,0.117292
1,64,64,0.118928
1,64,64,0.120184
1,65,65,0.118146
1,65,65,0.120029
1,65,65,0.125559
1,65,65,0.121213
1,65,65,0.122831
1,65,65,0.120351
1,65,65,0.119911
1,65,65,0.116540
1,66,66,0.121887
1,66,66,0.116269
1,66,66,0.123460
1,66,66,0.119282
1,66,66,0.119925
1,66,66,0.121315
1,66,66,0.119838
1,66,66,0.115558
1,67,67,0.121707
1,67,67,0.117003
1,67,67,0.119499
1,67,67,0.116253
1,67,67,0.119871
1,67,67,0.121202
1,67,67,0.121586
1,67,67,0.120180
1,68,68,0.122252
1,68,68,0.117489
1,68,68,0.123612
1,68,68,0.125945
1,68,68,0.116426
1,68,68,0.117125
1,68,68,0.120358
1,68,68,0.119535
1,69,69,0.118616
1,69,69,0.119735
1,69,69,0.119998
1,69,69,0.118926
1,69,69,0.117433
1,69,69,0.124827
1,69,69,0.121319
1,69,69,0.123103
1,70,70,0.122397
1,70,70,0.117371
1,70,70,0.117990
1,70,70,0.122614
1,70,70,0.117895
1,70,70,0.120836
1,70,70,0.121570
1,70,70,0.119284
1,71,71,0.122784
1,71,71,0.122470
1,71,71,0.126507
1,71,71,0.122396
1,71,71,0.120736
1,71,71,0.118164
1,71,71,0.116033
1,71,71,0.127185
1,72,72,0.125005
1,72,72,0.123601
1,72,72,0.122756
1,72,72,0.120776
1,72,72,0.122171
1,72,72,0.121999
1,72,72,0.124242
1,72,72,0.125349
1,73,73,0.117662
1,73,73,0.122421
1,73,73,0.121666
1,73,73,0.121851
1,73,73,0.121426
1,73,73,0.117957
1,73,73,0.121099
1,73,73,0.121801
1,74,74,0.118746
1,74,74,0.122761
1,74,74,0.118786
1,74,74,0.118685
1,74,74,0.117903
1,74,74,0.121389
1,74,74,0.120505
1,74,74,0.122192
1,75,75,0.118193
1,75,75,0.122912
1,75,75,0.119648
1,75,75,0.114179
1,75,75,0.118852
1,75,75,0.124497
1,75,75,0.121052
1,75,75,0.115510
1,76,76,0.121854
1,76,76,0.119876
1,76,76,0.119177
1,76,76,0.119934
1,76,76,0.118506
1,76,76,0.123221
1,76,76,0.117532
1,76,76,0.122234
1,77,77,0.118152
1,77,77,0.126421
1,77,77,0.124264
1,77,77,0.125222
1,77,77,0.122599
1,77,77,0.118081
1,77,77,0.117208
1,77,77,0.120345
1,78,78,0.123162
1,78,78,0.117327
1,78,78,0.117085
1,78,78,0.119407
1,78,78,0.120522
1,78,78,0.124626
1,78,78,0.124415
1,78,78,0.119220
1,79,79,0.116869
1,79,79,0.121349
1,79,79,0.118093
1,79,79,0.120013
1,79,79,0.124967
1,79,79,0.118335
1,79,79,0.118272
1,79,79,0.115953
1,80,80,0.120221
1,80,80,0.121345
1,80,80,0.117363
1,80,80,0.119524
1,80,80,0.120703
1,80,80,0.119124
1,80,80,0.118274
1,80,80,0.119515
1,81,81,0.122969
1,81,81,0.119144
1,81,81,0.116936
1,81,81,0.126019
1,81,81,0.117858
1,81,81,0.117834
1,81,81,0.116916
1,81,81,0.123496
1,82,82,0.116836
1,82,82,0.117511
1,82,82,0.119333
1,82,82,0.119801
1,82,82,0.119271
1,82,82,0.111082
1,82,82,0.120039
1,82,82,0.119512
1,83,83,0.117234
1,83,83,0.127797
1,83,83,0.123167
1,83,83,0.118197
1,83,83,0.118782
1,83,83,0.116059
1,83,83,0.116643
1,83,83,0.118340
1,84,84,0.116385
1,84,84,0.121829
1,84,84,0.117853
1,84,84,0.115800
1,84,84,0.125662
1,84,84,0.120520
1,84,84,0.116930
1,84,84,0.120099
1,85,85,0.120136
1,85,85,0.117044
1,85,85,0.123728
1,85,85,0.119982
1,85,85,0.119694
1,85,85,0.117056
1,85,85,0.114543
1,85,85,0.119607
1,86,86,0.115510
1,86,86,0.121457
1,86,86,0.116823
1,86,86,0.117572
1,86,86,0.115704
1,86,86,0.122307
1,86,86,0.117841
1,86,86,0.120680
1,87,87,0.117302
1,87,87,0.118584
1,87,87,0.122425
1,87,87,0.120126
1,87,87,0.119610
1,87,87,0.120241
1,87,87,0.120761
1,87,87,0.120179
1,88,88,0.118708
1,88,88,0.117413
1,88,88,0.125700
1,88,88,0.119455
1,88,88,0.119320
1,88,88,0.120428
1,88,88,0.117671
1,88,88,0.119550
1,89,89,0.118788
1,89,89,0.117422
1,89,89,0.120319
1,89,89,0.120183
1,89,89,0.120621
1,89,89,0.118094
1,89,89,0.121419
1,89,89,0.121990
1,90,90,0.115931
1,90,90,0.120268
1,90,90,0.116391
1,90,90,0.117616
1,90,90,0.125046
1,90,90,0.118033
1,90,90,0.118682
1,90,90,0.120383
1,91,91,0.117323
1,91,91,0.115368
1,91,91,0.118858
1,91,91,0.125093
1,91,91,0.121656
1,91,91,0.120606
1,91,91,0.133029
1,91,91,0.126633
1,92,92,0.117965
1,92,92,0.117584
1,92,92,0.119715
1,92,92,0.116947
1,92,92,0.119483
1,92,92,0.121897
1,92,92,0.129569
1,92,92,0.115522
1,93,93,0.121551
1,93,93,0.114227
1,93,93,0.118192
1,93,93,0.128049
1,93,93,0.122932
1,93,93,0.128568
1,93,93,0.116630
1,93,93,0.120590
1,94,94,0.118127
1,94,94,0.118760
1,94,94,0.117442
1,94,94,0.118708
1,94,94,0.115606
1,94,94,0.119105
1,94,94,0.119204
1,94,94,0.116688
1,95,95,0.117858
1,95,95,0.117458
1,95,95,0.118849
1,95,95,0.118228
1,95,95,0.117625
1,95,95,0.119579
1,95,95,0.121712
1,95,95,0.125465
1,96,96,0.119609
1,96,96,0.118428
1,96,96,0.117794
1,96,96,0.114832
1,96,96,0.116467
1,96,96,0.115345
1,96,96,0.122199
1,96,96,0.117255
1,97,97,0.120192
1,97,97,0.119127
1,97,97,0.115954
1,97,97,0.123646
1,97,97,0.123057
1,97,97,0.120106
1,97,97,0.116283
1,97,97,0.121522
1,98,98,0.120255
1,98,98,0.114623
1,98,98,0.116291
1,98,98,0.117426
1,98,98,0.120331
1,98,98,0.114386
1,98,98,0.114401
1,98,98,0.121314
1,99,99,0.116150
1,99,99,0.121076
1,99,99,0.121353
1,99,99,0.114902
1,99,99,0.117570
1,99,99,0.123331
1,99,99,0.117574
1,99,99,0.117125
1,100,100,0.123638
1,100,100,0.120015
1,100,100,0.120298
1,100,100,0.118783
1,100,100,0.121008
1,100,100,0.116843
1,100,100,0.119990
1,100,100,0.122801
1,101,101,0.123384
1,101,101,0.126659
1,101,101,0.120773
1,101,101,0.122400
1,101,101,0.125131
1,101,101,0.117113
1,101,101,0.116326
1,101,101,0.120766
1,102,102,0.118684
1,102,102,0.126130
1,102,102,0.114052
1,102,102,0.115132
1,102,102,0.117850
1,102,102,0.120789
1,102,102,0.114816
1,102,102,0.117202
1,103,103,0.120515
1,103,103,0.116291
1,103,103,0.121991
1,103,103,0.122285
1,103,103,0.116673
1,103,103,0.124085
1,103,103,0.129986
1,103,103,0.119121
1,104,104,0.115345
1,104,104,0.122688
1,104,104,0.123448
1,104,104,0.122364
1,104,104,0.120879
1,104,104,0.123337
1,104,104,0.119822
1,104,104,0.114824
1,105,105,0.117411
1,105,105,0.116665
1,105,105,0.116254
1,105,105,0.123234
1,105,105,0.115322
1,105,105,0.119017
1,105,105,0.118385
1,105,105,0.115763
1,106,106,0.118726
1,106,106,0.120115
1,106,106,0.124959
1,106,106,0.117142
1,106,106,0.123883
1,106,106,0.120172
1,106,106,0.123758
1,106,106,0.116471
1,107,107,0.123755
1,107,107,0.117381
1,107,107,0.120152
1,107,107,0.118183
1,107,107,0.120599
1,107,107,0.113790
1,107,107,0.118435
1,107,107,0.122766
1,108,108,0.117321
1,108,108,0.119765
1,108,108,0.120345
1,108,108,0.121402
1,108,108,0.117453
1,108,108,0.117084
1,108,108,0.126468
1,108,108,0.121676
1,109,109,0.121763
1,109,109,0.123482
1,109,109,0.121732
1,109,109,0.118600
1,109,109,0.119409
1,109,109,0.124334
1,109,109,0.120843
1,109,109,0.118650
1,110,110,0.122206
1,110,110,0.120751
1,110,110,0.124166
1,110,110,0.119248
1,110,110,0.117550
1,110,110,0.123452
1,110,110,0.121547
1,110,110,0.115880
1,111,111,0.125665
1,111,111,0.125956
1,111,111,0.117363
1,111,111,0.116795
1,111,111,0.119054
1,111,111,0.119214
1,111,111,0.118368
1,111,111,0.121458
1,112,112,0.117999
1,112,112,0.118680
1,112,112,0.117779
1,112,112,0.127838
1,112,112,0.120109
1,112,112,0.119972
1,112,112,0.121547
1,112,112,0.121219
1,113,113,0.118808
1,113,113,0.118169
1,113,113,0.122716
1,113,113,0.118314
1,113,113,0.125045
1,113,113,0.120277
1,113,113,0.115128
1,113,113,0.120344
1,114,114,0.121141
1,114,114,0.124439
1,114,114,0.125197
1,114,114,0.124756
1,114,114,0.113843
1,114,114,0.120885
1,114,114,0.118772
1,114,114,0.120543
1,115,115,0.118134
1,115,115,0.118174
1,115,115,0.123218
1,115,115,0.122491
1,115,115,0.117682
1,115,115,0.119775
1,115,115,0.120799
1,115,115,0.121346
1,116,116,0.120273
1,116,116,0.119702
1,116,116,0.121151
1,116,116,0.123072
1,116,116,0.116083
1,116,116,0.118972
1,116,116,0.118013
1,116,116,0.118647
1,117,117,0.116578
1,117,117,0.121068
1,117,117,0.114990
1,117,117,0.120591
1,117,117,0.117578
1,117,117,0.119279
1,117,117,0.114172
1,117,117,0.118698
1,118,118,0.119179
1,118,118,0.120354
1,118,118,0.123033
1,118,118,0.117566
1,118,118,0.118285
1,118,118,0.115940
1,118,118,0.122073
1,118,118,0.119088
1,119,119,0.117644
1,119,119,0.122558
1,119,119,0.120967
1,119,119,0.124281
1,119,119,0.114720
1,119,119,0.117764
1,119,119,0.118545
1,119,119,0.122378
1,120,120,0.120287
1,120,120,0.122796
1,120,120,0.117732
1,120,120,0.118404
1,120,120,0.122307
1,120,120,0.119056
1,120,120,0.119331
1,120,120,0.121701
1,121,121,0.123106
1,121,121,0.116143
1,121,121,0.123017
1,121,121,0.117164
1,121,121,0.117508
1,121,121,0.120099
1,121,121,0.115425
1,121,121,0.118441
1,122,122,0.119043
1,122,122,0.121812
1,122,122,0.118397
1,122,122,0.121294
1,122,122,0.122798
1,122,122,0.118411
1,122,122,0.120876
1,122,122,0.117337
1,123,123,0.124278
1,123,123,0.115344
1,123,123,0.114727
1,123,123,0.118814
1,123,123,0.116728
1,123,123,0.119546
1,123,123,0.117150
1,123,123,0.118795
1,124,124,0.127960
1,124,124,0.118282
1,124,124,0.115728
1,124,124,0.116885
1,124,124,0.115823
1,124,124,0.117534
1,124,124,0.118295
1,124,124,0.116605
1,125,125,0.120460
1,125,125,0.114192
1,125,125,0.120175
1,125,125,0.117827
1,125,125,0.125219
1,125,125,0.115783
1,125,125,0.116363
1,125,125,0.117990
1,126,126,0.116190
1,126,126,0.116897
1,126,126,0.118016
1,126,126,0.118561
1,126,126,0.121152
1,126,126,0.116879
1,126,126,0.120292
1,126,126,0.119698
1,127,127,0.115253
1,127,127,0.123135
1,127,127,0.116619
1,127,127,0.117724
1,127,127,0.120408
1,127,127,0.114538
1,127,127,0.114760
1,127,127,0.118043
1,128,128,0.116340
1,128,128,0.118442
1,128,128,0.113818
1,128,128,0.115114
1,128,128,0.120642
1,128,128,0.117999
1,128,128,0.115841
1,128,128,0.114633
1,129,129,0.120856
1,129,129,0.120323
1,129,129,0.116578
1,129,129,0.117469
1,129,129,0.121727
1,129,129,0.117115
1,129,129,0.119627
1,129,129,0.115850
1,130,130,0.119185
1,130,130,0.116060
1,130,130,0.114745
1,130,130,0.116067
1,130,130,0.118655
1,130,130,0.121715
1,130,130,0.118485
1,130,130,0.117693
1,131,131,0.116872
1,131,131,0.118726
1,131,131,0.113444
1,131,131,0.117360
1,131,131,0.121317
1,131,131,0.116291
1,131,131,0.118216
1,131,131,0.114587
1,132,132,0.116100
1,132,132,0.120943
1,132,132,0.116960
1,132,132,0.119289
1,132,132,0.119822
1,132,132,0.119698
1,132,132,0.114528
1,132,132,0.119839
1,133,133,0.115034
1,133,133,0.117382
1,133,133,0.119982
1,133,133,0.116525
1,133,133,0.112553
1,133,133,0.115469
1,133,133,0.117023
1,133,133,0.114772
1,134,134,0.114895
1,134,134,0.117453
1,134,134,0.115099
1,134,134,0.118216
1,134,134,0.121809
1,134,134,0.116708
1,134,134,0.114017
1,134,134,0.121217
1,135,135,0.121683
1,135,135,0.118716
1,135,135,0.117366
1,135,135,0.117804
1,135,135,0.115956
1,135,135,0.115679
1,135,135,0.119484
1,135,135,0.115784
1,136,136,0.117367
1,136,136,0.120049
1,136,136,0.118460
1,136,136,0.118643
1,136,136,0.114457
1,136,136,0.115841
1,136,136,0.123611
1,136,136,0.119753
1,137,137,0.118507
1,137,137,0.118533
1,137,137,0.121123
1,137,137,0.120792
1,137,137,0.114325
1,137,137,0.119206
1,137,137,0.120018
1,137,137,0.116047
1,138,138,0.118238
1,138,138,0.120145
1,138,138,0.116319
1,138,138,0.122684
1,138,138,0.115875
1,138,138,0.115422
1,138,138,0.116728
1,138,138,0.118008
1,139,139,0.117446
1,139,139,0.115384
1,139,139,0.117737
1,139,139,0.119618
1,139,139,0.119695
1,139,139,0.116446
1,139,139,0.119582
1,139,139,0.120210
1,140,140,0.118881
1,140,140,0.115680
1,140,140,0.117040
1,140,140,0.116001
1,140,140,0.125065
1,140,140,0.121972
1,140,140,0.115898
1,140,140,0.113659
1,141,141,0.116048
1,141,141,0.127077
1,141,141,0.118389
1,141,141,0.116531
1,141,141,0.120594
1,141,141,0.119479
1,141,141,0.119898
1,141,141,0.122517
1,142,142,0.116852
1,142,142,0.115798
1,142,142,0.115702
1,142,142,0.116351
1,142,142,0.116446
1,142,142,0.117654
1,142,142,0.114649
1,142,142,0.117090
1,143,143,0.116037
1,143,143,0.118328
1,143,143,0.115708
1,143,143,0.115159
1,143,143,0.119277
1,143,143,0.120657
1,143,143,0.116864
1,143,143,0.115519
1,144,144,0.117708
1,144,144,0.118835
1,144,144,0.113436
1,144,144,0.116527
1,144,144,0.116243
1,144,144,0.117972
1,144,144,0.117936
1,144,144,0.117008
1,145,145,0.118136
1,145,145,0.115788
1,145,145,0.117395
1,145,145,0.117429
1,145,145,0.117223
1,145,145,0.116125
1,145,145,0.117691
1,145,145,0.120794
1,146,146,0.121220
1,146,146,0.121372
1,146,146,0.117207
1,146,146,0.115259
1,146,146,0.122530
1,146,146,0.119492
1,146,146,0.117787
1,146,146,0.122947
1,147,147,0.117466
1,147,147,0.123050
1,147,147,0.113049
1,147,147,0.117379
1,147,147,0.113975
1,147,147,0.115448
1,147,147,0.118149
1,147,147,0.120605
1,148,148,0.119877
1,148,148,0.114936
1,148,148,0.117310
1,148,148,0.115069
1,148,148,0.114596
1,148,148,0.118045
1,148,148,0.114579
1,148,148,0.116437
1,149,149,0.117614
1,149,149,0.118202
1,149,149,0.116313
1,149,149,0.120869
1,149,149,0.120619
1,149,149,0.115541
1,149,149,0.116698
1,149,149,0.119812
1,150,150,0.118869
1,150,150,0.124581
1,150,150,0.118165
1,150,150,0.115566
1,150,150,0.113722
1,150,150,0.118639
1,150,150,0.122841
1,150,150,0.120248
1,151,151,0.116086
1,151,151,0.126067
1,151,151,0.125270
1,151,151,0.116860
1,151,151,0.119489
1,151,151,0.117124
1,151,151,0.118765
1,151,151,0.119195
1,152,152,0.116034
1,152,152,0.119222
1,152,152,0.118570
1,152,152,0.119827
1,152,152,0.117492
1,152,152,0.114719
1,152,152,0.118395
1,152,152,0.113020
1,153,153,0.120755
1,153,153,0.118717
1,153,153,0.116573
1,153,153,0.118673
1,153,153,0.121567
1,153,153,0.117483
1,153,153,0.121068
1,153,153,0.117639
1,154,154,0.114436
1,154,154,0.113752
1,154,154,0.115897
1,154,154,0.120849
1,154,154,0.121374
1,154,154,0.116429
1,154,154,0.120679
1,154,154,0.121821
1,155,155,0.116828
1,155,155,0.119400
1,155,155,0.115649
1,155,155,0.118257
1,155,155,0.119077
1,155,155,0.116982
1,155,155,0.116224
1,155,155,0.117003
1,156,156,0.115923
1,156,156,0.113750
1,156,156,0.122334
1,156,156,0.117156
1,156,156,0.117096
1,156,156,0.113608
1,156,156,0.118193
1,156,156,0.120901
1,157,157,0.119506
1,157,157,0.123561
1,157,157,0.125957
1,157,157,0.113522
1,157,157,0.121536
1,157,157,0.124297
1,157,157,0.123753
1,157,157,0.116752
1,158,158,0.116233
1,158,158,0.119349
1,158,158,0.116699
1,158,158,0.120010
1,158,158,0.124029
1,158,158,0.123297
1,158,158,0.125815
1,158,158,0.115701
1,159,159,0.115560
1,159,159,0.119298
1,159,159,0.123830
1,159,159,0.127224
1,159,159,0.119960
1,159,159,0.115036
1,159,159,0.116978
1,159,159,0.114633
1,160,160,0.123627
1,160,160,0.118491
1,160,160,0.118159
1,160,160,0.115033
1,160,160,0.118568
1,160,160,0.113078
1,160,160,0.117877
1,160,160,0.122993
1,161,161,0.126629
1,161,161,0.116565
1,161,161,0.117774
1,161,161,0.114624
1,161,161,0.118913
1,161,161,0.119443
1,161,161,0.126338
1,161,161,0.123494
1,162,162,0.123167
1,162,162,0.120863
1,162,162,0.118179
1,162,162,0.115169
1,162,162,0.120417
1,162,162,0.118265
1,162,162,0.122881
1,162,162,0.114611
1,163,163,0.117768
1,163,163,0.123460
1,163,163,0.121909
1,163,163,0.115031
1,163,163,0.119121
1,163,163,0.118032
1,163,163,0.117269
1,163,163,0.120054
1,164,164,0.116833
1,164,164,0.117638
1,164,164,0.120727
1,164,164,0.123529
1,164,164,0.120495
1,164,164,0.121060
1,164,164,0.118328
1,164,164,0.121932
1,165,165,0.120301
1,165,165,0.117681
1,165,165,0.118434
1,165,165,0.117826
1,165,165,0.119037
1,165,165,0.118899
1,165,165,0.124366
1,165,165,0.118871
1,166,166,0.121279
1,166,166,0.120653
1,166,166,0.118789
1,166,166,0.120151
1,166,166,0.113554
1,166,166,0.120995
1,166,166,0.115420
1,166,166,0.120155
1,167,167,0.119915
1,167,167,0.114612
1,167,167,0.122806
1,167,167,0.118231
1,167,167,0.117568
1,167,167,0.117512
1,167,167,0.123768
1,167,167,0.125114
1,168,168,0.117346
1,168,168,0.117266
1,168,168,0.119033
1,168,168,0.120153
1,168,168,0.115152
1,168,168,0.117981
1,168,168,0.115505
1,168,168,0.124222
1,169,169,0.117217
1,169,169,0.116342
1,169,169,0.118782
1,169,169,0.118978
1,169,169,0.115964
1,169,169,0.120655
1,169,169,0.120040
1,169,169,0.118741
1,170,170,0.120826
1,170,170,0.121214
1,170,170,0.116651
1,170,170,0.116637
1,170,170,0.115595
1,170,170,0.118152
1,170,170,0.119334
1,170,170,0.117440
1,171,171,0.115827
1,171,171,0.120851
1,171,171,0.118085
1,171,171,0.119479
1,171,171,0.117901
1,171,171,0.125034
1,171,171,0.119318
1,171,171,0.116194
1,172,172,0.121477
1,172,172,0.119558
1,172,172,0.120657
1,172,172,0.125771
1,172,172,0.121430
1,172,172,0.120400
1,172,172,0.121351
1,172,172,0.118515
1,173,173,0.116861
1,173,173,0.120293
1,173,173,0.123094
1,173,173,0.117185
1,173,173,0.118284
1,173,173,0.117092
1,173,173,0.128533
1,173,173,0.119290
1,174,174,0.114989
1,174,174,0.115415
1,174,174,0.124004
1,174,174,0.119322
1,174,174,0.119867
1,174,174,0.121842
1,174,174,0.117172
1,174,174,0.116486
1,175,175,0.118679
1,175,175,0.121879
1,175,175,0.116158
1,175,175,0.116646
1,175,175,0.115907
1,175,175,0.118081
1,175,175,0.114158
1,175,175,0.117195
1,176,176,0.119644
1,176,176,0.117943
1,176,176,0.115661
1,176,176,0.115790
1,176,176,0.122119
1,176,176,0.115110
1,176,176,0.121230
1,176,176,0.120530
1,177,177,0.124896
1,177,177,0.123153
1,177,177,0.119480
1,177,177,0.123143
1,177,177,0.115871
1,177,177,0.124495
1,177,177,0.116287
1,177,177,0.115238
1,178,178,0.117231
1,178,178,0.119326
1,178,178,0.131028
1,178,178,0.119711
1,178,178,0.115870
1,178,178,0.115751
1,178,178,0.116088
1,178,178,0.118168
1,179,179,0.115793
1,179,179,0.116893
1,179,179,0.116630
1,179,179,0.114103
1,179,179,0.118204
1,179,179,0.118487
1,179,179,0.120651
1,179,179,0.122101
1,180,180,0.125423
1,180,180,0.123623
1,180,180,0.120429
1,180,180,0.121120
1,180,180,0.120905
1,180,180,0.121182
1,180,180,0.124302
1,180,180,0.117321
1,181,181,0.114889
1,181,181,0.129252
1,181,181,0.119484
1,181,181,0.116637
1,181,181,0.121702
1,181,181,0.118313
1,181,181,0.119611
1,181,181,0.121700
1,182,182,0.116931
1,182,182,0.117038
1,182,182,0.115857
1,182,182,0.123064
1,182,182,0.116186
1,182,182,0.116611
1,182,182,0.118730
1,182,182,0.117032
1,183,183,0.124211
1,183,183,0.122979
1,183,183,0.120364
1,183,183,0.124562
1,183,183,0.119703
1,183,183,0.114007
1,183,183,0.120210
1,183,183,0.116099
1,184,184,0.115415
1,184,184,0.117327
1,184,184,0.121522
1,184,184,0.117227
1,184,184,0.117407
1,184,184,0.117257
1,184,184,0.115590
1,184,184,0.121857
1,185,185,0.116917
1,185,185,0.117142
1,185,185,0.115425
1,185,185,0.116013
1,185,185,0.117089
1,185,185,0.117463
1,185,185,0.114208
1,185,185,0.114470
1,186,186,0.121172
1,186,186,0.121124
1,186,186,0.112996
1,186,186,0.117656
1,186,186,0.116867
1,186,186,0.119438
1,186,186,0.118839
1,186,186,0.120267
1,187,187,0.118214
1,187,187,0.120124
1,187,187,0.114962
1,187,187,0.120931
1,187,187,0.118526
1,187,187,0.116155
1,187,187,0.123437
1,187,187,0.121741
1,188,188,0.119225
1,188,188,0.118015
1,188,188,0.115125
1,188,188,0.118283
1,188,188,0.118289
1,188,188,0.117212
1,188,188,0.129388
1,188,188,0.116528
1,189,189,0.115467
1,189,189,0.114910
1,189,189,0.113685
1,189,189,0.123322
1,189,189,0.120711
1,189,189,0.120806
1,189,189,0.115333
1,189,189,0.123585
1,190,190,0.118434
1,190,190,0.117186
1,190,190,0.119048
1,190,190,0.119327
1,190,190,0.118619
1,190,190,0.128505
1,190,190,0.114981
1,190,190,0.115074
1,191,191,0.118804
1,191,191,0.117193
1,191,191,0.117140
1,191,191,0.120018
1,191,191,0.123559
1,191,191,0.117138
1,191,191,0.119454
1,191,191,0.117101
1,192,192,0.117965
1,192,192,0.113317
1,192,192,0.116018
1,192,192,0.115214
1,192,192,0.124565
1,192,192,0.115237
1,192,192,0.117836
1,192,192,0.117190
1,193,193,0.114574
1,193,193,0.113735
1,193,193,0.117437
1,193,193,0.114101
1,193,193,0.119314
1,193,193,0.115825
1,193,193,0.121011
1,193,193,0.119474
1,194,194,0.117876
1,194,194,0.114651
1,194,194,0.119340
1,194,194,0.117481
1,194,194,0.113538
1,194,194,0.123838
1,194,194,0.118916
1,194,194,0.122043
1,195,195,0.116373
1,195,195,0.118156
1,195,195,0.116515
1,195,195,0.112904
1,195,195,0.115539
1,195,195,0.116645
1,195,195,0.113596
1,195,195,0.118245
1,196,196,0.121194
1,196,196,0.118368
1,196,196,0.118633
1,196,196,0.116390
1,196,196,0.115938
1,196,196,0.115488
1,196,196,0.116942
1,196,196,0.115363
1,197,197,0.121903
1,197,197,0.118965
1,197,197,0.114919
1,197,197,0.121648
1,197,197,0.122763
1,197,197,0.117167
1,197,197,0.116107
1,197,197,0.128491
1,198,198,0.119542
1,198,198,0.117641
1,198,198,0.119477
1,198,198,0.118704
1,198,198,0.113975
1,198,198,0.117565
1,198,198,0.124445
1,198,198,0.119176
1,199,199,0.118258
1,199,199,0.113126
1,199,199,0.125764
1,199,199,0.120747
1,199,199,0.115513
1,199,199,0.115821
1,199,199,0.118923
1,199,199,0.119684
1,200,200,0.121518
1,200,200,0.118558
1,200,200,0.116688
1,200,200,0.119270
1,200,200,0.120910
1,200,200,0.117592
1,200,200,0.126396
1,200,200,0.119920
1,201,201,0.119231
1,201,201,0.119744
1,201,201,0.116214
1,201,201,0.114689
1,201,201,0.119056
1,201,201,0.121275
1,201,201,0.115501
1,201,201,0.114894
1,202,202,0.121818
1,202,202,0.117166
1,202,202,0.119949
1,202,202,0.117908
1,202,202,0.114986
1,202,202,0.114242
1,202,202,0.125768
1,202,202,0.121410
1,203,203,0.122848
1,203,203,0.121105
1,203,203,0.118578
1,203,203,0.122151
1,203,203,0.116742
1,203,203,0.117308
1,203,203,0.113400
1,203,203,0.116916
1,204,204,0.120196
1,204,204,0.121750
1,204,204,0.126975
1,204,204,0.118449
1,204,204,0.121992
1,204,204,0.126860
1,204,204,0.121242
1,204,204,0.116055
1,205,205,0.124821
1,205,205,0.122322
1,205,205,0.112570
1,205,205,0.117659
1,205,205,0.116142
1,205,205,0.118297
1,205,205,0.119145
1,205,205,0.116903
1,206,206,0.117662
1,206,206,0.123290
1,206,206,0.116516
1,206,206,0.121382
1,206,206,0.118351
1,206,206,0.120601
1,206,206,0.120928
1,206,206,0.122277
1,207,207,0.120706
1,207,207,0.114624
1,207,207,0.117531
1,207,207,0.118505
1,207,207,0.126695
1,207,207,0.115002
1,207,207,0.119565
1,207,207,0.117201
1,208,208,0.118135
1,208,208,0.115165
1,208,208,0.113313
1,208,208,0.116984
1,208,208,0.119737
1,208,208,0.116491
1,208,208,0.119979
1,208,208,0.119453
1,209,209,0.128088
1,209,209,0.123212
1,209,209,0.119776
1,209,209,0.116475
1,209,209,0.115388
1,209,209,0.116427
1,209,209,0.118127
1,209,209,0.132672
1,210,210,0.119481
1,210,210,0.119868
1,210,210,0.117839
1,210,210,0.116814
1,210,210,0.118861
1,210,210,0.119064
1,210,210,0.120702
1,210,210,0.118035
1,211,211,0.116953
1,211,211,0.118436
1,211,211,0.124157
1,211,211,0.115563
1,211,211,0.118451
1,211,211,0.116613
1,211,211,0.120757
1,211,211,0.114621
1,212,212,0.120049
1,212,212,0.118034
1,212,212,0.119293
1,212,212,0.120000
1,212,212,0.110882
1,212,212,0.118033
1,212,212,0.118408
1,212,212,0.116337
1,213,213,0.117577
1,213,213,0.120112
1,213,213,0.119650
1,213,213,0.116255
1,213,213,0.117234
1,213,213,0.119454
1,213,213,0.114790
1,213,213,0.115255
1,214,214,0.117506
1,214,214,0.122266
1,214,214,0.120130
1,214,214,0.115737
1,214,214,0.120138
1,214,214,0.115975
1,214,214,0.116950
1,214,214,0.115623
1,215,215,0.120935
1,215,215,0.118955
1,215,215,0.116523
1,215,215,0.114245
1,215,215,0.115990
1,215,215,0.115217
1,215,215,0.121318
1,215,215,0.117970
1,216,216,0.115770
1,216,216,0.120225
1,216,216,0.121843
1,216,216,0.116508
1,216,216,0.120192
1,216,216,0.116092
1,216,216,0.118410
1,216,216,0.124939
1,217,217,0.112957
1,217,217,0.118876
1,217,217,0.116358
1,217,217,0.129398
1,217,217,0.124104
1,217,217,0.125342
1,217,217,0.115902
1,217,217,0.120671
1,218,218,0.117154
1,218,218,0.114865
1,218,218,0.117223
1,218,218,0.117045
1,218,218,0.118724
1,218,218,0.120028
1,218,218,0.114150
1,218,218,0.117269
1,219,219,0.114776
1,219,219,0.114036
1,219,219,0.116516
1,219,219,0.122195
1,219,219,0.118524
1,219,219,0.120336
1,219,219,0.122346
1,219,219,0.117769
1,220,220,0.119192
1,220,220,0.116759
1,220,220,0.115234
1,220,220,0.112655
1,220,220,0.112668
1,220,220,0.115430
1,220,220,0.112122
1,220,220,0.118596
1,221,221,0.121860
1,221,221,0.114693
1,221,221,0.115046
1,221,221,0.119562
1,221,221,0.119869
1,221,221,0.120620
1,221,221,0.114240
1,221,221,0.117522
1,222,222,0.121623
1,222,222,0.116440
1,222,222,0.116717
1,222,222,0.115899
1,222,222,0.114489
1,222,222,0.114347
1,222,222,0.118066
1,222,222,0.115410
1,223,223,0.118529
1,223,223,0.120657
1,223,223,0.119097
1,223,223,0.121195
1,223,223,0.118112
1,223,223,0.119427
1,223,223,0.116157
1,223,223,0.115754
1,224,224,0.119273
1,224,224,0.111797
1,224,224,0.115911
1,224,224,0.119771
1,224,224,0.124357
1,224,224,0.119043
1,224,224,0.120691
1,224,224,0.116279
1,225,225,0.120019
1,225,225,0.118560
1,225,225,0.118139
1,225,225,0.118359
1,225,225,0.113304
1,225,225,0.113770
1,225,225,0.117185
1,225,225,0.118055
1,226,226,0.118350
1,226,226,0.119280
1,226,226,0.113100
1,226,226,0.114661
1,226,226,0.117352
1,226,226,0.117500
1,226,226,0.118330
1,226,226,0.118803
1,227,227,0.113919
1,227,227,0.115775
1,227,227,0.119391
1,227,227,0.123960
1,227,227,0.123086
1,227,227,0.118330
1,227,227,0.120777
1,227,227,0.118378
1,228,228,0.117871
1,228,228,0.116990
1,228,228,0.118599
1,228,228,0.111244
1,228,228,0.113818
1,228,228,0.117605
1,228,228,0.112350
1,228,228,0.114461
1,229,229,0.115332
1,229,229,0.115295
1,229,229,0.117236
1,229,229,0.117431
1,229,229,0.118381
1,229,229,0.116160
1,229,229,0.122025
1,229,229,0.121186
1,230,230,0.111804
1,230,230,0.117026
1,230,230,0.119979
1,230,230,0.118303
1,230,230,0.117213
1,230,230,0.115914
1,230,230,0.117984
1,230,230,0.117733
1,231,231,0.121482
1,231,231,0.116894
1,231,231,0.125173
1,231,231,0.120260
1,231,231,0.116963
1,231,231,0.115145
1,231,231,0.117002
1,231,231,0.116328
1,232,232,0.117951
1,232,232,0.120123
1,232,232,0.115267
1,232,232,0.115564
1,232,232,0.115095
1,232,232,0.113661
1,232,232,0.116382
1,232,232,0.125634
1,233,233,0.116242
1,233,233,0.118848
1,233,233,0.122709
1,233,233,0.114242
1,233,233,0.119963
1,233,233,0.116412
1,233,233,0.115963
1,233,233,0.114811
1,234,234,0.115085
1,234,234,0.113821
1,234,234,0.119627
1,234,234,0.116533
1,234,234,0.120114
1,234,234,0.120217
1,234,234,0.114786
1,234,234,0.116645
1,235,235,0.121271
1,235,235,0.117136
1,235,235,0.118877
1,235,235,0.116378
1,235,235,0.111903
1,235,235,0.117586
1,235,235,0.118174
1,235,235,0.115344
1,236,236,0.114515
1,236,236,0.116498
1,236,236,0.118841
1,236,236,0.120476
1,236,236,0.121229
1,236,236,0.115401
1,236,236,0.123020
1,236,236,0.119776
1,237,237,0.116654
1,237,237,0.117802
1,237,237,0.116054
1,237,237,0.119352
1,237,237,0.122182
1,237,237,0.116486
1,237,237,0.118466
1,237,237,0.118578
1,238,238,0.116947
1,238,238,0.122018
1,238,238,0.123604
1,238,238,0.123570
1,238,238,0.119736
1,238,238,0.114635
1,238,238,0.117452
1,238,238,0.119685
1,239,239,0.116036
1,239,239,0.114324
1,239,239,0.116941
1,239,239,0.116180
1,239,239,0.119020
1,239,239,0.115537
1,239,239,0.119992
1,239,239,0.116593
1,240,240,0.127753
1,240,240,0.117193
1,240,240,0.114991
1,240,240,0.118039
1,240,240,0.113917
1,240,240,0.119373
1,240,240,0.119253
1,240,240,0.116133
1,241,241,0.119235
1,241,241,0.115844
1,241,241,0.113684
1,241,241,0.118960
1,241,241,0.118716
1,241,241,0.118287
1,241,241,0.115826
1,241,241,0.117444
1,242,242,0.125024
1,242,242,0.118405
1,242,242,0.117772
1,242,242,0.115614
1,242,242,0.114006
1,242,242,0.114181
1,242,242,0.116332
1,242,242,0.115399
1,243,243,0.117467
1,243,243,0.119827
1,243,243,0.115409
1,243,243,0.114596
1,243,243,0.121908
1,243,243,0.115954
1,243,243,0.119801
1,243,243,0.118098
1,244,244,0.117531
1,244,244,0.116369
1,244,244,0.122574
1,244,244,0.117274
1,244,244,0.119444
1,244,244,0.119499
1,244,244,0.117124
1,244,244,0.116457
1,245,245,0.120165
1,245,245,0.118284
1,245,245,0.115989
1,245,245,0.115733
1,245,245,0.121357
1,245,245,0.122500
1,245,245,0.117645
1,245,245,0.116043
1,246,246,0.116245
1,246,246,0.117669
1,246,246,0.122666
1,246,246,0.114360
1,246,246,0.122554
1,246,246,0.123079
1,246,246,0.119662
1,246,246,0.119854
1,247,247,0.121279
1,247,247,0.121551
1,247,247,0.118335
1,247,247,0.115333
1,247,247,0.122470
1,247,247,0.119271
1,247,247,0.113888
1,247,247,0.120555
1,248,248,0.113390
1,248,248,0.114356
1,248,248,0.118898
1,248,248,0.116391
1,248,248,0.118909
1,248,248,0.119171
1,248,248,0.118555
1,248,248,0.119337
1,249,249,0.115368
1,249,249,0.116135
1,249,249,0.125291
1,249,249,0.117047
1,249,249,0.114321
1,249,249,0.119547
1,249,249,0.116256
1,249,249,0.113397
1,250,250,0.115058
1,250,250,0.121355
1,250,250,0.114267
1,250,250,0.118586
1,250,250,0.114752
1,250,250,0.115968
1,250,250,0.114172
1,250,250,0.119465
1,251,251,0.112284
1,251,251,0.115126
1,251,251,0.122130
1,251,251,0.120951
1,251,251,0.113771
1,251,251,0.117718
1,251,251,0.121621
1,251,251,0.115170
1,252,252,0.118766
1,252,252,0.119025
1,252,252,0.120573
1,252,252,0.119520
1,252,252,0.123928
1,252,252,0.115533
1,252,252,0.115752
1,252,252,0.118236
1,253,253,0.117151
1,253,253,0.118490
1,253,253,0.117582
1,253,253,0.114726
1,253,253,0.119111
1,253,253,0.115112
1,253,253,0.121323
1,253,253,0.118188
1,254,254,0.116286
1,254,254,0.115383
1,254,254,0.117499
1,254,254,0.116848
1,254,254,0.118556
1,254,254,0.119778
1,254,254,0.119476
1,254,254,0.120002
1,255,255,0.114867
1,255,255,0.117636
1,255,255,0.115907
1,255,255,0.114283
1,255,255,0.121142
1,255,255,0.117177
1,255,255,0.120222
1,255,255,0.113394
1,256,256,0.117627
1,256,256,0.119619
1,256,256,0.118563
1,256,256,0.117752
1,256,256,0.120467
1,256,256,0.118611
1,256,256,0.117118
1,256,256,0.115180
1,257,257,0.117634
1,257,257,0.116690
1,257,257,0.115965
1,257,257,0.118384
1,257,257,0.116194
1,257,257,0.116038
1,257,257,0.114295
1,257,257,0.120118
1,258,258,0.114386
1,258,258,0.116967
1,258,258,0.119634
1,258,258,0.115848
1,258,258,0.115733
1,258,258,0.118131
1,258,258,0.116424
1,258,258,0.119691
1,259,259,0.115526
1,259,259,0.118502
1,259,259,0.120233
1,259,259,0.112567
1,259,259,0.115367
1,259,259,0.118880
1,259,259,0.115410
1,259,259,0.123402
1,260,260,0.116615
1,260,260,0.118043
1,260,260,0.121059
1,260,260,0.118309
1,260,260,0.115968
1,260,260,0.118693
1,260,260,0.118212
1,260,260,0.120269
1,261,261,0.117613
1,261,261,0.116480
1,261,261,0.113963
1,261,261,0.114753
1,261,261,0.118228
1,261,261,0.115588
1,261,261,0.124036
1,261,261,0.118591
1,262,262,0.120915
1,262,262,0.116885
1,262,262,0.116280
1,262,262,0.117879
1,262,262,0.117736
1,262,262,0.116788
1,262,262,0.116099
1,262,262,0.125991
1,263,263,0.116844
1,263,263,0.124491
1,263,263,0.117055
1,263,263,0.117073
1,263,263,0.116767
1,263,263,0.120783
1,263,263,0.118003
1,263,263,0.116650
1,264,264,0.117896
1,264,264,0.114735
1,264,264,0.120959
1,264,264,0.121865
1,264,264,0.122209
1,264,264,0.118833
1,264,264,0.117446
1,264,264,0.114734
1,265,265,0.117069
1,265,265,0.112563
1,265,265,0.121929
1,265,265,0.117981
1,265,265,0.115497
1,265,265,0.119418
1,265,265,0.119571
1,265,265,0.115623
1,266,266,0.123611
1,266,266,0.114939
1,266,266,0.117369
1,266,266,0.121435
1,266,266,0.117563
1,266,266,0.122475
1,266,266,0.115804
1,266,266,0.125607
1,267,267,0.117600
1,267,267,0.120942
1,267,267,0.116711
1,267,267,0.120296
1,267,267,0.117983
1,267,267,0.113516
1,267,267,0.115457
1,267,267,0.119049
1,268,268,0.116088
1,268,268,0.119510
1,268,268,0.117294
1,268,268,0.121441
1,268,268,0.120366
1,268,268,0.115310
1,268,268,0.121326
1,268,268,0.113071
1,269,269,0.116475
1,269,269,0.117863
1,269,269,0.117164
1,269,269,0.118676
1,269,269,0.121042
1,269,269,0.115458
1,269,269,0.120827
1,269,269,0.118965
1,270,270,0.119297
1,270,270,0.115873
1,270,270,0.127518
1,270,270,0.118365
1,270,270,0.115910
1,270,270,0.118868
1,270,270,0.116311
1,270,270,0.123296
1,271,271,0.119677
1,271,271,0.114107
1,271,271,0.118418
1,271,271,0.117712
1,271,271,0.116139
1,271,271,0.115910
1,271,271,0.123071
1,271,271,0.116182
1,272,272,0.120293
1,272,272,0.118970
1,272,272,0.114694
1,272,272,0.112930
1,272,272,0.116881
1,272,272,0.121796
1,272,272,0.119814
1,272,272,0.118205
1,273,273,0.119390
1,273,273,0.121855
1,273,273,0.115648
1,273,273,0.119644
1,273,273,0.116394
1,273,273,0.120774
1,273,273,0.122084
1,273,273,0.117069
1,274,274,0.119786
1,274,274,0.117637
1,274,274,0.113433
1,274,274,0.115225
1,274,274,0.118654
1,274,274,0.117678
1,274,274,0.118821
1,274,274,0.121146
1,275,275,0.120977
1,275,275,0.116883
1,275,275,0.114700
1,275,275,0.117230
1,275,275,0.113562
1,275,275,0.120018
1,275,275,0.119229
1,275,275,0.116357
1,276,276,0.121596
1,276,276,0.121612
1,276,276,0.123996
1,276,276,0.123574
1,276,276,0.118178
1,276,276,0.118672
1,276,276,0.118514
1,276,276,0.117339
1,277,277,0.122725
1,277,277,0.116494
1,277,277,0.114884
1,277,277,0.114808
1,277,277,0.121632
1,277,277,0.114266
1,277,277,0.116475
1,277,277,0.116195
1,278,278,0.111182
1,278,278,0.114414
1,278,278,0.111935
1,278,278,0.118001
1,278,278,0.129023
1,278,278,0.118365
1,278,278,0.117739
1,278,278,0.117721
1,279,279,0.123857
1,279,279,0.115746
1,279,279,0.114766
1,279,279,0.114904
1,279,279,0.114762
1,279,279,0.114556
1,279,279,0.119789
1,279,279,0.114615
1,280,280,0.116043
1,280,280,0.118583
1,280,280,0.116428
1,280,280,0.116411
1,280,280,0.114203
1,280,280,0.119528
1,280,280,0.120280
1,280,280,0.118901
1,281,281,0.117844
1,281,281,0.118111
1,281,281,0.118679
1,281,281,0.111105
1,281,281,0.119977
1,281,281,0.116317
1,281,281,0.113599
1,281,281,0.122788
1,282,282,0.118431
1,282,282,0.118496
1,282,282,0.112229
1,282,282,0.118980
1,282,282,0.116759
1,282,282,0.114212
1,282,282,0.117477
1,282,282,0.118489
1,283,283,0.120007
1,283,283,0.115795
1,283,283,0.117496
1,283,283,0.120550
1,283,283,0.115407
1,283,283,0.116666
1,283,283,0.114954
1,283,283,0.120680
1,284,284,0.116150
1,284,284,0.118199
1,284,284,0.119051
1,284,284,0.121554
1,284,284,0.120009
1,284,284,0.122615
1,284,284,0.119723
1,284,284,0.118816
1,285,285,0.112636
1,285,285,0.121062
1,285,285,0.118100
1,285,285,0.124207
1,285,285,0.116626
1,285,285,0.119721
1,285,285,0.116513
1,285,285,0.118060
1,286,286,0.113969
1,286,286,0.114544
1,286,286,0.113037
1,286,286,0.126227
1,286,286,0.114918
1,286,286,0.116031
1,286,286,0.117565
1,286,286,0.117159
1,287,287,0.117371
1,287,287,0.120631
1,287,287,0.115940
1,287,287,0.114486
1,287,287,0.116598
1,287,287,0.118771
1,287,287,0.121134
1,287,287,0.118711
1,288,288,0.118069
1,288,288,0.120948
1,288,288,0.115473
1,288,288,0.122758
1,288,288,0.123613
1,288,288,0.116282
1,288,288,0.115979
1,288,288,0.118649
1,289,289,0.117872
1,289,289,0.115382
1,289,289,0.117029
1,289,289,0.115563
1,289,289,0.117915
1,289,289,0.119284
1,289,289,0.115063
1,289,289,0.115763
1,290,290,0.115160
1,290,290,0.114035
1,290,290,0.116361
1,290,290,0.116291
1,290,290,0.115349
1,290,290,0.115471
1,290,290,0.119678
1,290,290,0.115311
1,291,291,0.118140
1,291,291,0.117049
1,291,291,0.116189
1,291,291,0.116932
1,291,291,0.119454
1,291,291,0.121451
1,291,291,0.120281
1,291,291,0.118768
1,292,292,0.119493
1,292,292,0.115646
1,292,292,0.122167
1,292,292,0.113810
1,292,292,0.116863
1,292,292,0.115856
1,292,292,0.126143
1,292,292,0.119687
1,293,293,0.119976
1,293,293,0.114213
1,293,293,0.112394
1,293,293,0.119361
1,293,293,0.116562
1,293,293,0.116488
1,293,293,0.118374
1,293,293,0.118932
1,294,294,0.118691
1,294,294,0.117066
1,294,294,0.118644
1,294,294,0.119530
1,294,294,0.116640
1,294,294,0.116329
1,294,294,0.117249
1,294,294,0.120564
1,295,295,0.116487
1,295,295,0.116647
1,295,295,0.116598
1,295,295,0.119250
1,295,295,0.117388
1,295,295,0.113783
1,295,295,0.114726
1,295,295,0.122892
1,296,296,0.121272
1,296,296,0.118665
1,296,296,0.120038
1,296,296,0.119357
1,296,296,0.114966
1,296,296,0.116127
1,296,296,0.119591
1,296,296,0.115025
1,297,297,0.116417
1,297,297,0.120598
1,297,297,0.116988
1,297,297,0.119613
1,297,297,0.115817
1,297,297,0.118217
1,297,297,0.115650
1,297,297,0.117268
1,298,298,0.119137
1,298,298,0.115859
1,298,298,0.121751
1,298,298,0.117817
1,298,298,0.116465
1,298,298,0.114031
1,298,298,0.123252
1,298,298,0.115485
1,299,299,0.116510
1,299,299,0.116469
1,299,299,0.117339
1,299,299,0.115512
1,299,299,0.115194
1,299,299,0.116884
1,299,299,0.118006
1,299,299,0.118342
1,300,300,0.120687
1,300,300,0.115431
1,300,300,0.122043
1,300,300,0.114650
1,300,300,0.118467
1,300,300,0.115305
1,300,300,0.114672
1,300,300,0.114772
1,301,301,0.128653
1,301,301,0.119173
1,301,301,0.123435
1,301,301,0.117326
1,301,301,0.121646
1,301,301,0.117378
1,301,301,0.122130
1,301,301,0.114242
1,302,302,0.118390
1,302,302,0.116768
1,302,302,0.116395
1,302,302,0.117989
1,302,302,0.118519
1,302,302,0.114482
1,302,302,0.117352
1,302,302,0.115409
1,303,303,0.113194
1,303,303,0.118920
1,303,303,0.121875
1,303,303,0.113289
1,303,303,0.115752
1,303,303,0.115944
1,303,303,0.116852
1,303,303,0.117550
1,304,304,0.117313
1,304,304,0.117894
1,304,304,0.113615
1,304,304,0.116696
1,304,304,0.116219
1,304,304,0.114165
1,304,304,0.116569
1,304,304,0.115465
1,305,305,0.120093
1,305,305,0.122210
1,305,305,0.116621
1,305,305,0.114279
1,305,305,0.116856
1,305,305,0.118511
1,305,305,0.117681
1,305,305,0.115418
1,306,306,0.116978
1,306,306,0.118666
1,306,306,0.114545
1,306,306,0.119020
1,306,306,0.116785
1,306,306,0.119578
1,306,306,0.118917
1,306,306,0.116644
1,307,307,0.119237
1,307,307,0.115181
1,307,307,0.120803
1,307,307,0.116569
1,307,307,0.116630
1,307,307,0.122610
1,307,307,0.119946
1,307,307,0.121096
1,308,308,0.121412
1,308,308,0.114876
1,308,308,0.123723
1,308,308,0.112844
1,308,308,0.118275
1,308,308,0.117792
1,308,308,0.115393
1,308,308,0.113336
1,309,309,0.118321
1,309,309,0.117744
1,309,309,0.117592
1,309,309,0.112631
1,309,309,0.119191
1,309,309,0.115864
1,309,309,0.108818
1,309,309,0.115650
1,310,310,0.116735
1,310,310,0.116135
1,310,310,0.117821
1,310,310,0.116413
1,310,310,0.119901
1,310,310,0.114593
1,310,310,0.121759
1,310,310,0.115586
1,311,311,0.119910
1,311,311,0.110247
1,311,311,0.117475
1,311,311,0.115088
1,311,311,0.118924
1,311,311,0.118008
1,311,311,0.116452
1,311,311,0.114239
1,312,312,0.116799
1,312,312,0.116327
1,312,312,0.116533
1,312,312,0.118704
1,312,312,0.116786
1,312,312,0.117039
1,312,312,0.114895
1,312,312,0.114544
1,313,313,0.120408
1,313,313,0.116220
1,313,313,0.119049
1,313,313,0.116285
1,313,313,0.113352
1,313,313,0.115160
1,313,313,0.117463
1,313,313,0.113895
1,314,314,0.115601
1,314,314,0.117797
1,314,314,0.116258
1,314,314,0.115129
1,314,314,0.118504
1,314,314,0.114729
1,314,314,0.116501
1,314,314,0.114489
1,315,315,0.120156
1,315,315,0.115761
1,315,315,0.116097
1,315,315,0.122277
1,315,315,0.116994
1,315,315,0.117849
1,315,315,0.117069
1,315,315,0.115000
1,316,316,0.117952
1,316,316,0.117995
1,316,316,0.114949
1,316,316,0.115558
1,316,316,0.114019
1,316,316,0.119196
1,316,316,0.113607
1,316,316,0.117314
1,317,317,0.117601
1,317,317,0.114309
1,317,317,0.120534
1,317,317,0.115594
1,317,317,0.113737
1,317,317,0.113350
1,317,317,0.120434
1,317,317,0.115527
1,318,318,0.115671
1,318,318,0.119388
1,318,318,0.120755
1,318,318,0.118271
1,318,318,0.115935
1,318,318,0.121021
1,318,318,0.125541
1,318,318,0.115506
1,319,319,0.123527
1,319,319,0.123944
1,319,319,0.116354
1,319,319,0.118088
1,319,319,0.121144
1,319,319,0.114680
1,319,319,0.114492
1,319,319,0.117074
1,320,320,0.115887
1,320,320,0.113492
1,320,320,0.113889
1,320,320,0.117177
1,320,320,0.114680
1,320,320,0.118946
1,320,320,0.116336
1,320,320,0.118337
1,321,321,0.117222
1,321,321,0.121264
1,321,321,0.115177
1,321,321,0.118767
1,321,321,0.121056
1,321,321,0.113848
1,321,321,0.111724
1,321,321,0.115822
1,322,322,0.123255
1,322,322,0.115018
1,322,322,0.115934
1,322,322,0.116560
1,322,322,0.117897
1,322,322,0.117139
1,322,322,0.116812
1,322,322,0.120812
1,323,323,0.116937
1,323,323,0.118070
1,323,323,0.115906
1,323,323,0.112265
1,323,323,0.119584
1,323,323,0.114646
1,323,323,0.122849
1,323,323,0.123606
1,324,324,0.118058
1,324,324,0.120478
1,324,324,0.113789
1,324,324,0.117684
1,324,324,0.116676
1,324,324,0.115522
1,324,324,0.115799
1,324,324,0.112752
1,325,325,0.123712
1,325,325,0.117696
1,325,325,0.123873
1,325,325,0.115368
1,325,325,0.116060
1,325,325,0.117519
1,325,325,0.119130
1,325,325,0.116861
1,326,326,0.116909
1,326,326,0.123247
1,326,326,0.113853
1,326,326,0.124893
1,326,326,0.115271
1,326,326,0.121815
1,326,326,0.117691
1,326,326,0.121115
1,327,327,0.116041
1,327,327,0.129662
1,327,327,0.116633
1,327,327,0.116081
1,327,327,0.115058
1,327,327,0.116706
1,327,327,0.115665
1,327,327,0.116298
1,328,328,0.115915
1,328,328,0.115444
1,328,328,0.117297
1,328,328,0.115927
1,328,328,0.118002
1,328,328,0.116996
1,328,328,0.118431
1,328,328,0.118194
1,329,329,0.117874
1,329,329,0.116680
1,329,329,0.116852
1,329,329,0.117191
1,329,329,0.118645
1,329,329,0.119801
1,329,329,0.118881
1,329,329,0.116462
1,330,330,0.115105
1,330,330,0.119470
1,330,330,0.121429
1,330,330,0.120183
1,330,330,0.117029
1,330,330,0.118894
1,330,330,0.117132
1,330,330,0.113936
1,331,331,0.118972
1,331,331,0.115920
1,331,331,0.118387
1,331,331,0.118409
1,331,331,0.125284
1,331,331,0.119900
1,331,331,0.116552
1,331,331,0.115527
1,332,332,0.119937
1,332,332,0.117731
1,332,332,0.120887
1,332,332,0.118117
1,332,332,0.119358
1,332,332,0.118425
1,332,332,0.115021
1,332,332,0.117007
1,333,333,0.116584
1,333,333,0.119526
1,333,333,0.117834
1,333,333,0.119462
1,333,333,0.119237
1,333,333,0.112054
1,333,333,0.117393
1,333,333,0.120120
1,334,334,0.115906
1,334,334,0.121941
1,334,334,0.112959
1,334,334,0.114772
1,334,334,0.114160
1,334,334,0.117444
1,334,334,0.112988
1,334,334,0.118419
1,335,335,0.112753
1,335,335,0.118802
1,335,335,0.125791
1,335,335,0.126620
1,335,335,0.116222
1,335,335,0.116031
1,335,335,0.114258
1,335,335,0.115669
1,336,336,0.117242
1,336,336,0.121449
1,336,336,0.114634
1,336,336,0.113206
1,336,336,0.114932
1,336,336,0.115329
1,336,336,0.114520
1,336,336,0.120007
1,337,337,0.114552
1,337,337,0.116446
1,337,337,0.123608
1,337,337,0.112532
1,337,337,0.120677
1,337,337,0.118135
1,337,337,0.119504
1,337,337,0.119594
1,338,338,0.119080
1,338,338,0.119743
1,338,338,0.115188
1,338,338,0.125193
1,338,338,0.128068
1,338,338,0.117593
1,338,338,0.113877
1,338,338,0.125768
1,339,339,0.115952
1,339,339,0.113833
1,339,339,0.116898
1,339,339,0.117219
1,339,339,0.123472
1,339,339,0.115985
1,339,339,0.121645
1,339,339,0.118128
1,340,340,0.122281
1,340,340,0.113234
1,340,340,0.119416
1,340,340,0.117842
1,340,340,0.120279
1,340,340,0.115510
1,340,340,0.117499
1,340,340,0.118097
1,341,341,0.118908
1,341,341,0.115915
1,341,341,0.114736
1,341,341,0.117597
1,341,341,0.115778
1,341,341,0.113412
1,341,341,0.109570
1,341,341,0.114361
1,342,342,0.115312
1,342,342,0.123613
1,342,342,0.122618
1,342,342,0.114279
1,342,342,0.117581
1,342,342,0.115579
1,342,342,0.116122
1,342,342,0.122717
1,343,343,0.117682
1,343,343,0.121053
1,343,343,0.118959
1,343,343,0.119386
1,343,343,0.119843
1,343,343,0.114729
1,343,343,0.114831
1,343,343,0.118323
1,344,344,0.119340
1,344,344,0.121129
1,344,344,0.118411
1,344,344,0.115417
1,344,344,0.117233
1,344,344,0.121006
1,344,344,0.117064
1,344,344,0.123291
1,345,345,0.116733
1,345,345,0.115552
1,345,345,0.115172
1,345,345,0.114401
1,345,345,0.114188
1,345,345,0.122906
1,345,345,0.115815
1,345,345,0.114845
1,346,346,0.120652
1,346,346,0.114551
1,346,346,0.116093
1,346,346,0.120211
1,346,346,0.118474
1,346,346,0.116545
1,346,346,0.112373
1,346,346,0.115056
1,347,347,0.119802
1,347,347,0.114421
1,347,347,0.117618
1,347,347,0.120999
1,347,347,0.120913
1,347,347,0.115948
1,347,347,0.116005
1,347,347,0.120381
1,348,348,0.114554
1,348,348,0.114026
1,348,348,0.118548
1,348,348,0.114584
1,348,348,0.122298
1,348,348,0.124895
1,348,348,0.122858
1,348,348,0.122149
1,349,349,0.139800
1,349,349,0.120910
1,349,349,0.115085
1,349,349,0.118756
1,349,349,0.123338
1,349,349,0.119391
1,349,349,0.116886
1,349,349,0.120223
1,350,350,0.116605
1,350,350,0.118925
1,350,350,0.114292
1,350,350,0.117855
1,350,350,0.121188
1,350,350,0.116816
1,350,350,0.128667
1,350,350,0.122739
1,351,351,0.118472
1,351,351,0.113763
1,351,351,0.123822
1,351,351,0.117443
1,351,351,0.113504
1,351,351,0.117422
1,351,351,0.122650
1,351,351,0.119429
1,352,352,0.112867
1,352,352,0.117603
1,352,352,0.118548
1,352,352,0.118524
1,352,352,0.117361
1,352,352,0.116381
1,352,352,0.121537
1,352,352,0.115606
1,353,353,0.117336
1,353,353,0.119247
1,353,353,0.115338
1,353,353,0.117623
1,353,353,0.125645
1,353,353,0.116159
1,353,353,0.113635
1,353,353,0.115983
1,354,354,0.121448
1,354,354,0.118123
1,354,354,0.120852
1,354,354,0.115459
1,354,354,0.122608
1,354,354,0.121117
1,354,354,0.114115
1,354,354,0.123396
1,355,355,0.119087
1,355,355,0.118466
1,355,355,0.123354
1,355,355,0.116755
1,355,355,0.122893
1,355,355,0.115447
1,355,355,0.114708
1,355,355,0.112278
1,356,356,0.116986
1,356,356,0.118139
1,356,356,0.115661
1,356,356,0.114582
1,356,356,0.114015
1,356,356,0.120285
1,356,356,0.112606
1,356,356,0.115228
1,357,357,0.118217
1,357,357,0.113230
1,357,357,0.112920
1,357,357,0.119937
1,357,357,0.115243
1,357,357,0.118341
1,357,357,0.120149
1,357,357,0.116076
1,358,358,0.127232
1,358,358,0.117021
1,358,358,0.112632
1,358,358,0.122071
1,358,358,0.118436
1,358,358,0.121480
1,358,358,0.115930
1,358,358,0.116484
1,359,359,0.119437
1,359,359,0.122426
1,359,359,0.114491
1,359,359,0.115568
1,359,359,0.115795
1,359,359,0.114950
1,359,359,0.115884
1,359,359,0.119128
1,360,360,0.116854
1,360,360,0.118166
1,360,360,0.117459
1,360,360,0.115669
1,360,360,0.113550
1,360,360,0.116445
1,360,360,0.117251
1,360,360,0.115068
1,361,361,0.115105
1,361,361,0.117451
1,361,361,0.118839
1,361,361,0.120234
1,361,361,0.115748
1,361,361,0.113460
1,361,361,0.120303
1,361,361,0.116630
1,362,362,0.116269
1,362,362,0.119146
1,362,362,0.116495
1,362,362,0.115397
1,362,362,0.113448
1,362,362,0.121418
1,362,362,0.119399
1,362,362,0.117414
1,363,363,0.112812
1,363,363,0.117937
1,363,363,0.123079
1,363,363,0.119551
1,363,363,0.117621
1,363,363,0.111810
1,363,363,0.113865
1,363,363,0.132417
1,364,364,0.117097
1,364,364,0.115925
1,364,364,0.114007
1,364,364,0.118318
1,364,364,0.121290
1,364,364,0.116762
1,364,364,0.123584
1,364,364,0.116210
1,365,365,0.114248
1,365,365,0.117292
1,365,365,0.115269
1,365,365,0.114269
1,365,365,0.114866
1,365,365,0.120730
1,365,365,0.122480
1,365,365,0.119079
1,366,366,0.122065
1,366,366,0.117510
1,366,366,0.116927
1,366,366,0.120439
1,366,366,0.117335
1,366,366,0.117504
1,366,366,0.113233
1,366,366,0.117261
1,367,367,0.114243
1,367,367,0.116009
1,367,367,0.115444
1,367,367,0.113123
1,367,367,0.120272
1,367,367,0.117355
1,367,367,0.118579
1,367,367,0.116176
1,368,368,0.119366
1,368,368,0.116046
1,368,368,0.118125
1,368,368,0.122293
1,368,368,0.116118
1,368,368,0.115745
1,368,368,0.115289
1,368,368,0.119852
1,369,369,0.115552
1,369,369,0.117766
1,369,369,0.122454
1,369,369,0.115764
1,369,369,0.118164
1,369,369,0.124707
1,369,369,0.118925
1,369,369,0.116973
1,370,370,0.117339
1,370,370,0.112924
1,370,370,0.119256
1,370,370,0.111347
1,370,370,0.118298
1,370,370,0.115780
1,370,370,0.116715
1,370,370,0.118040
1,371,371,0.114345
1,371,371,0.118276
1,371,371,0.119370
1,371,371,0.115399
1,371,371,0.115622
1,371,371,0.119150
1,371,371,0.114844
1,371,371,0.115843
1,372,372,0.116545
1,372,372,0.115494
1,372,372,0.118184
1,372,372,0.112945
1,372,372,0.122922
1,372,372,0.118098
1,372,372,0.117933
1,372,372,0.121500
1,373,373,0.115474
1,373,373,0.117426
1,373,373,0.121171
1,373,373,0.118281
1,373,373,0.119646
1,373,373,0.115018
1,373,373,0.116472
1,373,373,0.117541
1,374,374,0.117068
1,374,374,0.118193
1,374,374,0.112823
1,374,374,0.117070
1,374,374,0.117643
1,374,374,0.118122
1,374,374,0.116279
1,374,374,0.115132
1,375,375,0.116378
1,375,375,0.115806
1,375,375,0.116250
1,375,375,0.120688
1,375,375,0.117239
1,375,375,0.120280
1,375,375,0.116201
1,375,375,0.115864
1,376,376,0.115509
1,376,376,0.114342
1,376,376,0.114205
1,376,376,0.118082
1,376,376,0.114326
1,376,376,0.113373
1,376,376,0.118369
1,376,376,0.119781
1,377,377,0.115970
1,377,377,0.116331
1,377,377,0.114447
1,377,377,0.120459
1,377,377,0.116750
1,377,377,0.117912
1,377,377,0.116462
1,377,377,0.118800
1,378,378,0.119601
1,378,378,0.115351
1,378,378,0.118117
1,378,378,0.117313
1,378,378,0.116914
1,378,378,0.115022
1,378,378,0.118441
1,378,378,0.121345
1,379,379,0.116512
1,379,379,0.122272
1,379,379,0.116744
1,379,379,0.119814
1,379,379,0.119943
1,379,379,0.116827
1,379,379,0.117525
1,379,379,0.117064
1,380,380,0.114500
1,380,380,0.120489
1,380,380,0.116455
1,380,380,0.115810
1,380,380,0.116197
1,380,380,0.115020
1,380,380,0.117893
1,380,380,0.119185
1,381,381,0.117765
1,381,381,0.119844
1,381,381,0.111105
1,381,381,0.120653
1,381,381,0.120904
1,381,381,0.120911
1,381,381,0.117310
1,381,381,0.116238
1,382,382,0.115331
1,382,382,0.116658
1,382,382,0.115650
1,382,382,0.120972
1,382,382,0.118546
1,382,382,0.119994
1,382,382,0.115741
1,382,382,0.113861
1,383,383,0.115641
1,383,383,0.117586
1,383,383,0.117248
1,383,383,0.113050
1,383,383,0.117289
1,383,383,0.114900
1,383,383,0.112651
1,383,383,0.118161
1,384,384,0.121073
1,384,384,0.118122
1,384,384,0.113781
1,384,384,0.114386
1,384,384,0.117721
1,384,384,0.118079
1,384,384,0.118754
1,384,384,0.119746
1,385,385,0.119906
1,385,385,0.115623
1,385,385,0.116241
1,385,385,0.116328
1,385,385,0.120777
1,385,385,0.113454
1,385,385,0.115882
1,385,385,0.119052
1,386,386,0.117980
1,386,386,0.118153
1,386,386,0.117239
1,386,386,0.116311
1,386,386,0.117798
1,386,386,0.115847
1,386,386,0.119369
1,386,386,0.117393
1,387,387,0.117740
1,387,387,0.114127
1,387,387,0.114932
1,387,387,0.118366
1,387,387,0.123395
1,387,387,0.117163
1,387,387,0.114572
1,387,387,0.119110
1,388,388,0.114705
1,388,388,0.116017
1,388,388,0.116511
1,388,388,0.113341
1,388,388,0.114954
1,388,388,0.115687
1,388,388,0.118813
1,388,388,0.114832
1,389,389,0.116862
1,389,389,0.116590
1,389,389,0.116843
1,389,389,0.115235
1,389,389,0.118427
1,389,389,0.118247
1,389,389,0.113505
1,389,389,0.119524
1,390,390,0.127733
1,390,390,0.123378
1,390,390,0.114502
1,390,390,0.118994
1,390,390,0.114910
1,390,390,0.116742
1,390,390,0.119741
1,390,390,0.117398
1,391,391,0.118277
1,391,391,0.115609
1,391,391,0.117839
1,391,391,0.117553
1,391,391,0.114231
1,391,391,0.117025
1,391,391,0.116702
1,391,391,0.114618
1,392,392,0.122905
1,392,392,0.111615
1,392,392,0.113172
1,392,392,0.118576
1,392,392,0.116068
1,392,392,0.118374
1,392,392,0.117280
1,392,392,0.116937
1,393,393,0.117139
1,393,393,0.121211
1,393,393,0.114505
1,393,393,0.118556
1,393,393,0.121871
1,393,393,0.113601
1,393,393,0.116581
1,393,393,0.113833
1,394,394,0.117613
1,394,394,0.116001
1,394,394,0.112183
1,394,394,0.115690
1,394,394,0.114892
1,394,394,0.117449
1,394,394,0.118800
1,394,394,0.115650
1,395,395,0.117194
1,395,395,0.119004
1,395,395,0.116724
1,395,395,0.127124
1,395,395,0.118204
1,395,395,0.117502
1,395,395,0.118501
1,395,395,0.118725
1,396,396,0.117176
1,396,396,0.119948
1,396,396,0.114852
1,396,396,0.116669
1,396,396,0.113609
1,396,396,0.115328
1,396,396,0.121756
1,396,396,0.120910
1,397,397,0.114925
1,397,397,0.120508
1,397,397,0.115536
1,397,397,0.117324
1,397,397,0.121451
1,397,397,0.117720
1,397,397,0.117211
1,397,397,0.121741
1,398,398,0.115509
1,398,398,0.121691
1,398,398,0.118174
1,398,398,0.116519
1,398,398,0.115153
1,398,398,0.115743
1,398,398,0.117892
1,398,398,0.115372
1,399,399,0.114794
1,399,399,0.114789
1,399,399,0.118925
1,399,399,0.118569
1,399,399,0.115376
1,399,399,0.114220
1,399,399,0.113197
1,399,399,0.116994
1,400,400,0.114886
1,400,400,0.122455
1,400,400,0.118306
1,400,400,0.114661
1,400,400,0.122281
1,400,400,0.117582
1,400,400,0.122513
1,400,400,0.117082
1,401,401,0.116265
1,401,401,0.119245
1,401,401,0.118171
1,401,401,0.117313
1,401,401,0.116261
1,401,401,0.118947
1,401,401,0.113394
1,401,401,0.118789
1,402,402,0.115886
1,402,402,0.117022
1,402,402,0.117259
1,402,402,0.119481
1,402,402,0.118525
1,402,402,0.119373
1,402,402,0.115315
1,402,402,0.114753
1,403,403,0.117210
1,403,403,0.118050
1,403,403,0.116629
1,403,403,0.116247
1,403,403,0.116891
1,403,403,0.118626
1,403,403,0.116052
1,403,403,0.117576
1,404,404,0.116799
1,404,404,0.116222
1,404,404,0.113290
1,404,404,0.122566
1,404,404,0.118739
1,404,404,0.112845
1,404,404,0.117310
1,404,404,0.115817
1,405,405,0.112250
1,405,405,0.115157
1,405,405,0.118305
1,405,405,0.116417
1,405,405,0.118505
1,405,405,0.114303
1,405,405,0.121382
1,405,405,0.114107
1,406,406,0.115197
1,406,406,0.121921
1,406,406,0.120046
1,406,406,0.118078
1,406,406,0.116933
1,406,406,0.119855
1,406,406,0.113823
1,406,406,0.117281
1,407,407,0.118815
1,407,407,0.116021
1,407,407,0.111880
1,407,407,0.114509
1,407,407,0.116562
1,407,407,0.118167
1,407,407,0.113628
1,407,407,0.117382
1,408,408,0.119103
1,408,408,0.114269
1,408,408,0.117171
1,408,408,0.114630
1,408,408,0.114017
1,408,408,0.113168
1,408,408,0.115846
1,408,408,0.120115
1,409,409,0.117136
1,409,409,0.114870
1,409,409,0.111700
1,409,409,0.113024
1,409,409,0.117158
1,409,409,0.117335
1,409,409,0.117245
1,409,409,0.113581
1,410,410,0.116779
1,410,410,0.118917
1,410,410,0.116007
1,410,410,0.110840
1,410,410,0.122765
1,410,410,0.116719
1,410,410,0.123170
1,410,410,0.118155
1,411,411,0.123791
1,411,411,0.122570
1,411,411,0.115991
1,411,411,0.115754
1,411,411,0.114828
1,411,411,0.119681
1,411,411,0.116972
1,411,411,0.121099
1,412,412,0.116951
1,412,412,0.115495
1,412,412,0.117041
1,412,412,0.115209
1,412,412,0.119755
1,412,412,0.116929
1,412,412,0.118005
1,412,412,0.120965
1,413,413,0.119620
1,413,413,0.116148
1,413,413,0.118451
1,413,413,0.113808
1,413,413,0.113553
1,413,413,0.114222
1,413,413,0.126508
1,413,413,0.117183
1,414,414,0.115014
1,414,414,0.114017
1,414,414,0.115168
1,414,414,0.112462
1,414,414,0.117326
1,414,414,0.115942
1,414,414,0.116221
1,414,414,0.118432
1,415,415,0.117451
1,415,415,0.113283
1,415,415,0.116245
1,415,415,0.113874
1,415,415,0.114794
1,415,415,0.117858
1,415,415,0.121352
1,415,415,0.114223
1,416,416,0.117695
1,416,416,0.116376
1,416,416,0.120308
1,416,416,0.118403
1,416,416,0.116062
1,416,416,0.118933
1,416,416,0.115664
1,416,416,0.115247
1,417,417,0.117177
1,417,417,0.120242
1,417,417,0.119592
1,417,417,0.114968
1,417,417,0.121614
1,417,417,0.115249
1,417,417,0.117923
1,417,417,0.118706
1,418,418,0.120994
1,418,418,0.120258
1,418,418,0.116152
1,418,418,0.113631
1,418,418,0.119639
1,418,418,0.118197
1,418,418,0.115892
1,418,418,0.114084
1,419,419,0.119080
1,419,419,0.117423
1,419,419,0.114297
1,419,419,0.112508
1,419,419,0.117463
1,419,419,0.120495
1,419,419,0.117441
1,419,419,0.116891
1,420,420,0.114994
1,420,420,0.120698
1,420,420,0.118107
1,420,420,0.119486
1,420,420,0.111641
1,420,420,0.119678
1,420,420,0.119923
1,420,420,0.117177
1,421,421,0.115241
1,421,421,0.112894
1,421,421,0.117221
1,421,421,0.116716
1,421,421,0.119537
1,421,421,0.120006
1,421,421,0.117205
1,421,421,0.115482
1,422,422,0.116108
1,422,422,0.114708
1,422,422,0.114140
1,422,422,0.117688
1,422,422,0.119436
1,422,422,0.117720
1,422,422,0.118504
1,422,422,0.116720
1,423,423,0.118134
1,423,423,0.117893
1,423,423,0.117454
1,423,423,0.117034
1,423,423,0.118736
1,423,423,0.118970
1,423,423,0.114335
1,423,423,0.120962
1,424,424,0.115498
1,424,424,0.117453
1,424,424,0.117715
1,424,424,0.114037
1,424,424,0.117086
1,424,424,0.124152
1,424,424,0.115146
1,424,424,0.115860
1,425,425,0.115403
1,425,425,0.118394
1,425,425,0.117101
1,425,425,0.117950
1,425,425,0.119486
1,425,425,0.119155
1,425,425,0.115373
1,425,425,0.113694
1,426,426,0.119086
1,426,426,0.125930
1,426,426,0.118060
1,426,426,0.120476
1,426,426,0.119261
1,426,426,0.116152
1,426,426,0.116154
1,426,426,0.114480
1,427,427,0.116545
1,427,427,0.124273
1,427,427,0.117036
1,427,427,0.117538
1,427,427,0.119793
1,427,427,0.116117
1,427,427,0.115995
1,427,427,0.116989
1,428,428,0.114277
1,428,428,0.116624
1,428,428,0.117420
1,428,428,0.115077
1,428,428,0.112022
1,428,428,0.117893
1,428,428,0.116569
1,428,428,0.119584
1,429,429,0.118409
1,429,429,0.122317
1,429,429,0.119513
1,429,429,0.116837
1,429,429,0.114948
1,429,429,0.113490
1,429,429,0.114693
1,429,429,0.118150
1,430,430,0.115191
1,430,430,0.116861
1,430,430,0.116888
1,430,430,0.117065
1,430,430,0.120679
1,430,430,0.116199
1,430,430,0.121280
1,430,430,0.114946
1,431,431,0.125054
1,431,431,0.115116
1,431,431,0.112417
1,431,431,0.119678
1,431,431,0.117383
1,431,431,0.116393
1,431,431,0.114555
1,431,431,0.114242
1,432,432,0.116407
1,432,432,0.114895
1,432,432,0.118509
1,432,432,0.121241
1,432,432,0.116622
1,432,432,0.119589
1,432,432,0.116405
1,432,432,0.114779
1,433,433,0.115249
1,433,433,0.113270
1,433,433,0.118847
1,433,433,0.116702
1,433,433,0.125869
1,433,433,0.116456
1,433,433,0.116817
1,433,433,0.114695
1,434,434,0.115585
1,434,434,0.116130
1,434,434,0.116560
1,434,434,0.116313
1,434,434,0.115555
1,434,434,0.117213
1,434,434,0.112844
1,434,434,0.115357
1,435,435,0.118091
1,435,435,0.118636
1,435,435,0.115436
1,435,435,0.118518
1,435,435,0.118364
1,435,435,0.119289
1,435,435,0.116798
1,435,435,0.115996
1,436,436,0.117725
1,436,436,0.113876
1,436,436,0.115944
1,436,436,0.114696
1,436,436,0.116391
1,436,436,0.119558
1,436,436,0.116583
1,436,436,0.114859
1,437,437,0.116355
1,437,437,0.115075
1,437,437,0.113732
1,437,437,0.118917
1,437,437,0.116465
1,437,437,0.117812
1,437,437,0.115129
1,437,437,0.113636
1,438,438,0.119610
1,438,438,0.113192
1,438,438,0.121803
1,438,438,0.117552
1,438,438,0.118317
1,438,438,0.113270
1,438,438,0.114725
1,438,438,0.116901
1,439,439,0.115117
1,439,439,0.116113
1,439,439,0.112541
1,439,439,0.122003
1,439,439,0.113152
1,439,439,0.118812
1,439,439,0.116048
1,439,439,0.118101
1,440,440,0.115236
1,440,440,0.111973
1,440,440,0.116353
1,440,440,0.114796
1,440,440,0.118267
1,440,440,0.113793
1,440,440,0.115885
1,440,440,0.117040
1,441,441,0.116806
1,441,441,0.113383
1,441,441,0.118379
1,441,441,0.120536
1,441,441,0.115037
1,441,441,0.116969
1,441,441,0.119320
1,441,441,0.111954
1,442,442,0.118887
1,442,442,0.115163
1,442,442,0.120934
1,442,442,0.118395
1,442,442,0.115930
1,442,442,0.121639
1,442,442,0.115221
1,442,442,0.114480
1,443,443,0.113072
1,443,443,0.114404
1,443,443,0.113136
1,443,443,0.115873
1,443,443,0.114994
1,443,443,0.116991
1,443,443,0.112790
1,443,443,0.119455
1,444,444,0.123543
1,444,444,0.116283
1,444,444,0.120144
1,444,444,0.118116
1,444,444,0.112278
1,444,444,0.116924
1,444,444,0.118445
1,444,444,0.117460
1,445,445,0.116784
1,445,445,0.119781
1,445,445,0.117507
1,445,445,0.111150
1,445,445,0.118781
1,445,445,0.115350
1,445,445,0.113643
1,445,445,0.114581
1,446,446,0.117028
1,446,446,0.116328
1,446,446,0.115583
1,446,446,0.116228
1,446,446,0.115323
1,446,446,0.115625
1,446,446,0.113778
1,446,446,0.119786
1,447,447,0.115856
1,447,447,0.116443
1,447,447,0.116547
1,447,447,0.114689
1,447,447,0.115580
1,447,447,0.119367
1,447,447,0.112908
1,447,447,0.117578
1,448,448,0.114900
1,448,448,0.115213
1,448,448,0.113758
1,448,448,0.114504
1,448,448,0.120228
1,448,448,0.116692
1,448,448,0.116581
1,448,448,0.117834
1,449,449,0.116638
1,449,449,0.116565
1,449,449,0.114358
1,449,449,0.113037
1,449,449,0.112010
1,449,449,0.120104
1,449,449,0.115213
1,449,449,0.113366
1,450,450,0.119592
1,450,450,0.119305
1,450,450,0.120805
1,450,450,0.115523
1,450,450,0.119297
1,450,450,0.116009
1,450,450,0.123159
1,450,450,0.115099
1,451,451,0.114846
1,451,451,0.113624
1,451,451,0.113905
1,451,451,0.117431
1,451,451,0.112564
1,451,451,0.115928
1,451,451,0.112091
1,451,451,0.113377
1,452,452,0.114076
1,452,452,0.112131
1,452,452,0.117315
1,452,452,0.116084
1,452,452,0.113233
1,452,452,0.116389
1,452,452,0.116753
1,452,452,0.114160
1,453,453,0.116001
1,453,453,0.119905
1,453,453,0.115408
1,453,453,0.116676
1,453,453,0.121880
1,453,453,0.120105
1,453,453,0.115406
1,453,453,0.117026
1,454,454,0.112934
1,454,454,0.113189
1,454,454,0.117764
1,454,454,0.113936
1,454,454,0.120244
1,454,454,0.114959
1,454,454,0.116338
1,454,454,0.116429
1,455,455,0.113443
1,455,455,0.120367
1,455,455,0.117812
1,455,455,0.119690
1,455,455,0.120731
1,455,455,0.117776
1,455,455,0.116369
1,455,455,0.114328
1,456,456,0.115362
1,456,456,0.119112
1,456,456,0.115565
1,456,456,0.114283
1,456,456,0.119299
1,456,456,0.124641
1,456,456,0.114401
1,456,456,0.115752
1,457,457,0.126058
1,457,457,0.115521
1,457,457,0.116761
1,457,457,0.120406
1,457,457,0.113751
1,457,457,0.117078
1,457,457,0.114195
1,457,457,0.114884
1,458,458,0.113924
1,458,458,0.120800
1,458,458,0.114058
1,458,458,0.112627
1,458,458,0.115968
1,458,458,0.118319
1,458,458,0.114070
1,458,458,0.114724
1,459,459,0.123785
1,459,459,0.117420
1,459,459,0.116196
1,459,459,0.122408
1,459,459,0.115347
1,459,459,0.120080
1,459,459,0.117095
1,459,459,0.114744
1,460,460,0.115431
1,460,460,0.117312
1,460,460,0.118337
1,460,460,0.116333
1,460,460,0.115681
1,460,460,0.114858
1,460,460,0.115592
1,460,460,0.120746
1,461,461,0.116691
1,461,461,0.119054
1,461,461,0.112347
1,461,461,0.119572
1,461,461,0.117484
1,461,461,0.116853
1,461,461,0.115070
1,461,461,0.121730
1,462,462,0.120200
1,462,462,0.115760
1,462,462,0.118689
1,462,462,0.117205
1,462,462,0.117616
1,462,462,0.115774
1,462,462,0.119265
1,462,462,0.118764
1,463,463,0.124606
1,463,463,0.114578
1,463,463,0.116615
1,463,463,0.118092
1,463,463,0.114037
1,463,463,0.117825
1,463,463,0.113196
1,463,463,0.117892
1,464,464,0.118985
1,464,464,0.116994
1,464,464,0.117405
1,464,464,0.112059
1,464,464,0.113405
1,464,464,0.114890
1,464,464,0.114076
1,464,464,0.116480
1,465,465,0.113627
1,465,465,0.118099
1,465,465,0.115938
1,465,465,0.115721
1,465,465,0.115501
1,465,465,0.119958
1,465,465,0.116976
1,465,465,0.117706
1,466,466,0.114850
1,466,466,0.115591
1,466,466,0.121028
1,466,466,0.115700
1,466,466,0.118688
1,466,466,0.118057
1,466,466,0.127822
1,466,466,0.115186
1,467,467,0.114601
1,467,467,0.115662
1,467,467,0.119789
1,467,467,0.116694
1,467,467,0.116086
1,467,467,0.114155
1,467,467,0.118465
1,467,467,0.117272
1,468,468,0.123640
1,468,468,0.115962
1,468,468,0.114790
1,468,468,0.111656
1,468,468,0.117572
1,468,468,0.120826
1,468,468,0.117859
1,468,468,0.113096
1,469,469,0.119445
1,469,469,0.116335
1,469,469,0.112132
1,469,469,0.117824
1,469,469,0.114916
1,469,469,0.122831
1,469,469,0.112634
1,469,469,0.112144
1,470,470,0.120347
1,470,470,0.116209
1,470,470,0.114960
1,470,470,0.116864
1,470,470,0.121033
1,470,470,0.116496
1,470,470,0.120085
1,470,470,0.118203
1,471,471,0.117664
1,471,471,0.116690
1,471,471,0.117237
1,471,471,0.114105
1,471,471,0.117912
1,471,471,0.114683
1,471,471,0.119900
1,471,471,0.112871
1,472,472,0.113563
1,472,472,0.114342
1,472,472,0.114065
1,472,472,0.114594
1,472,472,0.117238
1,472,472,0.116963
1,472,472,0.113403
1,472,472,0.117591
1,473,473,0.116844
1,473,473,0.115789
1,473,473,0.119167
1,473,473,0.118110
1,473,473,0.118202
1,473,473,0.115130
1,473,473,0.116216
1,473,473,0.118022
1,474,474,0.113034
1,474,474,0.123271
1,474,474,0.117655
1,474,474,0.114690
1,474,474,0.112926
1,474,474,0.117193
1,474,474,0.117901
1,474,474,0.114324
1,475,475,0.117670
1,475,475,0.118260
1,475,475,0.116656
1,475,475,0.111438
1,475,475,0.112352
1,475,475,0.116517
1,475,475,0.114230
1,475,475,0.112679
1,476,476,0.114397
1,476,476,0.120425
1,476,476,0.116598
1,476,476,0.118185
1,476,476,0.117108
1,476,476,0.123305
1,476,476,0.123645
1,476,476,0.116671
1,477,477,0.114614
1,477,477,0.116483
1,477,477,0.117024
1,477,477,0.118953
1,477,477,0.116453
1,477,477,0.117049
1,477,477,0.117659
1,477,477,0.114256
1,478,478,0.114815
1,478,478,0.116896
1,478,478,0.115289
1,478,478,0.119777
1,478,478,0.115815
1,478,478,0.116199
1,478,478,0.117073
1,478,478,0.115167
1,479,479,0.120921
1,479,479,0.114926
1,479,479,0.114899
1,479,479,0.115855
1,479,479,0.120796
1,479,479,0.117776
1,479,479,0.118857
1,479,479,0.116761
1,480,480,0.117518
1,480,480,0.122117
1,480,480,0.116093
1,480,480,0.121728
1,480,480,0.118855
1,480,480,0.115675
1,480,480,0.114021
1,480,480,0.115534
1,481,481,0.116795
1,481,481,0.116421
1,481,481,0.118839
1,481,481,0.116787
1,481,481,0.121970
1,481,481,0.112308
1,481,481,0.121963
1,481,481,0.119073
1,482,482,0.119180
1,482,482,0.116827
1,482,482,0.119953
1,482,482,0.118425
1,482,482,0.116052
1,482,482,0.113232
1,482,482,0.113168
1,482,482,0.114176
1,483,483,0.116878
1,483,483,0.122251
1,483,483,0.115683
1,483,483,0.118057
1,483,483,0.115062
1,483,483,0.114874
1,483,483,0.114957
1,483,483,0.117120
1,484,484,0.117954
1,484,484,0.114268
1,484,484,0.115944
1,484,484,0.115852
1,484,484,0.117045
1,484,484,0.113793
1,484,484,0.112466
1,484,484,0.117740
1,485,485,0.115117
1,485,485,0.113453
1,485,485,0.114703
1,485,485,0.116445
1,485,485,0.113830
1,485,485,0.113331
1,485,485,0.114488
1,485,485,0.117256
1,486,486,0.117823
1,486,486,0.115265
1,486,486,0.116994
1,486,486,0.111029
1,486,486,0.116903
1,486,486,0.113026
1,486,486,0.117690
1,486,486,0.116503
1,487,487,0.117258
1,487,487,0.118868
1,487,487,0.114513
1,487,487,0.115330
1,487,487,0.113648
1,487,487,0.121710
1,487,487,0.117941
1,487,487,0.116053
1,488,488,0.120949
1,488,488,0.115179
1,488,488,0.115642
1,488,488,0.116296
1,488,488,0.116961
1,488,488,0.117136
1,488,488,0.113977
1,488,488,0.118509
1,489,489,0.114164
1,489,489,0.116219
1,489,489,0.115421
1,489,489,0.114980
1,489,489,0.121379
1,489,489,0.115959
1,489,489,0.113719
1,489,489,0.121724
1,490,490,0.115175
1,490,490,0.115505
1,490,490,0.114756
1,490,490,0.117431
1,490,490,0.115325
1,490,490,0.119645
1,490,490,0.118273
1,490,490,0.120421
1,491,491,0.114141
1,491,491,0.113037
1,491,491,0.112210
1,491,491,0.112946
1,491,491,0.118330
1,491,491,0.116180
1,491,491,0.116758
1,491,491,0.115530
1,492,492,0.121075
1,492,492,0.116231
1,492,492,0.113503
1,492,492,0.116688
1,492,492,0.118307
1,492,492,0.115471
1,492,492,0.122082
1,492,492,0.115969
1,493,493,0.115020
1,493,493,0.114600
1,493,493,0.114724
1,493,493,0.115149
1,493,493,0.118035
1,493,493,0.121859
1,493,493,0.114266
1,493,493,0.117094
1,494,494,0.113785
1,494,494,0.114446
1,494,494,0.116539
1,494,494,0.117666
1,494,494,0.113295
1,494,494,0.116028
1,494,494,0.113229
1,494,494,0.120869
1,495,495,0.111687
1,495,495,0.115135
1,495,495,0.115202
1,495,495,0.113753
1,495,495,0.116748
1,495,495,0.116512
1,495,495,0.115861
1,495,495,0.115764
1,496,496,0.115198
1,496,496,0.114826
1,496,496,0.113986
1,496,496,0.115744
1,496,496,0.112942
1,496,496,0.124328
1,496,496,0.115241
1,496,496,0.117300
1,497,497,0.119112
1,497,497,0.115129
1,497,497,0.114374
1,497,497,0.114585
1,497,497,0.113366
1,497,497,0.115916
1,497,497,0.116855
1,497,497,0.120714
1,498,498,0.116083
1,498,498,0.116615
1,498,498,0.123918
1,498,498,0.111570
1,498,498,0.118270
1,498,498,0.117161
1,498,498,0.111145
1,498,498,0.114068
1,499,499,0.122966
1,499,499,0.115716
1,499,499,0.120385
1,499,499,0.111880
1,499,499,0.117700
1,499,499,0.116579
1,499,499,0.117036
1,499,499,0.117604
1,500,500,0.117028
1,500,500,0.113832
1,500,500,0.123250
1,500,500,0.117640
1,500,500,0.118461
1,500,500,0.114623
1,500,500,0.112552
1,500,500,0.113235
1,501,501,0.119183
1,501,501,0.115710
1,501,501,0.122167
1,501,501,0.115288
1,501,501,0.113430
1,501,501,0.118004
1,501,501,0.118698
1,501,501,0.113590
1,502,502,0.118350
1,502,502,0.118726
1,502,502,0.117431
1,502,502,0.112799
1,502,502,0.114392
1,502,502,0.116922
1,502,502,0.114635
1,502,502,0.112647
1,503,503,0.116507
1,503,503,0.119004
1,503,503,0.115323
1,503,503,0.112211
1,503,503,0.115983
1,503,503,0.116671
1,503,503,0.115893
1,503,503,0.120484
1,504,504,0.116370
1,504,504,0.119871
1,504,504,0.120139
1,504,504,0.115936
1,504,504,0.116491
1,504,504,0.111057
1,504,504,0.121206
1,504,504,0.115884
1,505,505,0.121456
1,505,505,0.116524
1,505,505,0.114395
1,505,505,0.119375
1,505,505,0.114774
1,505,505,0.125447
1,505,505,0.117325
1,505,505,0.115244
1,506,506,0.112345
1,506,506,0.117637
1,506,506,0.119160
1,506,506,0.117512
1,506,506,0.116640
1,506,506,0.115874
1,506,506,0.118720
1,506,506,0.117662
1,507,507,0.120273
1,507,507,0.117252
1,507,507,0.115174
1,507,507,0.115400
1,507,507,0.114459
1,507,507,0.113238
1,507,507,0.116064
1,507,507,0.116622
1,508,508,0.114918
1,508,508,0.117867
1,508,508,0.117327
1,508,508,0.114863
1,508,508,0.115166
1,508,508,0.115116
1,508,508,0.114428
1,508,508,0.114478
1,509,509,0.117654
1,509,509,0.117396
1,509,509,0.113624
1,509,509,0.114985
1,509,509,0.116766
1,509,509,0.117858
1,509,509,0.120394
1,509,509,0.120713
1,510,510,0.113628
1,510,510,0.116711
1,510,510,0.117488
1,510,510,0.115970
1,510,510,0.116782
1,510,510,0.117384
1,510,510,0.116193
1,510,510,0.114033
1,511,511,0.115318
1,511,511,0.115498
1,511,511,0.124322
1,511,511,0.120824
1,511,511,0.116834
1,511,511,0.115489
1,511,511,0.115001
1,511,511,0.115154
1,512,512,0.114478
1,512,512,0.116202
1,512,512,0.115255
1,512,512,0.113574
1,512,512,0.114247
1,512,512,0.115916
1,512,512,0.117153
1,512,512,0.115206
1,513,513,0.114654
1,513,513,0.114014
1,513,513,0.118545
1,513,513,0.116480
1,513,513,0.116707
1,513,513,0.114074
1,513,513,0.113526
1,513,513,0.114817
1,514,514,0.119319
1,514,514,0.117146
1,514,514,0.118065
1,514,514,0.117557
1,514,514,0.111572
1,514,514,0.114109
1,514,514,0.115416
1,514,514,0.117336
1,515,515,0.115601
1,515,515,0.118649
1,515,515,0.116667
1,515,515,0.115661
1,515,515,0.120012
1,515,515,0.119083
1,515,515,0.115779
1,515,515,0.117987
1,516,516,0.120262
1,516,516,0.115445
1,516,516,0.120528
1,516,516,0.116209
1,516,516,0.116577
1,516,516,0.115663
1,516,516,0.120432
1,516,516,0.119293
1,517,517,0.115608
1,517,517,0.122525
1,517,517,0.115960
1,517,517,0.122149
1,517,517,0.118331
1,517,517,0.115471
1,517,517,0.120285
1,517,517,0.114902
1,518,518,0.116715
1,518,518,0.115652
1,518,518,0.115364
1,518,518,0.114203
1,518,518,0.119811
1,518,518,0.114424
1,518,518,0.115950
1,518,518,0.112736
1,519,519,0.119932
1,519,519,0.120939
1,519,519,0.116808
1,519,519,0.119112
1,519,519,0.116593
1,519,519,0.118475
1,519,519,0.118433
1,519,519,0.116882
1,520,520,0.116432
1,520,520,0.113476
1,520,520,0.120543
1,520,520,0.117231
1,520,520,0.112597
1,520,520,0.113544
1,520,520,0.118713
1,520,520,0.116831
1,521,521,0.114664
1,521,521,0.121496
1,521,521,0.114842
1,521,521,0.117726
1,521,521,0.116611
1,521,521,0.123050
1,521,521,0.118934
1,521,521,0.118531
1,522,522,0.116492
1,522,522,0.118238
1,522,522,0.118523
1,522,522,0.118262
1,522,522,0.118563
1,522,522,0.113921
1,522,522,0.123572
1,522,522,0.118731
1,523,523,0.113610
1,523,523,0.123966
1,523,523,0.119351
1,523,523,0.115606
1,523,523,0.113302
1,523,523,0.119474
1,523,523,0.114438
1,523,523,0.117117
1,524,524,0.117837
1,524,524,0.114631
1,524,524,0.113712
1,524,524,0.122716
1,524,524,0.114672
1,524,524,0.116550
1,524,524,0.117368
1,524,524,0.116299
1,525,525,0.123085
1,525,525,0.116973
1,525,525,0.119808
1,525,525,0.115108
1,525,525,0.117245
1,525,525,0.121048
1,525,525,0.112324
1,525,525,0.118584
1,526,526,0.120171
1,526,526,0.114415
1,526,526,0.119495
1,526,526,0.115459
1,526,526,0.117622
1,526,526,0.121182
1,526,526,0.114855
1,526,526,0.117171
1,527,527,0.112905
1,527,527,0.117267
1,527,527,0.114098
1,527,527,0.114540
1,527,527,0.114551
1,527,527,0.114441
1,527,527,0.119539
1,527,527,0.114614
1,528,528,0.118840
1,528,528,0.122176
1,528,528,0.120287
1,528,528,0.116677
1,528,528,0.116464
1,528,528,0.115788
1,528,528,0.127375
1,528,528,0.112192
1,529,529,0.113819
1,529,529,0.118954
1,529,529,0.113269
1,529,529,0.116419
1,529,529,0.116874
1,529,529,0.120509
1,529,529,0.113125
1,529,529,0.113828
1,530,530,0.116645
1,530,530,0.111917
1,530,530,0.120625
1,530,530,0.122365
1,530,530,0.116877
1,530,530,0.113965
1,530,530,0.116569
1,530,530,0.115220
1,531,531,0.117258
1,531,531,0.116608
1,531,531,0.114248
1,531,531,0.119776
1,531,531,0.119965
1,531,531,0.117181
1,531,531,0.118558
1,531,531,0.113843
1,532,532,0.117316
1,532,532,0.115737
1,532,532,0.115204
1,532,532,0.120730
1,532,532,0.115364
1,532,532,0.120819
1,532,532,0.118468
1,532,532,0.114032
1,533,533,0.116791
1,533,533,0.114617
1,533,533,0.119523
1,533,533,0.119950
1,533,533,0.116221
1,533,533,0.115255
1,533,533,0.117221
1,533,533,0.117528
1,534,534,0.115944
1,534,534,0.119046
1,534,534,0.118229
1,534,534,0.119945
1,534,534,0.116271
1,534,534,0.118138
1,534,534,0.116794
1,534,534,0.114346
1,535,535,0.117393
1,535,535,0.115144
1,535,535,0.114768
1,535,535,0.115346
1,535,535,0.120345
1,535,535,0.114519
1,535,535,0.120394
1,535,535,0.115771
1,536,536,0.114907
1,536,536,0.118699
1,536,536,0.114528
1,536,536,0.116426
1,536,536,0.116586
1,536,536,0.118141
1,536,536,0.115129
1,536,536,0.119284
1,537,537,0.114212
1,537,537,0.117722
1,537,537,0.113820
1,537,537,0.115491
1,537,537,0.115108
1,537,537,0.121012
1,537,537,0.127103
1,537,537,0.115886
1,538,538,0.117378
1,538,538,0.113042
1,538,538,0.117510
1,538,538,0.113648
1,538,538,0.116115
1,538,538,0.116640
1,538,538,0.119121
1,538,538,0.115509
1,539,539,0.121705
1,539,539,0.114811
1,539,539,0.113417
1,539,539,0.117305
1,539,539,0.116453
1,539,539,0.116899
1,539,539,0.116310
1,539,539,0.114596
2,1,540,0.111323
2,1,540,0.119306
2,1,540,0.114300
2,1,540,0.121575
2,1,540,0.118406
2,1,540,0.115977
2,1,540,0.113862
2,1,540,0.114205
2,2,541,0.116938
2,2,541,0.115602
2,2,541,0.116198
2,2,541,0.116363
2,2,541,0.112177
2,2,541,0.116021
2,2,541,0.113843
2,2,541,0.115214
2,3,542,0.114869
2,3,542,0.112280
2,3,542,0.119078
2,3,542,0.113855
2,3,542,0.115164
2,3,542,0.122069
2,3,542,0.117161
2,3,542,0.116070
2,4,543,0.114565
2,4,543,0.117687
2,4,543,0.118537
2,4,543,0.118234
2,4,543,0.119595
2,4,543,0.123498
2,4,543,0.112773
2,4,543,0.120099
2,5,544,0.115927
2,5,544,0.118530
2,5,544,0.115647
2,5,544,0.120097
2,5,544,0.122281
2,5,544,0.122486
2,5,544,0.114376
2,5,544,0.111560
2,6,545,0.119867
2,6,545,0.115404
2,6,545,0.117011
2,6,545,0.116204
2,6,545,0.116723
2,6,545,0.116147
2,6,545,0.114916
2,6,545,0.117579
2,7,546,0.119567
2,7,546,0.116367
2,7,546,0.117199
2,7,546,0.116863
2,7,546,0.115301
2,7,546,0.122935
2,7,546,0.116908
2,7,546,0.114704
2,8,547,0.118557
2,8,547,0.116555
2,8,547,0.118978
2,8,547,0.116615
2,8,547,0.116535
2,8,547,0.117906
2,8,547,0.117929
2,8,547,0.112978
2,9,548,0.118206
2,9,548,0.112288
2,9,548,0.114286
2,9,548,0.115318
2,9,548,0.117906
2,9,548,0.117888
2,9,548,0.121089
2,9,548,0.115727
2,10,549,0.115446
2,10,549,0.116445
2,10,549,0.111449
2,10,549,0.121389
2,10,549,0.114997
2,10,549,0.112822
2,10,549,0.115990
2,10,549,0.118052
2,11,550,0.122003
2,11,550,0.116240
2,11,550,0.120087
2,11,550,0.118402
2,11,550,0.116240
2,11,550,0.113939
2,11,550,0.121055
2,11,550,0.116309
2,12,551,0.121352
2,12,551,0.112575
2,12,551,0.114528
2,12,551,0.117026
2,12,551,0.114512
2,12,551,0.119310
2,12,551,0.120239
2,12,551,0.114687
2,13,552,0.121751
2,13,552,0.118423
2,13,552,0.116438
2,13,552,0.116427
2,13,552,0.115096
2,13,552,0.116806
2,13,552,0.117233
2,13,552,0.116030
2,14,553,0.115024
2,14,553,0.114115
2,14,553,0.114627
2,14,553,0.114876
2,14,553,0.115892
2,14,553,0.118004
2,14,553,0.119744
2,14,553,0.113679
2,15,554,0.115994
2,15,554,0.118385
2,15,554,0.115433
2,15,554,0.116634
2,15,554,0.117318
2,15,554,0.119509
2,15,554,0.122061
2,15,554,0.117302
2,16,555,0.114315
2,16,555,0.115053
2,16,555,0.115099
2,16,555,0.119618
2,16,555,0.110871
2,16,555,0.120102
2,16,555,0.114956
2,16,555,0.109361
2,17,556,0.114968
2,17,556,0.114773
2,17,556,0.121961
2,17,556,0.120093
2,17,556,0.114271
2,17,556,0.115657
2,17,556,0.114511
2,17,556,0.119350
2,18,557,0.116625
2,18,557,0.115918
2,18,557,0.119225
2,18,557,0.110594
2,18,557,0.115374
2,18,557,0.115733
2,18,557,0.113820
2,18,557,0.118937
2,19,558,0.119525
2,19,558,0.112844
2,19,558,0.113524
2,19,558,0.113412
2,19,558,0.112986
2,19,558,0.116681
2,19,558,0.116773
2,19,558,0.116641
2,20,559,0.113550
2,20,559,0.114898
2,20,559,0.111988
2,20,559,0.115221
2,20,559,0.115274
2,20,559,0.114617
2,20,559,0.116774
2,20,559,0.122988
2,21,560,0.117435
2,21,560,0.118719
2,21,560,0.114298
2,21,560,0.122855
2,21,560,0.117688
2,21,560,0.113748
2,21,560,0.116113
2,21,560,0.115326
2,22,561,0.111666
2,22,561,0.122814
2,22,561,0.118238
2,22,561,0.114413
2,22,561,0.115966
2,22,561,0.117228
2,22,561,0.121691
2,22,561,0.114087
2,23,562,0.115495
2,23,562,0.115320
2,23,562,0.114630
2,23,562,0.114299
2,23,562,0.114783
2,23,562,0.116623
2,23,562,0.117558
2,23,562,0.116515
2,24,563,0.116617
2,24,563,0.112947
2,24,563,0.112869
2,24,563,0.119130
2,24,563,0.114110
2,24,563,0.114771
2,24,563,0.116934
2,24,563,0.122949
2,25,564,0.113762
2,25,564,0.116727
2,25,564,0.115951
2,25,564,0.118266
2,25,564,0.119572
2,25,564,0.111754
2,25,564,0.122572
2,25,564,0.116655
2,26,565,0.115704
2,26,565,0.115775
2,26,565,0.113880
2,26,565,0.123563
2,26,565,0.114956
2,26,565,0.119275
2,26,565,0.115387
2,26,565,0.118612
2,27,566,0.112984
2,27,566,0.119062
2,27,566,0.119124
2,27,566,0.114971
2,27,566,0.118302
2,27,566,0.116302
2,27,566,0.116521
2,27,566,0.116672
2,28,567,0.112986
2,28,567,0.115071
2,28,567,0.110891
2,28,567,0.114272
2,28,567,0.115268
2,28,567,0.115145
2,28,567,0.115142
2,28,567,0.112618
2,29,568,0.117071
2,29,568,0.118743
2,29,568,0.116102
2,29,568,0.119044
2,29,568,0.119257
2,29,568,0.118149
2,29,568,0.117135
2,29,568,0.115334
2,30,569,0.117285
2,30,569,0.118160
2,30,569,0.110228
2,30,569,0.116731
2,30,569,0.119673
2,30,569,0.114250
2,30,569,0.115540
2,30,569,0.116660
2,31,570,0.112482
2,31,570,0.115042
2,31,570,0.112193
2,31,570,0.119534
2,31,570,0.117715
2,31,570,0.117867
2,31,570,0.119101
2,31,570,0.116926
2,32,571,0.118032
2,32,571,0.117313
2,32,571,0.121544
2,32,571,0.114656
2,32,571,0.115845
2,32,571,0.123482
2,32,571,0.117497
2,32,571,0.116220
2,33,572,0.120692
2,33,572,0.119308
2,33,572,0.116063
2,33,572,0.114772
2,33,572,0.112512
2,33,572,0.116228
2,33,572,0.118531
2,33,572,0.112206
2,34,573,0.115919
2,34,573,0.115733
2,34,573,0.112981
2,34,573,0.124947
2,34,573,0.116190
2,34,573,0.119334
2,34,573,0.117073
2,34,573,0.120736
2,35,574,0.112087
2,35,574,0.114024
2,35,574,0.117764
2,35,574,0.114882
2,35,574,0.118832
2,35,574,0.115424
2,35,574,0.114601
2,35,574,0.114312
2,36,575,0.115421
2,36,575,0.115496
2,36,575,0.117395
2,36,575,0.112104
2,36,575,0.113830
2,36,575,0.111541
2,36,575,0.115460
2,36,575,0.127720
2,37,576,0.116767
2,37,576,0.112184
2,37,576,0.117642
2,37,576,0.118217
2,37,576,0.116504
2,37,576,0.111607
2,37,576,0.119148
2,37,576,0.121839
2,38,577,0.115144
2,38,577,0.113534
2,38,577,0.113810
2,38,577,0.113893
2,38,577,0.116676
2,38,577,0.119525
2,38,577,0.117994
2,38,577,0.118681
2,39,578,0.115864
2,39,578,0.119402
2,39,578,0.118461
2,39,578,0.117313
2,39,578,0.113476
2,39,578,0.119787
2,39,578,0.119680
2,39,578,0.113382
2,40,579,0.117516
2,40,579,0.114143
2,40,579,0.114602
2,40,579,0.114261
2,40,579,0.120556
2,40,579,0.115761
2,40,579,0.129016
2,40,579,0.116375
2,41,580,0.115814
2,41,580,0.114052
2,41,580,0.115911
2,41,580,0.113226
2,41,580,0.111905
2,41,580,0.116673
2,41,580,0.115347
2,41,580,0.116946
2,42,581,0.120851
2,42,581,0.117587
2,42,581,0.117002
2,42,581,0.116816
2,42,581,0.113478
2,42,581,0.115604
2,42,581,0.117589
2,42,581,0.120476
2,43,582,0.112131
2,43,582,0.118115
2,43,582,0.118238
2,43,582,0.120226
2,43,582,0.119492
2,43,582,0.123179
2,43,582,0.112218
2,43,582,0.114297
2,44,583,0.117254
2,44,583,0.117785
2,44,583,0.112452
2,44,583,0.114761
2,44,583,0.115462
2,44,583,0.113191
2,44,583,0.122433
2,44,583,0.116321
2,45,584,0.117747
2,45,584,0.114346
2,45,584,0.114780
2,45,584,0.119659
2,45,584,0.112787
2,45,584,0.114603
2,45,584,0.115287
2,45,584,0.134924
2,46,585,0.116235
2,46,585,0.127076
2,46,585,0.121914
2,46,585,0.114871
2,46,585,0.116828
2,46,585,0.117337
2,46,585,0.115654
2,46,585,0.120339
2,47,586,0.111316
2,47,586,0.116410
2,47,586,0.112599
2,47,586,0.118914
2,47,586,0.111882
2,47,586,0.117573
2,47,586,0.123275
2,47,586,0.117743
2,48,587,0.118889
2,48,587,0.116848
2,48,587,0.117183
2,48,587,0.118454
2,48,587,0.118369
2,48,587,0.118630
2,48,587,0.118728
2,48,587,0.116015
2,49,588,0.124920
2,49,588,0.116670
2,49,588,0.115962
2,49,588,0.117592
2,49,588,0.115937
2,49,588,0.113366
2,49,588,0.110912
2,49,588,0.126746
2,50,589,0.116658
2,50,589,0.114033
2,50,589,0.115344
2,50,589,0.119120
2,50,589,0.112933
2,50,589,0.116434
2,50,589,0.115427
2,50,589,0.120455
2,51,590,0.117676
2,51,590,0.120423
2,51,590,0.115593
2,51,590,0.116947
2,51,590,0.115616
2,51,590,0.120887
2,51,590,0.119903
2,51,590,0.117224
2,52,591,0.121622
2,52,591,0.115599
2,52,591,0.114763
2,52,591,0.114171
2,52,591,0.128259
2,52,591,0.115752
2,52,591,0.114817
2,52,591,0.117797
2,53,592,0.116046
2,53,592,0.115917
2,53,592,0.115973
2,53,592,0.116506
2,53,592,0.115621
2,53,592,0.115575
2,53,592,0.121150
2,53,592,0.117857
2,54,593,0.118477
2,54,593,0.116444
2,54,593,0.116037
2,54,593,0.114958
2,54,593,0.121780
2,54,593,0.122038
2,54,593,0.114092
2,54,593,0.114489
2,55,594,0.120376
2,55,594,0.113088
2,55,594,0.117316
2,55,594,0.116100
2,55,594,0.123182
2,55,594,0.114246
2,55,594,0.114523
2,55,594,0.120760
2,56,595,0.118027
2,56,595,0.119258
2,56,595,0.114774
2,56,595,0.114467
2,56,595,0.118177
2,56,595,0.112609
2,56,595,0.116819
2,56,595,0.119749
2,57,596,0.119208
2,57,596,0.115556
2,57,596,0.114799
2,57,596,0.121246
2,57,596,0.113571
2,57,596,0.118240
2,57,596,0.119042
2,57,596,0.116359
2,58,597,0.118096
2,58,597,0.114915
2,58,597,0.118369
2,58,597,0.114431
2,58,597,0.118827
2,58,597,0.117517
2,58,597,0.117400
2,58,597,0.112702
2,59,598,0.119727
2,59,598,0.116047
2,59,598,0.115876
2,59,598,0.115213
2,59,598,0.119407
2,59,598,0.120770
2,59,598,0.118454
2,59,598,0.115298
2,60,599,0.115900
2,60,599,0.111542
2,60,599,0.117324
2,60,599,0.115766
2,60,599,0.116581
2,60,599,0.115192
2,60,599,0.115982
2,60,599,0.118052
2,61,600,0.118482
2,61,600,0.113549
2,61,600,0.115569
2,61,600,0.114189
2,61,600,0.122629
2,61,600,0.119342
2,61,600,0.116096
2,61,600,0.118008
2,62,601,0.114148
2,62,601,0.116846
2,62,601,0.115227
2,62,601,0.115091
2,62,601,0.116911
2,62,601,0.114495
2,62,601,0.118010
2,62,601,0.118982
2,63,602,0.114419
2,63,602,0.118451
2,63,602,0.115848
2,63,602,0.115216
2,63,602,0.113341
2,63,602,0.114368
2,63,602,0.113421
2,63,602,0.116026
2,64,603,0.117152
2,64,603,0.113237
2,64,603,0.114109
2,64,603,0.112846
2,64,603,0.116934
2,64,603,0.121143
2,64,603,0.118636
2,64,603,0.119531
2,65,604,0.115310
2,65,604,0.114542
2,65,604,0.115403
2,65,604,0.114443
2,65,604,0.115892
2,65,604,0.112343
2,65,604,0.117648
2,65,604,0.116542
2,66,605,0.116674
2,66,605,0.116867
2,66,605,0.114578
2,66,605,0.113568
2,66,605,0.113938
2,66,605,0.113158
2,66,605,0.113855
2,66,605,0.117206
2,67,606,0.115271
2,67,606,0.114208
2,67,606,0.116082
2,67,606,0.115795
2,67,606,0.116675
2,67,606,0.120521
2,67,606,0.115758
2,67,606,0.116933
2,68,607,0.121115
2,68,607,0.116351
2,68,607,0.114778
2,68,607,0.116100
2,68,607,0.111410
2,68,607,0.116360
2,68,607,0.114213
2,68,607,0.114163
2,69,608,0.112624
2,69,608,0.117142
2,69,608,0.116699
2,69,608,0.115618
2,69,608,0.118364
2,69,608,0.115228
2,69,608,0.117103
2,69,608,0.114901
2,70,609,0.113967
2,70,609,0.116817
2,70,609,0.117427
2,70,609,0.114461
2,70,609,0.121302
2,70,609,0.118929
2,70,609,0.115353
2,70,609,0.113296
2,71,610,0.117044
2,71,610,0.117088
2,71,610,0.118394
2,71,610,0.115399
2,71,610,0.117993
2,71,610,0.116982
2,71,610,0.114154
2,71,610,0.114115
2,72,611,0.116016
2,72,611,0.116998
2,72,611,0.120450
2,72,611,0.119455
2,72,611,0.116228
2,72,611,0.115069
2,72,611,0.113539
2,72,611,0.112528
2,73,612,0.114027
2,73,612,0.113565
2,73,612,0.116876
2,73,612,0.113190
2,73,612,0.114398
2,73,612,0.114072
2,73,612,0.117066
2,73,612,0.121594
2,74,613,0.113477
2,74,613,0.116468
2,74,613,0.118066
2,74,613,0.113514
2,74,613,0.117339
2,74,613,0.115792
2,74,613,0.115643
2,74,613,0.115429
2,75,614,0.115764
2,75,614,0.115144
2,75,614,0.114000
2,75,614,0.113148
2,75,614,0.118707
2,75,614,0.114370
2,75,614,0.116615
2,75,614,0.115607
2,76,615,0.114700
2,76,615,0.122477
2,76,615,0.116196
2,76,615,0.116856
2,76,615,0.117809
2,76,615,0.118094
2,76,615,0.116100
2,76,615,0.115304
2,77,616,0.116400
2,77,616,0.122070
2,77,616,0.112506
2,77,616,0.115673
2,77,616,0.113441
2,77,616,0.111646
2,77,616,0.115495
2,77,616,0.117390
2,78,617,0.121724
2,78,617,0.112805
2,78,617,0.119877
2,78,617,0.114154
2,78,617,0.112534
2,78,617,0.122029
2,78,617,0.120891
2,78,617,0.117281
2,79,618,0.116901
2,79,618,0.118589
2,79,618,0.117604
2,79,618,0.116727
2,79,618,0.117345
2,79,618,0.118382
2,79,618,0.115110
2,79,618,0.122275
2,80,619,0.113851
2,80,619,0.114815
2,80,619,0.116480
2,80,619,0.112216
2,80,619,0.115171
2,80,619,0.113015
2,80,619,0.115051
2,80,619,0.119012
2,81,620,0.115980
2,81,620,0.114647
2,81,620,0.122073
2,81,620,0.117663
2,81,620,0.116701
2,81,620,0.120137
2,81,620,0.115173
2,81,620,0.119687
2,82,621,0.118361
2,82,621,0.115150
2,82,621,0.118883
2,82,621,0.113262
2,82,621,0.118626
2,82,621,0.121968
2,82,621,0.113469
2,82,621,0.112494
2,83,622,0.115455
2,83,622,0.122084
2,83,622,0.116498
2,83,622,0.120016
2,83,622,0.116448
2,83,622,0.122809
2,83,622,0.113033
2,83,622,0.116799
2,84,623,0.115414
2,84,623,0.118747
2,84,623,0.119871
2,84,623,0.118375
2,84,623,0.117742
2,84,623,0.112188
2,84,623,0.116743
2,84,623,0.120193
2,85,624,0.116008
2,85,624,0.122098
2,85,624,0.116571
2,85,624,0.118257
2,85,624,0.118883
2,85,624,0.119078
2,85,624,0.111618
2,85,624,0.121379
2,86,625,0.112702
2,86,625,0.115933
2,86,625,0.119483
2,86,625,0.116408
2,86,625,0.114427
2,86,625,0.119683
2,86,625,0.117545
2,86,625,0.115395
2,87,626,0.114003
2,87,626,0.116638
2,87,626,0.119327
2,87,626,0.118898
2,87,626,0.113764
2,87,626,0.114624
2,87,626,0.112924
2,87,626,0.114846
2,88,627,0.113500
2,88,627,0.117299
2,88,627,0.123337
2,88,627,0.115056
2,88,627,0.119186
2,88,627,0.115714
2,88,627,0.118251
2,88,627,0.116820
2,89,628,0.119099
2,89,628,0.119899
2,89,628,0.116333
2,89,628,0.115848
2,89,628,0.123121
2,89,628,0.121116
2,89,628,0.113132
2,89,628,0.114580
2,90,629,0.118224
2,90,629,0.112892
2,90,629,0.114347
2,90,629,0.115025
2,90,629,0.115786
2,90,629,0.114504
2,90,629,0.113697
2,90,629,0.115020
2,91,630,0.113847
2,91,630,0.114836
2,91,630,0.119868
2,91,630,0.115302
2,91,630,0.110655
2,91,630,0.116869
2,91,630,0.117048
2,91,630,0.120251
2,92,631,0.116433
2,92,631,0.115787
2,92,631,0.113705
2,92,631,0.112730
2,92,631,0.115917
2,92,631,0.115760
2,92,631,0.114111
2,92,631,0.114135
2,93,632,0.112137
2,93,632,0.113612
2,93,632,0.118151
2,93,632,0.116027
2,93,632,0.114601
2,93,632,0.115111
2,93,632,0.112067
2,93,632,0.113926
2,94,633,0.113591
2,94,633,0.114152
2,94,633,0.116422
2,94,633,0.114224
2,94,633,0.116121
2,94,633,0.116750
2,94,633,0.114044
2,94,633,0.114766
2,95,634,0.115380
2,95,634,0.121922
2,95,634,0.112479
2,95,634,0.117559
2,95,634,0.117786
2,95,634,0.120837
2,95,634,0.114128
2,95,634,0.113894
2,96,635,0.116029
2,96,635,0.114831
2,96,635,0.117285
2,96,635,0.117144
2,96,635,0.115506
2,96,635,0.114095
2,96,635,0.119519
2,96,635,0.115324
2,97,636,0.117795
2,97,636,0.122975
2,97,636,0.116568
2,97,636,0.118461
2,97,636,0.115081
2,97,636,0.118220
2,97,636,0.115268
2,97,636,0.112130
2,98,637,0.120213
2,98,637,0.123418
2,98,637,0.114490
2,98,637,0.116974
2,98,637,0.117039
2,98,637,0.119033
2,98,637,0.119430
2,98,637,0.114419
2,99,638,0.118724
2,99,638,0.119894
2,99,638,0.116887
2,99,638,0.113278
2,99,638,0.116484
2,99,638,0.123814
2,99,638,0.114267
2,99,638,0.114512
2,100,639,0.114375
2,100,639,0.115649
2,100,639,0.115316
2,100,639,0.113572
2,100,639,0.114295
2,100,639,0.116580
2,100,639,0.113501
2,100,639,0.116767
2,101,640,0.116037
2,101,640,0.120007
2,101,640,0.116372
2,101,640,0.118226
2,101,640,0.115458
2,101,640,0.121969
2,101,640,0.117159
2,101,640,0.114264
2,102,641,0.122386
2,102,641,0.117675
2,102,641,0.116022
2,102,641,0.118937
2,102,641,0.116748
2,102,641,0.122985
2,102,641,0.114570
2,102,641,0.122705
2,103,642,0.117382
2,103,642,0.114954
2,103,642,0.117266
2,103,642,0.116149
2,103,642,0.116758
2,103,642,0.114332
2,103,642,0.116627
2,103,642,0.121903
2,104,643,0.117021
2,104,643,0.114259
2,104,643,0.114697
2,104,643,0.115953
2,104,643,0.117777
2,104,643,0.120292
2,104,643,0.115551
2,104,643,0.112497
2,105,644,0.113706
2,105,644,0.117143
2,105,644,0.116512
2,105,644,0.116441
2,105,644,0.116503
2,105,644,0.119778
2,105,644,0.116726
2,105,644,0.118716
2,106,645,0.116260
2,106,645,0.115735
2,106,645,0.119393
2,106,645,0.119662
2,106,645,0.115285
2,106,645,0.114308
2,106,645,0.118450
2,106,645,0.117297
2,107,646,0.117927
2,107,646,0.114270
2,107,646,0.115667
2,107,646,0.114507
2,107,646,0.114963
2,107,646,0.115768
2,107,646,0.118337
2,107,646,0.115155
2,108,647,0.121705
2,108,647,0.120401
2,108,647,0.115643
2,108,647,0.115740
2,108,647,0.117134
2,108,647,0.118165
2,108,647,0.116402
2,108,647,0.115088
2,109,648,0.113671
2,109,648,0.119738
2,109,648,0.112131
2,109,648,0.115786
2,109,648,0.119415
2,109,648,0.114489
2,109,648,0.117776
2,109,648,0.112831
2,110,649,0.114003
2,110,649,0.117534
2,110,649,0.113998
2,110,649,0.116611
2,110,649,0.116688
2,110,649,0.119778
2,110,649,0.118009
2,110,649,0.114570
2,111,650,0.127905
2,111,650,0.113414
2,111,650,0.118969
2,111,650,0.122260
2,111,650,0.116687
2,111,650,0.115686
2,111,650,0.114261
2,111,650,0.116177
2,112,651,0.112793
2,112,651,0.116534
2,112,651,0.124330
2,112,651,0.118517
2,112,651,0.117383
2,112,651,0.114255
2,112,651,0.113575
2,112,651,0.118285
2,113,652,0.117339
2,113,652,0.114831
2,113,652,0.116456
2,113,652,0.127837
2,113,652,0.118026
2,113,652,0.111465
2,113,652,0.116572
2,113,652,0.113271
2,114,653,0.114667
2,114,653,0.114453
2,114,653,0.117273
2,114,653,0.116688
2,114,653,0.115616
2,114,653,0.117709
2,114,653,0.113188
2,114,653,0.117018
2,115,654,0.120102
2,115,654,0.115966
2,115,654,0.113647
2,115,654,0.125035
2,115,654,0.117496
2,115,654,0.112843
2,115,654,0.115186
2,115,654,0.112805
2,116,655,0.110159
2,116,655,0.117360
2,116,655,0.114173
2,116,655,0.115823
2,116,655,0.113244
2,116,655,0.121836
2,116,655,0.116726
2,116,655,0.118794
2,117,656,0.113504
2,117,656,0.121166
2,117,656,0.116228
2,117,656,0.118914
2,117,656,0.112891
2,117,656,0.114136
2,117,656,0.120854
2,117,656,0.121602
2,118,657,0.118479
2,118,657,0.120330
2,118,657,0.125668
2,118,657,0.117452
2,118,657,0.116042
2,118,657,0.117970
2,118,657,0.116860
2,118,657,0.122350
2,119,658,0.116945
2,119,658,0.114435
2,119,658,0.117806
2,119,658,0.114409
2,119,658,0.121071
2,119,658,0.118250
2,119,658,0.115582
2,119,658,0.114982
2,120,659,0.115384
2,120,659,0.115220
2,120,659,0.116072
2,120,659,0.116076
2,120,659,0.115957
2,120,659,0.112358
2,120,659,0.122788
2,120,659,0.122693
2,121,660,0.117407
2,121,660,0.119106
2,121,660,0.113623
2,121,660,0.117655
2,121,660,0.116092
2,121,660,0.118761
2,121,660,0.112943
2,121,660,0.113630
2,122,661,0.116497
2,122,661,0.116989
2,122,661,0.115126
2,122,661,0.115785
2,122,661,0.114654
2,122,661,0.115269
2,122,661,0.128547
2,122,661,0.113921
2,123,662,0.117417
2,123,662,0.124254
2,123,662,0.116412
2,123,662,0.122790
2,123,662,0.113063
2,123,662,0.115752
2,123,662,0.117611
2,123,662,0.117403
2,124,663,0.117849
2,124,663,0.114717
2,124,663,0.116399
2,124,663,0.115177
2,124,663,0.119813
2,124,663,0.115408
2,124,663,0.115680
2,124,663,0.119352
2,125,664,0.119722
2,125,664,0.114696
2,125,664,0.118567
2,125,664,0.119232
2,125,664,0.116152
2,125,664,0.119926
2,125,664,0.114208
2,125,664,0.117155
2,126,665,0.113593
2,126,665,0.119605
2,126,665,0.118653
2,126,665,0.115838
2,126,665,0.124697
2,126,665,0.119295
2,126,665,0.118323
2,126,665,0.123824
2,127,666,0.114945
2,127,666,0.113374
2,127,666,0.112875
2,127,666,0.118171
2,127,666,0.121545
2,127,666,0.118933
2,127,666,0.115812
2,127,666,0.119030
2,128,667,0.115052
2,128,667,0.116281
2,128,667,0.122145
2,128,667,0.117158
2,128,667,0.115458
2,128,667,0.120399
2,128,667,0.117360
2,128,667,0.116739
2,129,668,0.116512
2,129,668,0.115642
2,129,668,0.113993
2,129,668,0.115728
2,129,668,0.119296
2,129,668,0.117913
2,129,668,0.117765
2,129,668,0.117530
2,130,669,0.116487
2,130,669,0.117875
2,130,669,0.119157
2,130,669,0.117659
2,130,669,0.116694
2,130,669,0.116489
2,130,669,0.114882
2,130,669,0.120360
2,131,670,0.118273
2,131,670,0.120251
2,131,670,0.118608
2,131,670,0.116410
2,131,670,0.120707
2,131,670,0.113952
2,131,670,0.118563
2,131,670,0.115027
2,132,671,0.117760
2,132,671,0.118089
2,132,671,0.123541
2,132,671,0.115455
2,132,671,0.114416
2,132,671,0.120760
2,132,671,0.114643
2,132,671,0.118489
2,133,672,0.119306
2,133,672,0.112619
2,133,672,0.111933
2,133,672,0.114563
2,133,672,0.121733
2,133,672,0.115933
2,133,672,0.116855
2,133,672,0.121072
2,134,673,0.115706
2,134,673,0.118711
2,134,673,0.117363
2,134,673,0.114894
2,134,673,0.115667
2,134,673,0.116044
2,134,673,0.116066
2,134,673,0.115507
2,135,674,0.120086
2,135,674,0.116066
2,135,674,0.119861
2,135,674,0.115010
2,135,674,0.118178
2,135,674,0.114390
2,135,674,0.115601
2,135,674,0.123916
2,136,675,0.120924
2,136,675,0.117094
2,136,675,0.116414
2,136,675,0.119016
2,136,675,0.117382
2,136,675,0.115028
2,136,675,0.115991
2,136,675,0.119345
2,137,676,0.119068
2,137,676,0.115072
2,137,676,0.112078
2,137,676,0.120273
2,137,676,0.121298
2,137,676,0.114992
2,137,676,0.118784
2,137,676,0.115204
2,138,677,0.118766
2,138,677,0.118874
2,138,677,0.118351
2,138,677,0.122248
2,138,677,0.118224
2,138,677,0.117073
2,138,677,0.115217
2,138,677,0.115130
2,139,678,0.117027
2,139,678,0.117647
2,139,678,0.119095
2,139,678,0.120233
2,139,678,0.114730
2,139,678,0.115095
2,139,678,0.119467
2,139,678,0.116348
2,140,679,0.117427
2,140,679,0.114692
2,140,679,0.113948
2,140,679,0.114417
2,140,679,0.118144
2,140,679,0.117571
2,140,679,0.115183
2,140,679,0.126204
2,141,680,0.114579
2,141,680,0.112098
2,141,680,0.113707
2,141,680,0.112653
2,141,680,0.121520
2,141,680,0.116789
2,141,680,0.110475
2,141,680,0.114465
2,142,681,0.114478
2,142,681,0.120120
2,142,681,0.123673
2,142,681,0.120129
2,142,681,0.121973
2,142,681,0.119103
2,142,681,0.115654
2,142,681,0.116651
2,143,682,0.118352
2,143,682,0.114548
2,143,682,0.118161
2,143,682,0.117699
2,143,682,0.116935
2,143,682,0.113377
2,143,682,0.120983
2,143,682,0.114831
2,144,683,0.119762
2,144,683,0.117128
2,144,683,0.115324
2,144,683,0.115748
2,144,683,0.122105
2,144,683,0.114936
2,144,683,0.120486
2,144,683,0.120185
2,145,684,0.120035
2,145,684,0.114935
2,145,684,0.117374
2,145,684,0.115178
2,145,684,0.117899
2,145,684,0.115447
2,145,684,0.113967
2,145,684,0.110960
2,146,685,0.116368
2,146,685,0.112849
2,146,685,0.113919
2,146,685,0.116370
2,146,685,0.114601
2,146,685,0.114888
2,146,685,0.118021
2,146,685,0.115678
2,147,686,0.117845
2,147,686,0.117667
2,147,686,0.114011
2,147,686,0.115548
2,147,686,0.117585
2,147,686,0.117824
2,147,686,0.126625
2,147,686,0.113387
2,148,687,0.117398
2,148,687,0.113152
2,148,687,0.115568
2,148,687,0.115262
2,148,687,0.115096
2,148,687,0.117966
2,148,687,0.113643
2,148,687,0.117158
2,149,688,0.116025
2,149,688,0.121575
2,149,688,0.116051
2,149,688,0.115805
2,149,688,0.117144
2,149,688,0.114596
2,149,688,0.120328
2,149,688,0.115579
2,150,689,0.128046
2,150,689,0.116965
2,150,689,0.113261
2,150,689,0.117143
2,150,689,0.114347
2,150,689,0.119327
2,150,689,0.116164
2,150,689,0.117699
2,151,690,0.117579
2,151,690,0.117233
2,151,690,0.117122
2,151,690,0.117761
2,151,690,0.118083
2,151,690,0.121452
2,151,690,0.115930
2,151,690,0.116073
2,152,691,0.115177
2,152,691,0.119898
2,152,691,0.114526
2,152,691,0.117087
2,152,691,0.122133
2,152,691,0.117844
2,152,691,0.117856
2,152,691,0.115040
2,153,692,0.111772
2,153,692,0.121750
2,153,692,0.116958
2,153,692,0.112355
2,153,692,0.116211
2,153,692,0.116673
2,153,692,0.117217
2,153,692,0.119556
2,154,693,0.116579
2,154,693,0.112330
2,154,693,0.115442
2,154,693,0.113851
2,154,693,0.115661
2,154,693,0.116188
2,154,693,0.122383
2,154,693,0.116676
2,155,694,0.114739
2,155,694,0.115252
2,155,694,0.115989
2,155,694,0.114301
2,155,694,0.113344
2,155,694,0.114733
2,155,694,0.115039
2,155,694,0.118824
2,156,695,0.113360
2,156,695,0.117168
2,156,695,0.116994
2,156,695,0.112858
2,156,695,0.118843
2,156,695,0.120169
2,156,695,0.122959
2,156,695,0.121616
2,157,696,0.116751
2,157,696,0.115630
2,157,696,0.120642
2,157,696,0.119938
2,157,696,0.113740
2,157,696,0.115732
2,157,696,0.120313
2,157,696,0.116322
2,158,697,0.116109
2,158,697,0.118971
2,158,697,0.114908
2,158,697,0.117341
2,158,697,0.124029
2,158,697,0.113704
2,158,697,0.115592
2,158,697,0.119460
2,159,698,0.115858
2,159,698,0.112435
2,159,698,0.118492
2,159,698,0.118177
2,159,698,0.122040
2,159,698,0.115523
2,159,698,0.113541
2,159,698,0.115009
2,160,699,0.118449
2,160,699,0.118251
2,160,699,0.116565
2,160,699,0.127076
2,160,699,0.118121
2,160,699,0.118228
2,160,699,0.118810
2,160,699,0.115467
2,161,700,0.113329
2,161,700,0.112502
2,161,700,0.118245
2,161,700,0.112972
2,161,700,0.112257
2,161,700,0.112854
2,161,700,0.114948
2,161,700,0.114207
2,162,701,0.119701
2,162,701,0.116528
2,162,701,0.120392
2,162,701,0.115009
2,162,701,0.111911
2,162,701,0.118211
2,162,701,0.115221
2,162,701,0.117842
2,163,702,0.113833
2,163,702,0.112408
2,163,702,0.121497
2,163,702,0.116476
2,163,702,0.114700
2,163,702,0.112454
2,163,702,0.115810
2,163,702,0.121307
2,164,703,0.120973
2,164,703,0.118117
2,164,703,0.116687
2,164,703,0.120012
2,164,703,0.120415
2,164,703,0.112837
2,164,703,0.116920
2,164,703,0.113894
2,165,704,0.116726
2,165,704,0.117064
2,165,704,0.115026
2,165,704,0.113864
2,165,704,0.118708
2,165,704,0.116775
2,165,704,0.117518
2,165,704,0.113021
2,166,705,0.113154
2,166,705,0.120764
2,166,705,0.113990
2,166,705,0.111488
2,166,705,0.114924
2,166,705,0.113917
2,166,705,0.113367
2,166,705,0.114242
2,167,706,0.120503
2,167,706,0.115270
2,167,706,0.115463
2,167,706,0.117173
2,167,706,0.113015
2,167,706,0.117390
2,167,706,0.117176
2,167,706,0.114180
2,168,707,0.115576
2,168,707,0.113349
2,168,707,0.118734
2,168,707,0.118490
2,168,707,0.117316
2,168,707,0.115980
2,168,707,0.117774
2,168,707,0.114680
2,169,708,0.115813
2,169,708,0.114735
2,169,708,0.128545
2,169,708,0.115082
2,169,708,0.112578
2,169,708,0.115403
2,169,708,0.113801
2,169,708,0.116160
2,170,709,0.113343
2,170,709,0.121333
2,170,709,0.115288
2,170,709,0.121902
2,170,709,0.115134
2,170,709,0.116486
2,170,709,0.118109
2,170,709,0.116957
2,171,710,0.115930
2,171,710,0.114264
2,171,710,0.112282
2,171,710,0.122650
2,171,710,0.115141
2,171,710,0.116464
2,171,710,0.119184
2,171,710,0.116139
2,172,711,0.119160
2,172,711,0.119271
2,172,711,0.118052
2,172,711,0.115393
2,172,711,0.115202
2,172,711,0.120437
2,172,711,0.117027
2,172,711,0.122196
2,173,712,0.115738
2,173,712,0.114483
2,173,712,0.117504
2,173,712,0.114329
2,173,712,0.116492
2,173,712,0.115308
2,173,712,0.114796
2,173,712,0.117094
2,174,713,0.120406
2,174,713,0.118024
2,174,713,0.118178
2,174,713,0.115645
2,174,713,0.115855
2,174,713,0.115829
2,174,713,0.115748
2,174,713,0.116602
2,175,714,0.117287
2,175,714,0.113294
2,175,714,0.113616
2,175,714,0.113871
2,175,714,0.117203
2,175,714,0.116216
2,175,714,0.115776
2,175,714,0.115910
2,176,715,0.117407
2,176,715,0.114808
2,176,715,0.114909
2,176,715,0.113324
2,176,715,0.117517
2,176,715,0.122354
2,176,715,0.113887
2,176,715,0.124933
2,177,716,0.116272
2,177,716,0.118490
2,177,716,0.118953
2,177,716,0.119084
2,177,716,0.113274
2,177,716,0.119015
2,177,716,0.117544
2,177,716,0.118292
2,178,717,0.120218
2,178,717,0.116071
2,178,717,0.112549
2,178,717,0.109716
2,178,717,0.114060
2,178,717,0.119745
2,178,717,0.115921
2,178,717,0.115530
2,179,718,0.116656
2,179,718,0.120587
2,179,718,0.114391
2,179,718,0.116105
2,179,718,0.117786
2,179,718,0.116121
2,179,718,0.118267
2,179,718,0.114142
2,180,719,0.114093
2,180,719,0.113668
2,180,719,0.114071
2,180,719,0.123592
2,180,719,0.111945
2,180,719,0.117600
2,180,719,0.113233
2,180,719,0.114955
2,181,720,0.116121
2,181,720,0.119252
2,181,720,0.115655
2,181,720,0.117700
2,181,720,0.115749
2,181,720,0.112481
2,181,720,0.113633
2,181,720,0.117659
2,182,721,0.115218
2,182,721,0.115761
2,182,721,0.113736
2,182,721,0.117424
2,182,721,0.114320
2,182,721,0.115249
2,182,721,0.116562
2,182,721,0.120228
2,183,722,0.111803
2,183,722,0.116646
2,183,722,0.112702
2,183,722,0.117212
2,183,722,0.114881
2,183,722,0.117306
2,183,722,0.118254
2,183,722,0.117773
2,184,723,0.115580
2,184,723,0.116024
2,184,723,0.118153
2,184,723,0.120038
2,184,723,0.114424
2,184,723,0.116372
2,184,723,0.117889
2,184,723,0.115639
2,185,724,0.118485
2,185,724,0.119145
2,185,724,0.115799
2,185,724,0.122559
2,185,724,0.118049
2,185,724,0.114435
2,185,724,0.117869
2,185,724,0.117204
2,186,725,0.120810
2,186,725,0.114331
2,186,725,0.121454
2,186,725,0.117644
2,186,725,0.116323
2,186,725,0.117057
2,186,725,0.113532
2,186,725,0.116960
2,187,726,0.116084
2,187,726,0.115572
2,187,726,0.116830
2,187,726,0.114977
2,187,726,0.114834
2,187,726,0.117094
2,187,726,0.115166
2,187,726,0.117652
2,188,727,0.112032
2,188,727,0.115763
2,188,727,0.115861
2,188,727,0.121153
2,188,727,0.121906
2,188,727,0.112014
2,188,727,0.113640
2,188,727,0.119708
2,189,728,0.117578
2,189,728,0.113298
2,189,728,0.114617
2,189,728,0.114202
2,189,728,0.116763
2,189,728,0.119816
2,189,728,0.121818
2,189,728,0.116173
2,190,729,0.113773
2,190,729,0.118769
2,190,729,0.116435
2,190,729,0.113673
2,190,729,0.112743
2,190,729,0.118461
2,190,729,0.118085
2,190,729,0.116335
2,191,730,0.120377
2,191,730,0.116604
2,191,730,0.115580
2,191,730,0.113825
2,191,730,0.117142
2,191,730,0.114361
2,191,730,0.120150
2,191,730,0.113968
2,192,731,0.113799
2,192,731,0.116663
2,192,731,0.113674
2,192,731,0.120556
2,192,731,0.110234
2,192,731,0.113682
2,192,731,0.118107
2,192,731,0.114908
2,193,732,0.113908
2,193,732,0.114187
2,193,732,0.115394
2,193,732,0.121317
2,193,732,0.121294
2,193,732,0.116374
2,193,732,0.114629
2,193,732,0.112790
2,194,733,0.114987
2,194,733,0.112009
2,194,733,0.114403
2,194,733,0.112053
2,194,733,0.119898
2,194,733,0.113562
2,194,733,0.110304
2,194,733,0.116182
2,195,734,0.114398
2,195,734,0.119404
2,195,734,0.116062
2,195,734,0.116855
2,195,734,0.115301
2,195,734,0.116181
2,195,734,0.111027
2,195,734,0.122028
2,196,735,0.119465
2,196,735,0.113869
2,196,735,0.115421
2,196,735,0.117871
2,196,735,0.115097
2,196,735,0.112337
2,196,735,0.114135
2,196,735,0.115404
2,197,736,0.116483
2,197,736,0.116642
2,197,736,0.117684
2,197,736,0.120722
2,197,736,0.119203
2,197,736,0.117396
2,197,736,0.117058
2,197,736,0.113452
2,198,737,0.113255
2,198,737,0.113672
2,198,737,0.117446
2,198,737,0.115835
2,198,737,0.119370
2,198,737,0.115951
2,198,737,0.114093
2,198,737,0.117178
2,199,738,0.115923
2,199,738,0.119195
2,199,738,0.110433
2,199,738,0.122450
2,199,738,0.113346
2,199,738,0.116636
2,199,738,0.119972
2,199,738,0.110440
2,200,739,0.114477
2,200,739,0.113115
2,200,739,0.115853
2,200,739,0.116332
2,200,739,0.114310
2,200,739,0.114055
2,200,739,0.117118
2,200,739,0.114982
2,201,740,0.116133
2,201,740,0.116075
2,201,740,0.121845
2,201,740,0.113271
2,201,740,0.118494
2,201,740,0.114729
2,201,740,0.116276
2,201,740,0.116940
2,202,741,0.116829
2,202,741,0.115090
2,202,741,0.117853
2,202,741,0.115743
2,202,741,0.117943
2,202,741,0.114907
2,202,741,0.115727
2,202,741,0.113545
2,203,742,0.113330
2,203,742,0.114015
2,203,742,0.124496
2,203,742,0.119569
2,203,742,0.112543
2,203,742,0.115853
2,203,742,0.113542
2,203,742,0.112699
2,204,743,0.117045
2,204,743,0.114600
2,204,743,0.117563
2,204,743,0.117498
2,204,743,0.122436
2,204,743,0.117372
2,204,743,0.110797
2,204,743,0.116023
2,205,744,0.113921
2,205,744,0.117032
2,205,744,0.121627
2,205,744,0.116623
2,205,744,0.115553
2,205,744,0.115533
2,205,744,0.114250
2,205,744,0.115236
2,206,745,0.113206
2,206,745,0.111810
2,206,745,0.114451
2,206,745,0.114139
2,206,745,0.116413
2,206,745,0.118992
2,206,745,0.115455
2,206,745,0.114983
2,207,746,0.115772
2,207,746,0.114588
2,207,746,0.114809
2,207,746,0.118354
2,207,746,0.120155
2,207,746,0.114751
2,207,746,0.117085
2,207,746,0.116137
2,208,747,0.118018
2,208,747,0.117287
2,208,747,0.123630
2,208,747,0.116600
2,208,747,0.117360
2,208,747,0.116980
2,208,747,0.114960
2,208,747,0.115716
2,209,748,0.112753
2,209,748,0.114453
2,209,748,0.117038
2,209,748,0.115844
2,209,748,0.115122
2,209,748,0.116250
2,209,748,0.124158
2,209,748,0.119971
2,210,749,0.117100
2,210,749,0.116967
2,210,749,0.117787
2,210,749,0.120001
2,210,749,0.119088
2,210,749,0.116200
2,210,749,0.119660
2,210,749,0.119389
2,211,750,0.112035
2,211,750,0.122145
2,211,750,0.111973
2,211,750,0.116663
2,211,750,0.118283
2,211,750,0.121430
2,211,750,0.115551
2,211,750,0.116684
2,212,751,0.113261
2,212,751,0.117282
2,212,751,0.115997
2,212,751,0.117526
2,212,751,0.115098
2,212,751,0.112336
2,212,751,0.111481
2,212,751,0.119366
2,213,752,0.117949
2,213,752,0.115845
2,213,752,0.116986
2,213,752,0.116892
2,213,752,0.113463
2,213,752,0.119252
2,213,752,0.117342
2,213,752,0.114310
2,214,753,0.114059
2,214,753,0.114523
2,214,753,0.123654
2,214,753,0.112767
2,214,753,0.117699
2,214,753,0.114418
2,214,753,0.115742
2,214,753,0.114951
2,215,754,0.116263
2,215,754,0.120217
2,215,754,0.114423
2,215,754,0.114254
2,215,754,0.113049
2,215,754,0.119073
2,215,754,0.113435
2,215,754,0.116994
2,216,755,0.117424
2,216,755,0.113410
2,216,755,0.115546
2,216,755,0.121442
2,216,755,0.114842
2,216,755,0.119716
2,216,755,0.115926
2,216,755,0.115575
2,217,756,0.115426
2,217,756,0.118529
2,217,756,0.115110
2,217,756,0.120836
2,217,756,0.112157
2,217,756,0.111758
2,217,756,0.118638
2,217,756,0.113790
2,218,757,0.111496
2,218,757,0.116224
2,218,757,0.116977
2,218,757,0.115630
2,218,757,0.120033
2,218,757,0.114130
2,218,757,0.118008
2,218,757,0.115267
2,219,758,0.113826
2,219,758,0.120007
2,219,758,0.115731
2,219,758,0.116589
2,219,758,0.125771
2,219,758,0.113765
2,219,758,0.115380
2,219,758,0.116794
2,220,759,0.116700
2,220,759,0.121046
2,220,759,0.115367
2,220,759,0.113454
2,220,759,0.116769
2,220,759,0.117299
2,220,759,0.114574
2,220,759,0.124439
2,221,760,0.118975
2,221,760,0.117069
2,221,760,0.116241
2,221,760,0.116087
2,221,760,0.114095
2,221,760,0.113969
2,221,760,0.114194
2,221,760,0.114113
2,222,761,0.114312
2,222,761,0.120614
2,222,761,0.119169
2,222,761,0.116424
2,222,761,0.117514
2,222,761,0.116189
2,222,761,0.125433
2,222,761,0.121922
2,223,762,0.117492
2,223,762,0.111773
2,223,762,0.115820
2,223,762,0.113652
2,223,762,0.116860
2,223,762,0.115899
2,223,762,0.116566
2,223,762,0.113544
2,224,763,0.120846
2,224,763,0.112446
2,224,763,0.114151
2,224,763,0.117102
2,224,763,0.114850
2,224,763,0.118590
2,224,763,0.115259
2,224,763,0.117177
2,225,764,0.116734
2,225,764,0.116198
2,225,764,0.116755
2,225,764,0.114479
2,225,764,0.120939
2,225,764,0.117215
2,225,764,0.118083
2,225,764,0.120117
2,226,765,0.117214
2,226,765,0.117886
2,226,765,0.112767
2,226,765,0.112162
2,226,765,0.120580
2,226,765,0.115243
2,226,765,0.114759
2,226,765,0.115595
2,227,766,0.115544
2,227,766,0.114812
2,227,766,0.114319
2,227,766,0.115683
2,227,766,0.118644
2,227,766,0.114248
2,227,766,0.114810
2,227,766,0.117996
2,228,767,0.120549
2,228,767,0.115834
2,228,767,0.112306
2,228,767,0.117951
2,228,767,0.115539
2,228,767,0.111876
2,228,767,0.122717
2,228,767,0.120939
2,229,768,0.115388
2,229,768,0.116825
2,229,768,0.113323
2,229,768,0.118251
2,229,768,0.114431
2,229,768,0.112914
2,229,768,0.115752
2,229,768,0.118048
2,230,769,0.118832
2,230,769,0.118690
2,230,769,0.117602
2,230,769,0.117174
2,230,769,0.112618
2,230,769,0.112509
2,230,769,0.113978
2,230,769,0.114441
2,231,770,0.117677
2,231,770,0.116506
2,231,770,0.115134
2,231,770,0.114656
2,231,770,0.113267
2,231,770,0.118685
2,231,770,0.121639
2,231,770,0.117432
2,232,771,0.115648
2,232,771,0.111714
2,232,771,0.118483
2,232,771,0.114224
2,232,771,0.120837
2,232,771,0.116297
2,232,771,0.124701
2,232,771,0.115620
2,233,772,0.126517
2,233,772,0.117691
2,233,772,0.117769
2,233,772,0.119529
2,233,772,0.117679
2,233,772,0.113798
2,233,772,0.116670
2,233,772,0.113022
2,234,773,0.121378
2,234,773,0.113869
2,234,773,0.110654
2,234,773,0.115418
2,234,773,0.118574
2,234,773,0.113317
2,234,773,0.114022
2,234,773,0.116571
2,235,774,0.112841
2,235,774,0.112563
2,235,774,0.111329
2,235,774,0.115404
2,235,774,0.117064
2,235,774,0.115062
2,235,774,0.120487
2,235,774,0.113114
2,236,775,0.116352
2,236,775,0.119388
2,236,775,0.116217
2,236,775,0.118652
2,236,775,0.113345
2,236,775,0.119928
2,236,775,0.112715
2,236,775,0.117978
2,237,776,0.115410
2,237,776,0.117110
2,237,776,0.117427
2,237,776,0.121936
2,237,776,0.113776
2,237,776,0.115601
2,237,776,0.113934
2,237,776,0.116985
2,238,777,0.118440
2,238,777,0.119030
2,238,777,0.120762
2,238,777,0.112813
2,238,777,0.113902
2,238,777,0.115230
2,238,777,0.118341
2,238,777,0.111920
2,239,778,0.120559
2,239,778,0.117402
2,239,778,0.115784
2,239,778,0.112785
2,239,778,0.116368
2,239,778,0.114647
2,239,778,0.115909
2,239,778,0.113898
2,240,779,0.112263
2,240,779,0.112953
2,240,779,0.117464
2,240,779,0.120535
2,240,779,0.119269
2,240,779,0.117088
2,240,779,0.112442
2,240,779,0.113165
2,241,780,0.115949
2,241,780,0.116317
2,241,780,0.111161
2,241,780,0.113698
2,241,780,0.113488
2,241,780,0.115439
2,241,780,0.119153
2,241,780,0.117157
2,242,781,0.113365
2,242,781,0.118339
2,242,781,0.118835
2,242,781,0.117596
2,242,781,0.118275
2,242,781,0.122558
2,242,781,0.117801
2,242,781,0.114611
2,243,782,0.114247
2,243,782,0.113608
2,243,782,0.115715
2,243,782,0.114810
2,243,782,0.116813
2,243,782,0.112778
2,243,782,0.119636
2,243,782,0.114536
2,244,783,0.119467
2,244,783,0.115944
2,244,783,0.119371
2,244,783,0.114844
2,244,783,0.112999
2,244,783,0.113059
2,244,783,0.118707
2,244,783,0.118569
2,245,784,0.115712
2,245,784,0.116884
2,245,784,0.112745
2,245,784,0.115023
2,245,784,0.115417
2,245,784,0.113901
2,245,784,0.114866
2,245,784,0.118172
2,246,785,0.114228
2,246,785,0.124318
2,246,785,0.115144
2,246,785,0.114598
2,246,785,0.117871
2,246,785,0.119937
2,246,785,0.119258
2,246,785,0.113348
2,247,786,0.118882
2,247,786,0.118760
2,247,786,0.114219
2,247,786,0.116129
2,247,786,0.117381
2,247,786,0.117877
2,247,786,0.114612
2,247,786,0.113673
2,248,787,0.116135
2,248,787,0.116063
2,248,787,0.113590
2,248,787,0.115827
2,248,787,0.117773
2,248,787,0.113511
2,248,787,0.117575
2,248,787,0.115095
2,249,788,0.113679
2,249,788,0.115931
2,249,788,0.116487
2,249,788,0.114926
2,249,788,0.117153
2,249,788,0.118434
2,249,788,0.111753
2,249,788,0.121057
2,250,789,0.121490
2,250,789,0.113424
2,250,789,0.117122
2,250,789,0.114610
2,250,789,0.112286
2,250,789,0.121634
2,250,789,0.115491
2,250,789,0.115082
2,251,790,0.120076
2,251,790,0.116894
2,251,790,0.118910
2,251,790,0.113312
2,251,790,0.114371
2,251,790,0.117934
2,251,790,0.114931
2,251,790,0.115824
2,252,791,0.110630
2,252,791,0.118782
2,252,791,0.116937
2,252,791,0.117916
2,252,791,0.113642
2,252,791,0.117111
2,252,791,0.116310
2,252,791,0.114685
2,253,792,0.114501
2,253,792,0.114731
2,253,792,0.115477
2,253,792,0.116059
2,253,792,0.118966
2,253,792,0.115955
2,253,792,0.118332
2,253,792,0.114701
2,254,793,0.116090
2,254,793,0.111244
2,254,793,0.118961
2,254,793,0.112696
2,254,793,0.123292
2,254,793,0.112696
2,254,793,0.113745
2,254,793,0.113401
2,255,794,0.113967
2,255,794,0.114767
2,255,794,0.112151
2,255,794,0.117565
2,255,794,0.116754
2,255,794,0.114196
2,255,794,0.115445
2,255,794,0.116278
2,256,795,0.112523
2,256,795,0.111062
2,256,795,0.119441
2,256,795,0.116605
2,256,795,0.114255
2,256,795,0.121126
2,256,795,0.115119
2,256,795,0.114976
2,257,796,0.110749
2,257,796,0.114151
2,257,796,0.116354
2,257,796,0.114146
2,257,796,0.113715
2,257,796,0.114667
2,257,796,0.114236
2,257,796,0.117078
2,258,797,0.112092
2,258,797,0.117926
2,258,797,0.116255
2,258,797,0.125163
2,258,797,0.119111
2,258,797,0.118135
2,258,797,0.118408
2,258,797,0.121160
2,259,798,0.114269
2,259,798,0.119511
2,259,798,0.115570
2,259,798,0.113254
2,259,798,0.110705
2,259,798,0.117073
2,259,798,0.116683
2,259,798,0.111716
2,260,799,0.111875
2,260,799,0.114551
2,260,799,0.113335
2,260,799,0.116344
2,260,799,0.115060
2,260,799,0.116799
2,260,799,0.119941
2,260,799,0.118770
2,261,800,0.115591
2,261,800,0.125089
2,261,800,0.116884
2,261,800,0.119946
2,261,800,0.117277
2,261,800,0.115850
2,261,800,0.115401
2,261,800,0.116027
2,262,801,0.115148
2,262,801,0.118644
2,262,801,0.117854
2,262,801,0.113385
2,262,801,0.118286
2,262,801,0.114785
2,262,801,0.116755
2,262,801,0.117059
2,263,802,0.117374
2,263,802,0.119924
2,263,802,0.111602
2,263,802,0.112772
2,263,802,0.117587
2,263,802,0.118384
2,263,802,0.111772
2,263,802,0.113372
2,264,803,0.116060
2,264,803,0.111672
2,264,803,0.113633
2,264,803,0.114701
2,264,803,0.115387
2,264,803,0.113698
2,264,803,0.117972
2,264,803,0.115537
2,265,804,0.118273
2,265,804,0.113873
2,265,804,0.118136
2,265,804,0.110588
2,265,804,0.117147
2,265,804,0.117370
2,265,804,0.123461
2,265,804,0.112785
2,266,805,0.117432
2,266,805,0.111856
2,266,805,0.114691
2,266,805,0.112082
2,266,805,0.122293
2,266,805,0.115930
2,266,805,0.118542
2,266,805,0.116197
2,267,806,0.110938
2,267,806,0.116306
2,267,806,0.116210
2,267,806,0.115614
2,267,806,0.122689
2,267,806,0.113893
2,267,806,0.116794
2,267,806,0.117229
2,268,807,0.114913
2,268,807,0.117609
2,268,807,0.116834
2,268,807,0.114435
2,268,807,0.115174
2,268,807,0.118249
2,268,807,0.115981
2,268,807,0.116218
2,269,808,0.116086
2,269,808,0.117548
2,269,808,0.116217
2,269,808,0.118818
2,269,808,0.117327
2,269,808,0.115871
2,269,808,0.113310
2,269,808,0.115336
2,270,809,0.113870
2,270,809,0.114705
2,270,809,0.111835
2,270,809,0.124274
2,270,809,0.114812
2,270,809,0.117808
2,270,809,0.112479
2,270,809,0.112041
2,271,810,0.118933
2,271,810,0.111958
2,271,810,0.118189
2,271,810,0.112207
2,271,810,0.114561
2,271,810,0.114357
2,271,810,0.113024
2,271,810,0.117413
2,272,811,0.120294
2,272,811,0.118774
2,272,811,0.113164
2,272,811,0.117760
2,272,811,0.118147
2,272,811,0.112935
2,272,811,0.112625
2,272,811,0.114656
2,273,812,0.118045
2,273,812,0.115991
2,273,812,0.117155
2,273,812,0.114552
2,273,812,0.113514
2,273,812,0.114444
2,273,812,0.114355
2,273,812,0.120828
2,274,813,0.113806
2,274,813,0.120118
2,274,813,0.114608
2,274,813,0.117203
2,274,813,0.116578
2,274,813,0.116243
2,274,813,0.117188
2,274,813,0.116946
2,275,814,0.113895
2,275,814,0.116249
2,275,814,0.117129
2,275,814,0.113741
2,275,814,0.122165
2,275,814,0.117019
2,275,814,0.116648
2,275,814,0.118066
2,276,815,0.118089
2,276,815,0.115131
2,276,815,0.118133
2,276,815,0.114048
2,276,815,0.114244
2,276,815,0.115479
2,276,815,0.115804
2,276,815,0.117656
2,277,816,0.116164
2,277,816,0.125092
2,277,816,0.116019
2,277,816,0.119118
2,277,816,0.115004
2,277,816,0.111020
2,277,816,0.118332
2,277,816,0.119369
2,278,817,0.119022
2,278,817,0.114693
2,278,817,0.119038
2,278,817,0.123606
2,278,817,0.116324
2,278,817,0.113475
2,278,817,0.112242
2,278,817,0.119168
2,279,818,0.114632
2,279,818,0.117439
2,279,818,0.117361
2,279,818,0.116995
2,279,818,0.115978
2,279,818,0.115162
2,279,818,0.115223
2,279,818,0.117526
2,280,819,0.117112
2,280,819,0.114067
2,280,819,0.110380
2,280,819,0.115984
2,280,819,0.113524
2,280,819,0.115925
2,280,819,0.116575
2,280,819,0.114889
2,281,820,0.121144
2,281,820,0.114118
2,281,820,0.117422
2,281,820,0.117855
2,281,820,0.114639
2,281,820,0.116645
2,281,820,0.115102
2,281,820,0.118740
2,282,821,0.112230
2,282,821,0.115477
2,282,821,0.115796
2,282,821,0.121443
2,282,821,0.114696
2,282,821,0.122153
2,282,821,0.113498
2,282,821,0.113224
2,283,822,0.115320
2,283,822,0.114700
2,283,822,0.115979
2,283,822,0.116979
2,283,822,0.118682
2,283,822,0.116099
2,283,822,0.112196
2,283,822,0.115855
2,284,823,0.120068
2,284,823,0.114527
2,284,823,0.120603
2,284,823,0.113965
2,284,823,0.114413
2,284,823,0.113321
2,284,823,0.115051
2,284,823,0.115004
2,285,824,0.118614
2,285,824,0.120360
2,285,824,0.119398
2,285,824,0.115435
2,285,824,0.117411
2,285,824,0.117551
2,285,824,0.120074
2,285,824,0.114778
2,286,825,0.112606
2,286,825,0.115225
2,286,825,0.117803
2,286,825,0.123074
2,286,825,0.120142
2,286,825,0.123859
2,286,825,0.120538
2,286,825,0.116885
2,287,826,0.117197
2,287,826,0.119841
2,287,826,0.119685
2,287,826,0.114300
2,287,826,0.118896
2,287,826,0.114704
2,287,826,0.113370
2,287,826,0.115376
2,288,827,0.121029
2,288,827,0.114931
2,288,827,0.115604
2,288,827,0.115715
2,288,827,0.118550
2,288,827,0.114913
2,288,827,0.118531
2,288,827,0.115768
2,289,828,0.113251
2,289,828,0.114544
2,289,828,0.110690
2,289,828,0.118497
2,289,828,0.117718
2,289,828,0.120781
2,289,828,0.115973
2,289,828,0.116251
2,290,829,0.112826
2,290,829,0.118759
2,290,829,0.116283
2,290,829,0.117248
2,290,829,0.120320
2,290,829,0.115843
2,290,829,0.116267
2,290,829,0.112813
2,291,830,0.114558
2,291,830,0.112706
2,291,830,0.113249
2,291,830,0.118154
2,291,830,0.121222
2,291,830,0.116199
2,291,830,0.122425
2,291,830,0.116539
2,292,831,0.116229
2,292,831,0.113471
2,292,831,0.116612
2,292,831,0.118797
2,292,831,0.111231
2,292,831,0.114173
2,292,831,0.114340
2,292,831,0.117363
2,293,832,0.113577
2,293,832,0.113891
2,293,832,0.114337
2,293,832,0.114338
2,293,832,0.114870
2,293,832,0.117255
2,293,832,0.118212
2,293,832,0.115080
2,294,833,0.116643
2,294,833,0.115448
2,294,833,0.115708
2,294,833,0.114752
2,294,833,0.115721
2,294,833,0.113425
2,294,833,0.115983
2,294,833,0.119822
2,295,834,0.121357
2,295,834,0.112201
2,295,834,0.114518
2,295,834,0.113318
2,295,834,0.117000
2,295,834,0.120620
2,295,834,0.115545
2,295,834,0.119001
2,296,835,0.115614
2,296,835,0.118828
2,296,835,0.113869
2,296,835,0.116024
2,296,835,0.113085
2,296,835,0.118793
2,296,835,0.117947
2,296,835,0.113952
2,297,836,0.117409
2,297,836,0.115681
2,297,836,0.112535
2,297,836,0.115003
2,297,836,0.118895
2,297,836,0.114842
2,297,836,0.112299
2,297,836,0.114298
2,298,837,0.113478
2,298,837,0.117526
2,298,837,0.116950
2,298,837,0.114354
2,298,837,0.118950
2,298,837,0.116422
2,298,837,0.115595
2,298,837,0.115673
2,299,838,0.115024
2,299,838,0.114463
2,299,838,0.113786
2,299,838,0.116147
2,299,838,0.115485
2,299,838,0.112934
2,299,838,0.114013
2,299,838,0.115606
2,300,839,0.116747
2,300,839,0.114232
2,300,839,0.114505
2,300,839,0.114867
2,300,839,0.115495
2,300,839,0.117170
2,300,839,0.117588
2,300,839,0.113823
2,301,840,0.115193
2,301,840,0.113788
2,301,840,0.113894
2,301,840,0.117831
2,301,840,0.112491
2,301,840,0.115333
2,301,840,0.115509
2,301,840,0.120816
2,302,841,0.116760
2,302,841,0.116045
2,302,841,0.118786
2,302,841,0.116561
2,302,841,0.118775
2,302,841,0.115792
2,302,841,0.118184
2,302,841,0.114925
2,303,842,0.113778
2,303,842,0.115346
2,303,842,0.114262
2,303,842,0.116315
2,303,842,0.113966
2,303,842,0.114519
2,303,842,0.114661
2,303,842,0.119884
2,304,843,0.116768
2,304,843,0.116523
2,304,843,0.113503
2,304,843,0.115372
2,304,843,0.115589
2,304,843,0.116772
2,304,843,0.114399
2,304,843,0.118557
2,305,844,0.115400
2,305,844,0.113721
2,305,844,0.113275
2,305,844,0.114315
2,305,844,0.118032
2,305,844,0.114677
2,305,844,0.117340
2,305,844,0.119451
2,306,845,0.112750
2,306,845,0.112911
2,306,845,0.118463
2,306,845,0.112292
2,306,845,0.113237
2,306,845,0.116409
2,306,845,0.115343
2,306,845,0.112876
2,307,846,0.118338
2,307,846,0.113725
2,307,846,0.115743
2,307,846,0.116442
2,307,846,0.117144
2,307,846,0.114055
2,307,846,0.117434
2,307,846,0.118808
2,308,847,0.114977
2,308,847,0.120236
2,308,847,0.118118
2,308,847,0.116305
2,308,847,0.117801
2,308,847,0.121053
2,308,847,0.114092
2,308,847,0.115340
2,309,848,0.114384
2,309,848,0.115307
2,309,848,0.115309
2,309,848,0.116302
2,309,848,0.113650
2,309,848,0.114330
2,309,848,0.116510
2,309,848,0.115704
2,310,849,0.112974
2,310,849,0.116478
2,310,849,0.121731
2,310,849,0.116498
2,310,849,0.116179
2,310,849,0.120525
2,310,849,0.114477
2,310,849,0.112702
2,311,850,0.114830
2,311,850,0.121133
2,311,850,0.116070
2,311,850,0.113791
2,311,850,0.116062
2,311,850,0.115518
2,311,850,0.113733
2,311,850,0.116308
2,312,851,0.114935
2,312,851,0.115838
2,312,851,0.114382
2,312,851,0.117289
2,312,851,0.114496
2,312,851,0.112026
2,312,851,0.114817
2,312,851,0.118795
2,313,852,0.117007
2,313,852,0.120043
2,313,852,0.116194
2,313,852,0.113046
2,313,852,0.115031
2,313,852,0.120832
2,313,852,0.113434
2,313,852,0.113424
2,314,853,0.115580
2,314,853,0.114278
2,314,853,0.112745
2,314,853,0.111348
2,314,853,0.114849
2,314,853,0.112308
2,314,853,0.113163
2,314,853,0.119975
2,315,854,0.114693
2,315,854,0.116535
2,315,854,0.113163
2,315,854,0.120990
2,315,854,0.114703
2,315,854,0.113448
2,315,854,0.116050
2,315,854,0.115143
2,316,855,0.120489
2,316,855,0.112622
2,316,855,0.117599
2,316,855,0.115601
2,316,855,0.114074
2,316,855,0.116937
2,316,855,0.116119
2,316,855,0.112866
2,317,856,0.108057
2,317,856,0.114924
2,317,856,0.118310
2,317,856,0.119244
2,317,856,0.120317
2,317,856,0.113538
2,317,856,0.118356
2,317,856,0.114168
2,318,857,0.112137
2,318,857,0.113460
2,318,857,0.113283
2,318,857,0.113888
2,318,857,0.118532
2,318,857,0.116611
2,318,857,0.118502
2,318,857,0.117313
2,319,858,0.115356
2,319,858,0.117641
2,319,858,0.114084
2,319,858,0.114064
2,319,858,0.113726
2,319,858,0.114135
2,319,858,0.114851
2,319,858,0.114266
2,320,859,0.116825
2,320,859,0.113418
2,320,859,0.113377
2,320,859,0.114670
2,320,859,0.112477
2,320,859,0.114575
2,320,859,0.113472
2,320,859,0.114658
2,321,860,0.116753
2,321,860,0.114964
2,321,860,0.128876
2,321,860,0.112318
2,321,860,0.114788
2,321,860,0.113243
2,321,860,0.116129
2,321,860,0.118104
2,322,861,0.114538
2,322,861,0.115467
2,322,861,0.118537
2,322,861,0.117873
2,322,861,0.112911
2,322,861,0.114709
2,322,861,0.115388
2,322,861,0.113288
2,323,862,0.115330
2,323,862,0.115293
2,323,862,0.114304
2,323,862,0.117165
2,323,862,0.111942
2,323,862,0.119102
2,323,862,0.115432
2,323,862,0.111780
2,324,863,0.115399
2,324,863,0.109522
2,324,863,0.113069
2,324,863,0.115145
2,324,863,0.115564
2,324,863,0.116221
2,324,863,0.117867
2,324,863,0.117094
2,325,864,0.116410
2,325,864,0.117465
2,325,864,0.112307
2,325,864,0.114008
2,325,864,0.112919
2,325,864,0.114238
2,325,864,0.114005
2,325,864,0.113075
2,326,865,0.117182
2,326,865,0.118914
2,326,865,0.114749
2,326,865,0.114179
2,326,865,0.120703
2,326,865,0.109719
2,326,865,0.114647
2,326,865,0.115615
2,327,866,0.116830
2,327,866,0.113562
2,327,866,0.118296
2,327,866,0.113134
2,327,866,0.118128
2,327,866,0.118463
2,327,866,0.113739
2,327,866,0.118737
2,328,867,0.112170
2,328,867,0.117439
2,328,867,0.117143
2,328,867,0.118288
2,328,867,0.116774
2,328,867,0.115280
2,328,867,0.118432
2,328,867,0.113213
2,329,868,0.114468
2,329,868,0.113517
2,329,868,0.113626
2,329,868,0.117526
2,329,868,0.119422
2,329,868,0.116101
2,329,868,0.116648
2,329,868,0.117071
2,330,869,0.114483
2,330,869,0.114474
2,330,869,0.114342
2,330,869,0.110751
2,330,869,0.113468
2,330,869,0.124861
2,330,869,0.112583
2,330,869,0.115383
2,331,870,0.113222
2,331,870,0.113152
2,331,870,0.112322
2,331,870,0.111911
2,331,870,0.115785
2,331,870,0.116015
2,331,870,0.114765
2,331,870,0.116471
2,332,871,0.117964
2,332,871,0.111940
2,332,871,0.118351
2,332,871,0.118210
2,332,871,0.116644
2,332,871,0.114005
2,332,871,0.115793
2,332,871,0.114026
2,333,872,0.113487
2,333,872,0.120937
2,333,872,0.118753
2,333,872,0.115776
2,333,872,0.116334
2,333,872,0.117067
2,333,872,0.116858
2,333,872,0.121180
2,334,873,0.115914
2,334,873,0.116632
2,334,873,0.113908
2,334,873,0.112033
2,334,873,0.112236
2,334,873,0.115703
2,334,873,0.113601
2,334,873,0.115761
2,335,874,0.121124
2,335,874,0.120629
2,335,874,0.116373
2,335,874,0.111471
2,335,874,0.118552
2,335,874,0.115773
2,335,874,0.115905
2,335,874,0.118349
2,336,875,0.113337
2,336,875,0.113412
2,336,875,0.122116
2,336,875,0.118271
2,336,875,0.113651
2,336,875,0.115271
2,336,875,0.116317
2,336,875,0.116268
2,337,876,0.112328
2,337,876,0.113945
2,337,876,0.114355
2,337,876,0.115345
2,337,876,0.117203
2,337,876,0.116762
2,337,876,0.115679
2,337,876,0.117815
2,338,877,0.112988
2,338,877,0.114273
2,338,877,0.115971
2,338,877,0.116728
2,338,877,0.119479
2,338,877,0.119348
2,338,877,0.118675
2,338,877,0.120911
2,339,878,0.116959
2,339,878,0.121933
2,339,878,0.115688
2,339,878,0.116872
2,339,878,0.113632
2,339,878,0.117645
2,339,878,0.115772
2,339,878,0.114482
2,340,879,0.121068
2,340,879,0.119867
2,340,879,0.116520
2,340,879,0.110721
2,340,879,0.114520
2,340,879,0.115257
2,340,879,0.117390
2,340,879,0.118036
2,341,880,0.113137
2,341,880,0.113999
2,341,880,0.113486
2,341,880,0.110766
2,341,880,0.117008
2,341,880,0.114426
2,341,880,0.110035
2,341,880,0.114853
2,342,881,0.112158
2,342,881,0.117039
2,342,881,0.117284
2,342,881,0.113258
2,342,881,0.112197
2,342,881,0.114788
2,342,881,0.111622
2,342,881,0.121017
2,343,882,0.112280
2,343,882,0.122161
2,343,882,0.114194
2,343,882,0.113295
2,343,882,0.116846
2,343,882,0.112829
2,343,882,0.112367
2,343,882,0.114543
2,344,883,0.117609
2,344,883,0.123695
2,344,883,0.124298
2,344,883,0.119093
2,344,883,0.117475
2,344,883,0.119405
2,344,883,0.114308
2,344,883,0.115114
2,345,884,0.116039
2,345,884,0.114099
2,345,884,0.119721
2,345,884,0.115364
2,345,884,0.123581
2,345,884,0.116935
2,345,884,0.113681
2,345,884,0.117972
2,346,885,0.118948
2,346,885,0.114506
2,346,885,0.113975
2,346,885,0.115581
2,346,885,0.116489
2,346,885,0.115868
2,346,885,0.122010
2,346,885,0.117637
2,347,886,0.117953
2,347,886,0.115471
2,347,886,0.115817
2,347,886,0.114708
2,347,886,0.117273
2,347,886,0.123252
2,347,886,0.116338
2,347,886,0.117086
2,348,887,0.113869
2,348,887,0.111939
2,348,887,0.117769
2,348,887,0.116953
2,348,887,0.113544
2,348,887,0.115772
2,348,887,0.115642
2,348,887,0.115676
2,349,888,0.115447
2,349,888,0.116579
2,349,888,0.115012
2,349,888,0.120054
2,349,888,0.117808
2,349,888,0.115688
2,349,888,0.116909
2,349,888,0.112726
2,350,889,0.112863
2,350,889,0.116571
2,350,889,0.118989
2,350,889,0.116659
2,350,889,0.115579
2,350,889,0.120517
2,350,889,0.119169
2,350,889,0.122011
2,351,890,0.115374
2,351,890,0.118216
2,351,890,0.119732
2,351,890,0.119290
2,351,890,0.114256
2,351,890,0.118491
2,351,890,0.117839
2,351,890,0.120089
2,352,891,0.115491
2,352,891,0.112581
2,352,891,0.118404
2,352,891,0.113763
2,352,891,0.113567
2,352,891,0.114579
2,352,891,0.113484
2,352,891,0.114634
2,353,892,0.119327
2,353,892,0.116102
2,353,892,0.112988
2,353,892,0.111999
2,353,892,0.115658
2,353,892,0.110139
2,353,892,0.111482
2,353,892,0.118549
2,354,893,0.118915
2,354,893,0.115806
2,354,893,0.116162
2,354,893,0.120034
2,354,893,0.114326
2,354,893,0.116964
2,354,893,0.116291
2,354,893,0.112990
2,355,894,0.119504
2,355,894,0.113924
2,355,894,0.117287
2,355,894,0.117642
2,355,894,0.115977
2,355,894,0.117209
2,355,894,0.119278
2,355,894,0.118231
2,356,895,0.111737
2,356,895,0.118872
2,356,895,0.118957
2,356,895,0.115153
2,356,895,0.113890
2,356,895,0.114596
2,356,895,0.115631
2,356,895,0.115035
2,357,896,0.117673
2,357,896,0.115463
2,357,896,0.116864
2,357,896,0.114749
2,357,896,0.118706
2,357,896,0.124298
2,357,896,0.113181
2,357,896,0.115956
2,358,897,0.113018
2,358,897,0.113464
2,358,897,0.117802
2,358,897,0.118545
2,358,897,0.114339
2,358,897,0.118365
2,358,897,0.116207
2,358,897,0.122039
2,359,898,0.120253
2,359,898,0.118811
2,359,898,0.111459
2,359,898,0.115805
2,359,898,0.115314
2,359,898,0.114932
2,359,898,0.116802
2,359,898,0.114924
2,360,899,0.112333
2,360,899,0.112646
2,360,899,0.113041
2,360,899,0.120354
2,360,899,0.114744
2,360,899,0.113756
2,360,899,0.118601
2,360,899,0.121484
2,361,900,0.113775
2,361,900,0.111336
2,361,900,0.116193
2,361,900,0.117831
2,361,900,0.119244
2,361,900,0.116383
2,361,900,0.113099
2,361,900,0.110768
2,362,901,0.111698
2,362,901,0.117127
2,362,901,0.115178
2,362,901,0.119985
2,362,901,0.108122
2,362,901,0.119629
2,362,901,0.114793
2,362,901,0.113041
2,363,902,0.114677
2,363,902,0.116683
2,363,902,0.112956
2,363,902,0.113221
2,363,902,0.112538
2,363,902,0.112524
2,363,902,0.114085
2,363,902,0.112164
2,364,903,0.118840
2,364,903,0.112482
2,364,903,0.120067
2,364,903,0.118568
2,364,903,0.114280
2,364,903,0.113484
2,364,903,0.115597
2,364,903,0.115081
2,365,904,0.113730
2,365,904,0.115123
2,365,904,0.117847
2,365,904,0.113735
2,365,904,0.115947
2,365,904,0.121938
2,365,904,0.113751
2,365,904,0.115750
2,366,905,0.113738
2,366,905,0.123458
2,366,905,0.113711
2,366,905,0.117696
2,366,905,0.113912
2,366,905,0.111687
2,366,905,0.112017
2,366,905,0.113274
2,367,906,0.116182
2,367,906,0.116552
2,367,906,0.115033
2,367,906,0.116446
2,367,906,0.117803
2,367,906,0.114813
2,367,906,0.112885
2,367,906,0.115731
2,368,907,0.115376
2,368,907,0.115442
2,368,907,0.117411
2,368,907,0.117075
2,368,907,0.114374
2,368,907,0.113810
2,368,907,0.121587
2,368,907,0.112918
2,369,908,0.114123
2,369,908,0.120896
2,369,908,0.116172
2,369,908,0.115001
2,369,908,0.114946
2,369,908,0.120634
2,369,908,0.112670
2,369,908,0.113975
2,370,909,0.115632
2,370,909,0.111779
2,370,909,0.119398
2,370,909,0.113056
2,370,909,0.116466
2,370,909,0.121896
2,370,909,0.122280
2,370,909,0.117896
2,371,910,0.115452
2,371,910,0.113210
2,371,910,0.113206
2,371,910,0.119753
2,371,910,0.113348
2,371,910,0.116746
2,371,910,0.113844
2,371,910,0.118603
2,372,911,0.116245
2,372,911,0.111403
2,372,911,0.113590
2,372,911,0.114412
2,372,911,0.110642
2,372,911,0.115674
2,372,911,0.113840
2,372,911,0.115285
2,373,912,0.119323
2,373,912,0.111947
2,373,912,0.119496
2,373,912,0.115786
2,373,912,0.118199
2,373,912,0.113028
2,373,912,0.113640
2,373,912,0.112820
2,374,913,0.114858
2,374,913,0.115511
2,374,913,0.116954
2,374,913,0.117943
2,374,913,0.114484
2,374,913,0.114884
2,374,913,0.118556
2,374,913,0.115160
2,375,914,0.119193
2,375,914,0.117087
2,375,914,0.116736
2,375,914,0.114118
2,375,914,0.115794
2,375,914,0.115365
2,375,914,0.117290
2,375,914,0.117418
2,376,915,0.116270
2,376,915,0.114033
2,376,915,0.117455
2,376,915,0.114570
2,376,915,0.114267
2,376,915,0.124363
2,376,915,0.116162
2,376,915,0.120579
2,377,916,0.114596
2,377,916,0.112861
2,377,916,0.121944
2,377,916,0.116982
2,377,916,0.112979
2,377,916,0.113288
2,377,916,0.120033
2,377,916,0.120512
2,378,917,0.117535
2,378,917,0.115128
2,378,917,0.115670
2,378,917,0.114619
2,378,917,0.114084
2,378,917,0.113931
2,378,917,0.116158
2,378,917,0.114356
2,379,918,0.113890
2,379,918,0.119575
2,379,918,0.115589
2,379,918,0.114427
2,379,918,0.119328
2,379,918,0.115986
2,379,918,0.113772
2,379,918,0.115287
2,380,919,0.118524
2,380,919,0.116983
2,380,919,0.115985
2,380,919,0.119062
2,380,919,0.119661
2,380,919,0.111245
2,380,919,0.116012
2,380,919,0.119608
2,381,920,0.113777
2,381,920,0.114602
2,381,920,0.115292
2,381,920,0.114971
2,381,920,0.117855
2,381,920,0.117112
2,381,920,0.118609
2,381,920,0.111765
2,382,921,0.118568
2,382,921,0.112850
2,382,921,0.117179
2,382,921,0.113340
2,382,921,0.117160
2,382,921,0.116080
2,382,921,0.113135
2,382,921,0.114242
2,383,922,0.112589
2,383,922,0.117712
2,383,922,0.112553
2,383,922,0.120168
2,383,922,0.117960
2,383,922,0.116305
2,383,922,0.122286
2,383,922,0.117878
2,384,923,0.110328
2,384,923,0.116528
2,384,923,0.117609
2,384,923,0.111220
2,384,923,0.115043
2,384,923,0.120909
2,384,923,0.113515
2,384,923,0.119625
2,385,924,0.117182
2,385,924,0.112881
2,385,924,0.118436
2,385,924,0.115820
2,385,924,0.116618
2,385,924,0.113920
2,385,924,0.113544
2,385,924,0.114975
2,386,925,0.117819
2,386,925,0.121428
2,386,925,0.115878
2,386,925,0.116988
2,386,925,0.116495
2,386,925,0.115190
2,386,925,0.111674
2,386,925,0.120071
2,387,926,0.115973
2,387,926,0.119938
2,387,926,0.112425
2,387,926,0.117287
2,387,926,0.116833
2,387,926,0.116489
2,387,926,0.114368
2,387,926,0.112750
2,388,927,0.118460
2,388,927,0.117399
2,388,927,0.118092
2,388,927,0.115156
2,388,927,0.112143
2,388,927,0.120402
2,388,927,0.111043
2,388,927,0.117585
2,389,928,0.117123
2,389,928,0.113727
2,389,928,0.115119
2,389,928,0.116203
2,389,928,0.120486
2,389,928,0.119189
2,389,928,0.113272
2,389,928,0.116963
2,390,929,0.114623
2,390,929,0.121504
2,390,929,0.116477
2,390,929,0.117659
2,390,929,0.112454
2,390,929,0.115299
2,390,929,0.115061
2,390,929,0.111767
2,391,930,0.114943
2,391,930,0.114976
2,391,930,0.113849
2,391,930,0.115862
2,391,930,0.114918
2,391,930,0.115274
2,391,930,0.116730
2,391,930,0.113783
2,392,931,0.113348
2,392,931,0.116828
2,392,931,0.119484
2,392,931,0.115299
2,392,931,0.114836
2,392,931,0.116619
2,392,931,0.112897
2,392,931,0.116658
2,393,932,0.123844
2,393,932,0.118953
2,393,932,0.114363
2,393,932,0.113512
2,393,932,0.111614
2,393,932,0.111911
2,393,932,0.119312
2,393,932,0.117293
2,394,933,0.121471
2,394,933,0.119247
2,394,933,0.116508
2,394,933,0.121106
2,394,933,0.112337
2,394,933,0.116240
2,394,933,0.111357
2,394,933,0.117253
2,395,934,0.123912
2,395,934,0.116156
2,395,934,0.113445
2,395,934,0.115745
2,395,934,0.112523
2,395,934,0.113941
2,395,934,0.112925
2,395,934,0.115551
2,396,935,0.113500
2,396,935,0.113340
2,396,935,0.114318
2,396,935,0.116177
2,396,935,0.112705
2,396,935,0.112753
2,396,935,0.114596
2,396,935,0.115708
2,397,936,0.115502
2,397,936,0.114236
2,397,936,0.112262
2,397,936,0.114814
2,397,936,0.113480
2,397,936,0.114651
2,397,936,0.116816
2,397,936,0.119300
2,398,937,0.114777
2,398,937,0.115891
2,398,937,0.115083
2,398,937,0.114512
2,398,937,0.118470
2,398,937,0.113211
2,398,937,0.111652
2,398,937,0.119860
2,399,938,0.115850
2,399,938,0.118891
2,399,938,0.115761
2,399,938,0.115484
2,399,938,0.114645
2,399,938,0.111178
2,399,938,0.113548
2,399,938,0.116953
2,400,939,0.118172
2,400,939,0.120256
2,400,939,0.119708
2,400,939,0.115452
2,400,939,0.114970
2,400,939,0.117395
2,400,939,0.115014
2,400,939,0.124313
2,401,940,0.121608
2,401,940,0.114904
2,401,940,0.115229
2,401,940,0.119019
2,401,940,0.116576
2,401,940,0.119458
2,401,940,0.116723
2,401,940,0.120081
2,402,941,0.114534
2,402,941,0.111631
2,402,941,0.113734
2,402,941,0.111050
2,402,941,0.114001
2,402,941,0.117688
2,402,941,0.111800
2,402,941,0.113616
2,403,942,0.120112
2,403,942,0.114810
2,403,942,0.110718
2,403,942,0.115920
2,403,942,0.114024
2,403,942,0.115094
2,403,942,0.116003
2,403,942,0.114434
2,404,943,0.115449
2,404,943,0.122699
2,404,943,0.115299
2,404,943,0.117369
2,404,943,0.115624
2,404,943,0.115042
2,404,943,0.120219
2,404,943,0.117062
2,405,944,0.117926
2,405,944,0.111511
2,405,944,0.113614
2,405,944,0.116411
2,405,944,0.119622
2,405,944,0.116681
2,405,944,0.123212
2,405,944,0.114831
2,406,945,0.112563
2,406,945,0.113486
2,406,945,0.114929
2,406,945,0.114024
2,406,945,0.118349
2,406,945,0.113710
2,406,945,0.116597
2,406,945,0.113927
2,407,946,0.114165
2,407,946,0.118011
2,407,946,0.113968
2,407,946,0.115755
2,407,946,0.115593
2,407,946,0.118885
2,407,946,0.120173
2,407,946,0.111971
2,408,947,0.115509
2,408,947,0.118737
2,408,947,0.115201
2,408,947,0.114652
2,408,947,0.111526
2,408,947,0.113195
2,408,947,0.115199
2,408,947,0.115007
2,409,948,0.114346
2,409,948,0.119412
2,409,948,0.118007
2,409,948,0.115312
2,409,948,0.114552
2,409,948,0.112679
2,409,948,0.116297
2,409,948,0.117048
2,410,949,0.116046
2,410,949,0.115207
2,410,949,0.116768
2,410,949,0.115562
2,410,949,0.114561
2,410,949,0.118252
2,410,949,0.116757
2,410,949,0.116045
2,411,950,0.118386
2,411,950,0.119250
2,411,950,0.117344
2,411,950,0.121917
2,411,950,0.111721
2,411,950,0.111987
2,411,950,0.115310
2,411,950,0.112171
2,412,951,0.117678
2,412,951,0.115706
2,412,951,0.122836
2,412,951,0.113387
2,412,951,0.122629
2,412,951,0.117537
2,412,951,0.114522
2,412,951,0.115400
2,413,952,0.113957
2,413,952,0.114189
2,413,952,0.119376
2,413,952,0.115823
2,413,952,0.115696
2,413,952,0.116066
2,413,952,0.118073
2,413,952,0.114493
2,414,953,0.116814
2,414,953,0.116719
2,414,953,0.118501
2,414,953,0.116496
2,414,953,0.115874
2,414,953,0.115359
2,414,953,0.111896
2,414,953,0.118697
2,415,954,0.114860
2,415,954,0.114528
2,415,954,0.118636
2,415,954,0.121493
2,415,954,0.116024
2,415,954,0.114746
2,415,954,0.115704
2,415,954,0.113674
2,416,955,0.116419
2,416,955,0.115642
2,416,955,0.117303
2,416,955,0.118064
2,416,955,0.118571
2,416,955,0.119810
2,416,955,0.113112
2,416,955,0.116486
2,417,956,0.122704
2,417,956,0.116140
2,417,956,0.116517
2,417,956,0.121203
2,417,956,0.113826
2,417,956,0.124885
2,417,956,0.119400
2,417,956,0.120194
2,418,957,0.116561
2,418,957,0.113921
2,418,957,0.115973
2,418,957,0.115141
2,418,957,0.114878
2,418,957,0.116359
2,418,957,0.112914
2,418,957,0.119985
2,419,958,0.117837
2,419,958,0.114265
2,419,958,0.115228
2,419,958,0.118520
2,419,958,0.114761
2,419,958,0.114266
2,419,958,0.114559
2,419,958,0.115490
2,420,959,0.119679
2,420,959,0.115883
2,420,959,0.121607
2,420,959,0.115741
2,420,959,0.115143
2,420,959,0.116559
2,420,959,0.118144
2,420,959,0.116309
2,421,960,0.119138
2,421,960,0.115395
2,421,960,0.115182
2,421,960,0.116709
2,421,960,0.113968
2,421,960,0.113116
2,421,960,0.113485
2,421,960,0.112897
2,422,961,0.113603
2,422,961,0.111836
2,422,961,0.113294
2,422,961,0.114942
2,422,961,0.118130
2,422,961,0.115682
2,422,961,0.117176
2,422,961,0.114327
2,423,962,0.118094
2,423,962,0.116943
2,423,962,0.115390
2,423,962,0.122541
2,423,962,0.115443
2,423,962,0.120645
2,423,962,0.114652
2,423,962,0.119128
2,424,963,0.114632
2,424,963,0.122346
2,424,963,0.115255
2,424,963,0.122369
2,424,963,0.113810
2,424,963,0.114768
2,424,963,0.114063
2,424,963,0.115496
2,425,964,0.114151
2,425,964,0.117368
2,425,964,0.113985
2,425,964,0.115679
2,425,964,0.116433
2,425,964,0.116458
2,425,964,0.112078
2,425,964,0.114726
2,426,965,0.113389
2,426,965,0.113986
2,426,965,0.115057
2,426,965,0.115154
2,426,965,0.114481
2,426,965,0.115498
2,426,965,0.115195
2,426,965,0.115529
2,427,966,0.114264
2,427,966,0.110319
2,427,966,0.118639
2,427,966,0.117500
2,427,966,0.115707
2,427,966,0.113416
2,427,966,0.117812
2,427,966,0.116693
2,428,967,0.114803
2,428,967,0.113425
2,428,967,0.119281
2,428,967,0.115797
2,428,967,0.116191
2,428,967,0.116184
2,428,967,0.120569
2,428,967,0.116895
2,429,968,0.114987
2,429,968,0.115917
2,429,968,0.112524
2,429,968,0.115294
2,429,968,0.117607
2,429,968,0.113715
2,429,968,0.113051
2,429,968,0.116748
2,430,969,0.115500
2,430,969,0.115782
2,430,969,0.121485
2,430,969,0.114417
2,430,969,0.117892
2,430,969,0.117711
2,430,969,0.116374
2,430,969,0.115251
2,431,970,0.115547
2,431,970,0.111853
2,431,970,0.112003
2,431,970,0.116647
2,431,970,0.112391
2,431,970,0.114242
2,431,970,0.114211
2,431,970,0.117122
2,432,971,0.116914
2,432,971,0.114577
2,432,971,0.117948
2,432,971,0.117072
2,432,971,0.115995
2,432,971,0.114775
2,432,971,0.117190
2,432,971,0.115083
2,433,972,0.111624
2,433,972,0.119693
2,433,972,0.115605
2,433,972,0.119951
2,433,972,0.126654
2,433,972,0.115483
2,433,972,0.113903
2,433,972,0.118297
2,434,973,0.115875
2,434,973,0.118174
2,434,973,0.112490
2,434,973,0.116246
2,434,973,0.111524
2,434,973,0.115666
2,434,973,0.118107
2,434,973,0.116373
2,435,974,0.117234
2,435,974,0.115860
2,435,974,0.116255
2,435,974,0.115254
2,435,974,0.117308
2,435,974,0.111223
2,435,974,0.113968
2,435,974,0.123936
2,436,975,0.114293
2,436,975,0.112041
2,436,975,0.117944
2,436,975,0.122768
2,436,975,0.120876
2,436,975,0.118063
2,436,975,0.114398
2,436,975,0.117026
2,437,976,0.114065
2,437,976,0.116873
2,437,976,0.115540
2,437,976,0.115952
2,437,976,0.112875
2,437,976,0.115653
2,437,976,0.117909
2,437,976,0.120586
2,438,977,0.116868
2,438,977,0.114295
2,438,977,0.113067
2,438,977,0.114678
2,438,977,0.119342
2,438,977,0.113231
2,438,977,0.115042
2,438,977,0.115804
2,439,978,0.116860
2,439,978,0.113117
2,439,978,0.117886
2,439,978,0.114061
2,439,978,0.114398
2,439,978,0.115679
2,439,978,0.113135
2,439,978,0.122783
2,440,979,0.114316
2,440,979,0.118800
2,440,979,0.119090
2,440,979,0.115561
2,440,979,0.115154
2,440,979,0.114530
2,440,979,0.115821
2,440,979,0.117188
2,441,980,0.116038
2,441,980,0.117484
2,441,980,0.113811
2,441,980,0.114685
2,441,980,0.112138
2,441,980,0.117622
2,441,980,0.114754
2,441,980,0.114440
2,442,981,0.120816
2,442,981,0.114738
2,442,981,0.111780
2,442,981,0.115752
2,442,981,0.121046
2,442,981,0.114377
2,442,981,0.114596
2,442,981,0.112163
2,443,982,0.114985
2,443,982,0.113510
2,443,982,0.119564
2,443,982,0.115409
2,443,982,0.119166
2,443,982,0.115618
2,443,982,0.114558
2,443,982,0.116904
2,444,983,0.111368
2,444,983,0.115095
2,444,983,0.113142
2,444,983,0.111524
2,444,983,0.113169
2,444,983,0.119221
2,444,983,0.116207
2,444,983,0.121630
2,445,984,0.111622
2,445,984,0.115960
2,445,984,0.111847
2,445,984,0.119149
2,445,984,0.115473
2,445,984,0.119244
2,445,984,0.114713
2,445,984,0.113982
2,446,985,0.115409
2,446,985,0.120382
2,446,985,0.123908
2,446,985,0.116484
2,446,985,0.114543
2,446,985,0.115961
2,446,985,0.122871
2,446,985,0.121778
2,447,986,0.115293
2,447,986,0.117873
2,447,986,0.117948
2,447,986,0.116984
2,447,986,0.116916
2,447,986,0.115474
2,447,986,0.114637
2,447,986,0.113638
2,448,987,0.115729
2,448,987,0.117851
2,448,987,0.117050
2,448,987,0.114123
2,448,987,0.113918
2,448,987,0.114406
2,448,987,0.112934
2,448,987,0.116519
2,449,988,0.118195
2,449,988,0.114134
2,449,988,0.111612
2,449,988,0.116923
2,449,988,0.113920
2,449,988,0.116733
2,449,988,0.118080
2,449,988,0.114975
2,450,989,0.120858
2,450,989,0.113258
2,450,989,0.120333
2,450,989,0.119355
2,450,989,0.113375
2,450,989,0.116231
2,450,989,0.118086
2,450,989,0.114868
2,451,990,0.117227
2,451,990,0.117589
2,451,990,0.116461
2,451,990,0.117376
2,451,990,0.115968
2,451,990,0.114114
2,451,990,0.121879
2,451,990,0.115293
2,452,991,0.117163
2,452,991,0.113993
2,452,991,0.116868
2,452,991,0.119151
2,452,991,0.122559
2,452,991,0.112600
2,452,991,0.116591
2,452,991,0.113781
2,453,992,0.116744
2,453,992,0.119331
2,453,992,0.116805
2,453,992,0.115070
2,453,992,0.116250
2,453,992,0.111303
2,453,992,0.117953
2,453,992,0.114915
2,454,993,0.115072
2,454,993,0.118666
2,454,993,0.109341
2,454,993,0.118522
2,454,993,0.114006
2,454,993,0.114492
2,454,993,0.114032
2,454,993,0.116560
2,455,994,0.115752
2,455,994,0.113953
2,455,994,0.112672
2,455,994,0.115375
2,455,994,0.113059
2,455,994,0.113876
2,455,994,0.123030
2,455,994,0.120164
2,456,995,0.116794
2,456,995,0.114887
2,456,995,0.112929
2,456,995,0.113589
2,456,995,0.114450
2,456,995,0.117285
2,456,995,0.117703
2,456,995,0.121109
2,457,996,0.116117
2,457,996,0.119262
2,457,996,0.113125
2,457,996,0.112039
2,457,996,0.114679
2,457,996,0.113581
2,457,996,0.115772
2,457,996,0.114563
2,458,997,0.120505
2,458,997,0.110894
2,458,997,0.117243
2,458,997,0.115845
2,458,997,0.116737
2,458,997,0.112765
2,458,997,0.120189
2,458,997,0.115169
2,459,998,0.117013
2,459,998,0.114791
2,459,998,0.115734
2,459,998,0.117944
2,459,998,0.112279
2,459,998,0.125158
2,459,998,0.119734
2,459,998,0.120636
2,460,999,0.113449
2,460,999,0.115585
2,460,999,0.113586
2,460,999,0.115627
2,460,999,0.114828
2,460,999,0.113429
2,460,999,0.113504
2,460,999,0.122187
2,461,1000,0.114542
2,461,1000,0.114153
2,461,1000,0.114815
2,461,1000,0.114458
2,461,1000,0.115903
2,461,1000,0.117421
2,461,1000,0.112489
2,461,1000,0.115495
2,462,1001,0.115940
2,462,1001,0.115539
2,462,1001,0.112104
2,462,1001,0.115075
2,462,1001,0.113014
2,462,1001,0.110957
2,462,1001,0.112518
2,462,1001,0.118577
2,463,1002,0.114533
2,463,1002,0.116369
2,463,1002,0.113140
2,463,1002,0.111928
2,463,1002,0.117504
2,463,1002,0.118959
2,463,1002,0.113274
2,463,1002,0.113519
2,464,1003,0.117574
2,464,1003,0.122426
2,464,1003,0.116471
2,464,1003,0.120934
2,464,1003,0.112995
2,464,1003,0.111958
2,464,1003,0.116689
2,464,1003,0.114933
2,465,1004,0.117192
2,465,1004,0.116301
2,465,1004,0.112858
2,465,1004,0.119711
2,465,1004,0.113129
2,465,1004,0.116644
2,465,1004,0.116125
2,465,1004,0.115867
2,466,1005,0.121951
2,466,1005,0.113878
2,466,1005,0.114589
2,466,1005,0.120343
2,466,1005,0.110963
2,466,1005,0.116702
2,466,1005,0.115813
2,466,1005,0.116098
2,467,1006,0.114470
2,467,1006,0.116000
2,467,1006,0.119904
2,467,1006,0.114585
2,467,1006,0.114205
2,467,1006,0.120158
2,467,1006,0.115241
2,467,1006,0.113641
2,468,1007,0.115987
2,468,1007,0.116885
2,468,1007,0.117889
2,468,1007,0.115160
2,468,1007,0.114940
2,468,1007,0.116471
2,468,1007,0.115531
2,468,1007,0.115218
2,469,1008,0.115241
2,469,1008,0.116110
2,469,1008,0.116285
2,469,1008,0.112241
2,469,1008,0.118931
2,469,1008,0.114404
2,469,1008,0.113658
2,469,1008,0.114913
2,470,1009,0.111980
2,470,1009,0.114098
2,470,1009,0.112809
2,470,1009,0.113348
2,470,1009,0.114904
2,470,1009,0.113390
2,470,1009,0.116738
2,470,1009,0.117337
2,471,1010,0.114568
2,471,1010,0.116812
2,471,1010,0.113524
2,471,1010,0.119402
2,471,1010,0.115065
2,471,1010,0.113918
2,471,1010,0.115871
2,471,1010,0.112607
2,472,1011,0.120526
2,472,1011,0.117402
2,472,1011,0.112521
2,472,1011,0.116952
2,472,1011,0.116068
2,472,1011,0.116599
2,472,1011,0.111991
2,472,1011,0.115784
2,473,1012,0.114646
2,473,1012,0.114866
2,473,1012,0.116944
2,473,1012,0.115316
2,473,1012,0.115513
2,473,1012,0.115508
2,473,1012,0.116660
2,473,1012,0.115368
2,474,1013,0.113891
2,474,1013,0.114719
2,474,1013,0.114278
2,474,1013,0.111089
2,474,1013,0.113695
2,474,1013,0.114349
2,474,1013,0.118650
2,474,1013,0.112355
2,475,1014,0.112068
2,475,1014,0.118079
2,475,1014,0.118467
2,475,1014,0.118244
2,475,1014,0.113875
2,475,1014,0.121062
2,475,1014,0.113215
2,475,1014,0.115437
2,476,1015,0.114749
2,476,1015,0.114235
2,476,1015,0.115628
2,476,1015,0.112862
2,476,1015,0.112581
2,476,1015,0.114466
2,476,1015,0.113513
2,476,1015,0.113453
2,477,1016,0.118903
2,477,1016,0.120245
2,477,1016,0.117655
2,477,1016,0.114016
2,477,1016,0.117065
2,477,1016,0.113359
2,477,1016,0.112138
2,477,1016,0.118932
2,478,1017,0.114448
2,478,1017,0.114485
2,478,1017,0.112915
2,478,1017,0.112252
2,478,1017,0.123993
2,478,1017,0.113946
2,478,1017,0.114717
2,478,1017,0.113439
2,479,1018,0.111793
2,479,1018,0.111748
2,479,1018,0.114085
2,479,1018,0.113518
2,479,1018,0.116412
2,479,1018,0.113152
2,479,1018,0.115639
2,479,1018,0.118180
2,480,1019,0.116032
2,480,1019,0.117129
2,480,1019,0.111137
2,480,1019,0.112278
2,480,1019,0.117652
2,480,1019,0.112213
2,480,1019,0.115603
2,480,1019,0.117133
2,481,1020,0.116129
2,481,1020,0.114883
2,481,1020,0.116781
2,481,1020,0.112879
2,481,1020,0.117728
2,481,1020,0.116849
2,481,1020,0.115424
2,481,1020,0.114175
2,482,1021,0.115391
2,482,1021,0.121606
2,482,1021,0.114704
2,482,1021,0.113833
2,482,1021,0.115941
2,482,1021,0.114088
2,482,1021,0.116703
2,482,1021,0.113307
2,483,1022,0.113873
2,483,1022,0.119450
2,483,1022,0.114165
2,483,1022,0.112953
2,483,1022,0.115006
2,483,1022,0.114277
2,483,1022,0.115311
2,483,1022,0.116714
2,484,1023,0.117059
2,484,1023,0.114602
2,484,1023,0.114731
2,484,1023,0.115167
2,484,1023,0.112503
2,484,1023,0.118664
2,484,1023,0.110643
2,484,1023,0.116462
2,485,1024,0.115543
2,485,1024,0.116626
2,485,1024,0.114444
2,485,1024,0.120225
2,485,1024,0.117481
2,485,1024,0.113625
2,485,1024,0.117931
2,485,1024,0.119931
2,486,1025,0.114929
2,486,1025,0.114906
2,486,1025,0.114924
2,486,1025,0.117269
2,486,1025,0.111760
2,486,1025,0.116877
2,486,1025,0.117535
2,486,1025,0.114674
2,487,1026,0.119883
2,487,1026,0.113315
2,487,1026,0.116644
2,487,1026,0.112006
2,487,1026,0.114889
2,487,1026,0.114888
2,487,1026,0.120553
2,487,1026,0.113684
2,488,1027,0.119880
2,488,1027,0.114286
2,488,1027,0.117687
2,488,1027,0.113828
2,488,1027,0.119537
2,488,1027,0.114032
2,488,1027,0.116627
2,488,1027,0.118485
2,489,1028,0.117857
2,489,1028,0.120033
2,489,1028,0.113999
2,489,1028,0.113319
2,489,1028,0.115670
2,489,1028,0.116747
2,489,1028,0.116523
2,489,1028,0.120539
2,490,1029,0.113393
2,490,1029,0.118910
2,490,1029,0.114878
2,490,1029,0.111963
2,490,1029,0.119415
2,490,1029,0.117064
2,490,1029,0.113116
2,490,1029,0.120306
2,491,1030,0.120598
2,491,1030,0.111213
2,491,1030,0.119913
2,491,1030,0.115222
2,491,1030,0.111258
2,491,1030,0.116867
2,491,1030,0.119426
2,491,1030,0.114722
2,492,1031,0.119024
2,492,1031,0.116294
2,492,1031,0.115102
2,492,1031,0.115561
2,492,1031,0.117943
2,492,1031,0.119641
2,492,1031,0.115314
2,492,1031,0.114827
2,493,1032,0.118337
2,493,1032,0.116079
2,493,1032,0.113090
2,493,1032,0.116183
2,493,1032,0.115909
2,493,1032,0.115350
2,493,1032,0.116864
2,493,1032,0.119334
2,494,1033,0.112427
2,494,1033,0.122441
2,494,1033,0.115989
2,494,1033,0.114255
2,494,1033,0.117900
2,494,1033,0.121575
2,494,1033,0.114527
2,494,1033,0.117904
2,495,1034,0.112715
2,495,1034,0.119239
2,495,1034,0.118675
2,495,1034,0.118266
2,495,1034,0.111629
2,495,1034,0.117245
2,495,1034,0.116528
2,495,1034,0.120756
2,496,1035,0.119142
2,496,1035,0.112450
2,496,1035,0.117681
2,496,1035,0.120714
2,496,1035,0.114209
2,496,1035,0.113434
2,496,1035,0.114236
2,496,1035,0.115164
2,497,1036,0.119117
2,497,1036,0.120406
2,497,1036,0.120367
2,497,1036,0.117628
2,497,1036,0.116492
2,497,1036,0.116371
2,497,1036,0.114366
2,497,1036,0.116469
2,498,1037,0.114385
2,498,1037,0.114482
2,498,1037,0.116572
2,498,1037,0.113425
2,498,1037,0.121250
2,498,1037,0.112963
2,498,1037,0.118134
2,498,1037,0.112441
2,499,1038,0.112173
2,499,1038,0.117949
2,499,1038,0.112883
2,499,1038,0.114747
2,499,1038,0.116081
2,499,1038,0.120375
2,499,1038,0.120145
2,499,1038,0.116753
2,500,1039,0.120292
2,500,1039,0.116347
2,500,1039,0.113709
2,500,1039,0.117822
2,500,1039,0.115200
2,500,1039,0.114618
2,500,1039,0.117673
2,500,1039,0.116726
2,501,1040,0.113843
2,501,1040,0.116016
2,501,1040,0.113690
2,501,1040,0.115382
2,501,1040,0.113508
2,501,1040,0.114275
2,501,1040,0.117977
2,501,1040,0.113296
2,502,1041,0.114105
2,502,1041,0.118329
2,502,1041,0.112758
2,502,1041,0.135696
2,502,1041,0.113168
2,502,1041,0.117149
2,502,1041,0.119509
2,502,1041,0.116251
2,503,1042,0.117634
2,503,1042,0.117186
2,503,1042,0.116159
2,503,1042,0.112317
2,503,1042,0.115344
2,503,1042,0.112950
2,503,1042,0.116707
2,503,1042,0.116828
2,504,1043,0.113740
2,504,1043,0.118400
2,504,1043,0.111771
2,504,1043,0.116238
2,504,1043,0.120516
2,504,1043,0.115717
2,504,1043,0.112024
2,504,1043,0.116628
2,505,1044,0.113864
2,505,1044,0.117594
2,505,1044,0.112354
2,505,1044,0.114164
2,505,1044,0.113351
2,505,1044,0.118768
2,505,1044,0.114539
2,505,1044,0.115164
2,506,1045,0.113361
2,506,1045,0.123121
2,506,1045,0.118009
2,506,1045,0.111717
2,506,1045,0.117707
2,506,1045,0.114137
2,506,1045,0.117907
2,506,1045,0.116912
2,507,1046,0.114231
2,507,1046,0.114576
2,507,1046,0.117474
2,507,1046,0.116796
2,507,1046,0.118924
2,507,1046,0.116857
2,507,1046,0.116578
2,507,1046,0.114255
2,508,1047,0.115001
2,508,1047,0.110890
2,508,1047,0.117869
2,508,1047,0.114606
2,508,1047,0.113674
2,508,1047,0.113435
2,508,1047,0.115655
2,508,1047,0.116214
2,509,1048,0.113835
2,509,1048,0.113100
2,509,1048,0.116979
2,509,1048,0.117511
2,509,1048,0.115181
2,509,1048,0.111243
2,509,1048,0.117654
2,509,1048,0.117329
2,510,1049,0.113060
2,510,1049,0.114399
2,510,1049,0.116026
2,510,1049,0.116363
2,510,1049,0.116355
2,510,1049,0.111851
2,510,1049,0.116594
2,510,1049,0.114429
2,511,1050,0.115213
2,511,1050,0.116862
2,511,1050,0.113074
2,511,1050,0.113960
2,511,1050,0.120444
2,511,1050,0.113521
2,511,1050,0.112456
2,511,1050,0.115650
2,512,1051,0.115317
2,512,1051,0.116437
2,512,1051,0.115337
2,512,1051,0.113819
2,512,1051,0.114084
2,512,1051,0.116812
2,512,1051,0.120668
2,512,1051,0.116087
2,513,1052,0.118622
2,513,1052,0.122456
2,513,1052,0.122247
2,513,1052,0.117319
2,513,1052,0.114579
2,513,1052,0.114060
2,513,1052,0.112895
2,513,1052,0.114564
2,514,1053,0.116256
2,514,1053,0.115547
2,514,1053,0.117299
2,514,1053,0.115759
2,514,1053,0.111770
2,514,1053,0.114998
2,514,1053,0.115001
2,514,1053,0.117457
2,515,1054,0.110213
2,515,1054,0.113412
2,515,1054,0.113014
2,515,1054,0.111452
2,515,1054,0.113835
2,515,1054,0.113015
2,515,1054,0.114996
2,515,1054,0.114313
2,516,1055,0.117670
2,516,1055,0.115257
2,516,1055,0.113137
2,516,1055,0.121936
2,516,1055,0.117643
2,516,1055,0.114601
2,516,1055,0.116544
2,516,1055,0.117869
2,517,1056,0.114761
2,517,1056,0.114947
2,517,1056,0.114842
2,517,1056,0.117214
2,517,1056,0.114513
2,517,1056,0.115541
2,517,1056,0.115246
2,517,1056,0.116082
2,518,1057,0.114585
2,518,1057,0.115051
2,518,1057,0.116295
2,518,1057,0.112103
2,518,1057,0.117157
2,518,1057,0.113844
2,518,1057,0.114024
2,518,1057,0.119457
2,519,1058,0.116637
2,519,1058,0.119019
2,519,1058,0.115693
2,519,1058,0.113235
2,519,1058,0.113619
2,519,1058,0.115630
2,519,1058,0.111829
2,519,1058,0.116381
2,520,1059,0.115342
2,520,1059,0.111954
2,520,1059,0.116164
2,520,1059,0.116866
2,520,1059,0.110230
2,520,1059,0.116483
2,520,1059,0.114182
2,520,1059,0.115541
2,521,1060,0.119691
2,521,1060,0.113936
2,521,1060,0.116930
2,521,1060,0.113463
2,521,1060,0.115827
2,521,1060,0.115170
2,521,1060,0.116860
2,521,1060,0.114129
2,522,1061,0.115382
2,522,1061,0.117276
2,522,1061,0.112192
2,522,1061,0.113445
2,522,1061,0.113803
2,522,1061,0.113951
2,522,1061,0.114164
2,522,1061,0.116174
2,523,1062,0.114956
2,523,1062,0.115468
2,523,1062,0.114979
2,523,1062,0.115864
2,523,1062,0.115985
2,523,1062,0.115321
2,523,1062,0.115393
2,523,1062,0.113980
2,524,1063,0.113869
2,524,1063,0.116355
2,524,1063,0.113698
2,524,1063,0.117548
2,524,1063,0.111175
2,524,1063,0.112535
2,524,1063,0.114302
2,524,1063,0.113900
2,525,1064,0.115468
2,525,1064,0.115492
2,525,1064,0.113071
2,525,1064,0.116264
2,525,1064,0.122900
2,525,1064,0.116924
2,525,1064,0.116775
2,525,1064,0.117437
2,526,1065,0.114213
2,526,1065,0.115530
2,526,1065,0.115251
2,526,1065,0.111351
2,526,1065,0.116937
2,526,1065,0.114620
2,526,1065,0.116218
2,526,1065,0.117128
2,527,1066,0.115486
2,527,1066,0.118103
2,527,1066,0.116532
2,527,1066,0.116785
2,527,1066,0.112136
2,527,1066,0.118434
2,527,1066,0.114614
2,527,1066,0.119648
2,528,1067,0.119799
2,528,1067,0.116453
2,528,1067,0.115142
2,528,1067,0.115867
2,528,1067,0.116929
2,528,1067,0.113659
2,528,1067,0.119085
2,528,1067,0.115884
2,529,1068,0.116496
2,529,1068,0.115553
2,529,1068,0.114634
2,529,1068,0.113891
2,529,1068,0.115227
2,529,1068,0.112537
2,529,1068,0.120988
2,529,1068,0.119495
2,530,1069,0.115916
2,530,1069,0.115336
2,530,1069,0.113933
2,530,1069,0.118124
2,530,1069,0.121809
2,530,1069,0.116513
2,530,1069,0.113039
2,530,1069,0.114375
2,531,1070,0.114681
2,531,1070,0.110627
2,531,1070,0.113810
2,531,1070,0.114271
2,531,1070,0.117487
2,531,1070,0.115386
2,531,1070,0.119002
2,531,1070,0.118390
2,532,1071,0.113771
2,532,1071,0.116844
2,532,1071,0.111838
2,532,1071,0.114811
2,532,1071,0.118584
2,532,1071,0.112710
2,532,1071,0.121618
2,532,1071,0.116746
2,533,1072,0.113455
2,533,1072,0.115100
2,533,1072,0.112838
2,533,1072,0.115887
2,533,1072,0.111810
2,533,1072,0.115395
2,533,1072,0.118689
2,533,1072,0.113636
2,534,1073,0.117000
2,534,1073,0.112624
2,534,1073,0.114960
2,534,1073,0.113294
2,534,1073,0.115287
2,534,1073,0.119838
2,534,1073,0.112711
2,534,1073,0.113094
2,535,1074,0.114770
2,535,1074,0.113273
2,535,1074,0.115792
2,535,1074,0.113040
2,535,1074,0.115698
2,535,1074,0.114734
2,535,1074,0.119709
2,535,1074,0.114469
2,536,1075,0.110902
2,536,1075,0.112108
2,536,1075,0.114726
2,536,1075,0.113484
2,536,1075,0.115362
2,536,1075,0.114219
2,536,1075,0.113657
2,536,1075,0.113596
2,537,1076,0.114473
2,537,1076,0.112744
2,537,1076,0.113459
2,537,1076,0.114207
2,537,1076,0.115163
2,537,1076,0.115350
2,537,1076,0.119067
2,537,1076,0.114703
2,538,1077,0.113381
2,538,1077,0.113408
2,538,1077,0.113178
2,538,1077,0.120771
2,538,1077,0.114144
2,538,1077,0.112205
2,538,1077,0.115903
2,538,1077,0.117501
2,539,1078,0.118125
2,539,1078,0.114938
2,539,1078,0.116205
2,539,1078,0.112219
2,539,1078,0.114523
2,539,1078,0.113285
2,539,1078,0.116278
2,539,1078,0.113096
3,1,1079,0.116868
3,1,1079,0.115807
3,1,1079,0.117235
3,1,1079,0.114324
3,1,1079,0.114618
3,1,1079,0.118811
3,1,1079,0.115150
3,1,1079,0.111702
3,2,1080,0.116974
3,2,1080,0.116331
3,2,1080,0.117510
3,2,1080,0.119486
3,2,1080,0.111953
3,2,1080,0.113916
3,2,1080,0.113920
3,2,1080,0.115222
3,3,1081,0.118334
3,3,1081,0.117683
3,3,1081,0.116588
3,3,1081,0.115171
3,3,1081,0.118883
3,3,1081,0.114677
3,3,1081,0.116972
3,3,1081,0.119586
3,4,1082,0.118727
3,4,1082,0.117506
3,4,1082,0.111633
3,4,1082,0.113419
3,4,1082,0.112254
3,4,1082,0.117400
3,4,1082,0.113213
3,4,1082,0.113822
3,5,1083,0.117899
3,5,1083,0.112776
3,5,1083,0.114615
3,5,1083,0.118302
3,5,1083,0.114543
3,5,1083,0.113291
3,5,1083,0.115343
3,5,1083,0.116496
3,6,1084,0.114049
3,6,1084,0.117073
3,6,1084,0.116542
3,6,1084,0.114729
3,6,1084,0.116491
3,6,1084,0.112818
3,6,1084,0.117023
3,6,1084,0.116686
3,7,1085,0.113420
3,7,1085,0.121498
3,7,1085,0.115668
3,7,1085,0.116038
3,7,1085,0.118470
3,7,1085,0.114777
3,7,1085,0.114780
3,7,1085,0.112402
3,8,1086,0.116651
3,8,1086,0.122771
3,8,1086,0.114662
3,8,1086,0.113397
3,8,1086,0.119560
3,8,1086,0.117568
3,8,1086,0.115760
3,8,1086,0.116245
3,9,1087,0.113035
3,9,1087,0.116921
3,9,1087,0.120152
3,9,1087,0.111600
3,9,1087,0.113799
3,9,1087,0.119594
3,9,1087,0.118707
3,9,1087,0.118679
3,10,1088,0.118015
3,10,1088,0.117831
3,10,1088,0.114015
3,10,1088,0.114499
3,10,1088,0.113161
3,10,1088,0.123857
3,10,1088,0.114443
3,10,1088,0.116567
3,11,1089,0.114010
3,11,1089,0.115594
3,11,1089,0.114643
3,11,1089,0.120610
3,11,1089,0.113316
3,11,1089,0.115122
3,11,1089,0.118660
3,11,1089,0.112547
3,12,1090,0.112764
3,12,1090,0.111161
3,12,1090,0.117973
3,12,1090,0.113164
3,12,1090,0.113665
3,12,1090,0.115091
3,12,1090,0.110755
3,12,1090,0.117868
3,13,1091,0.111278
3,13,1091,0.114631
3,13,1091,0.116549
3,13,1091,0.116157
3,13,1091,0.113568
3,13,1091,0.113908
3,13,1091,0.110559
3,13,1091,0.118038
3,14,1092,0.116191
3,14,1092,0.112255
3,14,1092,0.113016
3,14,1092,0.115659
3,14,1092,0.118480
3,14,1092,0.118676
3,14,1092,0.118420
3,14,1092,0.116348
3,15,1093,0.115174
3,15,1093,0.121217
3,15,1093,0.117264
3,15,1093,0.116572
3,15,1093,0.115419
3,15,1093,0.120200
3,15,1093,0.113048
3,15,1093,0.115028
3,16,1094,0.111799
3,16,1094,0.114557
3,16,1094,0.114735
3,16,1094,0.111617
3,16,1094,0.112732
3,16,1094,0.116581
3,16,1094,0.118366
3,16,1094,0.114394
3,17,1095,0.115826
3,17,1095,0.115192
3,17,1095,0.118182
3,17,1095,0.116908
3,17,1095,0.112871
3,17,1095,0.115465
3,17,1095,0.111720
3,17,1095,0.117132
3,18,1096,0.113912
3,18,1096,0.113476
3,18,1096,0.112303
3,18,1096,0.116044
3,18,1096,0.117652
3,18,1096,0.115201
3,18,1096,0.115031
3,18,1096,0.114128
3,19,1097,0.118789
3,19,1097,0.112446
3,19,1097,0.116411
3,19,1097,0.115675
3,19,1097,0.112261
3,19,1097,0.117588
3,19,1097,0.115799
3,19,1097,0.117597
3,20,1098,0.114548
3,20,1098,0.113127
3,20,1098,0.115238
3,20,1098,0.117852
3,20,1098,0.115154
3,20,1098,0.115679
3,20,1098,0.114606
3,20,1098,0.118541
3,21,1099,0.112885
3,21,1099,0.115584
3,21,1099,0.116903
3,21,1099,0.116936
3,21,1099,0.113816
3,21,1099,0.115038
3,21,1099,0.115386
3,21,1099,0.114477
3,22,1100,0.114078
3,22,1100,0.111809
3,22,1100,0.114609
3,22,1100,0.114560
3,22,1100,0.117311
3,22,1100,0.113361
3,22,1100,0.113845
3,22,1100,0.115548
3,23,1101,0.117884
3,23,1101,0.120497
3,23,1101,0.114355
3,23,1101,0.111490
3,23,1101,0.114363
3,23,1101,0.116354
3,23,1101,0.115990
3,23,1101,0.114927
3,24,1102,0.113231
3,24,1102,0.114375
3,24,1102,0.112364
3,24,1102,0.113110
3,24,1102,0.116275
3,24,1102,0.112832
3,24,1102,0.115035
3,24,1102,0.118732
3,25,1103,0.120270
3,25,1103,0.110974
3,25,1103,0.114372
3,25,1103,0.118398
3,25,1103,0.120425
3,25,1103,0.115429
3,25,1103,0.115247
3,25,1103,0.115823
3,26,1104,0.113011
3,26,1104,0.118214
3,26,1104,0.115017
3,26,1104,0.111252
3,26,1104,0.114488
3,26,1104,0.112663
3,26,1104,0.113140
3,26,1104,0.116870
3,27,1105,0.115141
3,27,1105,0.111600
3,27,1105,0.112863
3,27,1105,0.120320
3,27,1105,0.113740
3,27,1105,0.112916
3,27,1105,0.117187
3,27,1105,0.114790
3,28,1106,0.116174
3,28,1106,0.113698
3,28,1106,0.116623
3,28,1106,0.111500
3,28,1106,0.114183
3,28,1106,0.116299
3,28,1106,0.116798
3,28,1106,0.111844
3,29,1107,0.112160
3,29,1107,0.124213
3,29,1107,0.119967
3,29,1107,0.113668
3,29,1107,0.113165
3,29,1107,0.114905
3,29,1107,0.116715
3,29,1107,0.114732
3,30,1108,0.114055
3,30,1108,0.110803
3,30,1108,0.119142
3,30,1108,0.112863
3,30,1108,0.116271
3,30,1108,0.115858
3,30,1108,0.112967
3,30,1108,0.116493
3,31,1109,0.113988
3,31,1109,0.116776
3,31,1109,0.114852
3,31,1109,0.108796
3,31,1109,0.114357
3,31,1109,0.115923
3,31,1109,0.113999
3,31,1109,0.120501
3,32,1110,0.113659
3,32,1110,0.116766
3,32,1110,0.113661
3,32,1110,0.116240
3,32,1110,0.119123
3,32,1110,0.123138
3,32,1110,0.113789
3,32,1110,0.114951
3,33,1111,0.111258
3,33,1111,0.119983
3,33,1111,0.115463
3,33,1111,0.119134
3,33,1111,0.117332
3,33,1111,0.112643
3,33,1111,0.113243
3,33,1111,0.115692
3,34,1112,0.114792
3,34,1112,0.112301
3,34,1112,0.114831
3,34,1112,0.119139
3,34,1112,0.118813
3,34,1112,0.120631
3,34,1112,0.114400
3,34,1112,0.115003
3,35,1113,0.115808
3,35,1113,0.114717
3,35,1113,0.112872
3,35,1113,0.114583
3,35,1113,0.115403
3,35,1113,0.114331
3,35,1113,0.117903
3,35,1113,0.114711
3,36,1114,0.118837
3,36,1114,0.113150
3,36,1114,0.111910
3,36,1114,0.113496
3,36,1114,0.113599
3,36,1114,0.112746
3,36,1114,0.115627
3,36,1114,0.117918
3,37,1115,0.116638
3,37,1115,0.114985
3,37,1115,0.117999
3,37,1115,0.116693
3,37,1115,0.122466
3,37,1115,0.112985
3,37,1115,0.117410
3,37,1115,0.115290
3,38,1116,0.115043
3,38,1116,0.112724
3,38,1116,0.112602
3,38,1116,0.114514
3,38,1116,0.120335
3,38,1116,0.115188
3,38,1116,0.121775
3,38,1116,0.116236
3,39,1117,0.117697
3,39,1117,0.114072
3,39,1117,0.115192
3,39,1117,0.110124
3,39,1117,0.114456
3,39,1117,0.113675
3,39,1117,0.113999
3,39,1117,0.113937
3,40,1118,0.116514
3,40,1118,0.118682
3,40,1118,0.114629
3,40,1118,0.115575
3,40,1118,0.118159
3,40,1118,0.113212
3,40,1118,0.117019
3,40,1118,0.112256
3,41,1119,0.114356
3,41,1119,0.115370
3,41,1119,0.113316
3,41,1119,0.116299
3,41,1119,0.113387
3,41,1119,0.116921
3,41,1119,0.114817
3,41,1119,0.114795
3,42,1120,0.116170
3,42,1120,0.117032
3,42,1120,0.113620
3,42,1120,0.114998
3,42,1120,0.119583
3,42,1120,0.113649
3,42,1120,0.118085
3,42,1120,0.114525
3,43,1121,0.113891
3,43,1121,0.115669
3,43,1121,0.115520
3,43,1121,0.119873
3,43,1121,0.113721
3,43,1121,0.112884
3,43,1121,0.116444
3,43,1121,0.117676
3,44,1122,0.115633
3,44,1122,0.113700
3,44,1122,0.113398
3,44,1122,0.115067
3,44,1122,0.112945
3,44,1122,0.116575
3,44,1122,0.112105
3,44,1122,0.111627
3,45,1123,0.112194
3,45,1123,0.113034
3,45,1123,0.115475
3,45,1123,0.116681
3,45,1123,0.120939
3,45,1123,0.115819
3,45,1123,0.115492
3,45,1123,0.121224
3,46,1124,0.116295
3,46,1124,0.112825
3,46,1124,0.119394
3,46,1124,0.114273
3,46,1124,0.115326
3,46,1124,0.114542
3,46,1124,0.113968
3,46,1124,0.110909
3,47,1125,0.111695
3,47,1125,0.116621
3,47,1125,0.115720
3,47,1125,0.118339
3,47,1125,0.117817
3,47,1125,0.111838
3,47,1125,0.112551
3,47,1125,0.116232
3,48,1126,0.108383
3,48,1126,0.114438
3,48,1126,0.115882
3,48,1126,0.113582
3,48,1126,0.115878
3,48,1126,0.113001
3,48,1126,0.114604
3,48,1126,0.115322
3,49,1127,0.111458
3,49,1127,0.112934
3,49,1127,0.114310
3,49,1127,0.112080
3,49,1127,0.121640
3,49,1127,0.114830
3,49,1127,0.114795
3,49,1127,0.117938
3,50,1128,0.113226
3,50,1128,0.120178
3,50,1128,0.113059
3,50,1128,0.111656
3,50,1128,0.111736
3,50,1128,0.109916
3,50,1128,0.116602
3,50,1128,0.112533
3,51,1129,0.116454
3,51,1129,0.116261
3,51,1129,0.111713
3,51,1129,0.114365
3,51,1129,0.115834
3,51,1129,0.116021
3,51,1129,0.113895
3,51,1129,0.117800
3,52,1130,0.117089
3,52,1130,0.114943
3,52,1130,0.113067
3,52,1130,0.115084
3,52,1130,0.116800
3,52,1130,0.116564
3,52,1130,0.114720
3,52,1130,0.115469
3,53,1131,0.116273
3,53,1131,0.115460
3,53,1131,0.118233
3,53,1131,0.116779
3,53,1131,0.111096
3,53,1131,0.118454
3,53,1131,0.114399
3,53,1131,0.112353
3,54,1132,0.114806
3,54,1132,0.114124
3,54,1132,0.115538
3,54,1132,0.115422
3,54,1132,0.116339
3,54,1132,0.119954
3,54,1132,0.114967
3,54,1132,0.113393
3,55,1133,0.114419
3,55,1133,0.115781
3,55,1133,0.116285
3,55,1133,0.115057
3,55,1133,0.113544
3,55,1133,0.112996
3,55,1133,0.116673
3,55,1133,0.114509
3,56,1134,0.119517
3,56,1134,0.115527
3,56,1134,0.115641
3,56,1134,0.113233
3,56,1134,0.114245
3,56,1134,0.117544
3,56,1134,0.115826
3,56,1134,0.120930
3,57,1135,0.112345
3,57,1135,0.113000
3,57,1135,0.111604
3,57,1135,0.112826
3,57,1135,0.113923
3,57,1135,0.114778
3,57,1135,0.117343
3,57,1135,0.120529
3,58,1136,0.114910
3,58,1136,0.113854
3,58,1136,0.113811
3,58,1136,0.113281
3,58,1136,0.112420
3,58,1136,0.112931
3,58,1136,0.114476
3,58,1136,0.112251
3,59,1137,0.122515
3,59,1137,0.113694
3,59,1137,0.116307
3,59,1137,0.110298
3,59,1137,0.116690
3,59,1137,0.118603
3,59,1137,0.117796
3,59,1137,0.114513
3,60,1138,0.112694
3,60,1138,0.114703
3,60,1138,0.117622
3,60,1138,0.117729
3,60,1138,0.113812
3,60,1138,0.114136
3,60,1138,0.122083
3,60,1138,0.112283
3,61,1139,0.115846
3,61,1139,0.117555
3,61,1139,0.115649
3,61,1139,0.113149
3,61,1139,0.122289
3,61,1139,0.113481
3,61,1139,0.113008
3,61,1139,0.114608
3,62,1140,0.111688
3,62,1140,0.114058
3,62,1140,0.113854
3,62,1140,0.113716
3,62,1140,0.115169
3,62,1140,0.111777
3,62,1140,0.114798
3,62,1140,0.117303
3,63,1141,0.113788
3,63,1141,0.114880
3,63,1141,0.117298
3,63,1141,0.112878
3,63,1141,0.112095
3,63,1141,0.118532
3,63,1141,0.118116
3,63,1141,0.114868
3,64,1142,0.119285
3,64,1142,0.114494
3,64,1142,0.115263
3,64,1142,0.112896
3,64,1142,0.113533
3,64,1142,0.114843
3,64,1142,0.116467
3,64,1142,0.112416
3,65,1143,0.112104
3,65,1143,0.113408
3,65,1143,0.116994
3,65,1143,0.112566
3,65,1143,0.111274
3,65,1143,0.116763
3,65,1143,0.117390
3,65,1143,0.114553
3,66,1144,0.114886
3,66,1144,0.115543
3,66,1144,0.118377
3,66,1144,0.115957
3,66,1144,0.115773
3,66,1144,0.115950
3,66,1144,0.115620
3,66,1144,0.117959
3,67,1145,0.117750
3,67,1145,0.110834
3,67,1145,0.112767
3,67,1145,0.111177
3,67,1145,0.114098
3,67,1145,0.114258
3,67,1145,0.110681
3,67,1145,0.115065
3,68,1146,0.112109
3,68,1146,0.117794
3,68,1146,0.115168
3,68,1146,0.119089
3,68,1146,0.115198
3,68,1146,0.114600
3,68,1146,0.118904
3,68,1146,0.113340
3,69,1147,0.121843
3,69,1147,0.112065
3,69,1147,0.111180
3,69,1147,0.118310
3,69,1147,0.118276
3,69,1147,0.113252
3,69,1147,0.120778
3,69,1147,0.116583
3,70,1148,0.112672
3,70,1148,0.116122
3,70,1148,0.116909
3,70,1148,0.112008
3,70,1148,0.117204
3,70,1148,0.115416
3,70,1148,0.117306
3,70,1148,0.111759
3,71,1149,0.112773
3,71,1149,0.110600
3,71,1149,0.113178
3,71,1149,0.115372
3,71,1149,0.117029
3,71,1149,0.116446
3,71,1149,0.116205
3,71,1149,0.112818
3,72,1150,0.115712
3,72,1150,0.116271
3,72,1150,0.112886
3,72,1150,0.117866
3,72,1150,0.114764
3,72,1150,0.113486
3,72,1150,0.114979
3,72,1150,0.112233
3,73,1151,0.118048
3,73,1151,0.114681
3,73,1151,0.110788
3,73,1151,0.117203
3,73,1151,0.116841
3,73,1151,0.114407
3,73,1151,0.115098
3,73,1151,0.116740
3,74,1152,0.116567
3,74,1152,0.115645
3,74,1152,0.118264
3,74,1152,0.114532
3,74,1152,0.114054
3,74,1152,0.121004
3,74,1152,0.113981
3,74,1152,0.122687
3,75,1153,0.121406
3,75,1153,0.115556
3,75,1153,0.113500
3,75,1153,0.115868
3,75,1153,0.117798
3,75,1153,0.113349
3,75,1153,0.114029
3,75,1153,0.116919
3,76,1154,0.113439
3,76,1154,0.114061
3,76,1154,0.113611
3,76,1154,0.114625
3,76,1154,0.112162
3,76,1154,0.115293
3,76,1154,0.116480
3,76,1154,0.113443
3,77,1155,0.115210
3,77,1155,0.116301
3,77,1155,0.114041
3,77,1155,0.120027
3,77,1155,0.117789
3,77,1155,0.115370
3,77,1155,0.123771
3,77,1155,0.115238
3,78,1156,0.119594
3,78,1156,0.116109
3,78,1156,0.114288
3,78,1156,0.119843
3,78,1156,0.112493
3,78,1156,0.111698
3,78,1156,0.114291
3,78,1156,0.116117
3,79,1157,0.114892
3,79,1157,0.119906
3,79,1157,0.119422
3,79,1157,0.118649
3,79,1157,0.115829
3,79,1157,0.114480
3,79,1157,0.119139
3,79,1157,0.117442
3,80,1158,0.113009
3,80,1158,0.114449
3,80,1158,0.116355
3,80,1158,0.114246
3,80,1158,0.115716
3,80,1158,0.117392
3,80,1158,0.112604
3,80,1158,0.120163
3,81,1159,0.115822
3,81,1159,0.118551
3,81,1159,0.115054
3,81,1159,0.117674
3,81,1159,0.112343
3,81,1159,0.116429
3,81,1159,0.117325
3,81,1159,0.113631
3,82,1160,0.116675
3,82,1160,0.117175
3,82,1160,0.118943
3,82,1160,0.112431
3,82,1160,0.111908
3,82,1160,0.113852
3,82,1160,0.116904
3,82,1160,0.115600
3,83,1161,0.114266
3,83,1161,0.118450
3,83,1161,0.118540
3,83,1161,0.116250
3,83,1161,0.118474
3,83,1161,0.114260
3,83,1161,0.111244
3,83,1161,0.118803
3,84,1162,0.115841
3,84,1162,0.122431
3,84,1162,0.117637
3,84,1162,0.112890
3,84,1162,0.116848
3,84,1162,0.114378
3,84,1162,0.111853
3,84,1162,0.116077
3,85,1163,0.116033
3,85,1163,0.114307
3,85,1163,0.116231
3,85,1163,0.118211
3,85,1163,0.115289
3,85,1163,0.116353
3,85,1163,0.113986
3,85,1163,0.116056
3,86,1164,0.113619
3,86,1164,0.126502
3,86,1164,0.113326
3,86,1164,0.110761
3,86,1164,0.114100
3,86,1164,0.121817
3,86,1164,0.117429
3,86,1164,0.117311
3,87,1165,0.113642
3,87,1165,0.114885
3,87,1165,0.116424
3,87,1165,0.114689
3,87,1165,0.118986
3,87,1165,0.119282
3,87,1165,0.118841
3,87,1165,0.118746
3,88,1166,0.117896
3,88,1166,0.110807
3,88,1166,0.114024
3,88,1166,0.116229
3,88,1166,0.119247
3,88,1166,0.112388
3,88,1166,0.112081
3,88,1166,0.115079
3,89,1167,0.116000
3,89,1167,0.115989
3,89,1167,0.118131
3,89,1167,0.116456
3,89,1167,0.119097
3,89,1167,0.119171
3,89,1167,0.122710
3,89,1167,0.112888
3,90,1168,0.116244
3,90,1168,0.111677
3,90,1168,0.120294
3,90,1168,0.114958
3,90,1168,0.113722
3,90,1168,0.116162
3,90,1168,0.114910
3,90,1168,0.121501
3,91,1169,0.116961
3,91,1169,0.119669
3,91,1169,0.119948
3,91,1169,0.112313
3,91,1169,0.115833
3,91,1169,0.111794
3,91,1169,0.114305
3,91,1169,0.117433
3,92,1170,0.115409
3,92,1170,0.113584
3,92,1170,0.112627
3,92,1170,0.118399
3,92,1170,0.111727
3,92,1170,0.115720
3,92,1170,0.115478
3,92,1170,0.112649
3,93,1171,0.117376
3,93,1171,0.122351
3,93,1171,0.118726
3,93,1171,0.122777
3,93,1171,0.118357
3,93,1171,0.113371
3,93,1171,0.118533
3,93,1171,0.114963
3,94,1172,0.123175
3,94,1172,0.114449
3,94,1172,0.116825
3,94,1172,0.113690
3,94,1172,0.112720
3,94,1172,0.114732
3,94,1172,0.119082
3,94,1172,0.119798
3,95,1173,0.117210
3,95,1173,0.119315
3,95,1173,0.115212
3,95,1173,0.117821
3,95,1173,0.112390
3,95,1173,0.113512
3,95,1173,0.119261
3,95,1173,0.111772
3,96,1174,0.119002
3,96,1174,0.114783
3,96,1174,0.116445
3,96,1174,0.112614
3,96,1174,0.114001
3,96,1174,0.113988
3,96,1174,0.115122
3,96,1174,0.114133
3,97,1175,0.118510
3,97,1175,0.120746
3,97,1175,0.117881
3,97,1175,0.115755
3,97,1175,0.113404
3,97,1175,0.116368
3,97,1175,0.115301
3,97,1175,0.116443
3,98,1176,0.117780
3,98,1176,0.113999
3,98,1176,0.116099
3,98,1176,0.116235
3,98,1176,0.112494
3,98,1176,0.115574
3,98,1176,0.110781
3,98,1176,0.116118
3,99,1177,0.113899
3,99,1177,0.118630
3,99,1177,0.118909
3,99,1177,0.115290
3,99,1177,0.115360
3,99,1177,0.114091
3,99,1177,0.116825
3,99,1177,0.111522
3,100,1178,0.109685
3,100,1178,0.116596
3,100,1178,0.113236
3,100,1178,0.115157
3,100,1178,0.116054
3,100,1178,0.115966
3,100,1178,0.116601
3,100,1178,0.115594
3,101,1179,0.116955
3,101,1179,0.112031
3,101,1179,0.112436
3,101,1179,0.115520
3,101,1179,0.113877
3,101,1179,0.116513
3,101,1179,0.119868
3,101,1179,0.116967
3,102,1180,0.118202
3,102,1180,0.118682
3,102,1180,0.118259
3,102,1180,0.113617
3,102,1180,0.115838
3,102,1180,0.113648
3,102,1180,0.113015
3,102,1180,0.114100
3,103,1181,0.115145
3,103,1181,0.114973
3,103,1181,0.118108
3,103,1181,0.112957
3,103,1181,0.121045
3,103,1181,0.112673
3,103,1181,0.113604
3,103,1181,0.114778
3,104,1182,0.112254
3,104,1182,0.116267
3,104,1182,0.116353
3,104,1182,0.119011
3,104,1182,0.111919
3,104,1182,0.111364
3,104,1182,0.114259
3,104,1182,0.113576
3,105,1183,0.115390
3,105,1183,0.112283
3,105,1183,0.113930
3,105,1183,0.113358
3,105,1183,0.112136
3,105,1183,0.112371
3,105,1183,0.114890
3,105,1183,0.115273
3,106,1184,0.111960
3,106,1184,0.112123
3,106,1184,0.115497
3,106,1184,0.117791
3,106,1184,0.112544
3,106,1184,0.117022
3,106,1184,0.110578
3,106,1184,0.114359
3,107,1185,0.115534
3,107,1185,0.116935
3,107,1185,0.112849
3,107,1185,0.115288
3,107,1185,0.117201
3,107,1185,0.120161
3,107,1185,0.114039
3,107,1185,0.113298
3,108,1186,0.116662
3,108,1186,0.117608
3,108,1186,0.112287
3,108,1186,0.114385
3,108,1186,0.116519
3,108,1186,0.115054
3,108,1186,0.113036
3,108,1186,0.116967
3,109,1187,0.115519
3,109,1187,0.115511
3,109,1187,0.117245
3,109,1187,0.115423
3,109,1187,0.119703
3,109,1187,0.115259
3,109,1187,0.115115
3,109,1187,0.117222
3,110,1188,0.111340
3,110,1188,0.117951
3,110,1188,0.117309
3,110,1188,0.116757
3,110,1188,0.115863
3,110,1188,0.116813
3,110,1188,0.116237
3,110,1188,0.115508
3,111,1189,0.113537
3,111,1189,0.114029
3,111,1189,0.111565
3,111,1189,0.122664
3,111,1189,0.113860
3,111,1189,0.115477
3,111,1189,0.112710
3,111,1189,0.115353
3,112,1190,0.115126
3,112,1190,0.115459
3,112,1190,0.114413
3,112,1190,0.112192
3,112,1190,0.115430
3,112,1190,0.114200
3,112,1190,0.115879
3,112,1190,0.113479
3,113,1191,0.112959
3,113,1191,0.117364
3,113,1191,0.112540
3,113,1191,0.115271
3,113,1191,0.113751
3,113,1191,0.112051
3,113,1191,0.116544
3,113,1191,0.112736
3,114,1192,0.114040
3,114,1192,0.116510
3,114,1192,0.114171
3,114,1192,0.121368
3,114,1192,0.112748
3,114,1192,0.114476
3,114,1192,0.117890
3,114,1192,0.116645
3,115,1193,0.110906
3,115,1193,0.112927
3,115,1193,0.111450
3,115,1193,0.115088
3,115,1193,0.118894
3,115,1193,0.116425
3,115,1193,0.115237
3,115,1193,0.114099
3,116,1194,0.113300
3,116,1194,0.111196
3,116,1194,0.114251
3,116,1194,0.120484
3,116,1194,0.115143
3,116,1194,0.113415
3,116,1194,0.118111
3,116,1194,0.116354
3,117,1195,0.112321
3,117,1195,0.111873
3,117,1195,0.112368
3,117,1195,0.114866
3,117,1195,0.116699
3,117,1195,0.114637
3,117,1195,0.117124
3,117,1195,0.111961
3,118,1196,0.120543
3,118,1196,0.116630
3,118,1196,0.114257
3,118,1196,0.118609
3,118,1196,0.116133
3,118,1196,0.116316
3,118,1196,0.112643
3,118,1196,0.119725
3,119,1197,0.115054
3,119,1197,0.112768
3,119,1197,0.113295
3,119,1197,0.113189
3,119,1197,0.116271
3,119,1197,0.117777
3,119,1197,0.117141
3,119,1197,0.115183
3,120,1198,0.114640
3,120,1198,0.117117
3,120,1198,0.116214
3,120,1198,0.116907
3,120,1198,0.122315
3,120,1198,0.115573
3,120,1198,0.114362
3,120,1198,0.114431
3,121,1199,0.111015
3,121,1199,0.118788
3,121,1199,0.114423
3,121,1199,0.115794
3,121,1199,0.112461
3,121,1199,0.115941
3,121,1199,0.114277
3,121,1199,0.114891
3,122,1200,0.114991
3,122,1200,0.117106
3,122,1200,0.117371
3,122,1200,0.114206
3,122,1200,0.109445
3,122,1200,0.114755
3,122,1200,0.115229
3,122,1200,0.115688
3,123,1201,0.114976
3,123,1201,0.112643
3,123,1201,0.118183
3,123,1201,0.120495
3,123,1201,0.116404
3,123,1201,0.116781
3,123,1201,0.113384
3,123,1201,0.111716
3,124,1202,0.120238
3,124,1202,0.116488
3,124,1202,0.114694
3,124,1202,0.117341
3,124,1202,0.114972
3,124,1202,0.115355
3,124,1202,0.113023
3,124,1202,0.115845
3,125,1203,0.112474
3,125,1203,0.113766
3,125,1203,0.110854
3,125,1203,0.115567
3,125,1203,0.114755
3,125,1203,0.115911
3,125,1203,0.116250
3,125,1203,0.113244
3,126,1204,0.115944
3,126,1204,0.115540
3,126,1204,0.119540
3,126,1204,0.113324
3,126,1204,0.112834
3,126,1204,0.117605
3,126,1204,0.111995
3,126,1204,0.114603
3,127,1205,0.113915
3,127,1205,0.113136
3,127,1205,0.112500
3,127,1205,0.115355
3,127,1205,0.114229
3,127,1205,0.116588
3,127,1205,0.116435
3,127,1205,0.113275
3,128,1206,0.120365
3,128,1206,0.118082
3,128,1206,0.113273
3,128,1206,0.112799
3,128,1206,0.113940
3,128,1206,0.116613
3,128,1206,0.113591
3,128,1206,0.113942
3,129,1207,0.114835
3,129,1207,0.111628
3,129,1207,0.115480
3,129,1207,0.115852
3,129,1207,0.113617
3,129,1207,0.113073
3,129,1207,0.111732
3,129,1207,0.119104
3,130,1208,0.117119
3,130,1208,0.113878
3,130,1208,0.114771
3,130,1208,0.114396
3,130,1208,0.114554
3,130,1208,0.120051
3,130,1208,0.112578
3,130,1208,0.110444
3,131,1209,0.117438
3,131,1209,0.116057
3,131,1209,0.113996
3,131,1209,0.114880
3,131,1209,0.116453
3,131,1209,0.115135
3,131,1209,0.114038
3,131,1209,0.114616
3,132,1210,0.113035
3,132,1210,0.111776
3,132,1210,0.115881
3,132,1210,0.115308
3,132,1210,0.114943
3,132,1210,0.114756
3,132,1210,0.115132
3,132,1210,0.113550
3,133,1211,0.115361
3,133,1211,0.113793
3,133,1211,0.120055
3,133,1211,0.114481
3,133,1211,0.116088
3,133,1211,0.113014
3,133,1211,0.114224
3,133,1211,0.111996
3,134,1212,0.119603
3,134,1212,0.117746
3,134,1212,0.120358
3,134,1212,0.114393
3,134,1212,0.116812
3,134,1212,0.116806
3,134,1212,0.112375
3,134,1212,0.115994
3,135,1213,0.117163
3,135,1213,0.119788
3,135,1213,0.114360
3,135,1213,0.113827
3,135,1213,0.111986
3,135,1213,0.115595
3,135,1213,0.116934
3,135,1213,0.116707
3,136,1214,0.115075
3,136,1214,0.110663
3,136,1214,0.117279
3,136,1214,0.114719
3,136,1214,0.118855
3,136,1214,0.118602
3,136,1214,0.115803
3,136,1214,0.119347
3,137,1215,0.116592
3,137,1215,0.117126
3,137,1215,0.115634
3,137,1215,0.121611
3,137,1215,0.113617
3,137,1215,0.112913
3,137,1215,0.119440
3,137,1215,0.115507
3,138,1216,0.111100
3,138,1216,0.113611
3,138,1216,0.113500
3,138,1216,0.115451
3,138,1216,0.114356
3,138,1216,0.116451
3,138,1216,0.111299
3,138,1216,0.114925
3,139,1217,0.117349
3,139,1217,0.116595
3,139,1217,0.113216
3,139,1217,0.114422
3,139,1217,0.111448
3,139,1217,0.110465
3,139,1217,0.115479
3,139,1217,0.116106
3,140,1218,0.115534
3,140,1218,0.122773
3,140,1218,0.113710
3,140,1218,0.114577
3,140,1218,0.113297
3,140,1218,0.113349
3,140,1218,0.116845
3,140,1218,0.113633
3,141,1219,0.115734
3,141,1219,0.120277
3,141,1219,0.115299
3,141,1219,0.110974
3,141,1219,0.114836
3,141,1219,0.113416
3,141,1219,0.118708
3,141,1219,0.118012
3,142,1220,0.116991
3,142,1220,0.115793
3,142,1220,0.114066
3,142,1220,0.118598
3,142,1220,0.113384
3,142,1220,0.110649
3,142,1220,0.119615
3,142,1220,0.113145
3,143,1221,0.115011
3,143,1221,0.116159
3,143,1221,0.115437
3,143,1221,0.118899
3,143,1221,0.115374
3,143,1221,0.122185
3,143,1221,0.116074
3,143,1221,0.115861
3,144,1222,0.119908
3,144,1222,0.114323
3,144,1222,0.114678
3,144,1222,0.115028
3,144,1222,0.110900
3,144,1222,0.114976
3,144,1222,0.112465
3,144,1222,0.116433
3,145,1223,0.119591
3,145,1223,0.114075
3,145,1223,0.112710
3,145,1223,0.117672
3,145,1223,0.120060
3,145,1223,0.115554
3,145,1223,0.112561
3,145,1223,0.113325
3,146,1224,0.120124
3,146,1224,0.120806
3,146,1224,0.114941
3,146,1224,0.120410
3,146,1224,0.114484
3,146,1224,0.122112
3,146,1224,0.114223
3,146,1224,0.113646
3,147,1225,0.117564
3,147,1225,0.114363
3,147,1225,0.115456
3,147,1225,0.117981
3,147,1225,0.117923
3,147,1225,0.116665
3,147,1225,0.119314
3,147,1225,0.121820
3,148,1226,0.115977
3,148,1226,0.116759
3,148,1226,0.112451
3,148,1226,0.116079
3,148,1226,0.115020
3,148,1226,0.120099
3,148,1226,0.114485
3,148,1226,0.118713
3,149,1227,0.115154
3,149,1227,0.115922
3,149,1227,0.113401
3,149,1227,0.112050
3,149,1227,0.114220
3,149,1227,0.117806
3,149,1227,0.114882
3,149,1227,0.112378
3,150,1228,0.112220
3,150,1228,0.115594
3,150,1228,0.115908
3,150,1228,0.116158
3,150,1228,0.113480
3,150,1228,0.120194
3,150,1228,0.114907
3,150,1228,0.112044
3,151,1229,0.114219
3,151,1229,0.115879
3,151,1229,0.114649
3,151,1229,0.115569
3,151,1229,0.112549
3,151,1229,0.112310
3,151,1229,0.117111
3,151,1229,0.115532
3,152,1230,0.115382
3,152,1230,0.117936
3,152,1230,0.117601
3,152,1230,0.114871
3,152,1230,0.116346
3,152,1230,0.113404
3,152,1230,0.114794
3,152,1230,0.115982
3,153,1231,0.115469
3,153,1231,0.114834
3,153,1231,0.120488
3,153,1231,0.123888
3,153,1231,0.116124
3,153,1231,0.115345
3,153,1231,0.117296
3,153,1231,0.119143
3,154,1232,0.115874
3,154,1232,0.116443
3,154,1232,0.114637
3,154,1232,0.115108
3,154,1232,0.114566
3,154,1232,0.118456
3,154,1232,0.115494
3,154,1232,0.110608
3,155,1233,0.112378
3,155,1233,0.113744
3,155,1233,0.113235
3,155,1233,0.113335
3,155,1233,0.120520
3,155,1233,0.121031
3,155,1233,0.119915
3,155,1233,0.118759
3,156,1234,0.120033
3,156,1234,0.118573
3,156,1234,0.117961
3,156,1234,0.112356
3,156,1234,0.117848
3,156,1234,0.116091
3,156,1234,0.110939
3,156,1234,0.117996
3,157,1235,0.113714
3,157,1235,0.110146
3,157,1235,0.118109
3,157,1235,0.112905
3,157,1235,0.115323
3,157,1235,0.111421
3,157,1235,0.116176
3,157,1235,0.112551
3,158,1236,0.116452
3,158,1236,0.112951
3,158,1236,0.111448
3,158,1236,0.117792
3,158,1236,0.118857
3,158,1236,0.114418
3,158,1236,0.112308
3,158,1236,0.110772
3,159,1237,0.111352
3,159,1237,0.115574
3,159,1237,0.115282
3,159,1237,0.115748
3,159,1237,0.115507
3,159,1237,0.117086
3,159,1237,0.114642
3,159,1237,0.120527
3,160,1238,0.113577
3,160,1238,0.118371
3,160,1238,0.119989
3,160,1238,0.117491
3,160,1238,0.113114
3,160,1238,0.109833
3,160,1238,0.123559
3,160,1238,0.114897
3,161,1239,0.118931
3,161,1239,0.111843
3,161,1239,0.113483
3,161,1239,0.116063
3,161,1239,0.115740
3,161,1239,0.115728
3,161,1239,0.111797
3,161,1239,0.118535
3,162,1240,0.110839
3,162,1240,0.111606
3,162,1240,0.115652
3,162,1240,0.114855
3,162,1240,0.116132
3,162,1240,0.114402
3,162,1240,0.112164
3,162,1240,0.117555
3,163,1241,0.115744
3,163,1241,0.115106
3,163,1241,0.113061
3,163,1241,0.116330
3,163,1241,0.115770
3,163,1241,0.118755
3,163,1241,0.119959
3,163,1241,0.115006
3,164,1242,0.113856
3,164,1242,0.113514
3,164,1242,0.114860
3,164,1242,0.118220
3,164,1242,0.112063
3,164,1242,0.116922
3,164,1242,0.114738
3,164,1242,0.116465
3,165,1243,0.115292
3,165,1243,0.113909
3,165,1243,0.112481
3,165,1243,0.116618
3,165,1243,0.123200
3,165,1243,0.114426
3,165,1243,0.112294
3,165,1243,0.117287
3,166,1244,0.112271
3,166,1244,0.113533
3,166,1244,0.115809
3,166,1244,0.113272
3,166,1244,0.114755
3,166,1244,0.112192
3,166,1244,0.117922
3,166,1244,0.112992
3,167,1245,0.113869
3,167,1245,0.114234
3,167,1245,0.114973
3,167,1245,0.114945
3,167,1245,0.118441
3,167,1245,0.116864
3,167,1245,0.114307
3,167,1245,0.114711
3,168,1246,0.115171
3,168,1246,0.113417
3,168,1246,0.112863
3,168,1246,0.115446
3,168,1246,0.114273
3,168,1246,0.114202
3,168,1246,0.113177
3,168,1246,0.112251
3,169,1247,0.113275
3,169,1247,0.113550
3,169,1247,0.115931
3,169,1247,0.111551
3,169,1247,0.115884
3,169,1247,0.121609
3,169,1247,0.120773
3,169,1247,0.115852
3,170,1248,0.113562
3,170,1248,0.114927
3,170,1248,0.117557
3,170,1248,0.116358
3,170,1248,0.115179
3,170,1248,0.111707
3,170,1248,0.114074
3,170,1248,0.111334
3,171,1249,0.114553
3,171,1249,0.113988
3,171,1249,0.110993
3,171,1249,0.111324
3,171,1249,0.119321
3,171,1249,0.121825
3,171,1249,0.115025
3,171,1249,0.117159
3,172,1250,0.115433
3,172,1250,0.112682
3,172,1250,0.113655
3,172,1250,0.116328
3,172,1250,0.113990
3,172,1250,0.117508
3,172,1250,0.112529
3,172,1250,0.112662
3,173,1251,0.114016
3,173,1251,0.114642
3,173,1251,0.117110
3,173,1251,0.111907
3,173,1251,0.113685
3,173,1251,0.115458
3,173,1251,0.113494
3,173,1251,0.110347
3,174,1252,0.114557
3,174,1252,0.116194
3,174,1252,0.112044
3,174,1252,0.116076
3,174,1252,0.111392
3,174,1252,0.116761
3,174,1252,0.116057
3,174,1252,0.116587
3,175,1253,0.113109
3,175,1253,0.120532
3,175,1253,0.113907
3,175,1253,0.113460
3,175,1253,0.113546
3,175,1253,0.111383
3,175,1253,0.113401
3,175,1253,0.114056
3,176,1254,0.113080
3,176,1254,0.119421
3,176,1254,0.115138
3,176,1254,0.112948
3,176,1254,0.114252
3,176,1254,0.113682
3,176,1254,0.120911
3,176,1254,0.116997
3,177,1255,0.117158
3,177,1255,0.114738
3,177,1255,0.113452
3,177,1255,0.117270
3,177,1255,0.119229
3,177,1255,0.114201
3,177,1255,0.114008
3,177,1255,0.112679
3,178,1256,0.112679
3,178,1256,0.115096
3,178,1256,0.120880
3,178,1256,0.114937
3,178,1256,0.114077
3,178,1256,0.114576
3,178,1256,0.115127
3,178,1256,0.117101
3,179,1257,0.114146
3,179,1257,0.117075
3,179,1257,0.115156
3,179,1257,0.116256
3,179,1257,0.111942
3,179,1257,0.118625
3,179,1257,0.116153
3,179,1257,0.113432
3,180,1258,0.113820
3,180,1258,0.114149
3,180,1258,0.114173
3,180,1258,0.113179
3,180,1258,0.114095
3,180,1258,0.113770
3,180,1258,0.115586
3,180,1258,0.117169
3,181,1259,0.118523
3,181,1259,0.115916
3,181,1259,0.114698
3,181,1259,0.113334
3,181,1259,0.113259
3,181,1259,0.114796
3,181,1259,0.112866
3,181,1259,0.115498
3,182,1260,0.114773
3,182,1260,0.115009
3,182,1260,0.113459
3,182,1260,0.114283
3,182,1260,0.114744
3,182,1260,0.118188
3,182,1260,0.114264
3,182,1260,0.121576
3,183,1261,0.120112
3,183,1261,0.114732
3,183,1261,0.115221
3,183,1261,0.118896
3,183,1261,0.117293
3,183,1261,0.113819
3,183,1261,0.121132
3,183,1261,0.111388
3,184,1262,0.114387
3,184,1262,0.118335
3,184,1262,0.113683
3,184,1262,0.119069
3,184,1262,0.116263
3,184,1262,0.113606
3,184,1262,0.120034
3,184,1262,0.114370
3,185,1263,0.116806
3,185,1263,0.115200
3,185,1263,0.118297
3,185,1263,0.115406
3,185,1263,0.115671
3,185,1263,0.113898
3,185,1263,0.118118
3,185,1263,0.116015
3,186,1264,0.114755
3,186,1264,0.113448
3,186,1264,0.114755
3,186,1264,0.117191
3,186,1264,0.114450
3,186,1264,0.116054
3,186,1264,0.116790
3,186,1264,0.116083
3,187,1265,0.116081
3,187,1265,0.111188
3,187,1265,0.113389
3,187,1265,0.114302
3,187,1265,0.114968
3,187,1265,0.113470
3,187,1265,0.120250
3,187,1265,0.117573
3,188,1266,0.117980
3,188,1266,0.114488
3,188,1266,0.114871
3,188,1266,0.115442
3,188,1266,0.115659
3,188,1266,0.120744
3,188,1266,0.114981
3,188,1266,0.118748
3,189,1267,0.114389
3,189,1267,0.114415
3,189,1267,0.117597
3,189,1267,0.112364
3,189,1267,0.113062
3,189,1267,0.111554
3,189,1267,0.117633
3,189,1267,0.115008
3,190,1268,0.114459
3,190,1268,0.117223
3,190,1268,0.113764
3,190,1268,0.114802
3,190,1268,0.113761
3,190,1268,0.119552
3,190,1268,0.116148
3,190,1268,0.115359
3,191,1269,0.111041
3,191,1269,0.112316
3,191,1269,0.117022
3,191,1269,0.114177
3,191,1269,0.119630
3,191,1269,0.108532
3,191,1269,0.117782
3,191,1269,0.115409
3,192,1270,0.116198
3,192,1270,0.114391
3,192,1270,0.118850
3,192,1270,0.114136
3,192,1270,0.114222
3,192,1270,0.114815
3,192,1270,0.115852
3,192,1270,0.114331
3,193,1271,0.117167
3,193,1271,0.117750
3,193,1271,0.114599
3,193,1271,0.118674
3,193,1271,0.113480
3,193,1271,0.120222
3,193,1271,0.111023
3,193,1271,0.115036
3,194,1272,0.122722
3,194,1272,0.114719
3,194,1272,0.114864
3,194,1272,0.113305
3,194,1272,0.116165
3,194,1272,0.119308
3,194,1272,0.115795
3,194,1272,0.114511
3,195,1273,0.121092
3,195,1273,0.117507
3,195,1273,0.115665
3,195,1273,0.111508
3,195,1273,0.114025
3,195,1273,0.114128
3,195,1273,0.117882
3,195,1273,0.118320
3,196,1274,0.113475
3,196,1274,0.118222
3,196,1274,0.114668
3,196,1274,0.115863
3,196,1274,0.113766
3,196,1274,0.116675
3,196,1274,0.112006
3,196,1274,0.124243
3,197,1275,0.115956
3,197,1275,0.116135
3,197,1275,0.117177
3,197,1275,0.118016
3,197,1275,0.118465
3,197,1275,0.121127
3,197,1275,0.115982
3,197,1275,0.119708
3,198,1276,0.115048
3,198,1276,0.117504
3,198,1276,0.114692
3,198,1276,0.113773
3,198,1276,0.118582
3,198,1276,0.118573
3,198,1276,0.113215
3,198,1276,0.116047
3,199,1277,0.116392
3,199,1277,0.115015
3,199,1277,0.114916
3,199,1277,0.115622
3,199,1277,0.113103
3,199,1277,0.116982
3,199,1277,0.116849
3,199,1277,0.120179
3,200,1278,0.119668
3,200,1278,0.118499
3,200,1278,0.119962
3,200,1278,0.113967
3,200,1278,0.113093
3,200,1278,0.114545
3,200,1278,0.112898
3,200,1278,0.116170
3,201,1279,0.113841
3,201,1279,0.114896
3,201,1279,0.115638
3,201,1279,0.115201
3,201,1279,0.114888
3,201,1279,0.115580
3,201,1279,0.112934
3,201,1279,0.114937
3,202,1280,0.114946
3,202,1280,0.115912
3,202,1280,0.113548
3,202,1280,0.118524
3,202,1280,0.118793
3,202,1280,0.121944
3,202,1280,0.114888
3,202,1280,0.117998
3,203,1281,0.113585
3,203,1281,0.113482
3,203,1281,0.120428
3,203,1281,0.110045
3,203,1281,0.112547
3,203,1281,0.119668
3,203,1281,0.119729
3,203,1281,0.118593
3,204,1282,0.113117
3,204,1282,0.115046
3,204,1282,0.119665
3,204,1282,0.113246
3,204,1282,0.117073
3,204,1282,0.114293
3,204,1282,0.114094
3,204,1282,0.115221
3,205,1283,0.114041
3,205,1283,0.116954
3,205,1283,0.112690
3,205,1283,0.117179
3,205,1283,0.115739
3,205,1283,0.115924
3,205,1283,0.114123
3,205,1283,0.120168
3,206,1284,0.114195
3,206,1284,0.119075
3,206,1284,0.115625
3,206,1284,0.113825
3,206,1284,0.114935
3,206,1284,0.114478
3,206,1284,0.116261
3,206,1284,0.111600
3,207,1285,0.116662
3,207,1285,0.115417
3,207,1285,0.120871
3,207,1285,0.116106
3,207,1285,0.119732
3,207,1285,0.117095
3,207,1285,0.111341
3,207,1285,0.116763
3,208,1286,0.113472
3,208,1286,0.112847
3,208,1286,0.116189
3,208,1286,0.118429
3,208,1286,0.115421
3,208,1286,0.111564
3,208,1286,0.115364
3,208,1286,0.114136
3,209,1287,0.122666
3,209,1287,0.111092
3,209,1287,0.113394
3,209,1287,0.112485
3,209,1287,0.112869
3,209,1287,0.112411
3,209,1287,0.119176
3,209,1287,0.111531
3,210,1288,0.109411
3,210,1288,0.120510
3,210,1288,0.114717
3,210,1288,0.115015
3,210,1288,0.116191
3,210,1288,0.115464
3,210,1288,0.114350
3,210,1288,0.112085
3,211,1289,0.119389
3,211,1289,0.112989
3,211,1289,0.115694
3,211,1289,0.115062
3,211,1289,0.126125
3,211,1289,0.117542
3,211,1289,0.112325
3,211,1289,0.113477
3,212,1290,0.111772
3,212,1290,0.116995
3,212,1290,0.112015
3,212,1290,0.113024
3,212,1290,0.118614
3,212,1290,0.123573
3,212,1290,0.117691
3,212,1290,0.113613
3,213,1291,0.112963
3,213,1291,0.111751
3,213,1291,0.115739
3,213,1291,0.114669
3,213,1291,0.115333
3,213,1291,0.116126
3,213,1291,0.114501
3,213,1291,0.112625
3,214,1292,0.111311
3,214,1292,0.117307
3,214,1292,0.117697
3,214,1292,0.116613
3,214,1292,0.116127
3,214,1292,0.114497
3,214,1292,0.114438
3,214,1292,0.115794
3,215,1293,0.116899
3,215,1293,0.116920
3,215,1293,0.116530
3,215,1293,0.113353
3,215,1293,0.114534
3,215,1293,0.119929
3,215,1293,0.115180
3,215,1293,0.112646
3,216,1294,0.113733
3,216,1294,0.115661
3,216,1294,0.115604
3,216,1294,0.116126
3,216,1294,0.113365
3,216,1294,0.113523
3,216,1294,0.115135
3,216,1294,0.113746
3,217,1295,0.116462
3,217,1295,0.113204
3,217,1295,0.112734
3,217,1295,0.113940
3,217,1295,0.117011
3,217,1295,0.112914
3,217,1295,0.116845
3,217,1295,0.116491
3,218,1296,0.119272
3,218,1296,0.113993
3,218,1296,0.114133
3,218,1296,0.111268
3,218,1296,0.117719
3,218,1296,0.114830
3,218,1296,0.112237
3,218,1296,0.112045
3,219,1297,0.115259
3,219,1297,0.118917
3,219,1297,0.116310
3,219,1297,0.116507
3,219,1297,0.115887
3,219,1297,0.113222
3,219,1297,0.113510
3,219,1297,0.109690
3,220,1298,0.118412
3,220,1298,0.113930
3,220,1298,0.117967
3,220,1298,0.111942
3,220,1298,0.113227
3,220,1298,0.112314
3,220,1298,0.117114
3,220,1298,0.114585
3,221,1299,0.112856
3,221,1299,0.114543
3,221,1299,0.117176
3,221,1299,0.111300
3,221,1299,0.116860
3,221,1299,0.114756
3,221,1299,0.111352
3,221,1299,0.112940
3,222,1300,0.113003
3,222,1300,0.110147
3,222,1300,0.116575
3,222,1300,0.114178
3,222,1300,0.119357
3,222,1300,0.115024
3,222,1300,0.116064
3,222,1300,0.113560
3,223,1301,0.116910
3,223,1301,0.113996
3,223,1301,0.114699
3,223,1301,0.107757
3,223,1301,0.117717
3,223,1301,0.117202
3,223,1301,0.115592
3,223,1301,0.114275
3,224,1302,0.112785
3,224,1302,0.114217
3,224,1302,0.114131
3,224,1302,0.115815
3,224,1302,0.116146
3,224,1302,0.115697
3,224,1302,0.120936
3,224,1302,0.117217
3,225,1303,0.116291
3,225,1303,0.112235
3,225,1303,0.114012
3,225,1303,0.112975
3,225,1303,0.114115
3,225,1303,0.113291
3,225,1303,0.113472
3,225,1303,0.113409
3,226,1304,0.115861
3,226,1304,0.115776
3,226,1304,0.116892
3,226,1304,0.113029
3,226,1304,0.116859
3,226,1304,0.114426
3,226,1304,0.114723
3,226,1304,0.115136
3,227,1305,0.113889
3,227,1305,0.113252
3,227,1305,0.113513
3,227,1305,0.113894
3,227,1305,0.111476
3,227,1305,0.114958
3,227,1305,0.117332
3,227,1305,0.118826
3,228,1306,0.114269
3,228,1306,0.117666
3,228,1306,0.112060
3,228,1306,0.114242
3,228,1306,0.116502
3,228,1306,0.113279
3,228,1306,0.112818
3,228,1306,0.113131
3,229,1307,0.122440
3,229,1307,0.110786
3,229,1307,0.114467
3,229,1307,0.111923
3,229,1307,0.120971
3,229,1307,0.118353
3,229,1307,0.110298
3,229,1307,0.121361
3,230,1308,0.114720
3,230,1308,0.119854
3,230,1308,0.113346
3,230,1308,0.114483
3,230,1308,0.116077
3,230,1308,0.119670
3,230,1308,0.112719
3,230,1308,0.114202
3,231,1309,0.114011
3,231,1309,0.114874
3,231,1309,0.116555
3,231,1309,0.116119
3,231,1309,0.111516
3,231,1309,0.110648
3,231,1309,0.115317
3,231,1309,0.114671
3,232,1310,0.113604
3,232,1310,0.111259
3,232,1310,0.113725
3,232,1310,0.117272
3,232,1310,0.116020
3,232,1310,0.115045
3,232,1310,0.113357
3,232,1310,0.112204
3,233,1311,0.118730
3,233,1311,0.115957
3,233,1311,0.116350
3,233,1311,0.115290
3,233,1311,0.118371
3,233,1311,0.116901
3,233,1311,0.124575
3,233,1311,0.112146
3,234,1312,0.114449
3,234,1312,0.114651
3,234,1312,0.117206
3,234,1312,0.112173
3,234,1312,0.111690
3,234,1312,0.113663
3,234,1312,0.120144
3,234,1312,0.114284
3,235,1313,0.116937
3,235,1313,0.113157
3,235,1313,0.111631
3,235,1313,0.115342
3,235,1313,0.115251
3,235,1313,0.116322
3,235,1313,0.119317
3,235,1313,0.114977
3,236,1314,0.117801
3,236,1314,0.120839
3,236,1314,0.114749
3,236,1314,0.116035
3,236,1314,0.115691
3,236,1314,0.118190
3,236,1314,0.112151
3,236,1314,0.113527
3,237,1315,0.116840
3,237,1315,0.114991
3,237,1315,0.114211
3,237,1315,0.115906
3,237,1315,0.112449
3,237,1315,0.113282
3,237,1315,0.115326
3,237,1315,0.115570
3,238,1316,0.116716
3,238,1316,0.113008
3,238,1316,0.115145
3,238,1316,0.115904
3,238,1316,0.119838
3,238,1316,0.123591
3,238,1316,0.118231
3,238,1316,0.116201
3,239,1317,0.112624
3,239,1317,0.110667
3,239,1317,0.111542
3,239,1317,0.121047
3,239,1317,0.114045
3,239,1317,0.117117
3,239,1317,0.112909
3,239,1317,0.116694
3,240,1318,0.111230
3,240,1318,0.113487
3,240,1318,0.112135
3,240,1318,0.113178
3,240,1318,0.117979
3,240,1318,0.116610
3,240,1318,0.115561
3,240,1318,0.112767
3,241,1319,0.114606
3,241,1319,0.113032
3,241,1319,0.113789
3,241,1319,0.115355
3,241,1319,0.112838
3,241,1319,0.115689
3,241,1319,0.113678
3,241,1319,0.117585
3,242,1320,0.113655
3,242,1320,0.114524
3,242,1320,0.114885
3,242,1320,0.113028
3,242,1320,0.113302
3,242,1320,0.115415
3,242,1320,0.112274
3,242,1320,0.110668
3,243,1321,0.112669
3,243,1321,0.111899
3,243,1321,0.118341
3,243,1321,0.116279
3,243,1321,0.115403
3,243,1321,0.116250
3,243,1321,0.113978
3,243,1321,0.116456
3,244,1322,0.113386
3,244,1322,0.116557
3,244,1322,0.114085
3,244,1322,0.115639
3,244,1322,0.111547
3,244,1322,0.113543
3,244,1322,0.116648
3,244,1322,0.117262
3,245,1323,0.111893
3,245,1323,0.115251
3,245,1323,0.110907
3,245,1323,0.113085
3,245,1323,0.119138
3,245,1323,0.116467
3,245,1323,0.112818
3,245,1323,0.112043
3,246,1324,0.115987
3,246,1324,0.111758
3,246,1324,0.122755
3,246,1324,0.114660
3,246,1324,0.113165
3,246,1324,0.113233
3,246,1324,0.112676
3,246,1324,0.113713
3,247,1325,0.121942
3,247,1325,0.114945
3,247,1325,0.111784
3,247,1325,0.114198
3,247,1325,0.114839
3,247,1325,0.117858
3,247,1325,0.111769
3,247,1325,0.113393
3,248,1326,0.116611
3,248,1326,0.113356
3,248,1326,0.114612
3,248,1326,0.116314
3,248,1326,0.113624
3,248,1326,0.109565
3,248,1326,0.114147
3,248,1326,0.112750
3,249,1327,0.116535
3,249,1327,0.114181
3,249,1327,0.112902
3,249,1327,0.113124
3,249,1327,0.115847
3,249,1327,0.116026
3,249,1327,0.116907
3,249,1327,0.124204
3,250,1328,0.117187
3,250,1328,0.113228
3,250,1328,0.118036
3,250,1328,0.121526
3,250,1328,0.114353
3,250,1328,0.112974
3,250,1328,0.116128
3,250,1328,0.119005
3,251,1329,0.115021
3,251,1329,0.114680
3,251,1329,0.121529
3,251,1329,0.114838
3,251,1329,0.114015
3,251,1329,0.117327
3,251,1329,0.115583
3,251,1329,0.122496
3,252,1330,0.115765
3,252,1330,0.117063
3,252,1330,0.119828
3,252,1330,0.112433
3,252,1330,0.117518
3,252,1330,0.113860
3,252,1330,0.118523
3,252,1330,0.118856
3,253,1331,0.113025
3,253,1331,0.116406
3,253,1331,0.115633
3,253,1331,0.116277
3,253,1331,0.117879
3,253,1331,0.114459
3,253,1331,0.118107
3,253,1331,0.120896
3,254,1332,0.116047
3,254,1332,0.111280
3,254,1332,0.115756
3,254,1332,0.114767
3,254,1332,0.116631
3,254,1332,0.116401
3,254,1332,0.118315
3,254,1332,0.110538
3,255,1333,0.115784
3,255,1333,0.115835
3,255,1333,0.111131
3,255,1333,0.113698
3,255,1333,0.113520
3,255,1333,0.122008
3,255,1333,0.111884
3,255,1333,0.112804
3,256,1334,0.116140
3,256,1334,0.115709
3,256,1334,0.117187
3,256,1334,0.116364
3,256,1334,0.116099
3,256,1334,0.110654
3,256,1334,0.117538
3,256,1334,0.116735
3,257,1335,0.112840
3,257,1335,0.112720
3,257,1335,0.115747
3,257,1335,0.112299
3,257,1335,0.116051
3,257,1335,0.113894
3,257,1335,0.112065
3,257,1335,0.111305
3,258,1336,0.112527
3,258,1336,0.119486
3,258,1336,0.117268
3,258,1336,0.111879
3,258,1336,0.116358
3,258,1336,0.117990
3,258,1336,0.111441
3,258,1336,0.114379
3,259,1337,0.119490
3,259,1337,0.114396
3,259,1337,0.116014
3,259,1337,0.117337
3,259,1337,0.111676
3,259,1337,0.113452
3,259,1337,0.118497
3,259,1337,0.113888
3,260,1338,0.114869
3,260,1338,0.117297
3,260,1338,0.113902
3,260,1338,0.113473
3,260,1338,0.112062
3,260,1338,0.118155
3,260,1338,0.113649
3,260,1338,0.119505
3,261,1339,0.119314
3,261,1339,0.121053
3,261,1339,0.114337
3,261,1339,0.109523
3,261,1339,0.116172
3,261,1339,0.113047
3,261,1339,0.113933
3,261,1339,0.112664
3,262,1340,0.114587
3,262,1340,0.112945
3,262,1340,0.115564
3,262,1340,0.118452
3,262,1340,0.118631
3,262,1340,0.117686
3,262,1340,0.118203
3,262,1340,0.112988
3,263,1341,0.114020
3,263,1341,0.117528
3,263,1341,0.111895
3,263,1341,0.114460
3,263,1341,0.113470
3,263,1341,0.115825
3,263,1341,0.115252
3,263,1341,0.114251
3,264,1342,0.112343
3,264,1342,0.118703
3,264,1342,0.118692
3,264,1342,0.117539
3,264,1342,0.111073
3,264,1342,0.114759
3,264,1342,0.112680
3,264,1342,0.115183
3,265,1343,0.113339
3,265,1343,0.115155
3,265,1343,0.118620
3,265,1343,0.116736
3,265,1343,0.111720
3,265,1343,0.121212
3,265,1343,0.114215
3,265,1343,0.117382
3,266,1344,0.115013
3,266,1344,0.113507
3,266,1344,0.115259
3,266,1344,0.114510
3,266,1344,0.113151
3,266,1344,0.116397
3,266,1344,0.114703
3,266,1344,0.113725
3,267,1345,0.115451
3,267,1345,0.119734
3,267,1345,0.117617
3,267,1345,0.114630
3,267,1345,0.111708
3,267,1345,0.115326
3,267,1345,0.117135
3,267,1345,0.113436
3,268,1346,0.115637
3,268,1346,0.114592
3,268,1346,0.113927
3,268,1346,0.118015
3,268,1346,0.113993
3,268,1346,0.117804
3,268,1346,0.115404
3,268,1346,0.114074
3,269,1347,0.117094
3,269,1347,0.114566
3,269,1347,0.108868
3,269,1347,0.116265
3,269,1347,0.115638
3,269,1347,0.113665
3,269,1347,0.117024
3,269,1347,0.113753
3,270,1348,0.116635
3,270,1348,0.115061
3,270,1348,0.116991
3,270,1348,0.116757
3,270,1348,0.114258
3,270,1348,0.113016
3,270,1348,0.114760
3,270,1348,0.111654
3,271,1349,0.112475
3,271,1349,0.113367
3,271,1349,0.115380
3,271,1349,0.115459
3,271,1349,0.112109
3,271,1349,0.116603
3,271,1349,0.113951
3,271,1349,0.114572
3,272,1350,0.115989
3,272,1350,0.116846
3,272,1350,0.109909
3,272,1350,0.112541
3,272,1350,0.114849
3,272,1350,0.118475
3,272,1350,0.113815
3,272,1350,0.112511
3,273,1351,0.114736
3,273,1351,0.114583
3,273,1351,0.111553
3,273,1351,0.113986
3,273,1351,0.114656
3,273,1351,0.114158
3,273,1351,0.113110
3,273,1351,0.115813
3,274,1352,0.112305
3,274,1352,0.118671
3,274,1352,0.113492
3,274,1352,0.118040
3,274,1352,0.116395
3,274,1352,0.118497
3,274,1352,0.112623
3,274,1352,0.116147
3,275,1353,0.114994
3,275,1353,0.110165
3,275,1353,0.116095
3,275,1353,0.118754
3,275,1353,0.117064
3,275,1353,0.117889
3,275,1353,0.114016
3,275,1353,0.116694
3,276,1354,0.115698
3,276,1354,0.111523
3,276,1354,0.114906
3,276,1354,0.117851
3,276,1354,0.116406
3,276,1354,0.116802
3,276,1354,0.115574
3,276,1354,0.115216
3,277,1355,0.115828
3,277,1355,0.115181
3,277,1355,0.113652
3,277,1355,0.117449
3,277,1355,0.112436
3,277,1355,0.118852
3,277,1355,0.111602
3,277,1355,0.115915
3,278,1356,0.113585
3,278,1356,0.116810
3,278,1356,0.115497
3,278,1356,0.112799
3,278,1356,0.116615
3,278,1356,0.115246
3,278,1356,0.115592
3,278,1356,0.115940
3,279,1357,0.118023
3,279,1357,0.113060
3,279,1357,0.114265
3,279,1357,0.116143
3,279,1357,0.116404
3,279,1357,0.112378
3,279,1357,0.115346
3,279,1357,0.113820
3,280,1358,0.114319
3,280,1358,0.121415
3,280,1358,0.113284
3,280,1358,0.117539
3,280,1358,0.112396
3,280,1358,0.111568
3,280,1358,0.112230
3,280,1358,0.114877
3,281,1359,0.120422
3,281,1359,0.116061
3,281,1359,0.118622
3,281,1359,0.120264
3,281,1359,0.113773
3,281,1359,0.112052
3,281,1359,0.116106
3,281,1359,0.112426
3,282,1360,0.113918
3,282,1360,0.114645
3,282,1360,0.120099
3,282,1360,0.113387
3,282,1360,0.112604
3,282,1360,0.112892
3,282,1360,0.112045
3,282,1360,0.114826
3,283,1361,0.117170
3,283,1361,0.118003
3,283,1361,0.114832
3,283,1361,0.112465
3,283,1361,0.112114
3,283,1361,0.111068
3,283,1361,0.115070
3,283,1361,0.115419
3,284,1362,0.113864
3,284,1362,0.110958
3,284,1362,0.114322
3,284,1362,0.119064
3,284,1362,0.114683
3,284,1362,0.119047
3,284,1362,0.116768
3,284,1362,0.117641
3,285,1363,0.114919
3,285,1363,0.113420
3,285,1363,0.119562
3,285,1363,0.113690
3,285,1363,0.115706
3,285,1363,0.124155
3,285,1363,0.114143
3,285,1363,0.116792
3,286,1364,0.110353
3,286,1364,0.114170
3,286,1364,0.114352
3,286,1364,0.113314
3,286,1364,0.114940
3,286,1364,0.113285
3,286,1364,0.113988
3,286,1364,0.115937
3,287,1365,0.116799
3,287,1365,0.118593
3,287,1365,0.120115
3,287,1365,0.114225
3,287,1365,0.116273
3,287,1365,0.114795
3,287,1365,0.113203
3,287,1365,0.114427
3,288,1366,0.116684
3,288,1366,0.113971
3,288,1366,0.116131
3,288,1366,0.116393
3,288,1366,0.113713
3,288,1366,0.114702
3,288,1366,0.116779
3,288,1366,0.109360
3,289,1367,0.111046
3,289,1367,0.117485
3,289,1367,0.117003
3,289,1367,0.117619
3,289,1367,0.116239
3,289,1367,0.114123
3,289,1367,0.114719
3,289,1367,0.109515
3,290,1368,0.122611
3,290,1368,0.115203
3,290,1368,0.113615
3,290,1368,0.115884
3,290,1368,0.114317
3,290,1368,0.116537
3,290,1368,0.118147
3,290,1368,0.117695
3,291,1369,0.116512
3,291,1369,0.115691
3,291,1369,0.111772
3,291,1369,0.112047
3,291,1369,0.114527
3,291,1369,0.112042
3,291,1369,0.113997
3,291,1369,0.115621
3,292,1370,0.122689
3,292,1370,0.118667
3,292,1370,0.112591
3,292,1370,0.116022
3,292,1370,0.115505
3,292,1370,0.115333
3,292,1370,0.110726
3,292,1370,0.119789
3,293,1371,0.113331
3,293,1371,0.115044
3,293,1371,0.121414
3,293,1371,0.111204
3,293,1371,0.111292
3,293,1371,0.110855
3,293,1371,0.113029
3,293,1371,0.110943
3,294,1372,0.115589
3,294,1372,0.113267
3,294,1372,0.117620
3,294,1372,0.121527
3,294,1372,0.117996
3,294,1372,0.111808
3,294,1372,0.114443
3,294,1372,0.118165
3,295,1373,0.111369
3,295,1373,0.110952
3,295,1373,0.115617
3,295,1373,0.115554
3,295,1373,0.118438
3,295,1373,0.118274
3,295,1373,0.113973
3,295,1373,0.116629
3,296,1374,0.115576
3,296,1374,0.111333
3,296,1374,0.108321
3,296,1374,0.113356
3,296,1374,0.115770
3,296,1374,0.117239
3,296,1374,0.115793
3,296,1374,0.113174
3,297,1375,0.115125
3,297,1375,0.114922
3,297,1375,0.114202
3,297,1375,0.112787
3,297,1375,0.114266
3,297,1375,0.115901
3,297,1375,0.114691
3,297,1375,0.116178
3,298,1376,0.116618
3,298,1376,0.115921
3,298,1376,0.116039
3,298,1376,0.118718
3,298,1376,0.113821
3,298,1376,0.114462
3,298,1376,0.114211
3,298,1376,0.111986
3,299,1377,0.110518
3,299,1377,0.113828
3,299,1377,0.111802
3,299,1377,0.117529
3,299,1377,0.117341
3,299,1377,0.112583
3,299,1377,0.112423
3,299,1377,0.115693
3,300,1378,0.113199
3,300,1378,0.112026
3,300,1378,0.117028
3,300,1378,0.113996
3,300,1378,0.114042
3,300,1378,0.118399
3,300,1378,0.117620
3,300,1378,0.116674
3,301,1379,0.113968
3,301,1379,0.118999
3,301,1379,0.113911
3,301,1379,0.114774
3,301,1379,0.117949
3,301,1379,0.110888
3,301,1379,0.110899
3,301,1379,0.112767
3,302,1380,0.116739
3,302,1380,0.114510
3,302,1380,0.112627
3,302,1380,0.120183
3,302,1380,0.114021
3,302,1380,0.115404
3,302,1380,0.118805
3,302,1380,0.113974
3,303,1381,0.115513
3,303,1381,0.119971
3,303,1381,0.116077
3,303,1381,0.117141
3,303,1381,0.114472
3,303,1381,0.113367
3,303,1381,0.118639
3,303,1381,0.112370
3,304,1382,0.114889
3,304,1382,0.116192
3,304,1382,0.113050
3,304,1382,0.117955
3,304,1382,0.112245
3,304,1382,0.120945
3,304,1382,0.117683
3,304,1382,0.114915
3,305,1383,0.117420
3,305,1383,0.113452
3,305,1383,0.116575
3,305,1383,0.124346
3,305,1383,0.123551
3,305,1383,0.114927
3,305,1383,0.113308
3,305,1383,0.116247
3,306,1384,0.111333
3,306,1384,0.116151
3,306,1384,0.116255
3,306,1384,0.114164
3,306,1384,0.118683
3,306,1384,0.116564
3,306,1384,0.120302
3,306,1384,0.114763
3,307,1385,0.114631
3,307,1385,0.116232
3,307,1385,0.117047
3,307,1385,0.118088
3,307,1385,0.115292
3,307,1385,0.111960
3,307,1385,0.118642
3,307,1385,0.114843
3,308,1386,0.110298
3,308,1386,0.112862
3,308,1386,0.109840
3,308,1386,0.111813
3,308,1386,0.119524
3,308,1386,0.115970
3,308,1386,0.112843
3,308,1386,0.113855
3,309,1387,0.120707
3,309,1387,0.113561
3,309,1387,0.113292
3,309,1387,0.115321
3,309,1387,0.117059
3,309,1387,0.115799
3,309,1387,0.110860
3,309,1387,0.116173
3,310,1388,0.113426
3,310,1388,0.111785
3,310,1388,0.110885
3,310,1388,0.114933
3,310,1388,0.113618
3,310,1388,0.112808
3,310,1388,0.118765
3,310,1388,0.114385
3,311,1389,0.113144
3,311,1389,0.115527
3,311,1389,0.114750
3,311,1389,0.115512
3,311,1389,0.110928
3,311,1389,0.114864
3,311,1389,0.113250
3,311,1389,0.112735
3,312,1390,0.114825
3,312,1390,0.114636
3,312,1390,0.112566
3,312,1390,0.114484
3,312,1390,0.115187
3,312,1390,0.118246
3,312,1390,0.116321
3,312,1390,0.116191
3,313,1391,0.115400
3,313,1391,0.112402
3,313,1391,0.116233
3,313,1391,0.114852
3,313,1391,0.112387
3,313,1391,0.112957
3,313,1391,0.115922
3,313,1391,0.113210
3,314,1392,0.115610
3,314,1392,0.111989
3,314,1392,0.115705
3,314,1392,0.114834
3,314,1392,0.115451
3,314,1392,0.114800
3,314,1392,0.119276
3,314,1392,0.117006
3,315,1393,0.113869
3,315,1393,0.114651
3,315,1393,0.116757
3,315,1393,0.115405
3,315,1393,0.115277
3,315,1393,0.116343
3,315,1393,0.115615
3,315,1393,0.118764
3,316,1394,0.116330
3,316,1394,0.120884
3,316,1394,0.117933
3,316,1394,0.115390
3,316,1394,0.113357
3,316,1394,0.115171
3,316,1394,0.117649
3,316,1394,0.122616
3,317,1395,0.115294
3,317,1395,0.119117
3,317,1395,0.115359
3,317,1395,0.115821
3,317,1395,0.113526
3,317,1395,0.114792
3,317,1395,0.115661
3,317,1395,0.115616
3,318,1396,0.119241
3,318,1396,0.111085
3,318,1396,0.119065
3,318,1396,0.114903
3,318,1396,0.114838
3,318,1396,0.122008
3,318,1396,0.111956
3,318,1396,0.111677
3,319,1397,0.113014
3,319,1397,0.112198
3,319,1397,0.115672
3,319,1397,0.118359
3,319,1397,0.112728
3,319,1397,0.113211
3,319,1397,0.110584
3,319,1397,0.118069
3,320,1398,0.116249
3,320,1398,0.112867
3,320,1398,0.115041
3,320,1398,0.120825
3,320,1398,0.112607
3,320,1398,0.119669
3,320,1398,0.115676
3,320,1398,0.113892
3,321,1399,0.113125
3,321,1399,0.115815
3,321,1399,0.113559
3,321,1399,0.116830
3,321,1399,0.111529
3,321,1399,0.113465
3,321,1399,0.117644
3,321,1399,0.117518
3,322,1400,0.117680
3,322,1400,0.112678
3,322,1400,0.118230
3,322,1400,0.113876
3,322,1400,0.114367
3,322,1400,0.117209
3,322,1400,0.113267
3,322,1400,0.117821
3,323,1401,0.115258
3,323,1401,0.114837
3,323,1401,0.114256
3,323,1401,0.117685
3,323,1401,0.112741
3,323,1401,0.111525
3,323,1401,0.119624
3,323,1401,0.118415
3,324,1402,0.114182
3,324,1402,0.111781
3,324,1402,0.120568
3,324,1402,0.113002
3,324,1402,0.113054
3,324,1402,0.117533
3,324,1402,0.112053
3,324,1402,0.114453
3,325,1403,0.115014
3,325,1403,0.111838
3,325,1403,0.112130
3,325,1403,0.117428
3,325,1403,0.114078
3,325,1403,0.110917
3,325,1403,0.116849
3,325,1403,0.114662
3,326,1404,0.117565
3,326,1404,0.116599
3,326,1404,0.113818
3,326,1404,0.116833
3,326,1404,0.112291
3,326,1404,0.115433
3,326,1404,0.115040
3,326,1404,0.113873
3,327,1405,0.121045
3,327,1405,0.119844
3,327,1405,0.114296
3,327,1405,0.111773
3,327,1405,0.112049
3,327,1405,0.111493
3,327,1405,0.121027
3,327,1405,0.114975
3,328,1406,0.115502
3,328,1406,0.112458
3,328,1406,0.117075
3,328,1406,0.116067
3,328,1406,0.113831
3,328,1406,0.110646
3,328,1406,0.115057
3,328,1406,0.112775
3,329,1407,0.119505
3,329,1407,0.115998
3,329,1407,0.119667
3,329,1407,0.116537
3,329,1407,0.109996
3,329,1407,0.111929
3,329,1407,0.113622
3,329,1407,0.115154
3,330,1408,0.113298
3,330,1408,0.116126
3,330,1408,0.119736
3,330,1408,0.119860
3,330,1408,0.116015
3,330,1408,0.110590
3,330,1408,0.115948
3,330,1408,0.115191
3,331,1409,0.119119
3,331,1409,0.115455
3,331,1409,0.114321
3,331,1409,0.117526
3,331,1409,0.110726
3,331,1409,0.117874
3,331,1409,0.117183
3,331,1409,0.112423
3,332,1410,0.115422
3,332,1410,0.111402
3,332,1410,0.112130
3,332,1410,0.113496
3,332,1410,0.115562
3,332,1410,0.112034
3,332,1410,0.116556
3,332,1410,0.113766
3,333,1411,0.111718
3,333,1411,0.116557
3,333,1411,0.114545
3,333,1411,0.113261
3,333,1411,0.114003
3,333,1411,0.114620
3,333,1411,0.112129
3,333,1411,0.116669
3,334,1412,0.116553
3,334,1412,0.113400
3,334,1412,0.115194
3,334,1412,0.118108
3,334,1412,0.113105
3,334,1412,0.111741
3,334,1412,0.117014
3,334,1412,0.112911
3,335,1413,0.115518
3,335,1413,0.115557
3,335,1413,0.113370
3,335,1413,0.114058
3,335,1413,0.116603
3,335,1413,0.115356
3,335,1413,0.122951
3,335,1413,0.115430
3,336,1414,0.118830
3,336,1414,0.115328
3,336,1414,0.116199
3,336,1414,0.113605
3,336,1414,0.113064
3,336,1414,0.116107
3,336,1414,0.115050
3,336,1414,0.115431
3,337,1415,0.112145
3,337,1415,0.116934
3,337,1415,0.112560
3,337,1415,0.112085
3,337,1415,0.111482
3,337,1415,0.113701
3,337,1415,0.114530
3,337,1415,0.113928
3,338,1416,0.111542
3,338,1416,0.113177
3,338,1416,0.115023
3,338,1416,0.120357
3,338,1416,0.116552
3,338,1416,0.122891
3,338,1416,0.114151
3,338,1416,0.113981
3,339,1417,0.115108
3,339,1417,0.120522
3,339,1417,0.110151
3,339,1417,0.113102
3,339,1417,0.118088
3,339,1417,0.114771
3,339,1417,0.115434
3,339,1417,0.113927
3,340,1418,0.113806
3,340,1418,0.115161
3,340,1418,0.116341
3,340,1418,0.115234
3,340,1418,0.114462
3,340,1418,0.117924
3,340,1418,0.115624
3,340,1418,0.113125
3,341,1419,0.116206
3,341,1419,0.114608
3,341,1419,0.116251
3,341,1419,0.115280
3,341,1419,0.113506
3,341,1419,0.115107
3,341,1419,0.114870
3,341,1419,0.114284
3,342,1420,0.114239
3,342,1420,0.114441
3,342,1420,0.115803
3,342,1420,0.112796
3,342,1420,0.113823
3,342,1420,0.114016
3,342,1420,0.120274
3,342,1420,0.113323
3,343,1421,0.111637
3,343,1421,0.112400
3,343,1421,0.115847
3,343,1421,0.115014
3,343,1421,0.113206
3,343,1421,0.114695
3,343,1421,0.113083
3,343,1421,0.115217
3,344,1422,0.112336
3,344,1422,0.113521
3,344,1422,0.114118
3,344,1422,0.109427
3,344,1422,0.119785
3,344,1422,0.118742
3,344,1422,0.113715
3,344,1422,0.114371
3,345,1423,0.112749
3,345,1423,0.115113
3,345,1423,0.114597
3,345,1423,0.118847
3,345,1423,0.112029
3,345,1423,0.114268
3,345,1423,0.111688
3,345,1423,0.112755
3,346,1424,0.115629
3,346,1424,0.114659
3,346,1424,0.113735
3,346,1424,0.114552
3,346,1424,0.114720
3,346,1424,0.112719
3,346,1424,0.114831
3,346,1424,0.126955
3,347,1425,0.115111
3,347,1425,0.117857
3,347,1425,0.112369
3,347,1425,0.112960
3,347,1425,0.116515
3,347,1425,0.120131
3,347,1425,0.118796
3,347,1425,0.117985
3,348,1426,0.113667
3,348,1426,0.113279
3,348,1426,0.114933
3,348,1426,0.112188
3,348,1426,0.113361
3,348,1426,0.115609
3,348,1426,0.113052
3,348,1426,0.118287
3,349,1427,0.116232
3,349,1427,0.115045
3,349,1427,0.115410
3,349,1427,0.111090
3,349,1427,0.115105
3,349,1427,0.114206
3,349,1427,0.114318
3,349,1427,0.118906
3,350,1428,0.117284
3,350,1428,0.112193
3,350,1428,0.117343
3,350,1428,0.122386
3,350,1428,0.111756
3,350,1428,0.113637
3,350,1428,0.114187
3,350,1428,0.120310
3,351,1429,0.111377
3,351,1429,0.111752
3,351,1429,0.110446
3,351,1429,0.111189
3,351,1429,0.116542
3,351,1429,0.115652
3,351,1429,0.114889
3,351,1429,0.116761
3,352,1430,0.114573
3,352,1430,0.116281
3,352,1430,0.112876
3,352,1430,0.114265
3,352,1430,0.118009
3,352,1430,0.117760
3,352,1430,0.114125
3,352,1430,0.113881
3,353,1431,0.112824
3,353,1431,0.116650
3,353,1431,0.111212
3,353,1431,0.115331
3,353,1431,0.115578
3,353,1431,0.113093
3,353,1431,0.110284
3,353,1431,0.114836
3,354,1432,0.116391
3,354,1432,0.117360
3,354,1432,0.114736
3,354,1432,0.115859
3,354,1432,0.111818
3,354,1432,0.112151
3,354,1432,0.118025
3,354,1432,0.116584
3,355,1433,0.115858
3,355,1433,0.113662
3,355,1433,0.114178
3,355,1433,0.114045
3,355,1433,0.115715
3,355,1433,0.114317
3,355,1433,0.110404
3,355,1433,0.118645
3,356,1434,0.114784
3,356,1434,0.112849
3,356,1434,0.116823
3,356,1434,0.111922
3,356,1434,0.111995
3,356,1434,0.111319
3,356,1434,0.113664
3,356,1434,0.122901
3,357,1435,0.111952
3,357,1435,0.110857
3,357,1435,0.116609
3,357,1435,0.120870
3,357,1435,0.111586
3,357,1435,0.115033
3,357,1435,0.113783
3,357,1435,0.116272
3,358,1436,0.114851
3,358,1436,0.117915
3,358,1436,0.116383
3,358,1436,0.114221
3,358,1436,0.115920
3,358,1436,0.116219
3,358,1436,0.112686
3,358,1436,0.111966
3,359,1437,0.115006
3,359,1437,0.118690
3,359,1437,0.112567
3,359,1437,0.113700
3,359,1437,0.111637
3,359,1437,0.110121
3,359,1437,0.117135
3,359,1437,0.113749
3,360,1438,0.118127
3,360,1438,0.112917
3,360,1438,0.113983
3,360,1438,0.115858
3,360,1438,0.118028
3,360,1438,0.116627
3,360,1438,0.114314
3,360,1438,0.117877
3,361,1439,0.112869
3,361,1439,0.113051
3,361,1439,0.116945
3,361,1439,0.116503
3,361,1439,0.116446
3,361,1439,0.114736
3,361,1439,0.122442
3,361,1439,0.114258
3,362,1440,0.116271
3,362,1440,0.122304
3,362,1440,0.114839
3,362,1440,0.116778
3,362,1440,0.116384
3,362,1440,0.114714
3,362,1440,0.115910
3,362,1440,0.112904
3,363,1441,0.115297
3,363,1441,0.124014
3,363,1441,0.116820
3,363,1441,0.116499
3,363,1441,0.114857
3,363,1441,0.115790
3,363,1441,0.114044
3,363,1441,0.114641
3,364,1442,0.115758
3,364,1442,0.112631
3,364,1442,0.113041
3,364,1442,0.111672
3,364,1442,0.119809
3,364,1442,0.114686
3,364,1442,0.113929
3,364,1442,0.113135
3,365,1443,0.113905
3,365,1443,0.114135
3,365,1443,0.112109
3,365,1443,0.113365
3,365,1443,0.113662
3,365,1443,0.116991
3,365,1443,0.119493
3,365,1443,0.114607
3,366,1444,0.115154
3,366,1444,0.115763
3,366,1444,0.112475
3,366,1444,0.114855
3,366,1444,0.115638
3,366,1444,0.115419
3,366,1444,0.111944
3,366,1444,0.112027
3,367,1445,0.112561
3,367,1445,0.113764
3,367,1445,0.115504
3,367,1445,0.118277
3,367,1445,0.114202
3,367,1445,0.114651
3,367,1445,0.121361
3,367,1445,0.113018
3,368,1446,0.114464
3,368,1446,0.115340
3,368,1446,0.110924
3,368,1446,0.111487
3,368,1446,0.115234
3,368,1446,0.111854
3,368,1446,0.114787
3,368,1446,0.117084
3,369,1447,0.114974
3,369,1447,0.113136
3,369,1447,0.112888
3,369,1447,0.114379
3,369,1447,0.114112
3,369,1447,0.116706
3,369,1447,0.116900
3,369,1447,0.118850
3,370,1448,0.111429
3,370,1448,0.112503
3,370,1448,0.113703
3,370,1448,0.113955
3,370,1448,0.109664
3,370,1448,0.118240
3,370,1448,0.121595
3,370,1448,0.112036
3,371,1449,0.112600
3,371,1449,0.112772
3,371,1449,0.110641
3,371,1449,0.135643
3,371,1449,0.111301
3,371,1449,0.114479
3,371,1449,0.113087
3,371,1449,0.119507
3,372,1450,0.114927
3,372,1450,0.117718
3,372,1450,0.114815
3,372,1450,0.114826
3,372,1450,0.119462
3,372,1450,0.112159
3,372,1450,0.110766
3,372,1450,0.117201
3,373,1451,0.115797
3,373,1451,0.111330
3,373,1451,0.111583
3,373,1451,0.112969
3,373,1451,0.115537
3,373,1451,0.117710
3,373,1451,0.111725
3,373,1451,0.114845
3,374,1452,0.121645
3,374,1452,0.113107
3,374,1452,0.114374
3,374,1452,0.116391
3,374,1452,0.113834
3,374,1452,0.113947
3,374,1452,0.115139
3,374,1452,0.118137
3,375,1453,0.115417
3,375,1453,0.114502
3,375,1453,0.115356
3,375,1453,0.113200
3,375,1453,0.110689
3,375,1453,0.111472
3,375,1453,0.114227
3,375,1453,0.109241
3,376,1454,0.112491
3,376,1454,0.111857
3,376,1454,0.118841
3,376,1454,0.117231
3,376,1454,0.114184
3,376,1454,0.113832
3,376,1454,0.113104
3,376,1454,0.115589
3,377,1455,0.112295
3,377,1455,0.116437
3,377,1455,0.117127
3,377,1455,0.111356
3,377,1455,0.111144
3,377,1455,0.118712
3,377,1455,0.115897
3,377,1455,0.116702
3,378,1456,0.119909
3,378,1456,0.116684
3,378,1456,0.114573
3,378,1456,0.114813
3,378,1456,0.113209
3,378,1456,0.116057
3,378,1456,0.112933
3,378,1456,0.115465
3,379,1457,0.108286
3,379,1457,0.110079
3,379,1457,0.114085
3,379,1457,0.114283
3,379,1457,0.111224
3,379,1457,0.121185
3,379,1457,0.118126
3,379,1457,0.114836
3,380,1458,0.116516
3,380,1458,0.110798
3,380,1458,0.110851
3,380,1458,0.116922
3,380,1458,0.115715
3,380,1458,0.111907
3,380,1458,0.114810
3,380,1458,0.117604
3,381,1459,0.116587
3,381,1459,0.114891
3,381,1459,0.117208
3,381,1459,0.115437
3,381,1459,0.116176
3,381,1459,0.117469
3,381,1459,0.114421
3,381,1459,0.115172
3,382,1460,0.113835
3,382,1460,0.117094
3,382,1460,0.116148
3,382,1460,0.118309
3,382,1460,0.112244
3,382,1460,0.113159
3,382,1460,0.112170
3,382,1460,0.113048
3,383,1461,0.116255
3,383,1461,0.111809
3,383,1461,0.125120
3,383,1461,0.117489
3,383,1461,0.120145
3,383,1461,0.113709
3,383,1461,0.115922
3,383,1461,0.113427
3,384,1462,0.117112
3,384,1462,0.114358
3,384,1462,0.114772
3,384,1462,0.113286
3,384,1462,0.115651
3,384,1462,0.111525
3,384,1462,0.110816
3,384,1462,0.114412
3,385,1463,0.114933
3,385,1463,0.119468
3,385,1463,0.112805
3,385,1463,0.121907
3,385,1463,0.112005
3,385,1463,0.118789
3,385,1463,0.115817
3,385,1463,0.113470
3,386,1464,0.119361
3,386,1464,0.113858
3,386,1464,0.113118
3,386,1464,0.114385
3,386,1464,0.116913
3,386,1464,0.116906
3,386,1464,0.117894
3,386,1464,0.113150
3,387,1465,0.113841
3,387,1465,0.119218
3,387,1465,0.116689
3,387,1465,0.111200
3,387,1465,0.119274
3,387,1465,0.116270
3,387,1465,0.118562
3,387,1465,0.112559
3,388,1466,0.115984
3,388,1466,0.119983
3,388,1466,0.112628
3,388,1466,0.113523
3,388,1466,0.114969
3,388,1466,0.114385
3,388,1466,0.111251
3,388,1466,0.113873
3,389,1467,0.121594
3,389,1467,0.113185
3,389,1467,0.116408
3,389,1467,0.116931
3,389,1467,0.118046
3,389,1467,0.114294
3,389,1467,0.115690
3,389,1467,0.114179
3,390,1468,0.113379
3,390,1468,0.117426
3,390,1468,0.113827
3,390,1468,0.112358
3,390,1468,0.115188
3,390,1468,0.113308
3,390,1468,0.113207
3,390,1468,0.111221
3,391,1469,0.113247
3,391,1469,0.114179
3,391,1469,0.112954
3,391,1469,0.121016
3,391,1469,0.111531
3,391,1469,0.115478
3,391,1469,0.117660
3,391,1469,0.114112
3,392,1470,0.111530
3,392,1470,0.114110
3,392,1470,0.120420
3,392,1470,0.114988
3,392,1470,0.114681
3,392,1470,0.113706
3,392,1470,0.120315
3,392,1470,0.113283
3,393,1471,0.114260
3,393,1471,0.114562
3,393,1471,0.114610
3,393,1471,0.111863
3,393,1471,0.116885
3,393,1471,0.117823
3,393,1471,0.114317
3,393,1471,0.115006
3,394,1472,0.113768
3,394,1472,0.112964
3,394,1472,0.113700
3,394,1472,0.108894
3,394,1472,0.113335
3,394,1472,0.118408
3,394,1472,0.110817
3,394,1472,0.112567
3,395,1473,0.111866
3,395,1473,0.114825
3,395,1473,0.114062
3,395,1473,0.114843
3,395,1473,0.114646
3,395,1473,0.116449
3,395,1473,0.112684
3,395,1473,0.111909
3,396,1474,0.116436
3,396,1474,0.115073
3,396,1474,0.115335
3,396,1474,0.114951
3,396,1474,0.121376
3,396,1474,0.116335
3,396,1474,0.114756
3,396,1474,0.113409
3,397,1475,0.116566
3,397,1475,0.115949
3,397,1475,0.116326
3,397,1475,0.117419
3,397,1475,0.112043
3,397,1475,0.112946
3,397,1475,0.114562
3,397,1475,0.118155
3,398,1476,0.117589
3,398,1476,0.114717
3,398,1476,0.116493
3,398,1476,0.112793
3,398,1476,0.113507
3,398,1476,0.116424
3,398,1476,0.112220
3,398,1476,0.111425
3,399,1477,0.111479
3,399,1477,0.116499
3,399,1477,0.113990
3,399,1477,0.114919
3,399,1477,0.119600
3,399,1477,0.116896
3,399,1477,0.113956
3,399,1477,0.116985
3,400,1478,0.115934
3,400,1478,0.116538
3,400,1478,0.116719
3,400,1478,0.114561
3,400,1478,0.113141
3,400,1478,0.111425
3,400,1478,0.108953
3,400,1478,0.114399
3,401,1479,0.114736
3,401,1479,0.118824
3,401,1479,0.110470
3,401,1479,0.113418
3,401,1479,0.116117
3,401,1479,0.116334
3,401,1479,0.112872
3,401,1479,0.113199
3,402,1480,0.117549
3,402,1480,0.117938
3,402,1480,0.119459
3,402,1480,0.114725
3,402,1480,0.114207
3,402,1480,0.113636
3,402,1480,0.113137
3,402,1480,0.122230
3,403,1481,0.116024
3,403,1481,0.114132
3,403,1481,0.112992
3,403,1481,0.114027
3,403,1481,0.114096
3,403,1481,0.114828
3,403,1481,0.114957
3,403,1481,0.115341
3,404,1482,0.113537
3,404,1482,0.115470
3,404,1482,0.114984
3,404,1482,0.113843
3,404,1482,0.116747
3,404,1482,0.114009
3,404,1482,0.115584
3,404,1482,0.119895
3,405,1483,0.113858
3,405,1483,0.119622
3,405,1483,0.118140
3,405,1483,0.115429
3,405,1483,0.113715
3,405,1483,0.119598
3,405,1483,0.115365
3,405,1483,0.113016
3,406,1484,0.120621
3,406,1484,0.114704
3,406,1484,0.114053
3,406,1484,0.113521
3,406,1484,0.114517
3,406,1484,0.114782
3,406,1484,0.113269
3,406,1484,0.113489
3,407,1485,0.116556
3,407,1485,0.118987
3,407,1485,0.116438
3,407,1485,0.116517
3,407,1485,0.110766
3,407,1485,0.112654
3,407,1485,0.114579
3,407,1485,0.113318
3,408,1486,0.119795
3,408,1486,0.117802
3,408,1486,0.115968
3,408,1486,0.114709
3,408,1486,0.113912
3,408,1486,0.114620
3,408,1486,0.118619
3,408,1486,0.114810
3,409,1487,0.114663
3,409,1487,0.115546
3,409,1487,0.111796
3,409,1487,0.115525
3,409,1487,0.113139
3,409,1487,0.114603
3,409,1487,0.112636
3,409,1487,0.113469
3,410,1488,0.116381
3,410,1488,0.120356
3,410,1488,0.117991
3,410,1488,0.112157
3,410,1488,0.112527
3,410,1488,0.114940
3,410,1488,0.113119
3,410,1488,0.113136
3,411,1489,0.116194
3,411,1489,0.110926
3,411,1489,0.114970
3,411,1489,0.112989
3,411,1489,0.116759
3,411,1489,0.118864
3,411,1489,0.115345
3,411,1489,0.113415
3,412,1490,0.115685
3,412,1490,0.117622
3,412,1490,0.111419
3,412,1490,0.117489
3,412,1490,0.113018
3,412,1490,0.114331
3,412,1490,0.112247
3,412,1490,0.112109
3,413,1491,0.114994
3,413,1491,0.114156
3,413,1491,0.112883
3,413,1491,0.119652
3,413,1491,0.117178
3,413,1491,0.111090
3,413,1491,0.117918
3,413,1491,0.113730
3,414,1492,0.115958
3,414,1492,0.115585
3,414,1492,0.117578
3,414,1492,0.111736
3,414,1492,0.111503
3,414,1492,0.118603
3,414,1492,0.113826
3,414,1492,0.115927
3,415,1493,0.114134
3,415,1493,0.115300
3,415,1493,0.116698
3,415,1493,0.112221
3,415,1493,0.113090
3,415,1493,0.110122
3,415,1493,0.118617
3,415,1493,0.113042
3,416,1494,0.114831
3,416,1494,0.115322
3,416,1494,0.119344
3,416,1494,0.117283
3,416,1494,0.114794
3,416,1494,0.112581
3,416,1494,0.113009
3,416,1494,0.112478
3,417,1495,0.114963
3,417,1495,0.111554
3,417,1495,0.112889
3,417,1495,0.115986
3,417,1495,0.111608
3,417,1495,0.114159
3,417,1495,0.115976
3,417,1495,0.113298
3,418,1496,0.110673
3,418,1496,0.116564
3,418,1496,0.115296
3,418,1496,0.118238
3,418,1496,0.113257
3,418,1496,0.115094
3,418,1496,0.111883
3,418,1496,0.114150
3,419,1497,0.112949
3,419,1497,0.112904
3,419,1497,0.111667
3,419,1497,0.111382
3,419,1497,0.120197
3,419,1497,0.113866
3,419,1497,0.111593
3,419,1497,0.119371
3,420,1498,0.113960
3,420,1498,0.114993
3,420,1498,0.115752
3,420,1498,0.126164
3,420,1498,0.112193
3,420,1498,0.116552
3,420,1498,0.117650
3,420,1498,0.112993
3,421,1499,0.113096
3,421,1499,0.114018
3,421,1499,0.113599
3,421,1499,0.118676
3,421,1499,0.112169
3,421,1499,0.111636
3,421,1499,0.115360
3,421,1499,0.113332
3,422,1500,0.112792
3,422,1500,0.115676
3,422,1500,0.115141
3,422,1500,0.114644
3,422,1500,0.114795
3,422,1500,0.122354
3,422,1500,0.113822
3,422,1500,0.115170
3,423,1501,0.116065
3,423,1501,0.123499
3,423,1501,0.115634
3,423,1501,0.119239
3,423,1501,0.113820
3,423,1501,0.116815
3,423,1501,0.115641
3,423,1501,0.114113
3,424,1502,0.111487
3,424,1502,0.113044
3,424,1502,0.118733
3,424,1502,0.112973
3,424,1502,0.112379
3,424,1502,0.114133
3,424,1502,0.115858
3,424,1502,0.115689
3,425,1503,0.111503
3,425,1503,0.119665
3,425,1503,0.113212
3,425,1503,0.114973
3,425,1503,0.117546
3,425,1503,0.113632
3,425,1503,0.114065
3,425,1503,0.113800
3,426,1504,0.113849
3,426,1504,0.112420
3,426,1504,0.111202
3,426,1504,0.111996
3,426,1504,0.115213
3,426,1504,0.111480
3,426,1504,0.112448
3,426,1504,0.113099
3,427,1505,0.114235
3,427,1505,0.116908
3,427,1505,0.113795
3,427,1505,0.116374
3,427,1505,0.112327
3,427,1505,0.116897
3,427,1505,0.118669
3,427,1505,0.116287
3,428,1506,0.117999
3,428,1506,0.115910
3,428,1506,0.115333
3,428,1506,0.116205
3,428,1506,0.111245
3,428,1506,0.115158
3,428,1506,0.113133
3,428,1506,0.115376
3,429,1507,0.112965
3,429,1507,0.113065
3,429,1507,0.117705
3,429,1507,0.113380
3,429,1507,0.115653
3,429,1507,0.115542
3,429,1507,0.114626
3,429,1507,0.112895
3,430,1508,0.114821
3,430,1508,0.116366
3,430,1508,0.112658
3,430,1508,0.115333
3,430,1508,0.121712
3,430,1508,0.117455
3,430,1508,0.117972
3,430,1508,0.111217
3,431,1509,0.115907
3,431,1509,0.109408
3,431,1509,0.117972
3,431,1509,0.113444
3,431,1509,0.112892
3,431,1509,0.113647
3,431,1509,0.115776
3,431,1509,0.111732
3,432,1510,0.116572
3,432,1510,0.112732
3,432,1510,0.118761
3,432,1510,0.112269
3,432,1510,0.116159
3,432,1510,0.115406
3,432,1510,0.116591
3,432,1510,0.118523
3,433,1511,0.113225
3,433,1511,0.114329
3,433,1511,0.111532
3,433,1511,0.115441
3,433,1511,0.113814
3,433,1511,0.112128
3,433,1511,0.112149
3,433,1511,0.113244
3,434,1512,0.117714
3,434,1512,0.115670
3,434,1512,0.115737
3,434,1512,0.111664
3,434,1512,0.113182
3,434,1512,0.110294
3,434,1512,0.112817
3,434,1512,0.119640
3,435,1513,0.115968
3,435,1513,0.111356
3,435,1513,0.114706
3,435,1513,0.114140
3,435,1513,0.112110
3,435,1513,0.116717
3,435,1513,0.121474
3,435,1513,0.113278
3,436,1514,0.117029
3,436,1514,0.112095
3,436,1514,0.112649
3,436,1514,0.122389
3,436,1514,0.109546
3,436,1514,0.122497
3,436,1514,0.112520
3,436,1514,0.113528
3,437,1515,0.112083
3,437,1515,0.115455
3,437,1515,0.114764
3,437,1515,0.113629
3,437,1515,0.110958
3,437,1515,0.114257
3,437,1515,0.118676
3,437,1515,0.115177
3,438,1516,0.117236
3,438,1516,0.113209
3,438,1516,0.113811
3,438,1516,0.112061
3,438,1516,0.114139
3,438,1516,0.114224
3,438,1516,0.113855
3,438,1516,0.113875
3,439,1517,0.113997
3,439,1517,0.115260
3,439,1517,0.117261
3,439,1517,0.117661
3,439,1517,0.113840
3,439,1517,0.113937
3,439,1517,0.110738
3,439,1517,0.111525
3,440,1518,0.115032
3,440,1518,0.113148
3,440,1518,0.111515
3,440,1518,0.116506
3,440,1518,0.113718
3,440,1518,0.113220
3,440,1518,0.119551
3,440,1518,0.112622
3,441,1519,0.112762
3,441,1519,0.114976
3,441,1519,0.115136
3,441,1519,0.115938
3,441,1519,0.117624
3,441,1519,0.117147
3,441,1519,0.113949
3,441,1519,0.118614
3,442,1520,0.113612
3,442,1520,0.112897
3,442,1520,0.112873
3,442,1520,0.111341
3,442,1520,0.112936
3,442,1520,0.119621
3,442,1520,0.111008
3,442,1520,0.113445
3,443,1521,0.116519
3,443,1521,0.115890
3,443,1521,0.111796
3,443,1521,0.117469
3,443,1521,0.111984
3,443,1521,0.114512
3,443,1521,0.112744
3,443,1521,0.115966
3,444,1522,0.115207
3,444,1522,0.120522
3,444,1522,0.113406
3,444,1522,0.115965
3,444,1522,0.113611
3,444,1522,0.114611
3,444,1522,0.112437
3,444,1522,0.115550
3,445,1523,0.112280
3,445,1523,0.111017
3,445,1523,0.114666
3,445,1523,0.113480
3,445,1523,0.119613
3,445,1523,0.114453
3,445,1523,0.117793
3,445,1523,0.115409
3,446,1524,0.114203
3,446,1524,0.115065
3,446,1524,0.112828
3,446,1524,0.114013
3,446,1524,0.116074
3,446,1524,0.115289
3,446,1524,0.111811
3,446,1524,0.115474
3,447,1525,0.115622
3,447,1525,0.117358
3,447,1525,0.115031
3,447,1525,0.116052
3,447,1525,0.113180
3,447,1525,0.116503
3,447,1525,0.119674
3,447,1525,0.109316
3,448,1526,0.116136
3,448,1526,0.112779
3,448,1526,0.122204
3,448,1526,0.115019
3,448,1526,0.114151
3,448,1526,0.114511
3,448,1526,0.117131
3,448,1526,0.115059
3,449,1527,0.117827
3,449,1527,0.115336
3,449,1527,0.118242
3,449,1527,0.112496
3,449,1527,0.121489
3,449,1527,0.119088
3,449,1527,0.113390
3,449,1527,0.108831
3,450,1528,0.114631
3,450,1528,0.113248
3,450,1528,0.117428
3,450,1528,0.111083
3,450,1528,0.115026
3,450,1528,0.114168
3,450,1528,0.111382
3,450,1528,0.112857
3,451,1529,0.113557
3,451,1529,0.112406
3,451,1529,0.113904
3,451,1529,0.112366
3,451,1529,0.115015
3,451,1529,0.115368
3,451,1529,0.114379
3,451,1529,0.116959
3,452,1530,0.112456
3,452,1530,0.118120
3,452,1530,0.113021
3,452,1530,0.113387
3,452,1530,0.114069
3,452,1530,0.113649
3,452,1530,0.112925
3,452,1530,0.112458
3,453,1531,0.111176
3,453,1531,0.118059
3,453,1531,0.111628
3,453,1531,0.110868
3,453,1531,0.113230
3,453,1531,0.111537
3,453,1531,0.118276
3,453,1531,0.118458
3,454,1532,0.110635
3,454,1532,0.111453
3,454,1532,0.113400
3,454,1532,0.116136
3,454,1532,0.110969
3,454,1532,0.112303
3,454,1532,0.112968
3,454,1532,0.114911
3,455,1533,0.113040
3,455,1533,0.114218
3,455,1533,0.119704
3,455,1533,0.113575
3,455,1533,0.113357
3,455,1533,0.111986
3,455,1533,0.113750
3,455,1533,0.114134
3,456,1534,0.115165
3,456,1534,0.109395
3,456,1534,0.116414
3,456,1534,0.116384
3,456,1534,0.110709
3,456,1534,0.116113
3,456,1534,0.114372
3,456,1534,0.112879
3,457,1535,0.113977
3,457,1535,0.113478
3,457,1535,0.111641
3,457,1535,0.115493
3,457,1535,0.113571
3,457,1535,0.113980
3,457,1535,0.112860
3,457,1535,0.115825
3,458,1536,0.116068
3,458,1536,0.111956
3,458,1536,0.116383
3,458,1536,0.118190
3,458,1536,0.115603
3,458,1536,0.115157
3,458,1536,0.115723
3,458,1536,0.111064
3,459,1537,0.112286
3,459,1537,0.114742
3,459,1537,0.113955
3,459,1537,0.111646
3,459,1537,0.117624
3,459,1537,0.118466
3,459,1537,0.115506
3,459,1537,0.110329
3,460,1538,0.117689
3,460,1538,0.112779
3,460,1538,0.115841
3,460,1538,0.112503
3,460,1538,0.114554
3,460,1538,0.116210
3,460,1538,0.114936
3,460,1538,0.114794
3,461,1539,0.120791
3,461,1539,0.116280
3,461,1539,0.115296
3,461,1539,0.116549
3,461,1539,0.115581
3,461,1539,0.115009
3,461,1539,0.115224
3,461,1539,0.114398
3,462,1540,0.119690
3,462,1540,0.115661
3,462,1540,0.119080
3,462,1540,0.111085
3,462,1540,0.116105
3,462,1540,0.114772
3,462,1540,0.113300
3,462,1540,0.117111
3,463,1541,0.115031
3,463,1541,0.118830
3,463,1541,0.116761
3,463,1541,0.114917
3,463,1541,0.110716
3,463,1541,0.118621
3,463,1541,0.116538
3,463,1541,0.113933
3,464,1542,0.115262
3,464,1542,0.113420
3,464,1542,0.115248
3,464,1542,0.121778
3,464,1542,0.111288
3,464,1542,0.113289
3,464,1542,0.112311
3,464,1542,0.114703
3,465,1543,0.116905
3,465,1543,0.118218
3,465,1543,0.116542
3,465,1543,0.112391
3,465,1543,0.111390
3,465,1543,0.113681
3,465,1543,0.119675
3,465,1543,0.121649
3,466,1544,0.113998
3,466,1544,0.114724
3,466,1544,0.112210
3,466,1544,0.115350
3,466,1544,0.112481
3,466,1544,0.115866
3,466,1544,0.114265
3,466,1544,0.117453
3,467,1545,0.113621
3,467,1545,0.114601
3,467,1545,0.115186
3,467,1545,0.117465
3,467,1545,0.114963
3,467,1545,0.113929
3,467,1545,0.116783
3,467,1545,0.112962
3,468,1546,0.113750
3,468,1546,0.112051
3,468,1546,0.114638
3,468,1546,0.111815
3,468,1546,0.118585
3,468,1546,0.113111
3,468,1546,0.116596
3,468,1546,0.117135
3,469,1547,0.113347
3,469,1547,0.117832
3,469,1547,0.114075
3,469,1547,0.109879
3,469,1547,0.117202
3,469,1547,0.115145
3,469,1547,0.118430
3,469,1547,0.115144
3,470,1548,0.118341
3,470,1548,0.114323
3,470,1548,0.115115
3,470,1548,0.118748
3,470,1548,0.111584
3,470,1548,0.112605
3,470,1548,0.112018
3,470,1548,0.116830
3,471,1549,0.114708
3,471,1549,0.115244
3,471,1549,0.114945
3,471,1549,0.114561
3,471,1549,0.117493
3,471,1549,0.116722
3,471,1549,0.111346
3,471,1549,0.113856
3,472,1550,0.116834
3,472,1550,0.113562
3,472,1550,0.114407
3,472,1550,0.116090
3,472,1550,0.115659
3,472,1550,0.115998
3,472,1550,0.110623
3,472,1550,0.114548
3,473,1551,0.114906
3,473,1551,0.111381
3,473,1551,0.111824
3,473,1551,0.117587
3,473,1551,0.114189
3,473,1551,0.109963
3,473,1551,0.112619
3,473,1551,0.117087
3,474,1552,0.114153
3,474,1552,0.113370
3,474,1552,0.113099
3,474,1552,0.116565
3,474,1552,0.113584
3,474,1552,0.114929
3,474,1552,0.114990
3,474,1552,0.116157
3,475,1553,0.111615
3,475,1553,0.116729
3,475,1553,0.115881
3,475,1553,0.113195
3,475,1553,0.119132
3,475,1553,0.116081
3,475,1553,0.115834
3,475,1553,0.110300
3,476,1554,0.112283
3,476,1554,0.116477
3,476,1554,0.117590
3,476,1554,0.116432
3,476,1554,0.110170
3,476,1554,0.116241
3,476,1554,0.119037
3,476,1554,0.112248
3,477,1555,0.112260
3,477,1555,0.112964
3,477,1555,0.116270
3,477,1555,0.111742
3,477,1555,0.114503
3,477,1555,0.113546
3,477,1555,0.114465
3,477,1555,0.114588
3,478,1556,0.120712
3,478,1556,0.112421
3,478,1556,0.115543
3,478,1556,0.120160
3,478,1556,0.118022
3,478,1556,0.120157
3,478,1556,0.114300
3,478,1556,0.114719
3,479,1557,0.113460
3,479,1557,0.111023
3,479,1557,0.116132
3,479,1557,0.112273
3,479,1557,0.112266
3,479,1557,0.115616
3,479,1557,0.115970
3,479,1557,0.115230
3,480,1558,0.115707
3,480,1558,0.116804
3,480,1558,0.116039
3,480,1558,0.114037
3,480,1558,0.112248
3,480,1558,0.114334
3,480,1558,0.112498
3,480,1558,0.114920
3,481,1559,0.117066
3,481,1559,0.114141
3,481,1559,0.112027
3,481,1559,0.115546
3,481,1559,0.114657
3,481,1559,0.112338
3,481,1559,0.111186
3,481,1559,0.112103
3,482,1560,0.117383
3,482,1560,0.112914
3,482,1560,0.116179
3,482,1560,0.112268
3,482,1560,0.121538
3,482,1560,0.117034
3,482,1560,0.111331
3,482,1560,0.114178
3,483,1561,0.114444
3,483,1561,0.111761
3,483,1561,0.120035
3,483,1561,0.112650
3,483,1561,0.113821
3,483,1561,0.115604
3,483,1561,0.117615
3,483,1561,0.117621
3,484,1562,0.118548
3,484,1562,0.114611
3,484,1562,0.115940
3,484,1562,0.113634
3,484,1562,0.114330
3,484,1562,0.116527
3,484,1562,0.113924
3,484,1562,0.115355
3,485,1563,0.113076
3,485,1563,0.111381
3,485,1563,0.115687
3,485,1563,0.115236
3,485,1563,0.114115
3,485,1563,0.113904
3,485,1563,0.117161
3,485,1563,0.120030
3,486,1564,0.120272
3,486,1564,0.111986
3,486,1564,0.121020
3,486,1564,0.115120
3,486,1564,0.114493
3,486,1564,0.117695
3,486,1564,0.115982
3,486,1564,0.116992
3,487,1565,0.118782
3,487,1565,0.115594
3,487,1565,0.113524
3,487,1565,0.114200
3,487,1565,0.112034
3,487,1565,0.119801
3,487,1565,0.120592
3,487,1565,0.115113
3,488,1566,0.115365
3,488,1566,0.115468
3,488,1566,0.113320
3,488,1566,0.112745
3,488,1566,0.118557
3,488,1566,0.114984
3,488,1566,0.114108
3,488,1566,0.116550
3,489,1567,0.116139
3,489,1567,0.112520
3,489,1567,0.115167
3,489,1567,0.114570
3,489,1567,0.109639
3,489,1567,0.111975
3,489,1567,0.119142
3,489,1567,0.111243
3,490,1568,0.118949
3,490,1568,0.116558
3,490,1568,0.115418
3,490,1568,0.120125
3,490,1568,0.113795
3,490,1568,0.116010
3,490,1568,0.110891
3,490,1568,0.113598
3,491,1569,0.114189
3,491,1569,0.112075
3,491,1569,0.115368
3,491,1569,0.109721
3,491,1569,0.114333
3,491,1569,0.117840
3,491,1569,0.110428
3,491,1569,0.114701
3,492,1570,0.114104
3,492,1570,0.114083
3,492,1570,0.112958
3,492,1570,0.117771
3,492,1570,0.119129
3,492,1570,0.117892
3,492,1570,0.117289
3,492,1570,0.117765
3,493,1571,0.117543
3,493,1571,0.117295
3,493,1571,0.111765
3,493,1571,0.115005
3,493,1571,0.113567
3,493,1571,0.113953
3,493,1571,0.113778
3,493,1571,0.118109
3,494,1572,0.113521
3,494,1572,0.113242
3,494,1572,0.114582
3,494,1572,0.114050
3,494,1572,0.121319
3,494,1572,0.110922
3,494,1572,0.115049
3,494,1572,0.114667
3,495,1573,0.115254
3,495,1573,0.109178
3,495,1573,0.112967
3,495,1573,0.113924
3,495,1573,0.113024
3,495,1573,0.114152
3,495,1573,0.116286
3,495,1573,0.115659
3,496,1574,0.112761
3,496,1574,0.114635
3,496,1574,0.111438
3,496,1574,0.114896
3,496,1574,0.116731
3,496,1574,0.115331
3,496,1574,0.113585
3,496,1574,0.112235
3,497,1575,0.117086
3,497,1575,0.118365
3,497,1575,0.112073
3,497,1575,0.112150
3,497,1575,0.111498
3,497,1575,0.113272
3,497,1575,0.117984
3,497,1575,0.114985
3,498,1576,0.116118
3,498,1576,0.115796
3,498,1576,0.113928
3,498,1576,0.112107
3,498,1576,0.112829
3,498,1576,0.114622
3,498,1576,0.120390
3,498,1576,0.116615
3,499,1577,0.112321
3,499,1577,0.116699
3,499,1577,0.112918
3,499,1577,0.110849
3,499,1577,0.114199
3,499,1577,0.118849
3,499,1577,0.116294
3,499,1577,0.119488
3,500,1578,0.115960
3,500,1578,0.113511
3,500,1578,0.112181
3,500,1578,0.113698
3,500,1578,0.114128
3,500,1578,0.116111
3,500,1578,0.115279
3,500,1578,0.113125
3,501,1579,0.112624
3,501,1579,0.116397
3,501,1579,0.113378
3,501,1579,0.110713
3,501,1579,0.112831
3,501,1579,0.114879
3,501,1579,0.116213
3,501,1579,0.113629
3,502,1580,0.115493
3,502,1580,0.111712
3,502,1580,0.111341
3,502,1580,0.117234
3,502,1580,0.112269
3,502,1580,0.113681
3,502,1580,0.113760
3,502,1580,0.116525
3,503,1581,0.113422
3,503,1581,0.116920
3,503,1581,0.110577
3,503,1581,0.118216
3,503,1581,0.118742
3,503,1581,0.114602
3,503,1581,0.112440
3,503,1581,0.116839
3,504,1582,0.115550
3,504,1582,0.109921
3,504,1582,0.114835
3,504,1582,0.114768
3,504,1582,0.112653
3,504,1582,0.112774
3,504,1582,0.116751
3,504,1582,0.116726
3,505,1583,0.116721
3,505,1583,0.121490
3,505,1583,0.114622
3,505,1583,0.111958
3,505,1583,0.111454
3,505,1583,0.112036
3,505,1583,0.118540
3,505,1583,0.111461
3,506,1584,0.113739
3,506,1584,0.115686
3,506,1584,0.115332
3,506,1584,0.115464
3,506,1584,0.113743
3,506,1584,0.111033
3,506,1584,0.112147
3,506,1584,0.113434
3,507,1585,0.115032
3,507,1585,0.114030
3,507,1585,0.112971
3,507,1585,0.119749
3,507,1585,0.113321
3,507,1585,0.112191
3,507,1585,0.120668
3,507,1585,0.119708
3,508,1586,0.114323
3,508,1586,0.117421
3,508,1586,0.114235
3,508,1586,0.111972
3,508,1586,0.120483
3,508,1586,0.116423
3,508,1586,0.113271
3,508,1586,0.121181
3,509,1587,0.110648
3,509,1587,0.115353
3,509,1587,0.113704
3,509,1587,0.111843
3,509,1587,0.114871
3,509,1587,0.113646
3,509,1587,0.112779
3,509,1587,0.122231
3,510,1588,0.112769
3,510,1588,0.114198
3,510,1588,0.115385
3,510,1588,0.111046
3,510,1588,0.120091
3,510,1588,0.114210
3,510,1588,0.114692
3,510,1588,0.113807
3,511,1589,0.114892
3,511,1589,0.115377
3,511,1589,0.116183
3,511,1589,0.112561
3,511,1589,0.114992
3,511,1589,0.114741
3,511,1589,0.109827
3,511,1589,0.110312
3,512,1590,0.111772
3,512,1590,0.111943
3,512,1590,0.120018
3,512,1590,0.111710
3,512,1590,0.115929
3,512,1590,0.112922
3,512,1590,0.113032
3,512,1590,0.116266
3,513,1591,0.117887
3,513,1591,0.116169
3,513,1591,0.114069
3,513,1591,0.112424
3,513,1591,0.115957
3,513,1591,0.112405
3,513,1591,0.112546
3,513,1591,0.115152
3,514,1592,0.114423
3,514,1592,0.114376
3,514,1592,0.115669
3,514,1592,0.114504
3,514,1592,0.112881
3,514,1592,0.113226
3,514,1592,0.111520
3,514,1592,0.112676
3,515,1593,0.116738
3,515,1593,0.115811
3,515,1593,0.119938
3,515,1593,0.111066
3,515,1593,0.115226
3,515,1593,0.115631
3,515,1593,0.115647
3,515,1593,0.111779
3,516,1594,0.115904
3,516,1594,0.115451
3,516,1594,0.114882
3,516,1594,0.115734
3,516,1594,0.115788
3,516,1594,0.117978
3,516,1594,0.118901
3,516,1594,0.114444
3,517,1595,0.111498
3,517,1595,0.111874
3,517,1595,0.116033
3,517,1595,0.113613
3,517,1595,0.113896
3,517,1595,0.121039
3,517,1595,0.114696
3,517,1595,0.116950
3,518,1596,0.112318
3,518,1596,0.109855
3,518,1596,0.114133
3,518,1596,0.113461
3,518,1596,0.116835
3,518,1596,0.117159
3,518,1596,0.114423
3,518,1596,0.117986
3,519,1597,0.115585
3,519,1597,0.112769
3,519,1597,0.116923
3,519,1597,0.111892
3,519,1597,0.110236
3,519,1597,0.115464
3,519,1597,0.112330
3,519,1597,0.114634
3,520,1598,0.114658
3,520,1598,0.112250
3,520,1598,0.119053
3,520,1598,0.114831
3,520,1598,0.120782
3,520,1598,0.113283
3,520,1598,0.117084
3,520,1598,0.110695
3,521,1599,0.114337
3,521,1599,0.116159
3,521,1599,0.111943
3,521,1599,0.117679
3,521,1599,0.113787
3,521,1599,0.115325
3,521,1599,0.114086
3,521,1599,0.110847
3,522,1600,0.114840
3,522,1600,0.116916
3,522,1600,0.115398
3,522,1600,0.120312
3,522,1600,0.114452
3,522,1600,0.113939
3,522,1600,0.114261
3,522,1600,0.113886
3,523,1601,0.116621
3,523,1601,0.115397
3,523,1601,0.112707
3,523,1601,0.113649
3,523,1601,0.114402
3,523,1601,0.121841
3,523,1601,0.116626
3,523,1601,0.113936
3,524,1602,0.114218
3,524,1602,0.114979
3,524,1602,0.111611
3,524,1602,0.111569
3,524,1602,0.117781
3,524,1602,0.114601
3,524,1602,0.112453
3,524,1602,0.118367
3,525,1603,0.114735
3,525,1603,0.116716
3,525,1603,0.109955
3,525,1603,0.113730
3,525,1603,0.113914
3,525,1603,0.115496
3,525,1603,0.115396
3,525,1603,0.112539
3,526,1604,0.111895
3,526,1604,0.119460
3,526,1604,0.116368
3,526,1604,0.116648
3,526,1604,0.116417
3,526,1604,0.115307
3,526,1604,0.113860
3,526,1604,0.118426
3,527,1605,0.116437
3,527,1605,0.111109
3,527,1605,0.112365
3,527,1605,0.112744
3,527,1605,0.115060
3,527,1605,0.122402
3,527,1605,0.118373
3,527,1605,0.114036
3,528,1606,0.117493
3,528,1606,0.113134
3,528,1606,0.110942
3,528,1606,0.116153
3,528,1606,0.113527
3,528,1606,0.115706
3,528,1606,0.113994
3,528,1606,0.113995
3,529,1607,0.123585
3,529,1607,0.117802
3,529,1607,0.112296
3,529,1607,0.111197
3,529,1607,0.119848
3,529,1607,0.115275
3,529,1607,0.112428
3,529,1607,0.114318
3,530,1608,0.115876
3,530,1608,0.112275
3,530,1608,0.113467
3,530,1608,0.118695
3,530,1608,0.111886
3,530,1608,0.115477
3,530,1608,0.116612
3,530,1608,0.112744
3,531,1609,0.121191
3,531,1609,0.115681
3,531,1609,0.116523
3,531,1609,0.110769
3,531,1609,0.109835
3,531,1609,0.114449
3,531,1609,0.115096
3,531,1609,0.110365
3,532,1610,0.115784
3,532,1610,0.108967
3,532,1610,0.113631
3,532,1610,0.113880
3,532,1610,0.112459
3,532,1610,0.113966
3,532,1610,0.113108
3,532,1610,0.115776
3,533,1611,0.117465
3,533,1611,0.111971
3,533,1611,0.114411
3,533,1611,0.113730
3,533,1611,0.110580
3,533,1611,0.115170
3,533,1611,0.116666
3,533,1611,0.111221
3,534,1612,0.114389
3,534,1612,0.110415
3,534,1612,0.117443
3,534,1612,0.113205
3,534,1612,0.111203
3,534,1612,0.116868
3,534,1612,0.114524
3,534,1612,0.114596
3,535,1613,0.117457
3,535,1613,0.115753
3,535,1613,0.115576
3,535,1613,0.110892
3,535,1613,0.115577
3,535,1613,0.118193
3,535,1613,0.113616
3,535,1613,0.115082
3,536,1614,0.114409
3,536,1614,0.112131
3,536,1614,0.112576
3,536,1614,0.113478
3,536,1614,0.117391
3,536,1614,0.115745
3,536,1614,0.117083
3,536,1614,0.111167
3,537,1615,0.112363
3,537,1615,0.120577
3,537,1615,0.112921
3,537,1615,0.114083
3,537,1615,0.112844
3,537,1615,0.112634
3,537,1615,0.114770
3,537,1615,0.112239
3,538,1616,0.110102
3,538,1616,0.112629
3,538,1616,0.117065
3,538,1616,0.115668
3,538,1616,0.119404
3,538,1616,0.116047
3,538,1616,0.113915
3,538,1616,0.117757
3,539,1617,0.113929
3,539,1617,0.114579
3,539,1617,0.114535
3,539,1617,0.113906
3,539,1617,0.117142
3,539,1617,0.117057
3,539,1617,0.116292
3,539,1617,0.115152
4,1,1618,0.114680
4,1,1618,0.111508
4,1,1618,0.114123
4,1,1618,0.111513
4,1,1618,0.114363
4,1,1618,0.111104
4,1,1618,0.114503
4,1,1618,0.113066
4,2,1619,0.112209
4,2,1619,0.114035
4,2,1619,0.113637
4,2,1619,0.114798
4,2,1619,0.113277
4,2,1619,0.115750
4,2,1619,0.114135
4,2,1619,0.114888
4,3,1620,0.113070
4,3,1620,0.115190
4,3,1620,0.113667
4,3,1620,0.114347
4,3,1620,0.122645
4,3,1620,0.111206
4,3,1620,0.112584
4,3,1620,0.115377
4,4,1621,0.112118
4,4,1621,0.110884
4,4,1621,0.111447
4,4,1621,0.109394
4,4,1621,0.113688
4,4,1621,0.115567
4,4,1621,0.112153
4,4,1621,0.114373
4,5,1622,0.120181
4,5,1622,0.116214
4,5,1622,0.112352
4,5,1622,0.119771
4,5,1622,0.111814
4,5,1622,0.115318
4,5,1622,0.111503
4,5,1622,0.112254
4,6,1623,0.117007
4,6,1623,0.113534
4,6,1623,0.113420
4,6,1623,0.117444
4,6,1623,0.112388
4,6,1623,0.118029
4,6,1623,0.117468
4,6,1623,0.115751
4,7,1624,0.114822
4,7,1624,0.114517
4,7,1624,0.113282
4,7,1624,0.118314
4,7,1624,0.118151
4,7,1624,0.115143
4,7,1624,0.111620
4,7,1624,0.118688
4,8,1625,0.114583
4,8,1625,0.116582
4,8,1625,0.117380
4,8,1625,0.112204
4,8,1625,0.113449
4,8,1625,0.113711
4,8,1625,0.112884
4,8,1625,0.111692
4,9,1626,0.114078
4,9,1626,0.116119
4,9,1626,0.115365
4,9,1626,0.116477
4,9,1626,0.113595
4,9,1626,0.115337
4,9,1626,0.114755
4,9,1626,0.116430
4,10,1627,0.114696
4,10,1627,0.116010
4,10,1627,0.113119
4,10,1627,0.123517
4,10,1627,0.113430
4,10,1627,0.116452
4,10,1627,0.118131
4,10,1627,0.116145
4,11,1628,0.113573
4,11,1628,0.114856
4,11,1628,0.111515
4,11,1628,0.116015
4,11,1628,0.120211
4,11,1628,0.111191
4,11,1628,0.113014
4,11,1628,0.118750
4,12,1629,0.111629
4,12,1629,0.116152
4,12,1629,0.115517
4,12,1629,0.112866
4,12,1629,0.117158
4,12,1629,0.111623
4,12,1629,0.112957
4,12,1629,0.111434
4,13,1630,0.112913
4,13,1630,0.112382
4,13,1630,0.112043
4,13,1630,0.115961
4,13,1630,0.114883
4,13,1630,0.112376
4,13,1630,0.110674
4,13,1630,0.117204
4,14,1631,0.111823
4,14,1631,0.117893
4,14,1631,0.118277
4,14,1631,0.110096
4,14,1631,0.116831
4,14,1631,0.113836
4,14,1631,0.112189
4,14,1631,0.110180
4,15,1632,0.113927
4,15,1632,0.118766
4,15,1632,0.112757
4,15,1632,0.114656
4,15,1632,0.112640
4,15,1632,0.117217
4,15,1632,0.116754
4,15,1632,0.114161
4,16,1633,0.113613
4,16,1633,0.112325
4,16,1633,0.113853
4,16,1633,0.117919
4,16,1633,0.112142
4,16,1633,0.114607
4,16,1633,0.113934
4,16,1633,0.116713
4,17,1634,0.119025
4,17,1634,0.116308
4,17,1634,0.111091
4,17,1634,0.110407
4,17,1634,0.111397
4,17,1634,0.119715
4,17,1634,0.113576
4,17,1634,0.120450
4,18,1635,0.113623
4,18,1635,0.112247
4,18,1635,0.117946
4,18,1635,0.118118
4,18,1635,0.117880
4,18,1635,0.117248
4,18,1635,0.111064
4,18,1635,0.114053
4,19,1636,0.116926
4,19,1636,0.115895
4,19,1636,0.113567
4,19,1636,0.113298
4,19,1636,0.118882
4,19,1636,0.114075
4,19,1636,0.114427
4,19,1636,0.112763
4,20,1637,0.113055
4,20,1637,0.116258
4,20,1637,0.115144
4,20,1637,0.113905
4,20,1637,0.118685
4,20,1637,0.117099
4,20,1637,0.110595
4,20,1637,0.114977
4,21,1638,0.115280
4,21,1638,0.114920
4,21,1638,0.115181
4,21,1638,0.114950
4,21,1638,0.115264
4,21,1638,0.121759
4,21,1638,0.113136
4,21,1638,0.109158
4,22,1639,0.112161
4,22,1639,0.113699
4,22,1639,0.116583
4,22,1639,0.117439
4,22,1639,0.113628
4,22,1639,0.114137
4,22,1639,0.112336
4,22,1639,0.117211
4,23,1640,0.115759
4,23,1640,0.116927
4,23,1640,0.110469
4,23,1640,0.115407
4,23,1640,0.114812
4,23,1640,0.112290
4,23,1640,0.116526
4,23,1640,0.113546
4,24,1641,0.115715
4,24,1641,0.115508
4,24,1641,0.113953
4,24,1641,0.116684
4,24,1641,0.114384
4,24,1641,0.113758
4,24,1641,0.113100
4,24,1641,0.115837
4,25,1642,0.113789
4,25,1642,0.114772
4,25,1642,0.116463
4,25,1642,0.112640
4,25,1642,0.114745
4,25,1642,0.120215
4,25,1642,0.114597
4,25,1642,0.113815
4,26,1643,0.113106
4,26,1643,0.111204
4,26,1643,0.114645
4,26,1643,0.120635
4,26,1643,0.113832
4,26,1643,0.115270
4,26,1643,0.110959
4,26,1643,0.121999
4,27,1644,0.117431
4,27,1644,0.114264
4,27,1644,0.115499
4,27,1644,0.114111
4,27,1644,0.112949
4,27,1644,0.121849
4,27,1644,0.112971
4,27,1644,0.114295
4,28,1645,0.114552
4,28,1645,0.112030
4,28,1645,0.116539
4,28,1645,0.112207
4,28,1645,0.116120
4,28,1645,0.122480
4,28,1645,0.115506
4,28,1645,0.116226
4,29,1646,0.113902
4,29,1646,0.113358
4,29,1646,0.116759
4,29,1646,0.113078
4,29,1646,0.111075
4,29,1646,0.117037
4,29,1646,0.117398
4,29,1646,0.121374
4,30,1647,0.114288
4,30,1647,0.114985
4,30,1647,0.113530
4,30,1647,0.116563
4,30,1647,0.114139
4,30,1647,0.114329
4,30,1647,0.115816
4,30,1647,0.119271
4,31,1648,0.116075
4,31,1648,0.115145
4,31,1648,0.114219
4,31,1648,0.118120
4,31,1648,0.113916
4,31,1648,0.112892
4,31,1648,0.120808
4,31,1648,0.115320
4,32,1649,0.114684
4,32,1649,0.113916
4,32,1649,0.117418
4,32,1649,0.113334
4,32,1649,0.112076
4,32,1649,0.114109
4,32,1649,0.109929
4,32,1649,0.116819
4,33,1650,0.118855
4,33,1650,0.113844
4,33,1650,0.113700
4,33,1650,0.114982
4,33,1650,0.113416
4,33,1650,0.112977
4,33,1650,0.118305
4,33,1650,0.113457
4,34,1651,0.110474
4,34,1651,0.115156
4,34,1651,0.111881
4,34,1651,0.113123
4,34,1651,0.115800
4,34,1651,0.114926
4,34,1651,0.113645
4,34,1651,0.116099
4,35,1652,0.113840
4,35,1652,0.114378
4,35,1652,0.115705
4,35,1652,0.112630
4,35,1652,0.115206
4,35,1652,0.112162
4,35,1652,0.114516
4,35,1652,0.113353
4,36,1653,0.114664
4,36,1653,0.113164
4,36,1653,0.124607
4,36,1653,0.114432
4,36,1653,0.111083
4,36,1653,0.111114
4,36,1653,0.115703
4,36,1653,0.113246
4,37,1654,0.116144
4,37,1654,0.111171
4,37,1654,0.117470
4,37,1654,0.113859
4,37,1654,0.109406
4,37,1654,0.113210
4,37,1654,0.115373
4,37,1654,0.114569
4,38,1655,0.115479
4,38,1655,0.112678
4,38,1655,0.114368
4,38,1655,0.113243
4,38,1655,0.117570
4,38,1655,0.116566
4,38,1655,0.114020
4,38,1655,0.115886
4,39,1656,0.113966
4,39,1656,0.112912
4,39,1656,0.118147
4,39,1656,0.112015
4,39,1656,0.114054
4,39,1656,0.115738
4,39,1656,0.114803
4,39,1656,0.111761
4,40,1657,0.115346
4,40,1657,0.110960
4,40,1657,0.115599
4,40,1657,0.114085
4,40,1657,0.111599
4,40,1657,0.114484
4,40,1657,0.114959
4,40,1657,0.112882
4,41,1658,0.108647
4,41,1658,0.113700
4,41,1658,0.115242
4,41,1658,0.114366
4,41,1658,0.114483
4,41,1658,0.112043
4,41,1658,0.116472
4,41,1658,0.117148
4,42,1659,0.112563
4,42,1659,0.112865
4,42,1659,0.115936
4,42,1659,0.120760
4,42,1659,0.111857
4,42,1659,0.113166
4,42,1659,0.113046
4,42,1659,0.114556
4,43,1660,0.116038
4,43,1660,0.115557
4,43,1660,0.118057
4,43,1660,0.113958
4,43,1660,0.113628
4,43,1660,0.114061
4,43,1660,0.118677
4,43,1660,0.110768
4,44,1661,0.115217
4,44,1661,0.113568
4,44,1661,0.112129
4,44,1661,0.111636
4,44,1661,0.115654
4,44,1661,0.114112
4,44,1661,0.113048
4,44,1661,0.117758
4,45,1662,0.117692
4,45,1662,0.112242
4,45,1662,0.115670
4,45,1662,0.120798
4,45,1662,0.113796
4,45,1662,0.115853
4,45,1662,0.112882
4,45,1662,0.111923
4,46,1663,0.110713
4,46,1663,0.117337
4,46,1663,0.117225
4,46,1663,0.115609
4,46,1663,0.113031
4,46,1663,0.113685
4,46,1663,0.116688
4,46,1663,0.114414
4,47,1664,0.120967
4,47,1664,0.115204
4,47,1664,0.117306
4,47,1664,0.111878
4,47,1664,0.114364
4,47,1664,0.114982
4,47,1664,0.114284
4,47,1664,0.112158
4,48,1665,0.115479
4,48,1665,0.112269
4,48,1665,0.115659
4,48,1665,0.114842
4,48,1665,0.123517
4,48,1665,0.114108
4,48,1665,0.112261
4,48,1665,0.113397
4,49,1666,0.114583
4,49,1666,0.117931
4,49,1666,0.111675
4,49,1666,0.112338
4,49,1666,0.112431
4,49,1666,0.114091
4,49,1666,0.117023
4,49,1666,0.110312
4,50,1667,0.113721
4,50,1667,0.112018
4,50,1667,0.114248
4,50,1667,0.114798
4,50,1667,0.111695
4,50,1667,0.115469
4,50,1667,0.110152
4,50,1667,0.112752
4,51,1668,0.113822
4,51,1668,0.116201
4,51,1668,0.117583
4,51,1668,0.116491
4,51,1668,0.117240
4,51,1668,0.115888
4,51,1668,0.114213
4,51,1668,0.117075
4,52,1669,0.112823
4,52,1669,0.113267
4,52,1669,0.114976
4,52,1669,0.114841
4,52,1669,0.112364
4,52,1669,0.121722
4,52,1669,0.112536
4,52,1669,0.114401
4,53,1670,0.113361
4,53,1670,0.115073
4,53,1670,0.114845
4,53,1670,0.115935
4,53,1670,0.113376
4,53,1670,0.113972
4,53,1670,0.112765
4,53,1670,0.112769
4,54,1671,0.108625
4,54,1671,0.111700
4,54,1671,0.116337
4,54,1671,0.114846
4,54,1671,0.113265
4,54,1671,0.114999
4,54,1671,0.113961
4,54,1671,0.114181
4,55,1672,0.112175
4,55,1672,0.114547
4,55,1672,0.118003
4,55,1672,0.114027
4,55,1672,0.112934
4,55,1672,0.114855
4,55,1672,0.116994
4,55,1672,0.117284
4,56,1673,0.113872
4,56,1673,0.118718
4,56,1673,0.113388
4,56,1673,0.114220
4,56,1673,0.114935
4,56,1673,0.113537
4,56,1673,0.116346
4,56,1673,0.109160
4,57,1674,0.114527
4,57,1674,0.112854
4,57,1674,0.115770
4,57,1674,0.116634
4,57,1674,0.111214
4,57,1674,0.114532
4,57,1674,0.115923
4,57,1674,0.114282
4,58,1675,0.121359
4,58,1675,0.116900
4,58,1675,0.116983
4,58,1675,0.117377
4,58,1675,0.111856
4,58,1675,0.115578
4,58,1675,0.113216
4,58,1675,0.113205
4,59,1676,0.114339
4,59,1676,0.112739
4,59,1676,0.112033
4,59,1676,0.113213
4,59,1676,0.114248
4,59,1676,0.112938
4,59,1676,0.117449
4,59,1676,0.114063
4,60,1677,0.120121
4,60,1677,0.112750
4,60,1677,0.114558
4,60,1677,0.115083
4,60,1677,0.114768
4,60,1677,0.112739
4,60,1677,0.111364
4,60,1677,0.115025
4,61,1678,0.113916
4,61,1678,0.112855
4,61,1678,0.114843
4,61,1678,0.112200
4,61,1678,0.117738
4,61,1678,0.110368
4,61,1678,0.115182
4,61,1678,0.118410
4,62,1679,0.111126
4,62,1679,0.111512
4,62,1679,0.119005
4,62,1679,0.116388
4,62,1679,0.115379
4,62,1679,0.114925
4,62,1679,0.114216
4,62,1679,0.115408
4,63,1680,0.115177
4,63,1680,0.114734
4,63,1680,0.112001
4,63,1680,0.111969
4,63,1680,0.110485
4,63,1680,0.114825
4,63,1680,0.113734
4,63,1680,0.121999
4,64,1681,0.119386
4,64,1681,0.113529
4,64,1681,0.115009
4,64,1681,0.112272
4,64,1681,0.114778
4,64,1681,0.109989
4,64,1681,0.113024
4,64,1681,0.122627
4,65,1682,0.115949
4,65,1682,0.114412
4,65,1682,0.114691
4,65,1682,0.112653
4,65,1682,0.117662
4,65,1682,0.115625
4,65,1682,0.114871
4,65,1682,0.115158
4,66,1683,0.115557
4,66,1683,0.114948
4,66,1683,0.114356
4,66,1683,0.112648
4,66,1683,0.112927
4,66,1683,0.116415
4,66,1683,0.114654
4,66,1683,0.115093
4,67,1684,0.113641
4,67,1684,0.116013
4,67,1684,0.116107
4,67,1684,0.114714
4,67,1684,0.110954
4,67,1684,0.113113
4,67,1684,0.113866
4,67,1684,0.113692
4,68,1685,0.112344
4,68,1685,0.113409
4,68,1685,0.112476
4,68,1685,0.111112
4,68,1685,0.118408
4,68,1685,0.113629
4,68,1685,0.116387
4,68,1685,0.112981
4,69,1686,0.118855
4,69,1686,0.111377
4,69,1686,0.112473
4,69,1686,0.114857
4,69,1686,0.111927
4,69,1686,0.113325
4,69,1686,0.111805
4,69,1686,0.117929
4,70,1687,0.112983
4,70,1687,0.112689
4,70,1687,0.113026
4,70,1687,0.124488
4,70,1687,0.114668
4,70,1687,0.119293
4,70,1687,0.117427
4,70,1687,0.113336
4,71,1688,0.114305
4,71,1688,0.114644
4,71,1688,0.113561
4,71,1688,0.120234
4,71,1688,0.115629
4,71,1688,0.112615
4,71,1688,0.114418
4,71,1688,0.112584
4,72,1689,0.114225
4,72,1689,0.118112
4,72,1689,0.115577
4,72,1689,0.114067
4,72,1689,0.115248
4,72,1689,0.114455
4,72,1689,0.116238
4,72,1689,0.113490
4,73,1690,0.113362
4,73,1690,0.113880
4,73,1690,0.112657
4,73,1690,0.114850
4,73,1690,0.113710
4,73,1690,0.113449
4,73,1690,0.120058
4,73,1690,0.111289
4,74,1691,0.116980
4,74,1691,0.116876
4,74,1691,0.119759
4,74,1691,0.112789
4,74,1691,0.112231
4,74,1691,0.109995
4,74,1691,0.114499
4,74,1691,0.113074
4,75,1692,0.112730
4,75,1692,0.115894
4,75,1692,0.114306
4,75,1692,0.111087
4,75,1692,0.118433
4,75,1692,0.111707
4,75,1692,0.116984
4,75,1692,0.112940
4,76,1693,0.114181
4,76,1693,0.112699
4,76,1693,0.113840
4,76,1693,0.114349
4,76,1693,0.115414
4,76,1693,0.116094
4,76,1693,0.117629
4,76,1693,0.113054
4,77,1694,0.114605
4,77,1694,0.111384
4,77,1694,0.115300
4,77,1694,0.113417
4,77,1694,0.115754
4,77,1694,0.115030
4,77,1694,0.111230
4,77,1694,0.116479
4,78,1695,0.109482
4,78,1695,0.112874
4,78,1695,0.113830
4,78,1695,0.118350
4,78,1695,0.113528
4,78,1695,0.110903
4,78,1695,0.110508
4,78,1695,0.118146
4,79,1696,0.114429
4,79,1696,0.115386
4,79,1696,0.113075
4,79,1696,0.117483
4,79,1696,0.115245
4,79,1696,0.119606
4,79,1696,0.115724
4,79,1696,0.112746
4,80,1697,0.115697
4,80,1697,0.118105
4,80,1697,0.120878
4,80,1697,0.114173
4,80,1697,0.113793
4,80,1697,0.114982
4,80,1697,0.111547
4,80,1697,0.116900
4,81,1698,0.112874
4,81,1698,0.117598
4,81,1698,0.116846
4,81,1698,0.114611
4,81,1698,0.115040
4,81,1698,0.114203
4,81,1698,0.118775
4,81,1698,0.112371
4,82,1699,0.112512
4,82,1699,0.112608
4,82,1699,0.113766
4,82,1699,0.116616
4,82,1699,0.115965
4,82,1699,0.114695
4,82,1699,0.115088
4,82,1699,0.112709
4,83,1700,0.114249
4,83,1700,0.115156
4,83,1700,0.114596
4,83,1700,0.110073
4,83,1700,0.112580
4,83,1700,0.115375
4,83,1700,0.113282
4,83,1700,0.112693
4,84,1701,0.113244
4,84,1701,0.113414
4,84,1701,0.115849
4,84,1701,0.115178
4,84,1701,0.115824
4,84,1701,0.118432
4,84,1701,0.116332
4,84,1701,0.115447
4,85,1702,0.110189
4,85,1702,0.115982
4,85,1702,0.115920
4,85,1702,0.112268
4,85,1702,0.112863
4,85,1702,0.114753
4,85,1702,0.113317
4,85,1702,0.114213
4,86,1703,0.110618
4,86,1703,0.117944
4,86,1703,0.113814
4,86,1703,0.115772
4,86,1703,0.113027
4,86,1703,0.116723
4,86,1703,0.113628
4,86,1703,0.114559
4,87,1704,0.112661
4,87,1704,0.116501
4,87,1704,0.115551
4,87,1704,0.116232
4,87,1704,0.113407
4,87,1704,0.112561
4,87,1704,0.116851
4,87,1704,0.110784
4,88,1705,0.112655
4,88,1705,0.114324
4,88,1705,0.113069
4,88,1705,0.118626
4,88,1705,0.113568
4,88,1705,0.115330
4,88,1705,0.119222
4,88,1705,0.116845
4,89,1706,0.115968
4,89,1706,0.111063
4,89,1706,0.113139
4,89,1706,0.117997
4,89,1706,0.112560
4,89,1706,0.115584
4,89,1706,0.114490
4,89,1706,0.115243
4,90,1707,0.119749
4,90,1707,0.111728
4,90,1707,0.115057
4,90,1707,0.111417
4,90,1707,0.112071
4,90,1707,0.114542
4,90,1707,0.111713
4,90,1707,0.117419
4,91,1708,0.114574
4,91,1708,0.115063
4,91,1708,0.113988
4,91,1708,0.114380
4,91,1708,0.112535
4,91,1708,0.111688
4,91,1708,0.113902
4,91,1708,0.113931
4,92,1709,0.118947
4,92,1709,0.118660
4,92,1709,0.118631
4,92,1709,0.111496
4,92,1709,0.110015
4,92,1709,0.113924
4,92,1709,0.115797
4,92,1709,0.117250
4,93,1710,0.115424
4,93,1710,0.115938
4,93,1710,0.113410
4,93,1710,0.115392
4,93,1710,0.118419
4,93,1710,0.116308
4,93,1710,0.114832
4,93,1710,0.113375
4,94,1711,0.114156
4,94,1711,0.115542
4,94,1711,0.115489
4,94,1711,0.113776
4,94,1711,0.114600
4,94,1711,0.112200
4,94,1711,0.111338
4,94,1711,0.113406
4,95,1712,0.112380
4,95,1712,0.113697
4,95,1712,0.113902
4,95,1712,0.119733
4,95,1712,0.116262
4,95,1712,0.117855
4,95,1712,0.114173
4,95,1712,0.113219
4,96,1713,0.112120
4,96,1713,0.113287
4,96,1713,0.110277
4,96,1713,0.120759
4,96,1713,0.112786
4,96,1713,0.115861
4,96,1713,0.115619
4,96,1713,0.111342
4,97,1714,0.117959
4,97,1714,0.112381
4,97,1714,0.111615
4,97,1714,0.115340
4,97,1714,0.115753
4,97,1714,0.111894
4,97,1714,0.116383
4,97,1714,0.113012
4,98,1715,0.113198
4,98,1715,0.113253
4,98,1715,0.112266
4,98,1715,0.113495
4,98,1715,0.115630
4,98,1715,0.115003
4,98,1715,0.117574
4,98,1715,0.111037
4,99,1716,0.113109
4,99,1716,0.119515
4,99,1716,0.115333
4,99,1716,0.117506
4,99,1716,0.114713
4,99,1716,0.116349
4,99,1716,0.117878
4,99,1716,0.115829
4,100,1717,0.112033
4,100,1717,0.115676
4,100,1717,0.108550
4,100,1717,0.115111
4,100,1717,0.115298
4,100,1717,0.115366
4,100,1717,0.114613
4,100,1717,0.111882
4,101,1718,0.113610
4,101,1718,0.114479
4,101,1718,0.114492
4,101,1718,0.121340
4,101,1718,0.113153
4,101,1718,0.111126
4,101,1718,0.112651
4,101,1718,0.114899
4,102,1719,0.111685
4,102,1719,0.112767
4,102,1719,0.116740
4,102,1719,0.114383
4,102,1719,0.109553
4,102,1719,0.110959
4,102,1719,0.118625
4,102,1719,0.113612
4,103,1720,0.117920
4,103,1720,0.113629
4,103,1720,0.111751
4,103,1720,0.114336
4,103,1720,0.112971
4,103,1720,0.116398
4,103,1720,0.110976
4,103,1720,0.119361
4,104,1721,0.115906
4,104,1721,0.113952
4,104,1721,0.117570
4,104,1721,0.116156
4,104,1721,0.111349
4,104,1721,0.112110
4,104,1721,0.116326
4,104,1721,0.111322
4,105,1722,0.120456
4,105,1722,0.115059
4,105,1722,0.115731
4,105,1722,0.112301
4,105,1722,0.110857
4,105,1722,0.114580
4,105,1722,0.115413
4,105,1722,0.113210
4,106,1723,0.115744
4,106,1723,0.115193
4,106,1723,0.117198
4,106,1723,0.115160
4,106,1723,0.115186
4,106,1723,0.115636
4,106,1723,0.113305
4,106,1723,0.114978
4,107,1724,0.111879
4,107,1724,0.117818
4,107,1724,0.115358
4,107,1724,0.113229
4,107,1724,0.113573
4,107,1724,0.112550
4,107,1724,0.115415
4,107,1724,0.113608
4,108,1725,0.117138
4,108,1725,0.113554
4,108,1725,0.114745
4,108,1725,0.114504
4,108,1725,0.113936
4,108,1725,0.112641
4,108,1725,0.115592
4,108,1725,0.117788
4,109,1726,0.113649
4,109,1726,0.113161
4,109,1726,0.116289
4,109,1726,0.112964
4,109,1726,0.111713
4,109,1726,0.119000
4,109,1726,0.115463
4,109,1726,0.114802
4,110,1727,0.114010
4,110,1727,0.115884
4,110,1727,0.114010
4,110,1727,0.112534
4,110,1727,0.112760
4,110,1727,0.111275
4,110,1727,0.115524
4,110,1727,0.121295
4,111,1728,0.117482
4,111,1728,0.114024
4,111,1728,0.114366
4,111,1728,0.114449
4,111,1728,0.119470
4,111,1728,0.111352
4,111,1728,0.112030
4,111,1728,0.113213
4,112,1729,0.115609
4,112,1729,0.112092
4,112,1729,0.114693
4,112,1729,0.110855
4,112,1729,0.113862
4,112,1729,0.121138
4,112,1729,0.113827
4,112,1729,0.116292
4,113,1730,0.116193
4,113,1730,0.113495
4,113,1730,0.118467
4,113,1730,0.114638
4,113,1730,0.112691
4,113,1730,0.112702
4,113,1730,0.111607
4,113,1730,0.113082
4,114,1731,0.112055
4,114,1731,0.116698
4,114,1731,0.113687
4,114,1731,0.112179
4,114,1731,0.114343
4,114,1731,0.113063
4,114,1731,0.113464
4,114,1731,0.114933
4,115,1732,0.116972
4,115,1732,0.115689
4,115,1732,0.116669
4,115,1732,0.113573
4,115,1732,0.114548
4,115,1732,0.113179
4,115,1732,0.112603
4,115,1732,0.115667
4,116,1733,0.112890
4,116,1733,0.118278
4,116,1733,0.112273
4,116,1733,0.116185
4,116,1733,0.114723
4,116,1733,0.115480
4,116,1733,0.114870
4,116,1733,0.112041
4,117,1734,0.114672
4,117,1734,0.114070
4,117,1734,0.113897
4,117,1734,0.116431
4,117,1734,0.113702
4,117,1734,0.117244
4,117,1734,0.115819
4,117,1734,0.114197
4,118,1735,0.115780
4,118,1735,0.110932
4,118,1735,0.112943
4,118,1735,0.113772
4,118,1735,0.114769
4,118,1735,0.109943
4,118,1735,0.113473
4,118,1735,0.113528
4,119,1736,0.114054
4,119,1736,0.115983
4,119,1736,0.115343
4,119,1736,0.117556
4,119,1736,0.112152
4,119,1736,0.118332
4,119,1736,0.112825
4,119,1736,0.117373
4,120,1737,0.113701
4,120,1737,0.117553
4,120,1737,0.117512
4,120,1737,0.119509
4,120,1737,0.114045
4,120,1737,0.111745
4,120,1737,0.111491
4,120,1737,0.114834
4,121,1738,0.113976
4,121,1738,0.115550
4,121,1738,0.116316
4,121,1738,0.115324
4,121,1738,0.118109
4,121,1738,0.111595
4,121,1738,0.118357
4,121,1738,0.113996
4,122,1739,0.111285
4,122,1739,0.116793
4,122,1739,0.115632
4,122,1739,0.110913
4,122,1739,0.113425
4,122,1739,0.112163
4,122,1739,0.115519
4,122,1739,0.117446
4,123,1740,0.115914
4,123,1740,0.116647
4,123,1740,0.117015
4,123,1740,0.115976
4,123,1740,0.109708
4,123,1740,0.111138
4,123,1740,0.115383
4,123,1740,0.114788
4,124,1741,0.113133
4,124,1741,0.113055
4,124,1741,0.113733
4,124,1741,0.111658
4,124,1741,0.120838
4,124,1741,0.114910
4,124,1741,0.115176
4,124,1741,0.113468
4,125,1742,0.112424
4,125,1742,0.116598
4,125,1742,0.117981
4,125,1742,0.114519
4,125,1742,0.115747
4,125,1742,0.113717
4,125,1742,0.114120
4,125,1742,0.112486
4,126,1743,0.113379
4,126,1743,0.115513
4,126,1743,0.112946
4,126,1743,0.114351
4,126,1743,0.112593
4,126,1743,0.117765
4,126,1743,0.113329
4,126,1743,0.112740
4,127,1744,0.114901
4,127,1744,0.116597
4,127,1744,0.114582
4,127,1744,0.113198
4,127,1744,0.113545
4,127,1744,0.112692
4,127,1744,0.113834
4,127,1744,0.112606
4,128,1745,0.113602
4,128,1745,0.116205
4,128,1745,0.110686
4,128,1745,0.114667
4,128,1745,0.114924
4,128,1745,0.110527
4,128,1745,0.111646
4,128,1745,0.115904
4,129,1746,0.114709
4,129,1746,0.113920
4,129,1746,0.112665
4,129,1746,0.115423
4,129,1746,0.116506
4,129,1746,0.117801
4,129,1746,0.113726
4,129,1746,0.112229
4,130,1747,0.111351
4,130,1747,0.119695
4,130,1747,0.114415
4,130,1747,0.115164
4,130,1747,0.114531
4,130,1747,0.115528
4,130,1747,0.115301
4,130,1747,0.118523
4,131,1748,0.114606
4,131,1748,0.116030
4,131,1748,0.113463
4,131,1748,0.119047
4,131,1748,0.112541
4,131,1748,0.115520
4,131,1748,0.113889
4,131,1748,0.115586
4,132,1749,0.116957
4,132,1749,0.112633
4,132,1749,0.112965
4,132,1749,0.114580
4,132,1749,0.118058
4,132,1749,0.116343
4,132,1749,0.111277
4,132,1749,0.113977
4,133,1750,0.116170
4,133,1750,0.119363
4,133,1750,0.116582
4,133,1750,0.115693
4,133,1750,0.112540
4,133,1750,0.114621
4,133,1750,0.114061
4,133,1750,0.120540
4,134,1751,0.114567
4,134,1751,0.112819
4,134,1751,0.112845
4,134,1751,0.115562
4,134,1751,0.115444
4,134,1751,0.115205
4,134,1751,0.113897
4,134,1751,0.114622
4,135,1752,0.114895
4,135,1752,0.115251
4,135,1752,0.114884
4,135,1752,0.113017
4,135,1752,0.121908
4,135,1752,0.116471
4,135,1752,0.118908
4,135,1752,0.115811
4,136,1753,0.115952
4,136,1753,0.122901
4,136,1753,0.118177
4,136,1753,0.115784
4,136,1753,0.115239
4,136,1753,0.112677
4,136,1753,0.115922
4,136,1753,0.118418
4,137,1754,0.116634
4,137,1754,0.117581
4,137,1754,0.114917
4,137,1754,0.117983
4,137,1754,0.122654
4,137,1754,0.119414
4,137,1754,0.117909
4,137,1754,0.112244
4,138,1755,0.119426
4,138,1755,0.111550
4,138,1755,0.114781
4,138,1755,0.116736
4,138,1755,0.113554
4,138,1755,0.116639
4,138,1755,0.115875
4,138,1755,0.111416
4,139,1756,0.113751
4,139,1756,0.113775
4,139,1756,0.114130
4,139,1756,0.121350
4,139,1756,0.116306
4,139,1756,0.111041
4,139,1756,0.116191
4,139,1756,0.113989
4,140,1757,0.116025
4,140,1757,0.110861
4,140,1757,0.116430
4,140,1757,0.114373
4,140,1757,0.112785
4,140,1757,0.111772
4,140,1757,0.111981
4,140,1757,0.116839
4,141,1758,0.112870
4,141,1758,0.111759
4,141,1758,0.113488
4,141,1758,0.113868
4,141,1758,0.113661
4,141,1758,0.113658
4,141,1758,0.111171
4,141,1758,0.117618
4,142,1759,0.117313
4,142,1759,0.111730
4,142,1759,0.116745
4,142,1759,0.116319
4,142,1759,0.116897
4,142,1759,0.112968
4,142,1759,0.115742
4,142,1759,0.116522
4,143,1760,0.118149
4,143,1760,0.117765
4,143,1760,0.114437
4,143,1760,0.113984
4,143,1760,0.111902
4,143,1760,0.114221
4,143,1760,0.110872
4,143,1760,0.112733
4,144,1761,0.112766
4,144,1761,0.115923
4,144,1761,0.115055
4,144,1761,0.115031
4,144,1761,0.117005
4,144,1761,0.112443
4,144,1761,0.116133
4,144,1761,0.114750
4,145,1762,0.112174
4,145,1762,0.115134
4,145,1762,0.110733
4,145,1762,0.115697
4,145,1762,0.115203
4,145,1762,0.111445
4,145,1762,0.113347
4,145,1762,0.113424
4,146,1763,0.112547
4,146,1763,0.117197
4,146,1763,0.120650
4,146,1763,0.118014
4,146,1763,0.113524
4,146,1763,0.111812
4,146,1763,0.113128
4,146,1763,0.115938
4,147,1764,0.110369
4,147,1764,0.114330
4,147,1764,0.112246
4,147,1764,0.115561
4,147,1764,0.112547
4,147,1764,0.118113
4,147,1764,0.114691
4,147,1764,0.115257
4,148,1765,0.113492
4,148,1765,0.113206
4,148,1765,0.117965
4,148,1765,0.112565
4,148,1765,0.117344
4,148,1765,0.115602
4,148,1765,0.112602
4,148,1765,0.116352
4,149,1766,0.114235
4,149,1766,0.116226
4,149,1766,0.115566
4,149,1766,0.114788
4,149,1766,0.113613
4,149,1766,0.116879
4,149,1766,0.114913
4,149,1766,0.113247
4,150,1767,0.113021
4,150,1767,0.111430
4,150,1767,0.114526
4,150,1767,0.118107
4,150,1767,0.119680
4,150,1767,0.116045
4,150,1767,0.113630
4,150,1767,0.115810
4,151,1768,0.115112
4,151,1768,0.112397
4,151,1768,0.113624
4,151,1768,0.115151
4,151,1768,0.116675
4,151,1768,0.113239
4,151,1768,0.114027
4,151,1768,0.113813
4,152,1769,0.114925
4,152,1769,0.111728
4,152,1769,0.114748
4,152,1769,0.112337
4,152,1769,0.113476
4,152,1769,0.118340
4,152,1769,0.112901
4,152,1769,0.116258
4,153,1770,0.112000
4,153,1770,0.115526
4,153,1770,0.112728
4,153,1770,0.115333
4,153,1770,0.115870
4,153,1770,0.111641
4,153,1770,0.115608
4,153,1770,0.111781
4,154,1771,0.109357
4,154,1771,0.112172
4,154,1771,0.115256
4,154,1771,0.111337
4,154,1771,0.118856
4,154,1771,0.113511
4,154,1771,0.115328
4,154,1771,0.119394
4,155,1772,0.112014
4,155,1772,0.113857
4,155,1772,0.116294
4,155,1772,0.113911
4,155,1772,0.114907
4,155,1772,0.117794
4,155,1772,0.117364
4,155,1772,0.112739
4,156,1773,0.114755
4,156,1773,0.114129
4,156,1773,0.119164
4,156,1773,0.113593
4,156,1773,0.113553
4,156,1773,0.114691
4,156,1773,0.112669
4,156,1773,0.112486
4,157,1774,0.117134
4,157,1774,0.119199
4,157,1774,0.113307
4,157,1774,0.114372
4,157,1774,0.111613
4,157,1774,0.114795
4,157,1774,0.113371
4,157,1774,0.114308
4,158,1775,0.111343
4,158,1775,0.115724
4,158,1775,0.117012
4,158,1775,0.118206
4,158,1775,0.115043
4,158,1775,0.116618
4,158,1775,0.111686
4,158,1775,0.110516
4,159,1776,0.113225
4,159,1776,0.115887
4,159,1776,0.114184
4,159,1776,0.111821
4,159,1776,0.115958
4,159,1776,0.114799
4,159,1776,0.114858
4,159,1776,0.113655
4,160,1777,0.111578
4,160,1777,0.112329
4,160,1777,0.113969
4,160,1777,0.112366
4,160,1777,0.113679
4,160,1777,0.116858
4,160,1777,0.114646
4,160,1777,0.113818
4,161,1778,0.123026
4,161,1778,0.116530
4,161,1778,0.116178
4,161,1778,0.113436
4,161,1778,0.115366
4,161,1778,0.113151
4,161,1778,0.114630
4,161,1778,0.114746
4,162,1779,0.112451
4,162,1779,0.115509
4,162,1779,0.114565
4,162,1779,0.117429
4,162,1779,0.114874
4,162,1779,0.115552
4,162,1779,0.112356
4,162,1779,0.112494
4,163,1780,0.110439
4,163,1780,0.111001
4,163,1780,0.116947
4,163,1780,0.113229
4,163,1780,0.115832
4,163,1780,0.116512
4,163,1780,0.111491
4,163,1780,0.111752
4,164,1781,0.116614
4,164,1781,0.115532
4,164,1781,0.116683
4,164,1781,0.113448
4,164,1781,0.114278
4,164,1781,0.111973
4,164,1781,0.115028
4,164,1781,0.119362
4,165,1782,0.116007
4,165,1782,0.117898
4,165,1782,0.115971
4,165,1782,0.110338
4,165,1782,0.114986
4,165,1782,0.114711
4,165,1782,0.114096
4,165,1782,0.115914
4,166,1783,0.115259
4,166,1783,0.112356
4,166,1783,0.116689
4,166,1783,0.118949
4,166,1783,0.114150
4,166,1783,0.114446
4,166,1783,0.112099
4,166,1783,0.114326
4,167,1784,0.113079
4,167,1784,0.112479
4,167,1784,0.117004
4,167,1784,0.112105
4,167,1784,0.117589
4,167,1784,0.114103
4,167,1784,0.111323
4,167,1784,0.112772
4,168,1785,0.111246
4,168,1785,0.115944
4,168,1785,0.114771
4,168,1785,0.115461
4,168,1785,0.116914
4,168,1785,0.111948
4,168,1785,0.118192
4,168,1785,0.114826
4,169,1786,0.114100
4,169,1786,0.118650
4,169,1786,0.115953
4,169,1786,0.116324
4,169,1786,0.113314
4,169,1786,0.112435
4,169,1786,0.111885
4,169,1786,0.118293
4,170,1787,0.113022
4,170,1787,0.114912
4,170,1787,0.111115
4,170,1787,0.111921
4,170,1787,0.114110
4,170,1787,0.114692
4,170,1787,0.118819
4,170,1787,0.111174
4,171,1788,0.113994
4,171,1788,0.116943
4,171,1788,0.114793
4,171,1788,0.122325
4,171,1788,0.109507
4,171,1788,0.110723
4,171,1788,0.110733
4,171,1788,0.115547
4,172,1789,0.116630
4,172,1789,0.116946
4,172,1789,0.113662
4,172,1789,0.116105
4,172,1789,0.113145
4,172,1789,0.114371
4,172,1789,0.116009
4,172,1789,0.111704
4,173,1790,0.112010
4,173,1790,0.115518
4,173,1790,0.114404
4,173,1790,0.116121
4,173,1790,0.114971
4,173,1790,0.109412
4,173,1790,0.112147
4,173,1790,0.117106
4,174,1791,0.115596
4,174,1791,0.115150
4,174,1791,0.113410
4,174,1791,0.116025
4,174,1791,0.112967
4,174,1791,0.110658
4,174,1791,0.117491
4,174,1791,0.117040
4,175,1792,0.113649
4,175,1792,0.114371
4,175,1792,0.116343
4,175,1792,0.114567
4,175,1792,0.119387
4,175,1792,0.116885
4,175,1792,0.112399
4,175,1792,0.115608
4,176,1793,0.114990
4,176,1793,0.114174
4,176,1793,0.111385
4,176,1793,0.114353
4,176,1793,0.116246
4,176,1793,0.112231
4,176,1793,0.112472
4,176,1793,0.117331
4,177,1794,0.117030
4,177,1794,0.115835
4,177,1794,0.112080
4,177,1794,0.114149
4,177,1794,0.112059
4,177,1794,0.114982
4,177,1794,0.113736
4,177,1794,0.115718
4,178,1795,0.113087
4,178,1795,0.112862
4,178,1795,0.116231
4,178,1795,0.119150
4,178,1795,0.115940
4,178,1795,0.112098
4,178,1795,0.114499
4,178,1795,0.119100
4,179,1796,0.113231
4,179,1796,0.113087
4,179,1796,0.113399
4,179,1796,0.112792
4,179,1796,0.112100
4,179,1796,0.118038
4,179,1796,0.111780
4,179,1796,0.111820
4,180,1797,0.115419
4,180,1797,0.114368
4,180,1797,0.112345
4,180,1797,0.111706
4,180,1797,0.113157
4,180,1797,0.114762
4,180,1797,0.115152
4,180,1797,0.118596
4,181,1798,0.116747
4,181,1798,0.109504
4,181,1798,0.112860
4,181,1798,0.110734
4,181,1798,0.113029
4,181,1798,0.117309
4,181,1798,0.111465
4,181,1798,0.112715
4,182,1799,0.115462
4,182,1799,0.114266
4,182,1799,0.116689
4,182,1799,0.113699
4,182,1799,0.113615
4,182,1799,0.114145
4,182,1799,0.114317
4,182,1799,0.116418
4,183,1800,0.121200
4,183,1800,0.119738
4,183,1800,0.112310
4,183,1800,0.119344
4,183,1800,0.110803
4,183,1800,0.110637
4,183,1800,0.112766
4,183,1800,0.111770
4,184,1801,0.111526
4,184,1801,0.117506
4,184,1801,0.113636
4,184,1801,0.113530
4,184,1801,0.112520
4,184,1801,0.113044
4,184,1801,0.111001
4,184,1801,0.113463
4,185,1802,0.113929
4,185,1802,0.112467
4,185,1802,0.111778
4,185,1802,0.122695
4,185,1802,0.112774
4,185,1802,0.115498
4,185,1802,0.111319
4,185,1802,0.117245
4,186,1803,0.113241
4,186,1803,0.119541
4,186,1803,0.116225
4,186,1803,0.115153
4,186,1803,0.112277
4,186,1803,0.115795
4,186,1803,0.114127
4,186,1803,0.110928
4,187,1804,0.112147
4,187,1804,0.115081
4,187,1804,0.111314
4,187,1804,0.113633
4,187,1804,0.115784
4,187,1804,0.113435
4,187,1804,0.113223
4,187,1804,0.115705
4,188,1805,0.111011
4,188,1805,0.115562
4,188,1805,0.116050
4,188,1805,0.116534
4,188,1805,0.116411
4,188,1805,0.113584
4,188,1805,0.110916
4,188,1805,0.114113
4,189,1806,0.117210
4,189,1806,0.109953
4,189,1806,0.115381
4,189,1806,0.115155
4,189,1806,0.111379
4,189,1806,0.113627
4,189,1806,0.113377
4,189,1806,0.114772
4,190,1807,0.116903
4,190,1807,0.116350
4,190,1807,0.113328
4,190,1807,0.110987
4,190,1807,0.110121
4,190,1807,0.113222
4,190,1807,0.114012
4,190,1807,0.114958
4,191,1808,0.120634
4,191,1808,0.115763
4,191,1808,0.112495
4,191,1808,0.120146
4,191,1808,0.113994
4,191,1808,0.116792
4,191,1808,0.113062
4,191,1808,0.112668
4,192,1809,0.112448
4,192,1809,0.113495
4,192,1809,0.112693
4,192,1809,0.114874
4,192,1809,0.110516
4,192,1809,0.115089
4,192,1809,0.116363
4,192,1809,0.113985
4,193,1810,0.114332
4,193,1810,0.113441
4,193,1810,0.116998
4,193,1810,0.116827
4,193,1810,0.115824
4,193,1810,0.119434
4,193,1810,0.110909
4,193,1810,0.113519
4,194,1811,0.116509
4,194,1811,0.113071
4,194,1811,0.110721
4,194,1811,0.123874
4,194,1811,0.115558
4,194,1811,0.110896
4,194,1811,0.115739
4,194,1811,0.117088
4,195,1812,0.114662
4,195,1812,0.112872
4,195,1812,0.118474
4,195,1812,0.113080
4,195,1812,0.113470
4,195,1812,0.113808
4,195,1812,0.117115
4,195,1812,0.122308
4,196,1813,0.112231
4,196,1813,0.113785
4,196,1813,0.114839
4,196,1813,0.111839
4,196,1813,0.120364
4,196,1813,0.112619
4,196,1813,0.112715
4,196,1813,0.115489
4,197,1814,0.115102
4,197,1814,0.109857
4,197,1814,0.113728
4,197,1814,0.113026
4,197,1814,0.115149
4,197,1814,0.113985
4,197,1814,0.115905
4,197,1814,0.114891
4,198,1815,0.113079
4,198,1815,0.111889
4,198,1815,0.115372
4,198,1815,0.113941
4,198,1815,0.120120
4,198,1815,0.113370
4,198,1815,0.112835
4,198,1815,0.112598
4,199,1816,0.116847
4,199,1816,0.115769
4,199,1816,0.118323
4,199,1816,0.117316
4,199,1816,0.112939
4,199,1816,0.113506
4,199,1816,0.110713
4,199,1816,0.112463
4,200,1817,0.111307
4,200,1817,0.113714
4,200,1817,0.115087
4,200,1817,0.119758
4,200,1817,0.117286
4,200,1817,0.115141
4,200,1817,0.123596
4,200,1817,0.112513
4,201,1818,0.118299
4,201,1818,0.112501
4,201,1818,0.114558
4,201,1818,0.111832
4,201,1818,0.115733
4,201,1818,0.115590
4,201,1818,0.112832
4,201,1818,0.115826
4,202,1819,0.116356
4,202,1819,0.116234
4,202,1819,0.118938
4,202,1819,0.114239
4,202,1819,0.109537
4,202,1819,0.110890
4,202,1819,0.114586
4,202,1819,0.112490
4,203,1820,0.112691
4,203,1820,0.116614
4,203,1820,0.115574
4,203,1820,0.113060
4,203,1820,0.113607
4,203,1820,0.112502
4,203,1820,0.114097
4,203,1820,0.111065
4,204,1821,0.113138
4,204,1821,0.112762
4,204,1821,0.112938
4,204,1821,0.112274
4,204,1821,0.111678
4,204,1821,0.115244
4,204,1821,0.112033
4,204,1821,0.111913
4,205,1822,0.120388
4,205,1822,0.114803
4,205,1822,0.118043
4,205,1822,0.119272
4,205,1822,0.115445
4,205,1822,0.115139
4,205,1822,0.112448
4,205,1822,0.114467
4,206,1823,0.119229
4,206,1823,0.110553
4,206,1823,0.114656
4,206,1823,0.112184
4,206,1823,0.115932
4,206,1823,0.117807
4,206,1823,0.111848
4,206,1823,0.111768
4,207,1824,0.114541
4,207,1824,0.112641
4,207,1824,0.114693
4,207,1824,0.114044
4,207,1824,0.110035
4,207,1824,0.114485
4,207,1824,0.114554
4,207,1824,0.112376
4,208,1825,0.120748
4,208,1825,0.120512
4,208,1825,0.113450
4,208,1825,0.112673
4,208,1825,0.114554
4,208,1825,0.113745
4,208,1825,0.114565
4,208,1825,0.117258
4,209,1826,0.110323
4,209,1826,0.112721
4,209,1826,0.115157
4,209,1826,0.119684
4,209,1826,0.112676
4,209,1826,0.110888
4,209,1826,0.111478
4,209,1826,0.113663
4,210,1827,0.118211
4,210,1827,0.113230
4,210,1827,0.114770
4,210,1827,0.111999
4,210,1827,0.117347
4,210,1827,0.113001
4,210,1827,0.114669
4,210,1827,0.118827
4,211,1828,0.110838
4,211,1828,0.113216
4,211,1828,0.113505
4,211,1828,0.115561
4,211,1828,0.117001
4,211,1828,0.112320
4,211,1828,0.112402
4,211,1828,0.116397
4,212,1829,0.112000
4,212,1829,0.112397
4,212,1829,0.115509
4,212,1829,0.114519
4,212,1829,0.119027
4,212,1829,0.112649
4,212,1829,0.119912
4,212,1829,0.115766
4,213,1830,0.122222
4,213,1830,0.113370
4,213,1830,0.117670
4,213,1830,0.115525
4,213,1830,0.115399
4,213,1830,0.113402
4,213,1830,0.114258
4,213,1830,0.113006
4,214,1831,0.113358
4,214,1831,0.115114
4,214,1831,0.116261
4,214,1831,0.114023
4,214,1831,0.115697
4,214,1831,0.115065
4,214,1831,0.111764
4,214,1831,0.112126
4,215,1832,0.113694
4,215,1832,0.113548
4,215,1832,0.112387
4,215,1832,0.110526
4,215,1832,0.113639
4,215,1832,0.113710
4,215,1832,0.111727
4,215,1832,0.116287
4,216,1833,0.116020
4,216,1833,0.112672
4,216,1833,0.112792
4,216,1833,0.112536
4,216,1833,0.114798
4,216,1833,0.111437
4,216,1833,0.112151
4,216,1833,0.120588
4,217,1834,0.110408
4,217,1834,0.112554
4,217,1834,0.115844
4,217,1834,0.115285
4,217,1834,0.115222
4,217,1834,0.111845
4,217,1834,0.112099
4,217,1834,0.115608
4,218,1835,0.116364
4,218,1835,0.111949
4,218,1835,0.113168
4,218,1835,0.114170
4,218,1835,0.113280
4,218,1835,0.116517
4,218,1835,0.118048
4,218,1835,0.120127
4,219,1836,0.110473
4,219,1836,0.115270
4,219,1836,0.115473
4,219,1836,0.116920
4,219,1836,0.116365
4,219,1836,0.113602
4,219,1836,0.115484
4,219,1836,0.115500
4,220,1837,0.112219
4,220,1837,0.115656
4,220,1837,0.113347
4,220,1837,0.113164
4,220,1837,0.114394
4,220,1837,0.115880
4,220,1837,0.117859
4,220,1837,0.119196
4,221,1838,0.110385
4,221,1838,0.117447
4,221,1838,0.112994
4,221,1838,0.113706
4,221,1838,0.112022
4,221,1838,0.115517
4,221,1838,0.115859
4,221,1838,0.114439
4,222,1839,0.114235
4,222,1839,0.113334
4,222,1839,0.116622
4,222,1839,0.112929
4,222,1839,0.114754
4,222,1839,0.117650
4,222,1839,0.114925
4,222,1839,0.114318
4,223,1840,0.117250
4,223,1840,0.121526
4,223,1840,0.125622
4,223,1840,0.116992
4,223,1840,0.114906
4,223,1840,0.115173
4,223,1840,0.115191
4,223,1840,0.122889
4,224,1841,0.116942
4,224,1841,0.115475
4,224,1841,0.120495
4,224,1841,0.113698
4,224,1841,0.112589
4,224,1841,0.112433
4,224,1841,0.112467
4,224,1841,0.114333
4,225,1842,0.117330
4,225,1842,0.112564
4,225,1842,0.115165
4,225,1842,0.121190
4,225,1842,0.111064
4,225,1842,0.113960
4,225,1842,0.116412
4,225,1842,0.114851
4,226,1843,0.112534
4,226,1843,0.114704
4,226,1843,0.113989
4,226,1843,0.112922
4,226,1843,0.113469
4,226,1843,0.116401
4,226,1843,0.113874
4,226,1843,0.113776
4,227,1844,0.111994
4,227,1844,0.111336
4,227,1844,0.112474
4,227,1844,0.114854
4,227,1844,0.113667
4,227,1844,0.117965
4,227,1844,0.112181
4,227,1844,0.114559
4,228,1845,0.112540
4,228,1845,0.112427
4,228,1845,0.115120
4,228,1845,0.113806
4,228,1845,0.114147
4,228,1845,0.113314
4,228,1845,0.111436
4,228,1845,0.113596
4,229,1846,0.114350
4,229,1846,0.113704
4,229,1846,0.113346
4,229,1846,0.112675
4,229,1846,0.114597
4,229,1846,0.116516
4,229,1846,0.115369
4,229,1846,0.112345
4,230,1847,0.114270
4,230,1847,0.116309
4,230,1847,0.114120
4,230,1847,0.113315
4,230,1847,0.113872
4,230,1847,0.116027
4,230,1847,0.114397
4,230,1847,0.112589
4,231,1848,0.113520
4,231,1848,0.116409
4,231,1848,0.115834
4,231,1848,0.115914
4,231,1848,0.112144
4,231,1848,0.113324
4,231,1848,0.111982
4,231,1848,0.112666
4,232,1849,0.112528
4,232,1849,0.114403
4,232,1849,0.112384
4,232,1849,0.113713
4,232,1849,0.113565
4,232,1849,0.113742
4,232,1849,0.121873
4,232,1849,0.108702
4,233,1850,0.115153
4,233,1850,0.112804
4,233,1850,0.117105
4,233,1850,0.111498
4,233,1850,0.114638
4,233,1850,0.114006
4,233,1850,0.111188
4,233,1850,0.116275
4,234,1851,0.114464
4,234,1851,0.112277
4,234,1851,0.111856
4,234,1851,0.110866
4,234,1851,0.114613
4,234,1851,0.113847
4,234,1851,0.112316
4,234,1851,0.117848
4,235,1852,0.110738
4,235,1852,0.117353
4,235,1852,0.115115
4,235,1852,0.116167
4,235,1852,0.113875
4,235,1852,0.114266
4,235,1852,0.114315
4,235,1852,0.112048
4,236,1853,0.112178
4,236,1853,0.114462
4,236,1853,0.117251
4,236,1853,0.112926
4,236,1853,0.113714
4,236,1853,0.113596
4,236,1853,0.113788
4,236,1853,0.112167
4,237,1854,0.112232
4,237,1854,0.116736
4,237,1854,0.116020
4,237,1854,0.111910
4,237,1854,0.112632
4,237,1854,0.111381
4,237,1854,0.113492
4,237,1854,0.116801
4,238,1855,0.116046
4,238,1855,0.112618
4,238,1855,0.119244
4,238,1855,0.110102
4,238,1855,0.111144
4,238,1855,0.111519
4,238,1855,0.115713
4,238,1855,0.117136
4,239,1856,0.120625
4,239,1856,0.115775
4,239,1856,0.112941
4,239,1856,0.110929
4,239,1856,0.112478
4,239,1856,0.115159
4,239,1856,0.116939
4,239,1856,0.110423
4,240,1857,0.115661
4,240,1857,0.123223
4,240,1857,0.112700
4,240,1857,0.112158
4,240,1857,0.110278
4,240,1857,0.110418
4,240,1857,0.115597
4,240,1857,0.112159
4,241,1858,0.114536
4,241,1858,0.111784
4,241,1858,0.112526
4,241,1858,0.115990
4,241,1858,0.109092
4,241,1858,0.115622
4,241,1858,0.112397
4,241,1858,0.119921
4,242,1859,0.115523
4,242,1859,0.114730
4,242,1859,0.116644
4,242,1859,0.119687
4,242,1859,0.114804
4,242,1859,0.110012
4,242,1859,0.111816
4,242,1859,0.111556
4,243,1860,0.117357
4,243,1860,0.111602
4,243,1860,0.115168
4,243,1860,0.114404
4,243,1860,0.114504
4,243,1860,0.114477
4,243,1860,0.115112
4,243,1860,0.115074
4,244,1861,0.110874
4,244,1861,0.115115
4,244,1861,0.115432
4,244,1861,0.114513
4,244,1861,0.114562
4,244,1861,0.112074
4,244,1861,0.111691
4,244,1861,0.110906
4,245,1862,0.111870
4,245,1862,0.111131
4,245,1862,0.109806
4,245,1862,0.112851
4,245,1862,0.114748
4,245,1862,0.112695
4,245,1862,0.112106
4,245,1862,0.114365
4,246,1863,0.110519
4,246,1863,0.114499
4,246,1863,0.113571
4,246,1863,0.114952
4,246,1863,0.108128
4,246,1863,0.113847
4,246,1863,0.112604
4,246,1863,0.113565
4,247,1864,0.118299
4,247,1864,0.116876
4,247,1864,0.114585
4,247,1864,0.114434
4,247,1864,0.116505
4,247,1864,0.110276
4,247,1864,0.112789
4,247,1864,0.113598
4,248,1865,0.115510
4,248,1865,0.115400
4,248,1865,0.113404
4,248,1865,0.112644
4,248,1865,0.112678
4,248,1865,0.115156
4,248,1865,0.116469
4,248,1865,0.115428
4,249,1866,0.112974
4,249,1866,0.111615
4,249,1866,0.119264
4,249,1866,0.115561
4,249,1866,0.111705
4,249,1866,0.115320
4,249,1866,0.113164
4,249,1866,0.116443
4,250,1867,0.116609
4,250,1867,0.114542
4,250,1867,0.114095
4,250,1867,0.115492
4,250,1867,0.117002
4,250,1867,0.114861
4,250,1867,0.115382
4,250,1867,0.112812
4,251,1868,0.111173
4,251,1868,0.116557
4,251,1868,0.111647
4,251,1868,0.114363
4,251,1868,0.112290
4,251,1868,0.111147
4,251,1868,0.119045
4,251,1868,0.117982
4,252,1869,0.114643
4,252,1869,0.114382
4,252,1869,0.113638
4,252,1869,0.115312
4,252,1869,0.113593
4,252,1869,0.112620
4,252,1869,0.115841
4,252,1869,0.114972
4,253,1870,0.116927
4,253,1870,0.113115
4,253,1870,0.115081
4,253,1870,0.108078
4,253,1870,0.114235
4,253,1870,0.115094
4,253,1870,0.110456
4,253,1870,0.121631
4,254,1871,0.114248
4,254,1871,0.114072
4,254,1871,0.115974
4,254,1871,0.116536
4,254,1871,0.113587
4,254,1871,0.117063
4,254,1871,0.112364
4,254,1871,0.117953
4,255,1872,0.113552
4,255,1872,0.114575
4,255,1872,0.115033
4,255,1872,0.117542
4,255,1872,0.115214
4,255,1872,0.112980
4,255,1872,0.116866
4,255,1872,0.114400
4,256,1873,0.115271
4,256,1873,0.112162
4,256,1873,0.114453
4,256,1873,0.113918
4,256,1873,0.115772
4,256,1873,0.114833
4,256,1873,0.114593
4,256,1873,0.114576
4,257,1874,0.114728
4,257,1874,0.119169
4,257,1874,0.115247
4,257,1874,0.114450
4,257,1874,0.117166
4,257,1874,0.115549
4,257,1874,0.118995
4,257,1874,0.115439
4,258,1875,0.108967
4,258,1875,0.115392
4,258,1875,0.111504
4,258,1875,0.119455
4,258,1875,0.113098
4,258,1875,0.112811
4,258,1875,0.121784
4,258,1875,0.112671
4,259,1876,0.115019
4,259,1876,0.114403
4,259,1876,0.110571
4,259,1876,0.115876
4,259,1876,0.113809
4,259,1876,0.111358
4,259,1876,0.110534
4,259,1876,0.111372
4,260,1877,0.115997
4,260,1877,0.114704
4,260,1877,0.111947
4,260,1877,0.116019
4,260,1877,0.116550
4,260,1877,0.113059
4,260,1877,0.112882
4,260,1877,0.115008
4,261,1878,0.113749
4,261,1878,0.110438
4,261,1878,0.116971
4,261,1878,0.112140
4,261,1878,0.114659
4,261,1878,0.111426
4,261,1878,0.114552
4,261,1878,0.111462
4,262,1879,0.113388
4,262,1879,0.115650
4,262,1879,0.116711
4,262,1879,0.119243
4,262,1879,0.112337
4,262,1879,0.118244
4,262,1879,0.114982
4,262,1879,0.111524
4,263,1880,0.112881
4,263,1880,0.111713
4,263,1880,0.115977
4,263,1880,0.114752
4,263,1880,0.116117
4,263,1880,0.113694
4,263,1880,0.114132
4,263,1880,0.110502
4,264,1881,0.108453
4,264,1881,0.113030
4,264,1881,0.117903
4,264,1881,0.119068
4,264,1881,0.116056
4,264,1881,0.121583
4,264,1881,0.112997
4,264,1881,0.114072
4,265,1882,0.114944
4,265,1882,0.114311
4,265,1882,0.116078
4,265,1882,0.112689
4,265,1882,0.122266
4,265,1882,0.114498
4,265,1882,0.113921
4,265,1882,0.111194
4,266,1883,0.116032
4,266,1883,0.117983
4,266,1883,0.116600
4,266,1883,0.115961
4,266,1883,0.117727
4,266,1883,0.112522
4,266,1883,0.114954
4,266,1883,0.113366
4,267,1884,0.110895
4,267,1884,0.115044
4,267,1884,0.112164
4,267,1884,0.110741
4,267,1884,0.113812
4,267,1884,0.121832
4,267,1884,0.117296
4,267,1884,0.112372
4,268,1885,0.114671
4,268,1885,0.120675
4,268,1885,0.113751
4,268,1885,0.111703
4,268,1885,0.113459
4,268,1885,0.112291
4,268,1885,0.114844
4,268,1885,0.116552
4,269,1886,0.117725
4,269,1886,0.113195
4,269,1886,0.111581
4,269,1886,0.117204
4,269,1886,0.116392
4,269,1886,0.116421
4,269,1886,0.114567
4,269,1886,0.115870
4,270,1887,0.115286
4,270,1887,0.115944
4,270,1887,0.119968
4,270,1887,0.115829
4,270,1887,0.111769
4,270,1887,0.113547
4,270,1887,0.110552
4,270,1887,0.110504
4,271,1888,0.113769
4,271,1888,0.115476
4,271,1888,0.112249
4,271,1888,0.113672
4,271,1888,0.113317
4,271,1888,0.116293
4,271,1888,0.116843
4,271,1888,0.113733
4,272,1889,0.117348
4,272,1889,0.118909
4,272,1889,0.111177
4,272,1889,0.117233
4,272,1889,0.113146
4,272,1889,0.114096
4,272,1889,0.115135
4,272,1889,0.115666
4,273,1890,0.120490
4,273,1890,0.117568
4,273,1890,0.116555
4,273,1890,0.116088
4,273,1890,0.114818
4,273,1890,0.114786
4,273,1890,0.115269
4,273,1890,0.114309
4,274,1891,0.115151
4,274,1891,0.115258
4,274,1891,0.113087
4,274,1891,0.112577
4,274,1891,0.113270
4,274,1891,0.111434
4,274,1891,0.117973
4,274,1891,0.116105
4,275,1892,0.115296
4,275,1892,0.114873
4,275,1892,0.115700
4,275,1892,0.116783
4,275,1892,0.114297
4,275,1892,0.119007
4,275,1892,0.112335
4,275,1892,0.110015
4,276,1893,0.115965
4,276,1893,0.111782
4,276,1893,0.116993
4,276,1893,0.113499
4,276,1893,0.116073
4,276,1893,0.109788
4,276,1893,0.117155
4,276,1893,0.113534
4,277,1894,0.115707
4,277,1894,0.114763
4,277,1894,0.118241
4,277,1894,0.112770
4,277,1894,0.111745
4,277,1894,0.113337
4,277,1894,0.112589
4,277,1894,0.116757
4,278,1895,0.112698
4,278,1895,0.116245
4,278,1895,0.119275
4,278,1895,0.115927
4,278,1895,0.114174
4,278,1895,0.110314
4,278,1895,0.110922
4,278,1895,0.112165
4,279,1896,0.117035
4,279,1896,0.116637
4,279,1896,0.113309
4,279,1896,0.112627
4,279,1896,0.114584
4,279,1896,0.113177
4,279,1896,0.114411
4,279,1896,0.115885
4,280,1897,0.113595
4,280,1897,0.112801
4,280,1897,0.114222
4,280,1897,0.118408
4,280,1897,0.114483
4,280,1897,0.115734
4,280,1897,0.121162
4,280,1897,0.111892
4,281,1898,0.114448
4,281,1898,0.122859
4,281,1898,0.116377
4,281,1898,0.110196
4,281,1898,0.114528
4,281,1898,0.115786
4,281,1898,0.119018
4,281,1898,0.113558
4,282,1899,0.117377
4,282,1899,0.115288
4,282,1899,0.113381
4,282,1899,0.117289
4,282,1899,0.112292
4,282,1899,0.111653
4,282,1899,0.109596
4,282,1899,0.108957
4,283,1900,0.114590
4,283,1900,0.117003
4,283,1900,0.112111
4,283,1900,0.110020
4,283,1900,0.111398
4,283,1900,0.113855
4,283,1900,0.114253
4,283,1900,0.116009
4,284,1901,0.113139
4,284,1901,0.114459
4,284,1901,0.115255
4,284,1901,0.113645
4,284,1901,0.117168
4,284,1901,0.114917
4,284,1901,0.112712
4,284,1901,0.116987
4,285,1902,0.114111
4,285,1902,0.112290
4,285,1902,0.115222
4,285,1902,0.114273
4,285,1902,0.111251
4,285,1902,0.115299
4,285,1902,0.116512
4,285,1902,0.111695
4,286,1903,0.115190
4,286,1903,0.116717
4,286,1903,0.115860
4,286,1903,0.111783
4,286,1903,0.113915
4,286,1903,0.114794
4,286,1903,0.118016
4,286,1903,0.112393
4,287,1904,0.115803
4,287,1904,0.115699
4,287,1904,0.113681
4,287,1904,0.114920
4,287,1904,0.111169
4,287,1904,0.112879
4,287,1904,0.112929
4,287,1904,0.112251
4,288,1905,0.111480
4,288,1905,0.114016
4,288,1905,0.118293
4,288,1905,0.115810
4,288,1905,0.116894
4,288,1905,0.110355
4,288,1905,0.114037
4,288,1905,0.115972
4,289,1906,0.116149
4,289,1906,0.116140
4,289,1906,0.114327
4,289,1906,0.116764
4,289,1906,0.113618
4,289,1906,0.112782
4,289,1906,0.114033
4,289,1906,0.113103
4,290,1907,0.110878
4,290,1907,0.115455
4,290,1907,0.117150
4,290,1907,0.112073
4,290,1907,0.112313
4,290,1907,0.117892
4,290,1907,0.113143
4,290,1907,0.113932
4,291,1908,0.114892
4,291,1908,0.114151
4,291,1908,0.112155
4,291,1908,0.120644
4,291,1908,0.114554
4,291,1908,0.120718
4,291,1908,0.112925
4,291,1908,0.111490
4,292,1909,0.114016
4,292,1909,0.115654
4,292,1909,0.113426
4,292,1909,0.115094
4,292,1909,0.113523
4,292,1909,0.116309
4,292,1909,0.113888
4,292,1909,0.114671
4,293,1910,0.113530
4,293,1910,0.113410
4,293,1910,0.112899
4,293,1910,0.114476
4,293,1910,0.115602
4,293,1910,0.113740
4,293,1910,0.112069
4,293,1910,0.117568
4,294,1911,0.122655
4,294,1911,0.112892
4,294,1911,0.112926
4,294,1911,0.114134
4,294,1911,0.114136
4,294,1911,0.112070
4,294,1911,0.114842
4,294,1911,0.110687
4,295,1912,0.115901
4,295,1912,0.114163
4,295,1912,0.111573
4,295,1912,0.110783
4,295,1912,0.114308
4,295,1912,0.110951
4,295,1912,0.112588
4,295,1912,0.112986
4,296,1913,0.115064
4,296,1913,0.116128
4,296,1913,0.113213
4,296,1913,0.114491
4,296,1913,0.113749
4,296,1913,0.113476
4,296,1913,0.113012
4,296,1913,0.114117
4,297,1914,0.121311
4,297,1914,0.111318
4,297,1914,0.116221
4,297,1914,0.118947
4,297,1914,0.116495
4,297,1914,0.113274
4,297,1914,0.113265
4,297,1914,0.121852
4,298,1915,0.113150
4,298,1915,0.119492
4,298,1915,0.113120
4,298,1915,0.116558
4,298,1915,0.117317
4,298,1915,0.118644
4,298,1915,0.112887
4,298,1915,0.114666
4,299,1916,0.112226
4,299,1916,0.116305
4,299,1916,0.114320
4,299,1916,0.117292
4,299,1916,0.114418
4,299,1916,0.113107
4,299,1916,0.114732
4,299,1916,0.108870
4,300,1917,0.113217
4,300,1917,0.109179
4,300,1917,0.114578
4,300,1917,0.113179
4,300,1917,0.114042
4,300,1917,0.115821
4,300,1917,0.113967
4,300,1917,0.118883
4,301,1918,0.114015
4,301,1918,0.115839
4,301,1918,0.114428
4,301,1918,0.115642
4,301,1918,0.112038
4,301,1918,0.115535
4,301,1918,0.118211
4,301,1918,0.118016
4,302,1919,0.112313
4,302,1919,0.113900
4,302,1919,0.112204
4,302,1919,0.112293
4,302,1919,0.111165
4,302,1919,0.115743
4,302,1919,0.114877
4,302,1919,0.120430
4,303,1920,0.114603
4,303,1920,0.113299
4,303,1920,0.112378
4,303,1920,0.113930
4,303,1920,0.115457
4,303,1920,0.118118
4,303,1920,0.113472
4,303,1920,0.114665
4,304,1921,0.115430
4,304,1921,0.112703
4,304,1921,0.112601
4,304,1921,0.121232
4,304,1921,0.111567
4,304,1921,0.113762
4,304,1921,0.111804
4,304,1921,0.111889
4,305,1922,0.116952
4,305,1922,0.117692
4,305,1922,0.113187
4,305,1922,0.113324
4,305,1922,0.114991
4,305,1922,0.112847
4,305,1922,0.117382
4,305,1922,0.116808
4,306,1923,0.111942
4,306,1923,0.117856
4,306,1923,0.116271
4,306,1923,0.112909
4,306,1923,0.117179
4,306,1923,0.112828
4,306,1923,0.114924
4,306,1923,0.116099
4,307,1924,0.115413
4,307,1924,0.114798
4,307,1924,0.114909
4,307,1924,0.113035
4,307,1924,0.120481
4,307,1924,0.115291
4,307,1924,0.112157
4,307,1924,0.116071
4,308,1925,0.112926
4,308,1925,0.113533
4,308,1925,0.109550
4,308,1925,0.115469
4,308,1925,0.114263
4,308,1925,0.114887
4,308,1925,0.116808
4,308,1925,0.111987
4,309,1926,0.118410
4,309,1926,0.119614
4,309,1926,0.111084
4,309,1926,0.113166
4,309,1926,0.114727
4,309,1926,0.116092
4,309,1926,0.114418
4,309,1926,0.111994
4,310,1927,0.115780
4,310,1927,0.114928
4,310,1927,0.118131
4,310,1927,0.111210
4,310,1927,0.114407
4,310,1927,0.113122
4,310,1927,0.112590
4,310,1927,0.115085
4,311,1928,0.111152
4,311,1928,0.112860
4,311,1928,0.115659
4,311,1928,0.112101
4,311,1928,0.113173
4,311,1928,0.113054
4,311,1928,0.116547
4,311,1928,0.112443
4,312,1929,0.113235
4,312,1929,0.111117
4,312,1929,0.114361
4,312,1929,0.113927
4,312,1929,0.112542
4,312,1929,0.116203
4,312,1929,0.113499
4,312,1929,0.112927
4,313,1930,0.114571
4,313,1930,0.114474
4,313,1930,0.113531
4,313,1930,0.108725
4,313,1930,0.113031
4,313,1930,0.121143
4,313,1930,0.113995
4,313,1930,0.112779
4,314,1931,0.118565
4,314,1931,0.116016
4,314,1931,0.115091
4,314,1931,0.116112
4,314,1931,0.116049
4,314,1931,0.113053
4,314,1931,0.112055
4,314,1931,0.113401
4,315,1932,0.111927
4,315,1932,0.112878
4,315,1932,0.111727
4,315,1932,0.113051
4,315,1932,0.113430
4,315,1932,0.114259
4,315,1932,0.112818
4,315,1932,0.111594
4,316,1933,0.116730
4,316,1933,0.113150
4,316,1933,0.114743
4,316,1933,0.119207
4,316,1933,0.114784
4,316,1933,0.112414
4,316,1933,0.118608
4,316,1933,0.110639
4,317,1934,0.113377
4,317,1934,0.110120
4,317,1934,0.115574
4,317,1934,0.110800
4,317,1934,0.114612
4,317,1934,0.111508
4,317,1934,0.117938
4,317,1934,0.114848
4,318,1935,0.113003
4,318,1935,0.120374
4,318,1935,0.113999
4,318,1935,0.115350
4,318,1935,0.111986
4,318,1935,0.113613
4,318,1935,0.113109
4,318,1935,0.112749
4,319,1936,0.120901
4,319,1936,0.115131
4,319,1936,0.115253
4,319,1936,0.114134
4,319,1936,0.117365
4,319,1936,0.114307
4,319,1936,0.111054
4,319,1936,0.114705
4,320,1937,0.112685
4,320,1937,0.111901
4,320,1937,0.115241
4,320,1937,0.117566
4,320,1937,0.112445
4,320,1937,0.111106
4,320,1937,0.110789
4,320,1937,0.116642
4,321,1938,0.110514
4,321,1938,0.114914
4,321,1938,0.114018
4,321,1938,0.114520
4,321,1938,0.114920
4,321,1938,0.116112
4,321,1938,0.110485
4,321,1938,0.113135
4,322,1939,0.115941
4,322,1939,0.114037
4,322,1939,0.113248
4,322,1939,0.113646
4,322,1939,0.115167
4,322,1939,0.110063
4,322,1939,0.117716
4,322,1939,0.117251
4,323,1940,0.113307
4,323,1940,0.112592
4,323,1940,0.114392
4,323,1940,0.116565
4,323,1940,0.115401
4,323,1940,0.113703
4,323,1940,0.115214
4,323,1940,0.115451
4,324,1941,0.116722
4,324,1941,0.113399
4,324,1941,0.110620
4,324,1941,0.115107
4,324,1941,0.117661
4,324,1941,0.114840
4,324,1941,0.114447
4,324,1941,0.111547
4,325,1942,0.116530
4,325,1942,0.114824
4,325,1942,0.110415
4,325,1942,0.117804
4,325,1942,0.111326
4,325,1942,0.112237
4,325,1942,0.119496
4,325,1942,0.113419
4,326,1943,0.117036
4,326,1943,0.116608
4,326,1943,0.108584
4,326,1943,0.116771
4,326,1943,0.113048
4,326,1943,0.113664
4,326,1943,0.114303
4,326,1943,0.113335
4,327,1944,0.119429
4,327,1944,0.110023
4,327,1944,0.112782
4,327,1944,0.114679
4,327,1944,0.113219
4,327,1944,0.112805
4,327,1944,0.115164
4,327,1944,0.113560
4,328,1945,0.118149
4,328,1945,0.113775
4,328,1945,0.115897
4,328,1945,0.113538
4,328,1945,0.111646
4,328,1945,0.112017
4,328,1945,0.116233
4,328,1945,0.113429
4,329,1946,0.110758
4,329,1946,0.116717
4,329,1946,0.113204
4,329,1946,0.110607
4,329,1946,0.114317
4,329,1946,0.109230
4,329,1946,0.116142
4,329,1946,0.114552
4,330,1947,0.113917
4,330,1947,0.111075
4,330,1947,0.116987
4,330,1947,0.115314
4,330,1947,0.114111
4,330,1947,0.113016
4,330,1947,0.114827
4,330,1947,0.114983
4,331,1948,0.113115
4,331,1948,0.117039
4,331,1948,0.117448
4,331,1948,0.118431
4,331,1948,0.111359
4,331,1948,0.116009
4,331,1948,0.112905
4,331,1948,0.112577
4,332,1949,0.115511
4,332,1949,0.114864
4,332,1949,0.116078
4,332,1949,0.112691
4,332,1949,0.113818
4,332,1949,0.117573
4,332,1949,0.112363
4,332,1949,0.111439
4,333,1950,0.112561
4,333,1950,0.113129
4,333,1950,0.112835
4,333,1950,0.111097
4,333,1950,0.114317
4,333,1950,0.107455
4,333,1950,0.114258
4,333,1950,0.113127
4,334,1951,0.114820
4,334,1951,0.115170
4,334,1951,0.114576
4,334,1951,0.111894
4,334,1951,0.114083
4,334,1951,0.113084
4,334,1951,0.112870
4,334,1951,0.112980
4,335,1952,0.112882
4,335,1952,0.119560
4,335,1952,0.115883
4,335,1952,0.117319
4,335,1952,0.114262
4,335,1952,0.110514
4,335,1952,0.117912
4,335,1952,0.117677
4,336,1953,0.112104
4,336,1953,0.111192
4,336,1953,0.115873
4,336,1953,0.111842
4,336,1953,0.116532
4,336,1953,0.116739
4,336,1953,0.116294
4,336,1953,0.115004
4,337,1954,0.116684
4,337,1954,0.113454
4,337,1954,0.114243
4,337,1954,0.114437
4,337,1954,0.121034
4,337,1954,0.121785
4,337,1954,0.112658
4,337,1954,0.116916
4,338,1955,0.112345
4,338,1955,0.113309
4,338,1955,0.111543
4,338,1955,0.111480
4,338,1955,0.114727
4,338,1955,0.112341
4,338,1955,0.115912
4,338,1955,0.113635
4,339,1956,0.115843
4,339,1956,0.112932
4,339,1956,0.113725
4,339,1956,0.112033
4,339,1956,0.109226
4,339,1956,0.115183
4,339,1956,0.117737
4,339,1956,0.112759
4,340,1957,0.114380
4,340,1957,0.122433
4,340,1957,0.119660
4,340,1957,0.116355
4,340,1957,0.121320
4,340,1957,0.117265
4,340,1957,0.114091
4,340,1957,0.120379
4,341,1958,0.112514
4,341,1958,0.119863
4,341,1958,0.116754
4,341,1958,0.115447
4,341,1958,0.114850
4,341,1958,0.112251
4,341,1958,0.114357
4,341,1958,0.115720
4,342,1959,0.115383
4,342,1959,0.113623
4,342,1959,0.114379
4,342,1959,0.114566
4,342,1959,0.111546
4,342,1959,0.114823
4,342,1959,0.114324
4,342,1959,0.109540
4,343,1960,0.113609
4,343,1960,0.116519
4,343,1960,0.115794
4,343,1960,0.115735
4,343,1960,0.112207
4,343,1960,0.112108
4,343,1960,0.115346
4,343,1960,0.119577
4,344,1961,0.122360
4,344,1961,0.113174
4,344,1961,0.116461
4,344,1961,0.117503
4,344,1961,0.111862
4,344,1961,0.117093
4,344,1961,0.113449
4,344,1961,0.116532
4,345,1962,0.114107
4,345,1962,0.112333
4,345,1962,0.114957
4,345,1962,0.112822
4,345,1962,0.110067
4,345,1962,0.110384
4,345,1962,0.114093
4,345,1962,0.112959
4,346,1963,0.110350
4,346,1963,0.115452
4,346,1963,0.115367
4,346,1963,0.116778
4,346,1963,0.114674
4,346,1963,0.122298
4,346,1963,0.117292
4,346,1963,0.116740
4,347,1964,0.113122
4,347,1964,0.111833
4,347,1964,0.116170
4,347,1964,0.115704
4,347,1964,0.113149
4,347,1964,0.117733
4,347,1964,0.112991
4,347,1964,0.114819
4,348,1965,0.114695
4,348,1965,0.118514
4,348,1965,0.124781
4,348,1965,0.113211
4,348,1965,0.109909
4,348,1965,0.112511
4,348,1965,0.111769
4,348,1965,0.111398
4,349,1966,0.114106
4,349,1966,0.110356
4,349,1966,0.112486
4,349,1966,0.116132
4,349,1966,0.110541
4,349,1966,0.116154
4,349,1966,0.113888
4,349,1966,0.111430
4,350,1967,0.115282
4,350,1967,0.113145
4,350,1967,0.110732
4,350,1967,0.116134
4,350,1967,0.121177
4,350,1967,0.114484
4,350,1967,0.119324
4,350,1967,0.113968
4,351,1968,0.117030
4,351,1968,0.109798
4,351,1968,0.113093
4,351,1968,0.115783
4,351,1968,0.114226
4,351,1968,0.116428
4,351,1968,0.111324
4,351,1968,0.114589
4,352,1969,0.116357
4,352,1969,0.114428
4,352,1969,0.111625
4,352,1969,0.115721
4,352,1969,0.114542
4,352,1969,0.116105
4,352,1969,0.113727
4,352,1969,0.114484
4,353,1970,0.111940
4,353,1970,0.114477
4,353,1970,0.114369
4,353,1970,0.117116
4,353,1970,0.118592
4,353,1970,0.115285
4,353,1970,0.113659
4,353,1970,0.112919
4,354,1971,0.112912
4,354,1971,0.116770
4,354,1971,0.115182
4,354,1971,0.112701
4,354,1971,0.113552
4,354,1971,0.110259
4,354,1971,0.114789
4,354,1971,0.111812
4,355,1972,0.115411
4,355,1972,0.113509
4,355,1972,0.112433
4,355,1972,0.112895
4,355,1972,0.117262
4,355,1972,0.126235
4,355,1972,0.113575
4,355,1972,0.108896
4,356,1973,0.114420
4,356,1973,0.114884
4,356,1973,0.111114
4,356,1973,0.113647
4,356,1973,0.113817
4,356,1973,0.114091
4,356,1973,0.116531
4,356,1973,0.118211
4,357,1974,0.114655
4,357,1974,0.113642
4,357,1974,0.114689
4,357,1974,0.111532
4,357,1974,0.112123
4,357,1974,0.114733
4,357,1974,0.117224
4,357,1974,0.116231
4,358,1975,0.112247
4,358,1975,0.123148
4,358,1975,0.116049
4,358,1975,0.115249
4,358,1975,0.114235
4,358,1975,0.115309
4,358,1975,0.111492
4,358,1975,0.113446
4,359,1976,0.114922
4,359,1976,0.111703
4,359,1976,0.116790
4,359,1976,0.113688
4,359,1976,0.114255
4,359,1976,0.114305
4,359,1976,0.117104
4,359,1976,0.114440
4,360,1977,0.117725
4,360,1977,0.114924
4,360,1977,0.115417
4,360,1977,0.110816
4,360,1977,0.111924
4,360,1977,0.115319
4,360,1977,0.114355
4,360,1977,0.113371
4,361,1978,0.117519
4,361,1978,0.108840
4,361,1978,0.118424
4,361,1978,0.110009
4,361,1978,0.110826
4,361,1978,0.111013
4,361,1978,0.114823
4,361,1978,0.117441
4,362,1979,0.114327
4,362,1979,0.117288
4,362,1979,0.114622
4,362,1979,0.112478
4,362,1979,0.113074
4,362,1979,0.115862
4,362,1979,0.114534
4,362,1979,0.113665
4,363,1980,0.114244
4,363,1980,0.116490
4,363,1980,0.120148
4,363,1980,0.111191
4,363,1980,0.118352
4,363,1980,0.115265
4,363,1980,0.109554
4,363,1980,0.112987
4,364,1981,0.115053
4,364,1981,0.112922
4,364,1981,0.109656
4,364,1981,0.119725
4,364,1981,0.114569
4,364,1981,0.113533
4,364,1981,0.114987
4,364,1981,0.116492
4,365,1982,0.114474
4,365,1982,0.119292
4,365,1982,0.115633
4,365,1982,0.116601
4,365,1982,0.113262
4,365,1982,0.114488
4,365,1982,0.111236
4,365,1982,0.111971
4,366,1983,0.111183
4,366,1983,0.111344
4,366,1983,0.113899
4,366,1983,0.116404
4,366,1983,0.116187
4,366,1983,0.119083
4,366,1983,0.112853
4,366,1983,0.113052
4,367,1984,0.114031
4,367,1984,0.118952
4,367,1984,0.114593
4,367,1984,0.112319
4,367,1984,0.115652
4,367,1984,0.110887
4,367,1984,0.112098
4,367,1984,0.113207
4,368,1985,0.113575
4,368,1985,0.111825
4,368,1985,0.112075
4,368,1985,0.111874
4,368,1985,0.116562
4,368,1985,0.115112
4,368,1985,0.115368
4,368,1985,0.109579
4,369,1986,0.114105
4,369,1986,0.118297
4,369,1986,0.115794
4,369,1986,0.111683
4,369,1986,0.115686
4,369,1986,0.112752
4,369,1986,0.116216
4,369,1986,0.111461
4,370,1987,0.116054
4,370,1987,0.110571
4,370,1987,0.115039
4,370,1987,0.112070
4,370,1987,0.114905
4,370,1987,0.112118
4,370,1987,0.118189
4,370,1987,0.113001
4,371,1988,0.115858
4,371,1988,0.117096
4,371,1988,0.115162
4,371,1988,0.117672
4,371,1988,0.120095
4,371,1988,0.111525
4,371,1988,0.113527
4,371,1988,0.114400
4,372,1989,0.115409
4,372,1989,0.114020
4,372,1989,0.122018
4,372,1989,0.117280
4,372,1989,0.116275
4,372,1989,0.116962
4,372,1989,0.116391
4,372,1989,0.112627
4,373,1990,0.113532
4,373,1990,0.111398
4,373,1990,0.110053
4,373,1990,0.113592
4,373,1990,0.111055
4,373,1990,0.117522
4,373,1990,0.120647
4,373,1990,0.116773
4,374,1991,0.120932
4,374,1991,0.112634
4,374,1991,0.111765
4,374,1991,0.116294
4,374,1991,0.113774
4,374,1991,0.110581
4,374,1991,0.114817
4,374,1991,0.111734
4,375,1992,0.115084
4,375,1992,0.113172
4,375,1992,0.117253
4,375,1992,0.112699
4,375,1992,0.112985
4,375,1992,0.115767
4,375,1992,0.113499
4,375,1992,0.115950
4,376,1993,0.113062
4,376,1993,0.112433
4,376,1993,0.116298
4,376,1993,0.111600
4,376,1993,0.113730
4,376,1993,0.114161
4,376,1993,0.121363
4,376,1993,0.111897
4,377,1994,0.113946
4,377,1994,0.113583
4,377,1994,0.115131
4,377,1994,0.120045
4,377,1994,0.109540
4,377,1994,0.115355
4,377,1994,0.113185
4,377,1994,0.117453
4,378,1995,0.122208
4,378,1995,0.115702
4,378,1995,0.112804
4,378,1995,0.111622
4,378,1995,0.110797
4,378,1995,0.118211
4,378,1995,0.111659
4,378,1995,0.116101
4,379,1996,0.119081
4,379,1996,0.115674
4,379,1996,0.112925
4,379,1996,0.116863
4,379,1996,0.119703
4,379,1996,0.113098
4,379,1996,0.115385
4,379,1996,0.112331
4,380,1997,0.111984
4,380,1997,0.113450
4,380,1997,0.116061
4,380,1997,0.112232
4,380,1997,0.115115
4,380,1997,0.115013
4,380,1997,0.114295
4,380,1997,0.116459
4,381,1998,0.109669
4,381,1998,0.113745
4,381,1998,0.112195
4,381,1998,0.112080
4,381,1998,0.117530
4,381,1998,0.114419
4,381,1998,0.117142
4,381,1998,0.113660
4,382,1999,0.112703
4,382,1999,0.114581
4,382,1999,0.114835
4,382,1999,0.115639
4,382,1999,0.111120
4,382,1999,0.113477
4,382,1999,0.115662
4,382,1999,0.116552
4,383,2000,0.118424
4,383,2000,0.112352
4,383,2000,0.114381
4,383,2000,0.119485
4,383,2000,0.111899
4,383,2000,0.109343
4,383,2000,0.113180
4,383,2000,0.113079
4,384,2001,0.114799
4,384,2001,0.116934
4,384,2001,0.113937
4,384,2001,0.111469
4,384,2001,0.115423
4,384,2001,0.112991
4,384,2001,0.113427
4,384,2001,0.122685
4,385,2002,0.117414
4,385,2002,0.113201
4,385,2002,0.117511
4,385,2002,0.115618
4,385,2002,0.115898
4,385,2002,0.113539
4,385,2002,0.112554
4,385,2002,0.114726
4,386,2003,0.114690
4,386,2003,0.111824
4,386,2003,0.115358
4,386,2003,0.114204
4,386,2003,0.112359
4,386,2003,0.114598
4,386,2003,0.119018
4,386,2003,0.114592
4,387,2004,0.110954
4,387,2004,0.115011
4,387,2004,0.115615
4,387,2004,0.115003
4,387,2004,0.117103
4,387,2004,0.121725
4,387,2004,0.121609
4,387,2004,0.113721
4,388,2005,0.116626
4,388,2005,0.115475
4,388,2005,0.117166
4,388,2005,0.114813
4,388,2005,0.116937
4,388,2005,0.112607
4,388,2005,0.117045
4,388,2005,0.112168
4,389,2006,0.116372
4,389,2006,0.111227
4,389,2006,0.116443
4,389,2006,0.114028
4,389,2006,0.113355
4,389,2006,0.112532
4,389,2006,0.112709
4,389,2006,0.114797
4,390,2007,0.119574
4,390,2007,0.114028
4,390,2007,0.122225
4,390,2007,0.114061
4,390,2007,0.113735
4,390,2007,0.110409
4,390,2007,0.117276
4,390,2007,0.113775
4,391,2008,0.109750
4,391,2008,0.118835
4,391,2008,0.113693
4,391,2008,0.113265
4,391,2008,0.117478
4,391,2008,0.115526
4,391,2008,0.115521
4,391,2008,0.114776
4,392,2009,0.117463
4,392,2009,0.113684
4,392,2009,0.112790
4,392,2009,0.113123
4,392,2009,0.113320
4,392,2009,0.109303
4,392,2009,0.113106
4,392,2009,0.114034
4,393,2010,0.116674
4,393,2010,0.119972
4,393,2010,0.113710
4,393,2010,0.111950
4,393,2010,0.115437
4,393,2010,0.110250
4,393,2010,0.115728
4,393,2010,0.110187
4,394,2011,0.116570
4,394,2011,0.112958
4,394,2011,0.115023
4,394,2011,0.118087
4,394,2011,0.111654
4,394,2011,0.114198
4,394,2011,0.116008
4,394,2011,0.118136
4,395,2012,0.112069
4,395,2012,0.115206
4,395,2012,0.117614
4,395,2012,0.115671
4,395,2012,0.115424
4,395,2012,0.115498
4,395,2012,0.112634
4,395,2012,0.112475
4,396,2013,0.114317
4,396,2013,0.118876
4,396,2013,0.112448
4,396,2013,0.119911
4,396,2013,0.117578
4,396,2013,0.114545
4,396,2013,0.111086
4,396,2013,0.113868
4,397,2014,0.110025
4,397,2014,0.120670
4,397,2014,0.110092
4,397,2014,0.114947
4,397,2014,0.109355
4,397,2014,0.112378
4,397,2014,0.115256
4,397,2014,0.112407
4,398,2015,0.110639
4,398,2015,0.114103
4,398,2015,0.111034
4,398,2015,0.120612
4,398,2015,0.113943
4,398,2015,0.116725
4,398,2015,0.113140
4,398,2015,0.114069
4,399,2016,0.116504
4,399,2016,0.112461
4,399,2016,0.113487
4,399,2016,0.116737
4,399,2016,0.116795
4,399,2016,0.113281
4,399,2016,0.114485
4,399,2016,0.111997
4,400,2017,0.112271
4,400,2017,0.113354
4,400,2017,0.114112
4,400,2017,0.116985
4,400,2017,0.112424
4,400,2017,0.110240
4,400,2017,0.114883
4,400,2017,0.111692
4,401,2018,0.109913
4,401,2018,0.119411
4,401,2018,0.112123
4,401,2018,0.113803
4,401,2018,0.111656
4,401,2018,0.113374
4,401,2018,0.114227
4,401,2018,0.112579
4,402,2019,0.113587
4,402,2019,0.116482
4,402,2019,0.113374
4,402,2019,0.116846
4,402,2019,0.112260
4,402,2019,0.115549
4,402,2019,0.110191
4,402,2019,0.120723
4,403,2020,0.112585
4,403,2020,0.117801
4,403,2020,0.113134
4,403,2020,0.112433
4,403,2020,0.111275
4,403,2020,0.113880
4,403,2020,0.114408
4,403,2020,0.112846
4,404,2021,0.117515
4,404,2021,0.112923
4,404,2021,0.110610
4,404,2021,0.111263
4,404,2021,0.109128
4,404,2021,0.119472
4,404,2021,0.112489
4,404,2021,0.112109
4,405,2022,0.114757
4,405,2022,0.120458
4,405,2022,0.118092
4,405,2022,0.114310
4,405,2022,0.114924
4,405,2022,0.113653
4,405,2022,0.111850
4,405,2022,0.111613
4,406,2023,0.114466
4,406,2023,0.116896
4,406,2023,0.113880
4,406,2023,0.114323
4,406,2023,0.114411
4,406,2023,0.110608
4,406,2023,0.111577
4,406,2023,0.114946
4,407,2024,0.113747
4,407,2024,0.116658
4,407,2024,0.116846
4,407,2024,0.119397
4,407,2024,0.113095
4,407,2024,0.114856
4,407,2024,0.112084
4,407,2024,0.110942
4,408,2025,0.113487
4,408,2025,0.115574
4,408,2025,0.112280
4,408,2025,0.112543
4,408,2025,0.110592
4,408,2025,0.116082
4,408,2025,0.115858
4,408,2025,0.114208
4,409,2026,0.115907
4,409,2026,0.118882
4,409,2026,0.114077
4,409,2026,0.113858
4,409,2026,0.118450
4,409,2026,0.114430
4,409,2026,0.113100
4,409,2026,0.112337
4,410,2027,0.117176
4,410,2027,0.118325
4,410,2027,0.116698
4,410,2027,0.113449
4,410,2027,0.115307
4,410,2027,0.113134
4,410,2027,0.115702
4,410,2027,0.115361
4,411,2028,0.115805
4,411,2028,0.114036
4,411,2028,0.110311
4,411,2028,0.116701
4,411,2028,0.114937
4,411,2028,0.116177
4,411,2028,0.114140
4,411,2028,0.114641
4,412,2029,0.111409
4,412,2029,0.112810
4,412,2029,0.112694
4,412,2029,0.112865
4,412,2029,0.111995
4,412,2029,0.112125
4,412,2029,0.117773
4,412,2029,0.110824
4,413,2030,0.116826
4,413,2030,0.113701
4,413,2030,0.118543
4,413,2030,0.114263
4,413,2030,0.112150
4,413,2030,0.116803
4,413,2030,0.114294
4,413,2030,0.111660
4,414,2031,0.114293
4,414,2031,0.114965
4,414,2031,0.115540
4,414,2031,0.115473
4,414,2031,0.114710
4,414,2031,0.111811
4,414,2031,0.117334
4,414,2031,0.113101
4,415,2032,0.112852
4,415,2032,0.115914
4,415,2032,0.112646
4,415,2032,0.113850
4,415,2032,0.120327
4,415,2032,0.111516
4,415,2032,0.113243
4,415,2032,0.112354
4,416,2033,0.114159
4,416,2033,0.114759
4,416,2033,0.111876
4,416,2033,0.111205
4,416,2033,0.112545
4,416,2033,0.111822
4,416,2033,0.114274
4,416,2033,0.113327
4,417,2034,0.112385
4,417,2034,0.112692
4,417,2034,0.113569
4,417,2034,0.112147
4,417,2034,0.113278
4,417,2034,0.116588
4,417,2034,0.114576
4,417,2034,0.112572
4,418,2035,0.112241
4,418,2035,0.111755
4,418,2035,0.115185
4,418,2035,0.112602
4,418,2035,0.115408
4,418,2035,0.118757
4,418,2035,0.114289
4,418,2035,0.113146
4,419,2036,0.113697
4,419,2036,0.115241
4,419,2036,0.116458
4,419,2036,0.110916
4,419,2036,0.114532
4,419,2036,0.114965
4,419,2036,0.116825
4,419,2036,0.114556
4,420,2037,0.117546
4,420,2037,0.119900
4,420,2037,0.116505
4,420,2037,0.111702
4,420,2037,0.116492
4,420,2037,0.116715
4,420,2037,0.117905
4,420,2037,0.112698
4,421,2038,0.110495
4,421,2038,0.115884
4,421,2038,0.114017
4,421,2038,0.113154
4,421,2038,0.112874
4,421,2038,0.113280
4,421,2038,0.117922
4,421,2038,0.112165
4,422,2039,0.117772
4,422,2039,0.115126
4,422,2039,0.111422
4,422,2039,0.115078
4,422,2039,0.116172
4,422,2039,0.117485
4,422,2039,0.121041
4,422,2039,0.111047
4,423,2040,0.113117
4,423,2040,0.113610
4,423,2040,0.112821
4,423,2040,0.118492
4,423,2040,0.116155
4,423,2040,0.112608
4,423,2040,0.116794
4,423,2040,0.112039
4,424,2041,0.114319
4,424,2041,0.116363
4,424,2041,0.113657
4,424,2041,0.118677
4,424,2041,0.116287
4,424,2041,0.118947
4,424,2041,0.116260
4,424,2041,0.111057
4,425,2042,0.113035
4,425,2042,0.114010
4,425,2042,0.116513
4,425,2042,0.110657
4,425,2042,0.121913
4,425,2042,0.110214
4,425,2042,0.116263
4,425,2042,0.113788
4,426,2043,0.110679
4,426,2043,0.111455
4,426,2043,0.112269
4,426,2043,0.109730
4,426,2043,0.115553
4,426,2043,0.111698
4,426,2043,0.113992
4,426,2043,0.114289
4,427,2044,0.115225
4,427,2044,0.115951
4,427,2044,0.113845
4,427,2044,0.114228
4,427,2044,0.112561
4,427,2044,0.112506
4,427,2044,0.112875
4,427,2044,0.119223
4,428,2045,0.114085
4,428,2045,0.114643
4,428,2045,0.117664
4,428,2045,0.113047
4,428,2045,0.116925
4,428,2045,0.111919
4,428,2045,0.115465
4,428,2045,0.114165
4,429,2046,0.110176
4,429,2046,0.112056
4,429,2046,0.114126
4,429,2046,0.113601
4,429,2046,0.111283
4,429,2046,0.114735
4,429,2046,0.116167
4,429,2046,0.112694
4,430,2047,0.119194
4,430,2047,0.118361
4,430,2047,0.117494
4,430,2047,0.111721
4,430,2047,0.109145
4,430,2047,0.114689
4,430,2047,0.115074
4,430,2047,0.115715
4,431,2048,0.112803
4,431,2048,0.117209
4,431,2048,0.116627
4,431,2048,0.114295
4,431,2048,0.115857
4,431,2048,0.115281
4,431,2048,0.112383
4,431,2048,0.116333
4,432,2049,0.110920
4,432,2049,0.115947
4,432,2049,0.112569
4,432,2049,0.115316
4,432,2049,0.113153
4,432,2049,0.112934
4,432,2049,0.114471
4,432,2049,0.117235
4,433,2050,0.117309
4,433,2050,0.113144
4,433,2050,0.112894
4,433,2050,0.118326
4,433,2050,0.117069
4,433,2050,0.111993
4,433,2050,0.114386
4,433,2050,0.113863
4,434,2051,0.114280
4,434,2051,0.110715
4,434,2051,0.113293
4,434,2051,0.112617
4,434,2051,0.113365
4,434,2051,0.114917
4,434,2051,0.114229
4,434,2051,0.113386
4,435,2052,0.111987
4,435,2052,0.116291
4,435,2052,0.114823
4,435,2052,0.109939
4,435,2052,0.113763
4,435,2052,0.113155
4,435,2052,0.114471
4,435,2052,0.115634
4,436,2053,0.113048
4,436,2053,0.115745
4,436,2053,0.116533
4,436,2053,0.110900
4,436,2053,0.112797
4,436,2053,0.121211
4,436,2053,0.115279
4,436,2053,0.114334
4,437,2054,0.118246
4,437,2054,0.111844
4,437,2054,0.113016
4,437,2054,0.114524
4,437,2054,0.114440
4,437,2054,0.112915
4,437,2054,0.117389
4,437,2054,0.119373
4,438,2055,0.113322
4,438,2055,0.112615
4,438,2055,0.113273
4,438,2055,0.110290
4,438,2055,0.111824
4,438,2055,0.113574
4,438,2055,0.112887
4,438,2055,0.115258
4,439,2056,0.115912
4,439,2056,0.116744
4,439,2056,0.117163
4,439,2056,0.111383
4,439,2056,0.116477
4,439,2056,0.113760
4,439,2056,0.111539
4,439,2056,0.117103
4,440,2057,0.113196
4,440,2057,0.107947
4,440,2057,0.112781
4,440,2057,0.114721
4,440,2057,0.113293
4,440,2057,0.115378
4,440,2057,0.118237
4,440,2057,0.112637
4,441,2058,0.116932
4,441,2058,0.121962
4,441,2058,0.120867
4,441,2058,0.114141
4,441,2058,0.113376
4,441,2058,0.117227
4,441,2058,0.115984
4,441,2058,0.111019
4,442,2059,0.111551
4,442,2059,0.111603
4,442,2059,0.113732
4,442,2059,0.110860
4,442,2059,0.115568
4,442,2059,0.116251
4,442,2059,0.113974
4,442,2059,0.111622
4,443,2060,0.115963
4,443,2060,0.114808
4,443,2060,0.118075
4,443,2060,0.115207
4,443,2060,0.116118
4,443,2060,0.114734
4,443,2060,0.112095
4,443,2060,0.109548
4,444,2061,0.116411
4,444,2061,0.111588
4,444,2061,0.112506
4,444,2061,0.112712
4,444,2061,0.114969
4,444,2061,0.116169
4,444,2061,0.113719
4,444,2061,0.118811
4,445,2062,0.112420
4,445,2062,0.112605
4,445,2062,0.111118
4,445,2062,0.120643
4,445,2062,0.115239
4,445,2062,0.113244
4,445,2062,0.113328
4,445,2062,0.113748
4,446,2063,0.114176
4,446,2063,0.116966
4,446,2063,0.115861
4,446,2063,0.116562
4,446,2063,0.112386
4,446,2063,0.113271
4,446,2063,0.111632
4,446,2063,0.115572
4,447,2064,0.115837
4,447,2064,0.113297
4,447,2064,0.116637
4,447,2064,0.109239
4,447,2064,0.113176
4,447,2064,0.112888
4,447,2064,0.113449
4,447,2064,0.114825
4,448,2065,0.116064
4,448,2065,0.113131
4,448,2065,0.115503
4,448,2065,0.115545
4,448,2065,0.114812
4,448,2065,0.115161
4,448,2065,0.113916
4,448,2065,0.113718
4,449,2066,0.110927
4,449,2066,0.112662
4,449,2066,0.113628
4,449,2066,0.108524
4,449,2066,0.114042
4,449,2066,0.113082
4,449,2066,0.110293
4,449,2066,0.114479
4,450,2067,0.113876
4,450,2067,0.117245
4,450,2067,0.115039
4,450,2067,0.122239
4,450,2067,0.115543
4,450,2067,0.112404
4,450,2067,0.117548
4,450,2067,0.115009
4,451,2068,0.111212
4,451,2068,0.114042
4,451,2068,0.115292
4,451,2068,0.112169
4,451,2068,0.112202
4,451,2068,0.113112
4,451,2068,0.111524
4,451,2068,0.111475
4,452,2069,0.113525
4,452,2069,0.114794
4,452,2069,0.118172
4,452,2069,0.114249
4,452,2069,0.115888
4,452,2069,0.110640
4,452,2069,0.111767
4,452,2069,0.108615
4,453,2070,0.112272
4,453,2070,0.113075
4,453,2070,0.111407
4,453,2070,0.111663
4,453,2070,0.119790
4,453,2070,0.116233
4,453,2070,0.110117
4,453,2070,0.113082
4,454,2071,0.113892
4,454,2071,0.111452
4,454,2071,0.118110
4,454,2071,0.113566
4,454,2071,0.114064
4,454,2071,0.112438
4,454,2071,0.115375
4,454,2071,0.110504
4,455,2072,0.114221
4,455,2072,0.118904
4,455,2072,0.112755
4,455,2072,0.112268
4,455,2072,0.114871
4,455,2072,0.112725
4,455,2072,0.111849
4,455,2072,0.112806
4,456,2073,0.113370
4,456,2073,0.113965
4,456,2073,0.112905
4,456,2073,0.116810
4,456,2073,0.117058
4,456,2073,0.116694
4,456,2073,0.115737
4,456,2073,0.114519
4,457,2074,0.112154
4,457,2074,0.119842
4,457,2074,0.111917
4,457,2074,0.113621
4,457,2074,0.115730
4,457,2074,0.121097
4,457,2074,0.113241
4,457,2074,0.117628
4,458,2075,0.113773
4,458,2075,0.117972
4,458,2075,0.113159
4,458,2075,0.115512
4,458,2075,0.113012
4,458,2075,0.116754
4,458,2075,0.115399
4,458,2075,0.115709
4,459,2076,0.113655
4,459,2076,0.112063
4,459,2076,0.112028
4,459,2076,0.115571
4,459,2076,0.111671
4,459,2076,0.118368
4,459,2076,0.113646
4,459,2076,0.111472
4,460,2077,0.112164
4,460,2077,0.114298
4,460,2077,0.111622
4,460,2077,0.112432
4,460,2077,0.113523
4,460,2077,0.112382
4,460,2077,0.111652
4,460,2077,0.113695
4,461,2078,0.117170
4,461,2078,0.112223
4,461,2078,0.118628
4,461,2078,0.112677
4,461,2078,0.113975
4,461,2078,0.117352
4,461,2078,0.112520
4,461,2078,0.112408
4,462,2079,0.113982
4,462,2079,0.117983
4,462,2079,0.111302
4,462,2079,0.115430
4,462,2079,0.115900
4,462,2079,0.114235
4,462,2079,0.112908
4,462,2079,0.113466
4,463,2080,0.116220
4,463,2080,0.116604
4,463,2080,0.115782
4,463,2080,0.115294
4,463,2080,0.112688
4,463,2080,0.114505
4,463,2080,0.113242
4,463,2080,0.110951
4,464,2081,0.115413
4,464,2081,0.114377
4,464,2081,0.112849
4,464,2081,0.113028
4,464,2081,0.112335
4,464,2081,0.113596
4,464,2081,0.113647
4,464,2081,0.114231
4,465,2082,0.119171
4,465,2082,0.113693
4,465,2082,0.115015
4,465,2082,0.118118
4,465,2082,0.111187
4,465,2082,0.112581
4,465,2082,0.114061
4,465,2082,0.117468
4,466,2083,0.114248
4,466,2083,0.111660
4,466,2083,0.108190
4,466,2083,0.114103
4,466,2083,0.115542
4,466,2083,0.116517
4,466,2083,0.113075
4,466,2083,0.117510
4,467,2084,0.115152
4,467,2084,0.111493
4,467,2084,0.119626
4,467,2084,0.114158
4,467,2084,0.113771
4,467,2084,0.115352
4,467,2084,0.112047
4,467,2084,0.115676
4,468,2085,0.110213
4,468,2085,0.114734
4,468,2085,0.115787
4,468,2085,0.115273
4,468,2085,0.115105
4,468,2085,0.110679
4,468,2085,0.108862
4,468,2085,0.121343
4,469,2086,0.113362
4,469,2086,0.111098
4,469,2086,0.115782
4,469,2086,0.116768
4,469,2086,0.113788
4,469,2086,0.116100
4,469,2086,0.114565
4,469,2086,0.112867
4,470,2087,0.112654
4,470,2087,0.113327
4,470,2087,0.113287
4,470,2087,0.113525
4,470,2087,0.113364
4,470,2087,0.112228
4,470,2087,0.114685
4,470,2087,0.112843
4,471,2088,0.115339
4,471,2088,0.119168
4,471,2088,0.115401
4,471,2088,0.114041
4,471,2088,0.111223
4,471,2088,0.112958
4,471,2088,0.116027
4,471,2088,0.112839
4,472,2089,0.113390
4,472,2089,0.114518
4,472,2089,0.120438
4,472,2089,0.113566
4,472,2089,0.118062
4,472,2089,0.113693
4,472,2089,0.109873
4,472,2089,0.110170
4,473,2090,0.113527
4,473,2090,0.114567
4,473,2090,0.114429
4,473,2090,0.114718
4,473,2090,0.112076
4,473,2090,0.116135
4,473,2090,0.112985
4,473,2090,0.111314
4,474,2091,0.111883
4,474,2091,0.118919
4,474,2091,0.114906
4,474,2091,0.112939
4,474,2091,0.112996
4,474,2091,0.113748
4,474,2091,0.116110
4,474,2091,0.116291
4,475,2092,0.111967
4,475,2092,0.115237
4,475,2092,0.112358
4,475,2092,0.112146
4,475,2092,0.110134
4,475,2092,0.116188
4,475,2092,0.115522
4,475,2092,0.111430
4,476,2093,0.112289
4,476,2093,0.115488
4,476,2093,0.114253
4,476,2093,0.113570
4,476,2093,0.113677
4,476,2093,0.113507
4,476,2093,0.114230
4,476,2093,0.113981
4,477,2094,0.113861
4,477,2094,0.116188
4,477,2094,0.112137
4,477,2094,0.114467
4,477,2094,0.111012
4,477,2094,0.113584
4,477,2094,0.117327
4,477,2094,0.116021
4,478,2095,0.115146
4,478,2095,0.113870
4,478,2095,0.112549
4,478,2095,0.114962
4,478,2095,0.116044
4,478,2095,0.110445
4,478,2095,0.115811
4,478,2095,0.111956
4,479,2096,0.115386
4,479,2096,0.114773
4,479,2096,0.115601
4,479,2096,0.114384
4,479,2096,0.115384
4,479,2096,0.120230
4,479,2096,0.117859
4,479,2096,0.114698
4,480,2097,0.113660
4,480,2097,0.112454
4,480,2097,0.120661
4,480,2097,0.113146
4,480,2097,0.116452
4,480,2097,0.112284
4,480,2097,0.112628
4,480,2097,0.111956
4,481,2098,0.116050
4,481,2098,0.112837
4,481,2098,0.113244
4,481,2098,0.111534
4,481,2098,0.114894
4,481,2098,0.113595
4,481,2098,0.114473
4,481,2098,0.119415
4,482,2099,0.113461
4,482,2099,0.113369
4,482,2099,0.116469
4,482,2099,0.112656
4,482,2099,0.122597
4,482,2099,0.109603
4,482,2099,0.112867
4,482,2099,0.116866
4,483,2100,0.115326
4,483,2100,0.111645
4,483,2100,0.115733
4,483,2100,0.112690
4,483,2100,0.113503
4,483,2100,0.117092
4,483,2100,0.118531
4,483,2100,0.110816
4,484,2101,0.113032
4,484,2101,0.114106
4,484,2101,0.114648
4,484,2101,0.110237
4,484,2101,0.112939
4,484,2101,0.115333
4,484,2101,0.112723
4,484,2101,0.112717
4,485,2102,0.112332
4,485,2102,0.110857
4,485,2102,0.115402
4,485,2102,0.117422
4,485,2102,0.115228
4,485,2102,0.114070
4,485,2102,0.114984
4,485,2102,0.113736
4,486,2103,0.112046
4,486,2103,0.111785
4,486,2103,0.112663
4,486,2103,0.116717
4,486,2103,0.113893
4,486,2103,0.113057
4,486,2103,0.114614
4,486,2103,0.113735
4,487,2104,0.114467
4,487,2104,0.116104
4,487,2104,0.113431
4,487,2104,0.114020
4,487,2104,0.111925
4,487,2104,0.115005
4,487,2104,0.118420
4,487,2104,0.111691
4,488,2105,0.115197
4,488,2105,0.114999
4,488,2105,0.113912
4,488,2105,0.113019
4,488,2105,0.112585
4,488,2105,0.112044
4,488,2105,0.113023
4,488,2105,0.112893
4,489,2106,0.118036
4,489,2106,0.111983
4,489,2106,0.116271
4,489,2106,0.115145
4,489,2106,0.114555
4,489,2106,0.111150
4,489,2106,0.110646
4,489,2106,0.111862
4,490,2107,0.112153
4,490,2107,0.110697
4,490,2107,0.117320
4,490,2107,0.113335
4,490,2107,0.113863
4,490,2107,0.116327
4,490,2107,0.113488
4,490,2107,0.113178
4,491,2108,0.116216
4,491,2108,0.121283
4,491,2108,0.113229
4,491,2108,0.111070
4,491,2108,0.113418
4,491,2108,0.118562
4,491,2108,0.109946
4,491,2108,0.113022
4,492,2109,0.115989
4,492,2109,0.113064
4,492,2109,0.113764
4,492,2109,0.110962
4,492,2109,0.111738
4,492,2109,0.115433
4,492,2109,0.112881
4,492,2109,0.117948
4,493,2110,0.112929
4,493,2110,0.113091
4,493,2110,0.111960
4,493,2110,0.113667
4,493,2110,0.115187
4,493,2110,0.112261
4,493,2110,0.116380
4,493,2110,0.114846
4,494,2111,0.111287
4,494,2111,0.109707
4,494,2111,0.112261
4,494,2111,0.111506
4,494,2111,0.112274
4,494,2111,0.113021
4,494,2111,0.112695
4,494,2111,0.117824
4,495,2112,0.116767
4,495,2112,0.115376
4,495,2112,0.114408
4,495,2112,0.114447
4,495,2112,0.114728
4,495,2112,0.110707
4,495,2112,0.113261
4,495,2112,0.114896
4,496,2113,0.113516
4,496,2113,0.115158
4,496,2113,0.113216
4,496,2113,0.110972
4,496,2113,0.115042
4,496,2113,0.115364
4,496,2113,0.114892
4,496,2113,0.114235
4,497,2114,0.113273
4,497,2114,0.113992
4,497,2114,0.120873
4,497,2114,0.116078
4,497,2114,0.112715
4,497,2114,0.115499
4,497,2114,0.114953
4,497,2114,0.113543
4,498,2115,0.114165
4,498,2115,0.115195
4,498,2115,0.112954
4,498,2115,0.113536
4,498,2115,0.113411
4,498,2115,0.116379
4,498,2115,0.119408
4,498,2115,0.111253
4,499,2116,0.116211
4,499,2116,0.117173
4,499,2116,0.113003
4,499,2116,0.110704
4,499,2116,0.117938
4,499,2116,0.110453
4,499,2116,0.117606
4,499,2116,0.115019
4,500,2117,0.109862
4,500,2117,0.111274
4,500,2117,0.114314
4,500,2117,0.113815
4,500,2117,0.115250
4,500,2117,0.112288
4,500,2117,0.111760
4,500,2117,0.119210
4,501,2118,0.113801
4,501,2118,0.113853
4,501,2118,0.111599
4,501,2118,0.114648
4,501,2118,0.116532
4,501,2118,0.110996
4,501,2118,0.111887
4,501,2118,0.110871
4,502,2119,0.113393
4,502,2119,0.115314
4,502,2119,0.112097
4,502,2119,0.114809
4,502,2119,0.109062
4,502,2119,0.114644
4,502,2119,0.122701
4,502,2119,0.114229
4,503,2120,0.117095
4,503,2120,0.112650
4,503,2120,0.110617
4,503,2120,0.113304
4,503,2120,0.114784
4,503,2120,0.115707
4,503,2120,0.113308
4,503,2120,0.110027
4,504,2121,0.113564
4,504,2121,0.112472
4,504,2121,0.112947
4,504,2121,0.123060
4,504,2121,0.114406
4,504,2121,0.116434
4,504,2121,0.112271
4,504,2121,0.114722
4,505,2122,0.115351
4,505,2122,0.118017
4,505,2122,0.115002
4,505,2122,0.111672
4,505,2122,0.111687
4,505,2122,0.114771
4,505,2122,0.117785
4,505,2122,0.115998
4,506,2123,0.113377
4,506,2123,0.114484
4,506,2123,0.114355
4,506,2123,0.112436
4,506,2123,0.112603
4,506,2123,0.114578
4,506,2123,0.116924
4,506,2123,0.113621
4,507,2124,0.124425
4,507,2124,0.112544
4,507,2124,0.112809
4,507,2124,0.111982
4,507,2124,0.119379
4,507,2124,0.113279
4,507,2124,0.112153
4,507,2124,0.119805
4,508,2125,0.114165
4,508,2125,0.111517
4,508,2125,0.115940
4,508,2125,0.113967
4,508,2125,0.122426
4,508,2125,0.112076
4,508,2125,0.112743
4,508,2125,0.114614
4,509,2126,0.112068
4,509,2126,0.116574
4,509,2126,0.115194
4,509,2126,0.108524
4,509,2126,0.109849
4,509,2126,0.111417
4,509,2126,0.113962
4,509,2126,0.114819
4,510,2127,0.116482
4,510,2127,0.113612
4,510,2127,0.117927
4,510,2127,0.112476
4,510,2127,0.115426
4,510,2127,0.112496
4,510,2127,0.115452
4,510,2127,0.114188
4,511,2128,0.116878
4,511,2128,0.112710
4,511,2128,0.112263
4,511,2128,0.113036
4,511,2128,0.116147
4,511,2128,0.112711
4,511,2128,0.116380
4,511,2128,0.113990
4,512,2129,0.111526
4,512,2129,0.113721
4,512,2129,0.113371
4,512,2129,0.114588
4,512,2129,0.115407
4,512,2129,0.116763
4,512,2129,0.113823
4,512,2129,0.116862
4,513,2130,0.112815
4,513,2130,0.117661
4,513,2130,0.113987
4,513,2130,0.115349
4,513,2130,0.118415
4,513,2130,0.113386
4,513,2130,0.109391
4,513,2130,0.116627
4,514,2131,0.118106
4,514,2131,0.113389
4,514,2131,0.118690
4,514,2131,0.112978
4,514,2131,0.113343
4,514,2131,0.110960
4,514,2131,0.115722
4,514,2131,0.120926
4,515,2132,0.113116
4,515,2132,0.113079
4,515,2132,0.113769
4,515,2132,0.118040
4,515,2132,0.116236
4,515,2132,0.121535
4,515,2132,0.112164
4,515,2132,0.113894
4,516,2133,0.113100
4,516,2133,0.122893
4,516,2133,0.114789
4,516,2133,0.113929
4,516,2133,0.116348
4,516,2133,0.117131
4,516,2133,0.118883
4,516,2133,0.119130
4,517,2134,0.112033
4,517,2134,0.112655
4,517,2134,0.114548
4,517,2134,0.111885
4,517,2134,0.113986
4,517,2134,0.111822
4,517,2134,0.116372
4,517,2134,0.108041
4,518,2135,0.116108
4,518,2135,0.120320
4,518,2135,0.113484
4,518,2135,0.116772
4,518,2135,0.111719
4,518,2135,0.116127
4,518,2135,0.113691
4,518,2135,0.111113
4,519,2136,0.116193
4,519,2136,0.118344
4,519,2136,0.112752
4,519,2136,0.121001
4,519,2136,0.115768
4,519,2136,0.111128
4,519,2136,0.118838
4,519,2136,0.113953
4,520,2137,0.118691
4,520,2137,0.110757
4,520,2137,0.115872
4,520,2137,0.107874
4,520,2137,0.110353
4,520,2137,0.116264
4,520,2137,0.111742
4,520,2137,0.113975
4,521,2138,0.115433
4,521,2138,0.114903
4,521,2138,0.112306
4,521,2138,0.118519
4,521,2138,0.114334
4,521,2138,0.116619
4,521,2138,0.114106
4,521,2138,0.112599
4,522,2139,0.117878
4,522,2139,0.110558
4,522,2139,0.114536
4,522,2139,0.113485
4,522,2139,0.114793
4,522,2139,0.111686
4,522,2139,0.112667
4,522,2139,0.115227
4,523,2140,0.112320
4,523,2140,0.115633
4,523,2140,0.110711
4,523,2140,0.116030
4,523,2140,0.114553
4,523,2140,0.116203
4,523,2140,0.112754
4,523,2140,0.112606
4,524,2141,0.113799
4,524,2141,0.112386
4,524,2141,0.113033
4,524,2141,0.114708
4,524,2141,0.110128
4,524,2141,0.117825
4,524,2141,0.111385
4,524,2141,0.114557
4,525,2142,0.113162
4,525,2142,0.110887
4,525,2142,0.111745
4,525,2142,0.115108
4,525,2142,0.110482
4,525,2142,0.113251
4,525,2142,0.113868
4,525,2142,0.111096
4,526,2143,0.117306
4,526,2143,0.112726
4,526,2143,0.112100
4,526,2143,0.115870
4,526,2143,0.113600
4,526,2143,0.112833
4,526,2143,0.112934
4,526,2143,0.118855
4,527,2144,0.113910
4,527,2144,0.115128
4,527,2144,0.114028
4,527,2144,0.111713
4,527,2144,0.112341
4,527,2144,0.112370
4,527,2144,0.116563
4,527,2144,0.114113
4,528,2145,0.114514
4,528,2145,0.113168
4,528,2145,0.114500
4,528,2145,0.111851
4,528,2145,0.114003
4,528,2145,0.112612
4,528,2145,0.116530
4,528,2145,0.112378
4,529,2146,0.116685
4,529,2146,0.116081
4,529,2146,0.110801
4,529,2146,0.112705
4,529,2146,0.114286
4,529,2146,0.114353
4,529,2146,0.116028
4,529,2146,0.111397
4,530,2147,0.110610
4,530,2147,0.117260
4,530,2147,0.114268
4,530,2147,0.111773
4,530,2147,0.112273
4,530,2147,0.114738
4,530,2147,0.117649
4,530,2147,0.116913
4,531,2148,0.114486
4,531,2148,0.117521
4,531,2148,0.114076
4,531,2148,0.113729
4,531,2148,0.119674
4,531,2148,0.112828
4,531,2148,0.112599
4,531,2148,0.113591
4,532,2149,0.116722
4,532,2149,0.114531
4,532,2149,0.114161
4,532,2149,0.112746
4,532,2149,0.111516
4,532,2149,0.111754
4,532,2149,0.110995
4,532,2149,0.118193
4,533,2150,0.113095
4,533,2150,0.112736
4,533,2150,0.119016
4,533,2150,0.115620
4,533,2150,0.112252
4,533,2150,0.116568
4,533,2150,0.114657
4,533,2150,0.111656
4,534,2151,0.113399
4,534,2151,0.112060
4,534,2151,0.114510
4,534,2151,0.113349
4,534,2151,0.112439
4,534,2151,0.117853
4,534,2151,0.115202
4,534,2151,0.114615
4,535,2152,0.115291
4,535,2152,0.119052
4,535,2152,0.112917
4,535,2152,0.110627
4,535,2152,0.114728
4,535,2152,0.119247
4,535,2152,0.113321
4,535,2152,0.111095
4,536,2153,0.115835
4,536,2153,0.116932
4,536,2153,0.115962
4,536,2153,0.113013
4,536,2153,0.110821
4,536,2153,0.112556
4,536,2153,0.117691
4,536,2153,0.114031
4,537,2154,0.115994
4,537,2154,0.112381
4,537,2154,0.113905
4,537,2154,0.112685
4,537,2154,0.116984
4,537,2154,0.112092
4,537,2154,0.112675
4,537,2154,0.114050
4,538,2155,0.114157
4,538,2155,0.116393
4,538,2155,0.113393
4,538,2155,0.114956
4,538,2155,0.111292
4,538,2155,0.111530
4,538,2155,0.111457
4,538,2155,0.114028
4,539,2156,0.111781
4,539,2156,0.109758
4,539,2156,0.113893
4,539,2156,0.114761
4,539,2156,0.115072
4,539,2156,0.112794
4,539,2156,0.110749
4,539,2156,0.118653
5,1,2157,0.114704
5,1,2157,0.113930
5,1,2157,0.114662
5,1,2157,0.113481
5,1,2157,0.114245
5,1,2157,0.117026
5,1,2157,0.113555
5,1,2157,0.112731
5,2,2158,0.111663
5,2,2158,0.119704
5,2,2158,0.114866
5,2,2158,0.112913
5,2,2158,0.113547
5,2,2158,0.112705
5,2,2158,0.115106
5,2,2158,0.120776
5,3,2159,0.112625
5,3,2159,0.111191
5,3,2159,0.114626
5,3,2159,0.112477
5,3,2159,0.112621
5,3,2159,0.117365
5,3,2159,0.113265
5,3,2159,0.117187
5,4,2160,0.114733
5,4,2160,0.115590
5,4,2160,0.112666
5,4,2160,0.112418
5,4,2160,0.112780
5,4,2160,0.115189
5,4,2160,0.112296
5,4,2160,0.116931
5,5,2161,0.114363
5,5,2161,0.112163
5,5,2161,0.115393
5,5,2161,0.111351
5,5,2161,0.113333
5,5,2161,0.114744
5,5,2161,0.114836
5,5,2161,0.113382
5,6,2162,0.114826
5,6,2162,0.116142
5,6,2162,0.111702
5,6,2162,0.116560
5,6,2162,0.115139
5,6,2162,0.112048
5,6,2162,0.112946
5,6,2162,0.115047
5,7,2163,0.112482
5,7,2163,0.112216
5,7,2163,0.113670
5,7,2163,0.111441
5,7,2163,0.110320
5,7,2163,0.113283
5,7,2163,0.122939
5,7,2163,0.110690
5,8,2164,0.112164
5,8,2164,0.114042
5,8,2164,0.114710
5,8,2164,0.117681
5,8,2164,0.119309
5,8,2164,0.113187
5,8,2164,0.118215
5,8,2164,0.123096
5,9,2165,0.112024
5,9,2165,0.113380
5,9,2165,0.113500
5,9,2165,0.117058
5,9,2165,0.113444
5,9,2165,0.115345
5,9,2165,0.113243
5,9,2165,0.112078
5,10,2166,0.113967
5,10,2166,0.110301
5,10,2166,0.111565
5,10,2166,0.118094
5,10,2166,0.115160
5,10,2166,0.110201
5,10,2166,0.117337
5,10,2166,0.117643
5,11,2167,0.113890
5,11,2167,0.114464
5,11,2167,0.117299
5,11,2167,0.115065
5,11,2167,0.115474
5,11,2167,0.118434
5,11,2167,0.111995
5,11,2167,0.112173
5,12,2168,0.114638
5,12,2168,0.115961
5,12,2168,0.114526
5,12,2168,0.113895
5,12,2168,0.114781
5,12,2168,0.115787
5,12,2168,0.114175
5,12,2168,0.115988
5,13,2169,0.109282
5,13,2169,0.111855
5,13,2169,0.112992
5,13,2169,0.109852
5,13,2169,0.113100
5,13,2169,0.111778
5,13,2169,0.114786
5,13,2169,0.114357
5,14,2170,0.114298
5,14,2170,0.116564
5,14,2170,0.116012
5,14,2170,0.115939
5,14,2170,0.115841
5,14,2170,0.112910
5,14,2170,0.109935
5,14,2170,0.113233
5,15,2171,0.112103
5,15,2171,0.110601
5,15,2171,0.113016
5,15,2171,0.117265
5,15,2171,0.114168
5,15,2171,0.114344
5,15,2171,0.112673
5,15,2171,0.112270
5,16,2172,0.115310
5,16,2172,0.116632
5,16,2172,0.110299
5,16,2172,0.115420
5,16,2172,0.113020
5,16,2172,0.114645
5,16,2172,0.116026
5,16,2172,0.117988
5,17,2173,0.119650
5,17,2173,0.114480
5,17,2173,0.114844
5,17,2173,0.115833
5,17,2173,0.115440
5,17,2173,0.114407
5,17,2173,0.111548
5,17,2173,0.113234
5,18,2174,0.112745
5,18,2174,0.115830
5,18,2174,0.112309
5,18,2174,0.114254
5,18,2174,0.111464
5,18,2174,0.114635
5,18,2174,0.111022
5,18,2174,0.115031
5,19,2175,0.114986
5,19,2175,0.115982
5,19,2175,0.114758
5,19,2175,0.119589
5,19,2175,0.109376
5,19,2175,0.111832
5,19,2175,0.114546
5,19,2175,0.116671
5,20,2176,0.111478
5,20,2176,0.111184
5,20,2176,0.111537
5,20,2176,0.114510
5,20,2176,0.117032
5,20,2176,0.118928
5,20,2176,0.119727
5,20,2176,0.116554
5,21,2177,0.113467
5,21,2177,0.115589
5,21,2177,0.121513
5,21,2177,0.112998
5,21,2177,0.120048
5,21,2177,0.114613
5,21,2177,0.115128
5,21,2177,0.111481
5,22,2178,0.113825
5,22,2178,0.113027
5,22,2178,0.111635
5,22,2178,0.116590
5,22,2178,0.111807
5,22,2178,0.111800
5,22,2178,0.112739
5,22,2178,0.114428
5,23,2179,0.111472
5,23,2179,0.113361
5,23,2179,0.118676
5,23,2179,0.112740
5,23,2179,0.112573
5,23,2179,0.113406
5,23,2179,0.115062
5,23,2179,0.115717
5,24,2180,0.114123
5,24,2180,0.110584
5,24,2180,0.116876
5,24,2180,0.118631
5,24,2180,0.114870
5,24,2180,0.114393
5,24,2180,0.111882
5,24,2180,0.116201
5,25,2181,0.113803
5,25,2181,0.114273
5,25,2181,0.113784
5,25,2181,0.114508
5,25,2181,0.114143
5,25,2181,0.112847
5,25,2181,0.117362
5,25,2181,0.113475
5,26,2182,0.112470
5,26,2182,0.118446
5,26,2182,0.118781
5,26,2182,0.113241
5,26,2182,0.114596
5,26,2182,0.111533
5,26,2182,0.113531
5,26,2182,0.112829
5,27,2183,0.114302
5,27,2183,0.111941
5,27,2183,0.120467
5,27,2183,0.114468
5,27,2183,0.113869
5,27,2183,0.112076
5,27,2183,0.116390
5,27,2183,0.119512
5,28,2184,0.116406
5,28,2184,0.112423
5,28,2184,0.112490
5,28,2184,0.116092
5,28,2184,0.114944
5,28,2184,0.113663
5,28,2184,0.116653
5,28,2184,0.118020
5,29,2185,0.115506
5,29,2185,0.112845
5,29,2185,0.113311
5,29,2185,0.115068
5,29,2185,0.116540
5,29,2185,0.115274
5,29,2185,0.116577
5,29,2185,0.120530
5,30,2186,0.117148
5,30,2186,0.111627
5,30,2186,0.111783
5,30,2186,0.113837
5,30,2186,0.113572
5,30,2186,0.113236
5,30,2186,0.111472
5,30,2186,0.120196
5,31,2187,0.110519
5,31,2187,0.113272
5,31,2187,0.114901
5,31,2187,0.118863
5,31,2187,0.118330
5,31,2187,0.115363
5,31,2187,0.112176
5,31,2187,0.116654
5,32,2188,0.115532
5,32,2188,0.112519
5,32,2188,0.111838
5,32,2188,0.112907
5,32,2188,0.115689
5,32,2188,0.114357
5,32,2188,0.116976
5,32,2188,0.111550
5,33,2189,0.111971
5,33,2189,0.110279
5,33,2189,0.111102
5,33,2189,0.114198
5,33,2189,0.112350
5,33,2189,0.114604
5,33,2189,0.115560
5,33,2189,0.107570
5,34,2190,0.114715
5,34,2190,0.113640
5,34,2190,0.115097
5,34,2190,0.118784
5,34,2190,0.117240
5,34,2190,0.114081
5,34,2190,0.113367
5,34,2190,0.115118
5,35,2191,0.114057
5,35,2191,0.112102
5,35,2191,0.118878
5,35,2191,0.114821
5,35,2191,0.115579
5,35,2191,0.114926
5,35,2191,0.115047
5,35,2191,0.114561
5,36,2192,0.111628
5,36,2192,0.112798
5,36,2192,0.115217
5,36,2192,0.113397
5,36,2192,0.112414
5,36,2192,0.115522
5,36,2192,0.114170
5,36,2192,0.110076
5,37,2193,0.115460
5,37,2193,0.115320
5,37,2193,0.113161
5,37,2193,0.115887
5,37,2193,0.110273
5,37,2193,0.113315
5,37,2193,0.119638
5,37,2193,0.113980
5,38,2194,0.115678
5,38,2194,0.112631
5,38,2194,0.117988
5,38,2194,0.112610
5,38,2194,0.111221
5,38,2194,0.113581
5,38,2194,0.118843
5,38,2194,0.115060
5,39,2195,0.114492
5,39,2195,0.113625
5,39,2195,0.111771
5,39,2195,0.115677
5,39,2195,0.121278
5,39,2195,0.115049
5,39,2195,0.110975
5,39,2195,0.112219
5,40,2196,0.112712
5,40,2196,0.112097
5,40,2196,0.115627
5,40,2196,0.111361
5,40,2196,0.113780
5,40,2196,0.115481
5,40,2196,0.114328
5,40,2196,0.114710
5,41,2197,0.112696
5,41,2197,0.116823
5,41,2197,0.113388
5,41,2197,0.116249
5,41,2197,0.113926
5,41,2197,0.115886
5,41,2197,0.113038
5,41,2197,0.111637
5,42,2198,0.114842
5,42,2198,0.116687
5,42,2198,0.115357
5,42,2198,0.113925
5,42,2198,0.114431
5,42,2198,0.115760
5,42,2198,0.110899
5,42,2198,0.110987
5,43,2199,0.118142
5,43,2199,0.115182
5,43,2199,0.112922
5,43,2199,0.111104
5,43,2199,0.115679
5,43,2199,0.112318
5,43,2199,0.113009
5,43,2199,0.110028
5,44,2200,0.117251
5,44,2200,0.111528
5,44,2200,0.120219
5,44,2200,0.112800
5,44,2200,0.112225
5,44,2200,0.111444
5,44,2200,0.114055
5,44,2200,0.118661
5,45,2201,0.111019
5,45,2201,0.109169
5,45,2201,0.118209
5,45,2201,0.115186
5,45,2201,0.111742
5,45,2201,0.113355
5,45,2201,0.113149
5,45,2201,0.114655
5,46,2202,0.110566
5,46,2202,0.112348
5,46,2202,0.113668
5,46,2202,0.116208
5,46,2202,0.113318
5,46,2202,0.121813
5,46,2202,0.111644
5,46,2202,0.115414
5,47,2203,0.113212
5,47,2203,0.110848
5,47,2203,0.112010
5,47,2203,0.110451
5,47,2203,0.114004
5,47,2203,0.115769
5,47,2203,0.117821
5,47,2203,0.116153
5,48,2204,0.113806
5,48,2204,0.117132
5,48,2204,0.115197
5,48,2204,0.112561
5,48,2204,0.112717
5,48,2204,0.112528
5,48,2204,0.114614
5,48,2204,0.112505
5,49,2205,0.113775
5,49,2205,0.113470
5,49,2205,0.112556
5,49,2205,0.114415
5,49,2205,0.113584
5,49,2205,0.111720
5,49,2205,0.112037
5,49,2205,0.115557
5,50,2206,0.112720
5,50,2206,0.114172
5,50,2206,0.115343
5,50,2206,0.112222
5,50,2206,0.112763
5,50,2206,0.113663
5,50,2206,0.112620
5,50,2206,0.109337
5,51,2207,0.109150
5,51,2207,0.115090
5,51,2207,0.113041
5,51,2207,0.113403
5,51,2207,0.117157
5,51,2207,0.111886
5,51,2207,0.113615
5,51,2207,0.113030
5,52,2208,0.113200
5,52,2208,0.111352
5,52,2208,0.113694
5,52,2208,0.111817
5,52,2208,0.115190
5,52,2208,0.123214
5,52,2208,0.111608
5,52,2208,0.117274
5,53,2209,0.113643
5,53,2209,0.120213
5,53,2209,0.118052
5,53,2209,0.114309
5,53,2209,0.115922
5,53,2209,0.113912
5,53,2209,0.113587
5,53,2209,0.112420
5,54,2210,0.113531
5,54,2210,0.114039
5,54,2210,0.113536
5,54,2210,0.112229
5,54,2210,0.116007
5,54,2210,0.109061
5,54,2210,0.110215
5,54,2210,0.112564
5,55,2211,0.114792
5,55,2211,0.112406
5,55,2211,0.112709
5,55,2211,0.108817
5,55,2211,0.113980
5,55,2211,0.111347
5,55,2211,0.114679
5,55,2211,0.118988
5,56,2212,0.111247
5,56,2212,0.115819
5,56,2212,0.114475
5,56,2212,0.115278
5,56,2212,0.115434
5,56,2212,0.115897
5,56,2212,0.113728
5,56,2212,0.114438
5,57,2213,0.114603
5,57,2213,0.112298
5,57,2213,0.113720
5,57,2213,0.114823
5,57,2213,0.112139
5,57,2213,0.115241
5,57,2213,0.111933
5,57,2213,0.111585
5,58,2214,0.114527
5,58,2214,0.114692
5,58,2214,0.117549
5,58,2214,0.112387
5,58,2214,0.113974
5,58,2214,0.116245
5,58,2214,0.108258
5,58,2214,0.115142
5,59,2215,0.116468
5,59,2215,0.110542
5,59,2215,0.112138
5,59,2215,0.118236
5,59,2215,0.115415
5,59,2215,0.114344
5,59,2215,0.117501
5,59,2215,0.112982
5,60,2216,0.116901
5,60,2216,0.114672
5,60,2216,0.114608
5,60,2216,0.112836
5,60,2216,0.114330
5,60,2216,0.116305
5,60,2216,0.111785
5,60,2216,0.110243
5,61,2217,0.114851
5,61,2217,0.110332
5,61,2217,0.113700
5,61,2217,0.113184
5,61,2217,0.121250
5,61,2217,0.115795
5,61,2217,0.123887
5,61,2217,0.120197
5,62,2218,0.114591
5,62,2218,0.111751
5,62,2218,0.116024
5,62,2218,0.111209
5,62,2218,0.112208
5,62,2218,0.115964
5,62,2218,0.113428
5,62,2218,0.111895
5,63,2219,0.112269
5,63,2219,0.114593
5,63,2219,0.113621
5,63,2219,0.111656
5,63,2219,0.116729
5,63,2219,0.114587
5,63,2219,0.110003
5,63,2219,0.112149
5,64,2220,0.116715
5,64,2220,0.113297
5,64,2220,0.111521
5,64,2220,0.119585
5,64,2220,0.110246
5,64,2220,0.117341
5,64,2220,0.116394
5,64,2220,0.111589
5,65,2221,0.114492
5,65,2221,0.112165
5,65,2221,0.113395
5,65,2221,0.112782
5,65,2221,0.118324
5,65,2221,0.115044
5,65,2221,0.115050
5,65,2221,0.114825
5,66,2222,0.110673
5,66,2222,0.114069
5,66,2222,0.112461
5,66,2222,0.118699
5,66,2222,0.113685
5,66,2222,0.114396
5,66,2222,0.115439
5,66,2222,0.116599
5,67,2223,0.117386
5,67,2223,0.115893
5,67,2223,0.112233
5,67,2223,0.114964
5,67,2223,0.113110
5,67,2223,0.114140
5,67,2223,0.113857
5,67,2223,0.118759
5,68,2224,0.111660
5,68,2224,0.111906
5,68,2224,0.113360
5,68,2224,0.113533
5,68,2224,0.110685
5,68,2224,0.113636
5,68,2224,0.116570
5,68,2224,0.110771
5,69,2225,0.112417
5,69,2225,0.117877
5,69,2225,0.110940
5,69,2225,0.114856
5,69,2225,0.112802
5,69,2225,0.112924
5,69,2225,0.113551
5,69,2225,0.117654
5,70,2226,0.110993
5,70,2226,0.115921
5,70,2226,0.113904
5,70,2226,0.109176
5,70,2226,0.112632
5,70,2226,0.112538
5,70,2226,0.114897
5,70,2226,0.118820
5,71,2227,0.114557
5,71,2227,0.115455
5,71,2227,0.111504
5,71,2227,0.115719
5,71,2227,0.111828
5,71,2227,0.116853
5,71,2227,0.115710
5,71,2227,0.110389
5,72,2228,0.113082
5,72,2228,0.113908
5,72,2228,0.114949
5,72,2228,0.111977
5,72,2228,0.116735
5,72,2228,0.115158
5,72,2228,0.109924
5,72,2228,0.121759
5,73,2229,0.113148
5,73,2229,0.112828
5,73,2229,0.115129
5,73,2229,0.112050
5,73,2229,0.115921
5,73,2229,0.114492
5,73,2229,0.113251
5,73,2229,0.113094
5,74,2230,0.113234
5,74,2230,0.112701
5,74,2230,0.115741
5,74,2230,0.112243
5,74,2230,0.114247
5,74,2230,0.112638
5,74,2230,0.114393
5,74,2230,0.112516
5,75,2231,0.114747
5,75,2231,0.115455
5,75,2231,0.114901
5,75,2231,0.113970
5,75,2231,0.110529
5,75,2231,0.114541
5,75,2231,0.115096
5,75,2231,0.117799
5,76,2232,0.112333
5,76,2232,0.113388
5,76,2232,0.112793
5,76,2232,0.118379
5,76,2232,0.112236
5,76,2232,0.116917
5,76,2232,0.114341
5,76,2232,0.113656
5,77,2233,0.114806
5,77,2233,0.115794
5,77,2233,0.113675
5,77,2233,0.114879
5,77,2233,0.115167
5,77,2233,0.113821
5,77,2233,0.114031
5,77,2233,0.112936
5,78,2234,0.112367
5,78,2234,0.115545
5,78,2234,0.113753
5,78,2234,0.115677
5,78,2234,0.117324
5,78,2234,0.112095
5,78,2234,0.112880
5,78,2234,0.113927
5,79,2235,0.116396
5,79,2235,0.117957
5,79,2235,0.114676
5,79,2235,0.110535
5,79,2235,0.114555
5,79,2235,0.110455
5,79,2235,0.110600
5,79,2235,0.121538
5,80,2236,0.113651
5,80,2236,0.113818
5,80,2236,0.113461
5,80,2236,0.115049
5,80,2236,0.113962
5,80,2236,0.113809
5,80,2236,0.113839
5,80,2236,0.111577
5,81,2237,0.110744
5,81,2237,0.115040
5,81,2237,0.112125
5,81,2237,0.117399
5,81,2237,0.111883
5,81,2237,0.113664
5,81,2237,0.117839
5,81,2237,0.112983
5,82,2238,0.117021
5,82,2238,0.115418
5,82,2238,0.112841
5,82,2238,0.117114
5,82,2238,0.116681
5,82,2238,0.113545
5,82,2238,0.112555
5,82,2238,0.119766
5,83,2239,0.118518
5,83,2239,0.118022
5,83,2239,0.115785
5,83,2239,0.111320
5,83,2239,0.113341
5,83,2239,0.121007
5,83,2239,0.111649
5,83,2239,0.114718
5,84,2240,0.112966
5,84,2240,0.122630
5,84,2240,0.110451
5,84,2240,0.117962
5,84,2240,0.117085
5,84,2240,0.114363
5,84,2240,0.111266
5,84,2240,0.113340
5,85,2241,0.111464
5,85,2241,0.114350
5,85,2241,0.116647
5,85,2241,0.111871
5,85,2241,0.118321
5,85,2241,0.111179
5,85,2241,0.111065
5,85,2241,0.121116
5,86,2242,0.116231
5,86,2242,0.112404
5,86,2242,0.114348
5,86,2242,0.110086
5,86,2242,0.115264
5,86,2242,0.115103
5,86,2242,0.116145
5,86,2242,0.113079
5,87,2243,0.113169
5,87,2243,0.115236
5,87,2243,0.111549
5,87,2243,0.116356
5,87,2243,0.114297
5,87,2243,0.113325
5,87,2243,0.113602
5,87,2243,0.112331
5,88,2244,0.112422
5,88,2244,0.114468
5,88,2244,0.113209
5,88,2244,0.113089
5,88,2244,0.116523
5,88,2244,0.114085
5,88,2244,0.110298
5,88,2244,0.114913
5,89,2245,0.113733
5,89,2245,0.112706
5,89,2245,0.112621
5,89,2245,0.113877
5,89,2245,0.111628
5,89,2245,0.112916
5,89,2245,0.120670
5,89,2245,0.112391
5,90,2246,0.114983
5,90,2246,0.115992
5,90,2246,0.113581
5,90,2246,0.115503
5,90,2246,0.113623
5,90,2246,0.114543
5,90,2246,0.112713
5,90,2246,0.111969
5,91,2247,0.112307
5,91,2247,0.111614
5,91,2247,0.113368
5,91,2247,0.114447
5,91,2247,0.115457
5,91,2247,0.111541
5,91,2247,0.114954
5,91,2247,0.109991
5,92,2248,0.114015
5,92,2248,0.113829
5,92,2248,0.114422
5,92,2248,0.113386
5,92,2248,0.119032
5,92,2248,0.113710
5,92,2248,0.113766
5,92,2248,0.110591
5,93,2249,0.115862
5,93,2249,0.116411
5,93,2249,0.112408
5,93,2249,0.114547
5,93,2249,0.112756
5,93,2249,0.111630
5,93,2249,0.114048
5,93,2249,0.122680
5,94,2250,0.118307
5,94,2250,0.109345
5,94,2250,0.112339
5,94,2250,0.111953
5,94,2250,0.111025
5,94,2250,0.115377
5,94,2250,0.111719
5,94,2250,0.113116
5,95,2251,0.114209
5,95,2251,0.115327
5,95,2251,0.111115
5,95,2251,0.114412
5,95,2251,0.112864
5,95,2251,0.117589
5,95,2251,0.117053
5,95,2251,0.113720
5,96,2252,0.113525
5,96,2252,0.112726
5,96,2252,0.113325
5,96,2252,0.114265
5,96,2252,0.111161
5,96,2252,0.111947
5,96,2252,0.113898
5,96,2252,0.115301
5,97,2253,0.113959
5,97,2253,0.118963
5,97,2253,0.115056
5,97,2253,0.120275
5,97,2253,0.115142
5,97,2253,0.111135
5,97,2253,0.115929
5,97,2253,0.115996
5,98,2254,0.111509
5,98,2254,0.113278
5,98,2254,0.112968
5,98,2254,0.113957
5,98,2254,0.112000
5,98,2254,0.113922
5,98,2254,0.115871
5,98,2254,0.113110
5,99,2255,0.113895
5,99,2255,0.113164
5,99,2255,0.119387
5,99,2255,0.114030
5,99,2255,0.112265
5,99,2255,0.114886
5,99,2255,0.111246
5,99,2255,0.112011
5,100,2256,0.115347
5,100,2256,0.113863
5,100,2256,0.113069
5,100,2256,0.120573
5,100,2256,0.111305
5,100,2256,0.120851
5,100,2256,0.111614
5,100,2256,0.115985
5,101,2257,0.109194
5,101,2257,0.113573
5,101,2257,0.112517
5,101,2257,0.118095
5,101,2257,0.113970
5,101,2257,0.112824
5,101,2257,0.117509
5,101,2257,0.111514
5,102,2258,0.114454
5,102,2258,0.111876
5,102,2258,0.118467
5,102,2258,0.115114
5,102,2258,0.115973
5,102,2258,0.116622
5,102,2258,0.113973
5,102,2258,0.110270
5,103,2259,0.122393
5,103,2259,0.114266
5,103,2259,0.112179
5,103,2259,0.112377
5,103,2259,0.116522
5,103,2259,0.114391
5,103,2259,0.111408
5,103,2259,0.109956
5,104,2260,0.112122
5,104,2260,0.113203
5,104,2260,0.114068
5,104,2260,0.111967
5,104,2260,0.115580
5,104,2260,0.121593
5,104,2260,0.111954
5,104,2260,0.116067
5,105,2261,0.114583
5,105,2261,0.120043
5,105,2261,0.112993
5,105,2261,0.116468
5,105,2261,0.111291
5,105,2261,0.115059
5,105,2261,0.113017
5,105,2261,0.112313
5,106,2262,0.112976
5,106,2262,0.120311
5,106,2262,0.115680
5,106,2262,0.112577
5,106,2262,0.114277
5,106,2262,0.112730
5,106,2262,0.115770
5,106,2262,0.115247
5,107,2263,0.114541
5,107,2263,0.110881
5,107,2263,0.116071
5,107,2263,0.117964
5,107,2263,0.112348
5,107,2263,0.117736
5,107,2263,0.117647
5,107,2263,0.116023
5,108,2264,0.112510
5,108,2264,0.116403
5,108,2264,0.112085
5,108,2264,0.114142
5,108,2264,0.109971
5,108,2264,0.114642
5,108,2264,0.112032
5,108,2264,0.113203
5,109,2265,0.112924
5,109,2265,0.112179
5,109,2265,0.114159
5,109,2265,0.114300
5,109,2265,0.115833
5,109,2265,0.111993
5,109,2265,0.112098
5,109,2265,0.117549
5,110,2266,0.115400
5,110,2266,0.116698
5,110,2266,0.118377
5,110,2266,0.114458
5,110,2266,0.112147
5,110,2266,0.111489
5,110,2266,0.115276
5,110,2266,0.112151
5,111,2267,0.115959
5,111,2267,0.109142
5,111,2267,0.112119
5,111,2267,0.114288
5,111,2267,0.113523
5,111,2267,0.115412
5,111,2267,0.113861
5,111,2267,0.111666
5,112,2268,0.114042
5,112,2268,0.113529
5,112,2268,0.114897
5,112,2268,0.112691
5,112,2268,0.111784
5,112,2268,0.112254
5,112,2268,0.112222
5,112,2268,0.116564
5,113,2269,0.117560
5,113,2269,0.115704
5,113,2269,0.112632
5,113,2269,0.112927
5,113,2269,0.114818
5,113,2269,0.112343
5,113,2269,0.110734
5,113,2269,0.113216
5,114,2270,0.115163
5,114,2270,0.112992
5,114,2270,0.111688
5,114,2270,0.109742
5,114,2270,0.113302
5,114,2270,0.112639
5,114,2270,0.115230
5,114,2270,0.114252
5,115,2271,0.114289
5,115,2271,0.113163
5,115,2271,0.118082
5,115,2271,0.119891
5,115,2271,0.110565
5,115,2271,0.114979
5,115,2271,0.115896
5,115,2271,0.118119
5,116,2272,0.120255
5,116,2272,0.116594
5,116,2272,0.114898
5,116,2272,0.114505
5,116,2272,0.114739
5,116,2272,0.113007
5,116,2272,0.117614
5,116,2272,0.114055
5,117,2273,0.116549
5,117,2273,0.117205
5,117,2273,0.118167
5,117,2273,0.111257
5,117,2273,0.111223
5,117,2273,0.113465
5,117,2273,0.109316
5,117,2273,0.111910
5,118,2274,0.115887
5,118,2274,0.115402
5,118,2274,0.112944
5,118,2274,0.115479
5,118,2274,0.116026
5,118,2274,0.114470
5,118,2274,0.110280
5,118,2274,0.114732
5,119,2275,0.110798
5,119,2275,0.114829
5,119,2275,0.112966
5,119,2275,0.113784
5,119,2275,0.114203
5,119,2275,0.116496
5,119,2275,0.114939
5,119,2275,0.114657
5,120,2276,0.111624
5,120,2276,0.116683
5,120,2276,0.117867
5,120,2276,0.116707
5,120,2276,0.114708
5,120,2276,0.113285
5,120,2276,0.110936
5,120,2276,0.115314
5,121,2277,0.112219
5,121,2277,0.112792
5,121,2277,0.110619
5,121,2277,0.114110
5,121,2277,0.112185
5,121,2277,0.117266
5,121,2277,0.116237
5,121,2277,0.113589
5,122,2278,0.117030
5,122,2278,0.120251
5,122,2278,0.113098
5,122,2278,0.116056
5,122,2278,0.111960
5,122,2278,0.116349
5,122,2278,0.115815
5,122,2278,0.117929
5,123,2279,0.115010
5,123,2279,0.111549
5,123,2279,0.114148
5,123,2279,0.114215
5,123,2279,0.112624
5,123,2279,0.111375
5,123,2279,0.115008
5,123,2279,0.113331
5,124,2280,0.115061
5,124,2280,0.115597
5,124,2280,0.116289
5,124,2280,0.117155
5,124,2280,0.113142
5,124,2280,0.109861
5,124,2280,0.113599
5,124,2280,0.120583
5,125,2281,0.119129
5,125,2281,0.113502
5,125,2281,0.110664
5,125,2281,0.113313
5,125,2281,0.112382
5,125,2281,0.115698
5,125,2281,0.121996
5,125,2281,0.114020
5,126,2282,0.112448
5,126,2282,0.112774
5,126,2282,0.110942
5,126,2282,0.114953
5,126,2282,0.113792
5,126,2282,0.111159
5,126,2282,0.114753
5,126,2282,0.112817
5,127,2283,0.113650
5,127,2283,0.112631
5,127,2283,0.111905
5,127,2283,0.113355
5,127,2283,0.111083
5,127,2283,0.112580
5,127,2283,0.109153
5,127,2283,0.111666
5,128,2284,0.118960
5,128,2284,0.112952
5,128,2284,0.112913
5,128,2284,0.113770
5,128,2284,0.113831
5,128,2284,0.116717
5,128,2284,0.115432
5,128,2284,0.112341
5,129,2285,0.111520
5,129,2285,0.115895
5,129,2285,0.112972
5,129,2285,0.112435
5,129,2285,0.113352
5,129,2285,0.116201
5,129,2285,0.115312
5,129,2285,0.112411
5,130,2286,0.109937
5,130,2286,0.112703
5,130,2286,0.113504
5,130,2286,0.115424
5,130,2286,0.113963
5,130,2286,0.111135
5,130,2286,0.108384
5,130,2286,0.114766
5,131,2287,0.112262
5,131,2287,0.112799
5,131,2287,0.113654
5,131,2287,0.112714
5,131,2287,0.112581
5,131,2287,0.114071
5,131,2287,0.114208
5,131,2287,0.111660
5,132,2288,0.114796
5,132,2288,0.115267
5,132,2288,0.111346
5,132,2288,0.114528
5,132,2288,0.115838
5,132,2288,0.113654
5,132,2288,0.114477
5,132,2288,0.114882
5,133,2289,0.121806
5,133,2289,0.114512
5,133,2289,0.112677
5,133,2289,0.111481
5,133,2289,0.113304
5,133,2289,0.112841
5,133,2289,0.112998
5,133,2289,0.115681
5,134,2290,0.112829
5,134,2290,0.112348
5,134,2290,0.113893
5,134,2290,0.112035
5,134,2290,0.112815
5,134,2290,0.118392
5,134,2290,0.112142
5,134,2290,0.116464
5,135,2291,0.115868
5,135,2291,0.114088
5,135,2291,0.113884
5,135,2291,0.110437
5,135,2291,0.117181
5,135,2291,0.113178
5,135,2291,0.110334
5,135,2291,0.114948
5,136,2292,0.117322
5,136,2292,0.110614
5,136,2292,0.112504
5,136,2292,0.113141
5,136,2292,0.113849
5,136,2292,0.112486
5,136,2292,0.111232
5,136,2292,0.113986
5,137,2293,0.111623
5,137,2293,0.114674
5,137,2293,0.114794
5,137,2293,0.111677
5,137,2293,0.111685
5,137,2293,0.109682
5,137,2293,0.119639
5,137,2293,0.111711
5,138,2294,0.117988
5,138,2294,0.115336
5,138,2294,0.116521
5,138,2294,0.115286
5,138,2294,0.113294
5,138,2294,0.111161
5,138,2294,0.111141
5,138,2294,0.113703
5,139,2295,0.116555
5,139,2295,0.112255
5,139,2295,0.113055
5,139,2295,0.112378
5,139,2295,0.113206
5,139,2295,0.115726
5,139,2295,0.113023
5,139,2295,0.114922
5,140,2296,0.110407
5,140,2296,0.115790
5,140,2296,0.111487
5,140,2296,0.113626
5,140,2296,0.113913
5,140,2296,0.112313
5,140,2296,0.114716
5,140,2296,0.112578
5,141,2297,0.115728
5,141,2297,0.113136
5,141,2297,0.115729
5,141,2297,0.113321
5,141,2297,0.112548
5,141,2297,0.116439
5,141,2297,0.114406
5,141,2297,0.115150
5,142,2298,0.111453
5,142,2298,0.114413
5,142,2298,0.116885
5,142,2298,0.114539
5,142,2298,0.112510
5,142,2298,0.111102
5,142,2298,0.114808
5,142,2298,0.113398
5,143,2299,0.116146
5,143,2299,0.120997
5,143,2299,0.114568
5,143,2299,0.112688
5,143,2299,0.115639
5,143,2299,0.112918
5,143,2299,0.111933
5,143,2299,0.114576
5,144,2300,0.116237
5,144,2300,0.113010
5,144,2300,0.120155
5,144,2300,0.111322
5,144,2300,0.113361
5,144,2300,0.114633
5,144,2300,0.115646
5,144,2300,0.116379
5,145,2301,0.113081
5,145,2301,0.120617
5,145,2301,0.111773
5,145,2301,0.111956
5,145,2301,0.111501
5,145,2301,0.114527
5,145,2301,0.114361
5,145,2301,0.116213
5,146,2302,0.116544
5,146,2302,0.114355
5,146,2302,0.114117
5,146,2302,0.113484
5,146,2302,0.113661
5,146,2302,0.112749
5,146,2302,0.120501
5,146,2302,0.114621
5,147,2303,0.115618
5,147,2303,0.112420
5,147,2303,0.110975
5,147,2303,0.113756
5,147,2303,0.113915
5,147,2303,0.114554
5,147,2303,0.113553
5,147,2303,0.118708
5,148,2304,0.122559
5,148,2304,0.114944
5,148,2304,0.116167
5,148,2304,0.111696
5,148,2304,0.115129
5,148,2304,0.116731
5,148,2304,0.113834
5,148,2304,0.115033
5,149,2305,0.118337
5,149,2305,0.110827
5,149,2305,0.111754
5,149,2305,0.116595
5,149,2305,0.116239
5,149,2305,0.114320
5,149,2305,0.111820
5,149,2305,0.113651
5,150,2306,0.115322
5,150,2306,0.113219
5,150,2306,0.113991
5,150,2306,0.118714
5,150,2306,0.111601
5,150,2306,0.112817
5,150,2306,0.115154
5,150,2306,0.120939
5,151,2307,0.114501
5,151,2307,0.113820
5,151,2307,0.110408
5,151,2307,0.112789
5,151,2307,0.117079
5,151,2307,0.115801
5,151,2307,0.114539
5,151,2307,0.113581
5,152,2308,0.113894
5,152,2308,0.116831
5,152,2308,0.113848
5,152,2308,0.113163
5,152,2308,0.112274
5,152,2308,0.114268
5,152,2308,0.116663
5,152,2308,0.116438
5,153,2309,0.115009
5,153,2309,0.110159
5,153,2309,0.111113
5,153,2309,0.115375
5,153,2309,0.113217
5,153,2309,0.116708
5,153,2309,0.112768
5,153,2309,0.115295
5,154,2310,0.112178
5,154,2310,0.113843
5,154,2310,0.114445
5,154,2310,0.117450
5,154,2310,0.112300
5,154,2310,0.113256
5,154,2310,0.113637
5,154,2310,0.117198
5,155,2311,0.117450
5,155,2311,0.112082
5,155,2311,0.109368
5,155,2311,0.114197
5,155,2311,0.112640
5,155,2311,0.114259
5,155,2311,0.115236
5,155,2311,0.112177
5,156,2312,0.111297
5,156,2312,0.113567
5,156,2312,0.118666
5,156,2312,0.115924
5,156,2312,0.113153
5,156,2312,0.112477
5,156,2312,0.112944
5,156,2312,0.113812
5,157,2313,0.117655
5,157,2313,0.110629
5,157,2313,0.113487
5,157,2313,0.115578
5,157,2313,0.112040
5,157,2313,0.112490
5,157,2313,0.111817
5,157,2313,0.113391
5,158,2314,0.113454
5,158,2314,0.111330
5,158,2314,0.108995
5,158,2314,0.111259
5,158,2314,0.112760
5,158,2314,0.111312
5,158,2314,0.117891
5,158,2314,0.114192
5,159,2315,0.114667
5,159,2315,0.113234
5,159,2315,0.115498
5,159,2315,0.115711
5,159,2315,0.113223
5,159,2315,0.114539
5,159,2315,0.115245
5,159,2315,0.114353
5,160,2316,0.110541
5,160,2316,0.113671
5,160,2316,0.109100
5,160,2316,0.115286
5,160,2316,0.110700
5,160,2316,0.121462
5,160,2316,0.110172
5,160,2316,0.118853
5,161,2317,0.116669
5,161,2317,0.116542
5,161,2317,0.113073
5,161,2317,0.113050
5,161,2317,0.110802
5,161,2317,0.116319
5,161,2317,0.115067
5,161,2317,0.112463
5,162,2318,0.115339
5,162,2318,0.113812
5,162,2318,0.110339
5,162,2318,0.112547
5,162,2318,0.113857
5,162,2318,0.122292
5,162,2318,0.119226
5,162,2318,0.115296
5,163,2319,0.115500
5,163,2319,0.116765
5,163,2319,0.112398
5,163,2319,0.111668
5,163,2319,0.113024
5,163,2319,0.113631
5,163,2319,0.113358
5,163,2319,0.112008
5,164,2320,0.120673
5,164,2320,0.115358
5,164,2320,0.114941
5,164,2320,0.114287
5,164,2320,0.114410
5,164,2320,0.114397
5,164,2320,0.120596
5,164,2320,0.117302
5,165,2321,0.111991
5,165,2321,0.111835
5,165,2321,0.114615
5,165,2321,0.111163
5,165,2321,0.116120
5,165,2321,0.114821
5,165,2321,0.112933
5,165,2321,0.113479
5,166,2322,0.114800
5,166,2322,0.109810
5,166,2322,0.113310
5,166,2322,0.116066
5,166,2322,0.112067
5,166,2322,0.114573
5,166,2322,0.110396
5,166,2322,0.117756
5,167,2323,0.111271
5,167,2323,0.113096
5,167,2323,0.111487
5,167,2323,0.114038
5,167,2323,0.114988
5,167,2323,0.111387
5,167,2323,0.116128
5,167,2323,0.118231
5,168,2324,0.110749
5,168,2324,0.111500
5,168,2324,0.120325
5,168,2324,0.110504
5,168,2324,0.115872
5,168,2324,0.114280
5,168,2324,0.109102
5,168,2324,0.114227
5,169,2325,0.118229
5,169,2325,0.115602
5,169,2325,0.113640
5,169,2325,0.117809
5,169,2325,0.115172
5,169,2325,0.112596
5,169,2325,0.119605
5,169,2325,0.110435
5,170,2326,0.115238
5,170,2326,0.114899
5,170,2326,0.111006
5,170,2326,0.117448
5,170,2326,0.119897
5,170,2326,0.113809
5,170,2326,0.113454
5,170,2326,0.117542
5,171,2327,0.111762
5,171,2327,0.111514
5,171,2327,0.114437
5,171,2327,0.113416
5,171,2327,0.113094
5,171,2327,0.109331
5,171,2327,0.110549
5,171,2327,0.111186
5,172,2328,0.113715
5,172,2328,0.114761
5,172,2328,0.110789
5,172,2328,0.119773
5,172,2328,0.114865
5,172,2328,0.113333
5,172,2328,0.113448
5,172,2328,0.115365
5,173,2329,0.113209
5,173,2329,0.115949
5,173,2329,0.113474
5,173,2329,0.116105
5,173,2329,0.111437
5,173,2329,0.113446
5,173,2329,0.113405
5,173,2329,0.111497
5,174,2330,0.115259
5,174,2330,0.118329
5,174,2330,0.114368
5,174,2330,0.114176
5,174,2330,0.115380
5,174,2330,0.113603
5,174,2330,0.117090
5,174,2330,0.111792
5,175,2331,0.117876
5,175,2331,0.112383
5,175,2331,0.112112
5,175,2331,0.113934
5,175,2331,0.111951
5,175,2331,0.116239
5,175,2331,0.111747
5,175,2331,0.115657
5,176,2332,0.115677
5,176,2332,0.112761
5,176,2332,0.115776
5,176,2332,0.112218
5,176,2332,0.112917
5,176,2332,0.112461
5,176,2332,0.116591
5,176,2332,0.113491
5,177,2333,0.115740
5,177,2333,0.113243
5,177,2333,0.112170
5,177,2333,0.112952
5,177,2333,0.113341
5,177,2333,0.116586
5,177,2333,0.111984
5,177,2333,0.120829
5,178,2334,0.112988
5,178,2334,0.120033
5,178,2334,0.116607
5,178,2334,0.114334
5,178,2334,0.116937
5,178,2334,0.114585
5,178,2334,0.111670
5,178,2334,0.112073
5,179,2335,0.114134
5,179,2335,0.115018
5,179,2335,0.115544
5,179,2335,0.111810
5,179,2335,0.114073
5,179,2335,0.118743
5,179,2335,0.114987
5,179,2335,0.112245
5,180,2336,0.113855
5,180,2336,0.114127
5,180,2336,0.115641
5,180,2336,0.117314
5,180,2336,0.119647
5,180,2336,0.111237
5,180,2336,0.111667
5,180,2336,0.115240
5,181,2337,0.114627
5,181,2337,0.115404
5,181,2337,0.115411
5,181,2337,0.114324
5,181,2337,0.116283
5,181,2337,0.113883
5,181,2337,0.112954
5,181,2337,0.109002
5,182,2338,0.113127
5,182,2338,0.114098
5,182,2338,0.111680
5,182,2338,0.116023
5,182,2338,0.115977
5,182,2338,0.114363
5,182,2338,0.112497
5,182,2338,0.109937
5,183,2339,0.115101
5,183,2339,0.113081
5,183,2339,0.109156
5,183,2339,0.112353
5,183,2339,0.117556
5,183,2339,0.112874
5,183,2339,0.112505
5,183,2339,0.114741
5,184,2340,0.113338
5,184,2340,0.109519
5,184,2340,0.109173
5,184,2340,0.112643
5,184,2340,0.109196
5,184,2340,0.113102
5,184,2340,0.121401
5,184,2340,0.110313
5,185,2341,0.114767
5,185,2341,0.116330
5,185,2341,0.111086
5,185,2341,0.115761
5,185,2341,0.108638
5,185,2341,0.112051
5,185,2341,0.109731
5,185,2341,0.114516
5,186,2342,0.114383
5,186,2342,0.111847
5,186,2342,0.114446
5,186,2342,0.115672
5,186,2342,0.113709
5,186,2342,0.112713
5,186,2342,0.119151
5,186,2342,0.112479
5,187,2343,0.120040
5,187,2343,0.117449
5,187,2343,0.115286
5,187,2343,0.114092
5,187,2343,0.112781
5,187,2343,0.115920
5,187,2343,0.113156
5,187,2343,0.113458
5,188,2344,0.115315
5,188,2344,0.110010
5,188,2344,0.110758
5,188,2344,0.115452
5,188,2344,0.117093
5,188,2344,0.117326
5,188,2344,0.118838
5,188,2344,0.112437
5,189,2345,0.115039
5,189,2345,0.112258
5,189,2345,0.117047
5,189,2345,0.114645
5,189,2345,0.112478
5,189,2345,0.114630
5,189,2345,0.113698
5,189,2345,0.116677
5,190,2346,0.111292
5,190,2346,0.117081
5,190,2346,0.112977
5,190,2346,0.116494
5,190,2346,0.115930
5,190,2346,0.112639
5,190,2346,0.115792
5,190,2346,0.113057
5,191,2347,0.115432
5,191,2347,0.116418
5,191,2347,0.119871
5,191,2347,0.113117
5,191,2347,0.114869
5,191,2347,0.113669
5,191,2347,0.112706
5,191,2347,0.117397
5,192,2348,0.115741
5,192,2348,0.115913
5,192,2348,0.113000
5,192,2348,0.114938
5,192,2348,0.116179
5,192,2348,0.117407
5,192,2348,0.113164
5,192,2348,0.114678
5,193,2349,0.110480
5,193,2349,0.116699
5,193,2349,0.113884
5,193,2349,0.113080
5,193,2349,0.112272
5,193,2349,0.111535
5,193,2349,0.111729
5,193,2349,0.110705
5,194,2350,0.120193
5,194,2350,0.115452
5,194,2350,0.116115
5,194,2350,0.113742
5,194,2350,0.113164
5,194,2350,0.114282
5,194,2350,0.116382
5,194,2350,0.113191
5,195,2351,0.114117
5,195,2351,0.112235
5,195,2351,0.114056
5,195,2351,0.114598
5,195,2351,0.114391
5,195,2351,0.116314
5,195,2351,0.112833
5,195,2351,0.112537
5,196,2352,0.109478
5,196,2352,0.111754
5,196,2352,0.112124
5,196,2352,0.111083
5,196,2352,0.111234
5,196,2352,0.113920
5,196,2352,0.112036
5,196,2352,0.115399
5,197,2353,0.114527
5,197,2353,0.114067
5,197,2353,0.113558
5,197,2353,0.114918
5,197,2353,0.110972
5,197,2353,0.111835
5,197,2353,0.118717
5,197,2353,0.119449
5,198,2354,0.119761
5,198,2354,0.113632
5,198,2354,0.115372
5,198,2354,0.112785
5,198,2354,0.112106
5,198,2354,0.113716
5,198,2354,0.113396
5,198,2354,0.111005
5,199,2355,0.112048
5,199,2355,0.114682
5,199,2355,0.112907
5,199,2355,0.110352
5,199,2355,0.113708
5,199,2355,0.112889
5,199,2355,0.119717
5,199,2355,0.110531
5,200,2356,0.113360
5,200,2356,0.113861
5,200,2356,0.119346
5,200,2356,0.113197
5,200,2356,0.113736
5,200,2356,0.113566
5,200,2356,0.117646
5,200,2356,0.119014
5,201,2357,0.122288
5,201,2357,0.113556
5,201,2357,0.121562
5,201,2357,0.118238
5,201,2357,0.118776
5,201,2357,0.115059
5,201,2357,0.112645
5,201,2357,0.113452
5,202,2358,0.112634
5,202,2358,0.114497
5,202,2358,0.112081
5,202,2358,0.118026
5,202,2358,0.114432
5,202,2358,0.118344
5,202,2358,0.113316
5,202,2358,0.109770
5,203,2359,0.118900
5,203,2359,0.113994
5,203,2359,0.114323
5,203,2359,0.121386
5,203,2359,0.112719
5,203,2359,0.116533
5,203,2359,0.110765
5,203,2359,0.112098
5,204,2360,0.111170
5,204,2360,0.118865
5,204,2360,0.113175
5,204,2360,0.110418
5,204,2360,0.111602
5,204,2360,0.117610
5,204,2360,0.113114
5,204,2360,0.119321
5,205,2361,0.115498
5,205,2361,0.116070
5,205,2361,0.112428
5,205,2361,0.116976
5,205,2361,0.117125
5,205,2361,0.115377
5,205,2361,0.111301
5,205,2361,0.113521
5,206,2362,0.114496
5,206,2362,0.117745
5,206,2362,0.112896
5,206,2362,0.117210
5,206,2362,0.111921
5,206,2362,0.114611
5,206,2362,0.114109
5,206,2362,0.112854
5,207,2363,0.112247
5,207,2363,0.110488
5,207,2363,0.114508
5,207,2363,0.113584
5,207,2363,0.112892
5,207,2363,0.112528
5,207,2363,0.113074
5,207,2363,0.116060
5,208,2364,0.115263
5,208,2364,0.114387
5,208,2364,0.111481
5,208,2364,0.112992
5,208,2364,0.113064
5,208,2364,0.111317
5,208,2364,0.113334
5,208,2364,0.111601
5,209,2365,0.117037
5,209,2365,0.115634
5,209,2365,0.113405
5,209,2365,0.115411
5,209,2365,0.113723
5,209,2365,0.118271
5,209,2365,0.111863
5,209,2365,0.120729
5,210,2366,0.115907
5,210,2366,0.115623
5,210,2366,0.111546
5,210,2366,0.113788
5,210,2366,0.113841
5,210,2366,0.110111
5,210,2366,0.115641
5,210,2366,0.115605
5,211,2367,0.113656
5,211,2367,0.115758
5,211,2367,0.113828
5,211,2367,0.112902
5,211,2367,0.117973
5,211,2367,0.118381
5,211,2367,0.114482
5,211,2367,0.114619
5,212,2368,0.113326
5,212,2368,0.116401
5,212,2368,0.110736
5,212,2368,0.111444
5,212,2368,0.112819
5,212,2368,0.112040
5,212,2368,0.113041
5,212,2368,0.112244
5,213,2369,0.111826
5,213,2369,0.113376
5,213,2369,0.109497
5,213,2369,0.108908
5,213,2369,0.117572
5,213,2369,0.120960
5,213,2369,0.115331
5,213,2369,0.114162
5,214,2370,0.116676
5,214,2370,0.116304
5,214,2370,0.116730
5,214,2370,0.114303
5,214,2370,0.114073
5,214,2370,0.113614
5,214,2370,0.117366
5,214,2370,0.113390
5,215,2371,0.113517
5,215,2371,0.112045
5,215,2371,0.114962
5,215,2371,0.116191
5,215,2371,0.114624
5,215,2371,0.110516
5,215,2371,0.113995
5,215,2371,0.114993
5,216,2372,0.109958
5,216,2372,0.116328
5,216,2372,0.111136
5,216,2372,0.118175
5,216,2372,0.116822
5,216,2372,0.116170
5,216,2372,0.114776
5,216,2372,0.112899
5,217,2373,0.114269
5,217,2373,0.112091
5,217,2373,0.117721
5,217,2373,0.113113
5,217,2373,0.118491
5,217,2373,0.112970
5,217,2373,0.117796
5,217,2373,0.111953
5,218,2374,0.114650
5,218,2374,0.114720
5,218,2374,0.118499
5,218,2374,0.113220
5,218,2374,0.117210
5,218,2374,0.112676
5,218,2374,0.113273
5,218,2374,0.119496
5,219,2375,0.112257
5,219,2375,0.109578
5,219,2375,0.111980
5,219,2375,0.112506
5,219,2375,0.115799
5,219,2375,0.118064
5,219,2375,0.117546
5,219,2375,0.116876
5,220,2376,0.115336
5,220,2376,0.115326
5,220,2376,0.113211
5,220,2376,0.109441
5,220,2376,0.114167
5,220,2376,0.116412
5,220,2376,0.114123
5,220,2376,0.113346
5,221,2377,0.113727
5,221,2377,0.111775
5,221,2377,0.115246
5,221,2377,0.108820
5,221,2377,0.113320
5,221,2377,0.113307
5,221,2377,0.114779
5,221,2377,0.111981
5,222,2378,0.112343
5,222,2378,0.119300
5,222,2378,0.117263
5,222,2378,0.113495
5,222,2378,0.114055
5,222,2378,0.114705
5,222,2378,0.111741
5,222,2378,0.113462
5,223,2379,0.111928
5,223,2379,0.115891
5,223,2379,0.111227
5,223,2379,0.116020
5,223,2379,0.113392
5,223,2379,0.121137
5,223,2379,0.111232
5,223,2379,0.119134
5,224,2380,0.114036
5,224,2380,0.116366
5,224,2380,0.110451
5,224,2380,0.110031
5,224,2380,0.115720
5,224,2380,0.118522
5,224,2380,0.111651
5,224,2380,0.114283
5,225,2381,0.114457
5,225,2381,0.114695
5,225,2381,0.116296
5,225,2381,0.114286
5,225,2381,0.114616
5,225,2381,0.116732
5,225,2381,0.112448
5,225,2381,0.113704
5,226,2382,0.114954
5,226,2382,0.115229
5,226,2382,0.111531
5,226,2382,0.111131
5,226,2382,0.116244
5,226,2382,0.116604
5,226,2382,0.111587
5,226,2382,0.114610
5,227,2383,0.117078
5,227,2383,0.115620
5,227,2383,0.116122
5,227,2383,0.111628
5,227,2383,0.115098
5,227,2383,0.109976
5,227,2383,0.115700
5,227,2383,0.115843
5,228,2384,0.111591
5,228,2384,0.111285
5,228,2384,0.113044
5,228,2384,0.113972
5,228,2384,0.111798
5,228,2384,0.113211
5,228,2384,0.116272
5,228,2384,0.112953
5,229,2385,0.112205
5,229,2385,0.115966
5,229,2385,0.113512
5,229,2385,0.113393
5,229,2385,0.113235
5,229,2385,0.111879
5,229,2385,0.117845
5,229,2385,0.115259
5,230,2386,0.111360
5,230,2386,0.110245
5,230,2386,0.113741
5,230,2386,0.117197
5,230,2386,0.115801
5,230,2386,0.114395
5,230,2386,0.111662
5,230,2386,0.114877
5,231,2387,0.115688
5,231,2387,0.113005
5,231,2387,0.114386
5,231,2387,0.120236
5,231,2387,0.114528
5,231,2387,0.118157
5,231,2387,0.116865
5,231,2387,0.125491
5,232,2388,0.115419
5,232,2388,0.119433
5,232,2388,0.113777
5,232,2388,0.112318
5,232,2388,0.114243
5,232,2388,0.112920
5,232,2388,0.114205
5,232,2388,0.113953
5,233,2389,0.111497
5,233,2389,0.110247
5,233,2389,0.117011
5,233,2389,0.111490
5,233,2389,0.113365
5,233,2389,0.114930
5,233,2389,0.118149
5,233,2389,0.111820
5,234,2390,0.114711
5,234,2390,0.112687
5,234,2390,0.113722
5,234,2390,0.113621
5,234,2390,0.110307
5,234,2390,0.112573
5,234,2390,0.113078
5,234,2390,0.116414
5,235,2391,0.118040
5,235,2391,0.114552
5,235,2391,0.116955
5,235,2391,0.111990
5,235,2391,0.116047
5,235,2391,0.114730
5,235,2391,0.119538
5,235,2391,0.115532
5,236,2392,0.110771
5,236,2392,0.112629
5,236,2392,0.112924
5,236,2392,0.115579
5,236,2392,0.115280
5,236,2392,0.112205
5,236,2392,0.112173
5,236,2392,0.110330
5,237,2393,0.120062
5,237,2393,0.115707
5,237,2393,0.112611
5,237,2393,0.111980
5,237,2393,0.117940
5,237,2393,0.112551
5,237,2393,0.113449
5,237,2393,0.112510
5,238,2394,0.116885
5,238,2394,0.112042
5,238,2394,0.112557
5,238,2394,0.112893
5,238,2394,0.117170
5,238,2394,0.113363
5,238,2394,0.117316
5,238,2394,0.118019
5,239,2395,0.112929
5,239,2395,0.113311
5,239,2395,0.112971
5,239,2395,0.118037
5,239,2395,0.117709
5,239,2395,0.112301
5,239,2395,0.120424
5,239,2395,0.112195
5,240,2396,0.114826
5,240,2396,0.113220
5,240,2396,0.122467
5,240,2396,0.110805
5,240,2396,0.114072
5,240,2396,0.113399
5,240,2396,0.117532
5,240,2396,0.111098
5,241,2397,0.113384
5,241,2397,0.113291
5,241,2397,0.112634
5,241,2397,0.115059
5,241,2397,0.113964
5,241,2397,0.113257
5,241,2397,0.113774
5,241,2397,0.114680
5,242,2398,0.115357
5,242,2398,0.111198
5,242,2398,0.116084
5,242,2398,0.115854
5,242,2398,0.113300
5,242,2398,0.121242
5,242,2398,0.116482
5,242,2398,0.111647
5,243,2399,0.116638
5,243,2399,0.114431
5,243,2399,0.118765
5,243,2399,0.115352
5,243,2399,0.115322
5,243,2399,0.111599
5,243,2399,0.115006
5,243,2399,0.113434
5,244,2400,0.111600
5,244,2400,0.113816
5,244,2400,0.113013
5,244,2400,0.115440
5,244,2400,0.117167
5,244,2400,0.114882
5,244,2400,0.115984
5,244,2400,0.112687
5,245,2401,0.117624
5,245,2401,0.117799
5,245,2401,0.115857
5,245,2401,0.119157
5,245,2401,0.113593
5,245,2401,0.113801
5,245,2401,0.114374
5,245,2401,0.111684
5,246,2402,0.116301
5,246,2402,0.111427
5,246,2402,0.114814
5,246,2402,0.113955
5,246,2402,0.116827
5,246,2402,0.120518
5,246,2402,0.111702
5,246,2402,0.110852
5,247,2403,0.117202
5,247,2403,0.109852
5,247,2403,0.113545
5,247,2403,0.112975
5,247,2403,0.111458
5,247,2403,0.113699
5,247,2403,0.114901
5,247,2403,0.116153
5,248,2404,0.117036
5,248,2404,0.113995
5,248,2404,0.111598
5,248,2404,0.114045
5,248,2404,0.112218
5,248,2404,0.113575
5,248,2404,0.114318
5,248,2404,0.113006
5,249,2405,0.112311
5,249,2405,0.119098
5,249,2405,0.114632
5,249,2405,0.115152
5,249,2405,0.116380
5,249,2405,0.113510
5,249,2405,0.112171
5,249,2405,0.109504
5,250,2406,0.111638
5,250,2406,0.112165
5,250,2406,0.111493
5,250,2406,0.111527
5,250,2406,0.113132
5,250,2406,0.112552
5,250,2406,0.112829
5,250,2406,0.114949
5,251,2407,0.112733
5,251,2407,0.114830
5,251,2407,0.111757
5,251,2407,0.113233
5,251,2407,0.115045
5,251,2407,0.111217
5,251,2407,0.112833
5,251,2407,0.115210
5,252,2408,0.114185
5,252,2408,0.115789
5,252,2408,0.110450
5,252,2408,0.120111
5,252,2408,0.113052
5,252,2408,0.112813
5,252,2408,0.113435
5,252,2408,0.114194
5,253,2409,0.111472
5,253,2409,0.113510
5,253,2409,0.114652
5,253,2409,0.119118
5,253,2409,0.114347
5,253,2409,0.113459
5,253,2409,0.110074
5,253,2409,0.114477
5,254,2410,0.112679
5,254,2410,0.114064
5,254,2410,0.114019
5,254,2410,0.112788
5,254,2410,0.110434
5,254,2410,0.112727
5,254,2410,0.113120
5,254,2410,0.111270
5,255,2411,0.115777
5,255,2411,0.116044
5,255,2411,0.109496
5,255,2411,0.112784
5,255,2411,0.114054
5,255,2411,0.117379
5,255,2411,0.111361
5,255,2411,0.113450
5,256,2412,0.112656
5,256,2412,0.114043
5,256,2412,0.113276
5,256,2412,0.119685
5,256,2412,0.113566
5,256,2412,0.112641
5,256,2412,0.110567
5,256,2412,0.111263
5,257,2413,0.112399
5,257,2413,0.116508
5,257,2413,0.115392
5,257,2413,0.112608
5,257,2413,0.114462
5,257,2413,0.117356
5,257,2413,0.113638
5,257,2413,0.115047
5,258,2414,0.114291
5,258,2414,0.114300
5,258,2414,0.115085
5,258,2414,0.111800
5,258,2414,0.112543
5,258,2414,0.114969
5,258,2414,0.115784
5,258,2414,0.114089
5,259,2415,0.115159
5,259,2415,0.113060
5,259,2415,0.112638
5,259,2415,0.113129
5,259,2415,0.113182
5,259,2415,0.116778
5,259,2415,0.120491
5,259,2415,0.110521
5,260,2416,0.116554
5,260,2416,0.112423
5,260,2416,0.112953
5,260,2416,0.112849
5,260,2416,0.109874
5,260,2416,0.114582
5,260,2416,0.114118
5,260,2416,0.116175
5,261,2417,0.110848
5,261,2417,0.113367
5,261,2417,0.125313
5,261,2417,0.112688
5,261,2417,0.111529
5,261,2417,0.115646
5,261,2417,0.113558
5,261,2417,0.117125
5,262,2418,0.112860
5,262,2418,0.111242
5,262,2418,0.114548
5,262,2418,0.114826
5,262,2418,0.116140
5,262,2418,0.112961
5,262,2418,0.113080
5,262,2418,0.114194
5,263,2419,0.112435
5,263,2419,0.116348
5,263,2419,0.110842
5,263,2419,0.113010
5,263,2419,0.115748
5,263,2419,0.115836
5,263,2419,0.113157
5,263,2419,0.114119
5,264,2420,0.112428
5,264,2420,0.110743
5,264,2420,0.113680
5,264,2420,0.112951
5,264,2420,0.111222
5,264,2420,0.112570
5,264,2420,0.112180
5,264,2420,0.113802
5,265,2421,0.114732
5,265,2421,0.114025
5,265,2421,0.113582
5,265,2421,0.114553
5,265,2421,0.118134
5,265,2421,0.113089
5,265,2421,0.112177
5,265,2421,0.112513
5,266,2422,0.114802
5,266,2422,0.112949
5,266,2422,0.109208
5,266,2422,0.111582
5,266,2422,0.112830
5,266,2422,0.115379
5,266,2422,0.110612
5,266,2422,0.113525
5,267,2423,0.113545
5,267,2423,0.116046
5,267,2423,0.111574
5,267,2423,0.115814
5,267,2423,0.115294
5,267,2423,0.116076
5,267,2423,0.113571
5,267,2423,0.113409
5,268,2424,0.116487
5,268,2424,0.113845
5,268,2424,0.112244
5,268,2424,0.113463
5,268,2424,0.115706
5,268,2424,0.112171
5,268,2424,0.112893
5,268,2424,0.116991
5,269,2425,0.112756
5,269,2425,0.109791
5,269,2425,0.115558
5,269,2425,0.109510
5,269,2425,0.119528
5,269,2425,0.114872
5,269,2425,0.112148
5,269,2425,0.111890
5,270,2426,0.112985
5,270,2426,0.117667
5,270,2426,0.114970
5,270,2426,0.118356
5,270,2426,0.117753
5,270,2426,0.114112
5,270,2426,0.113311
5,270,2426,0.115075
5,271,2427,0.114726
5,271,2427,0.112907
5,271,2427,0.114046
5,271,2427,0.112382
5,271,2427,0.112274
5,271,2427,0.117487
5,271,2427,0.112647
5,271,2427,0.110642
5,272,2428,0.113497
5,272,2428,0.112889
5,272,2428,0.112600
5,272,2428,0.111491
5,272,2428,0.114781
5,272,2428,0.113474
5,272,2428,0.113887
5,272,2428,0.112828
5,273,2429,0.108575
5,273,2429,0.114009
5,273,2429,0.112485
5,273,2429,0.118269
5,273,2429,0.120512
5,273,2429,0.114000
5,273,2429,0.114934
5,273,2429,0.112343
5,274,2430,0.113123
5,274,2430,0.119423
5,274,2430,0.111562
5,274,2430,0.117107
5,274,2430,0.111409
5,274,2430,0.116561
5,274,2430,0.115436
5,274,2430,0.112795
5,275,2431,0.117298
5,275,2431,0.115542
5,275,2431,0.113321
5,275,2431,0.111851
5,275,2431,0.115165
5,275,2431,0.113582
5,275,2431,0.112891
5,275,2431,0.114226
5,276,2432,0.116029
5,276,2432,0.115648
5,276,2432,0.112659
5,276,2432,0.115259
5,276,2432,0.113057
5,276,2432,0.113817
5,276,2432,0.111606
5,276,2432,0.114593
5,277,2433,0.112702
5,277,2433,0.113200
5,277,2433,0.112546
5,277,2433,0.116642
5,277,2433,0.127471
5,277,2433,0.111019
5,277,2433,0.114439
5,277,2433,0.116192
5,278,2434,0.116909
5,278,2434,0.116080
5,278,2434,0.114389
5,278,2434,0.111840
5,278,2434,0.115680
5,278,2434,0.113853
5,278,2434,0.113269
5,278,2434,0.116101
5,279,2435,0.111184
5,279,2435,0.111177
5,279,2435,0.114716
5,279,2435,0.109366
5,279,2435,0.117427
5,279,2435,0.114402
5,279,2435,0.114496
5,279,2435,0.113062
5,280,2436,0.111772
5,280,2436,0.113720
5,280,2436,0.111002
5,280,2436,0.115656
5,280,2436,0.113244
5,280,2436,0.116650
5,280,2436,0.118344
5,280,2436,0.116883
5,281,2437,0.114643
5,281,2437,0.115293
5,281,2437,0.111865
5,281,2437,0.113398
5,281,2437,0.113730
5,281,2437,0.118577
5,281,2437,0.111765
5,281,2437,0.110761
5,282,2438,0.112897
5,282,2438,0.117678
5,282,2438,0.117376
5,282,2438,0.115948
5,282,2438,0.116589
5,282,2438,0.114979
5,282,2438,0.113649
5,282,2438,0.117679
5,283,2439,0.113561
5,283,2439,0.112509
5,283,2439,0.111422
5,283,2439,0.118738
5,283,2439,0.110604
5,283,2439,0.116282
5,283,2439,0.111764
5,283,2439,0.113388
5,284,2440,0.110729
5,284,2440,0.115830
5,284,2440,0.113034
5,284,2440,0.113571
5,284,2440,0.114928
5,284,2440,0.117070
5,284,2440,0.114589
5,284,2440,0.111093
5,285,2441,0.116137
5,285,2441,0.112454
5,285,2441,0.115275
5,285,2441,0.113810
5,285,2441,0.116604
5,285,2441,0.111015
5,285,2441,0.115412
5,285,2441,0.112426
5,286,2442,0.113601
5,286,2442,0.113679
5,286,2442,0.116586
5,286,2442,0.113520
5,286,2442,0.117494
5,286,2442,0.114743
5,286,2442,0.117891
5,286,2442,0.111878
5,287,2443,0.114800
5,287,2443,0.113354
5,287,2443,0.117099
5,287,2443,0.112666
5,287,2443,0.115223
5,287,2443,0.115186
5,287,2443,0.113509
5,287,2443,0.119512
5,288,2444,0.112597
5,288,2444,0.113265
5,288,2444,0.115629
5,288,2444,0.113538
5,288,2444,0.116124
5,288,2444,0.112658
5,288,2444,0.110911
5,288,2444,0.111247
5,289,2445,0.112695
5,289,2445,0.116516
5,289,2445,0.115100
5,289,2445,0.111286
5,289,2445,0.115137
5,289,2445,0.113891
5,289,2445,0.112133
5,289,2445,0.115538
5,290,2446,0.112956
5,290,2446,0.110939
5,290,2446,0.115290
5,290,2446,0.117131
5,290,2446,0.112157
5,290,2446,0.118575
5,290,2446,0.115073
5,290,2446,0.114310
5,291,2447,0.114975
5,291,2447,0.116323
5,291,2447,0.112680
5,291,2447,0.111499
5,291,2447,0.114831
5,291,2447,0.114594
5,291,2447,0.120883
5,291,2447,0.113668
5,292,2448,0.114981
5,292,2448,0.113859
5,292,2448,0.109635
5,292,2448,0.112976
5,292,2448,0.113983
5,292,2448,0.115099
5,292,2448,0.114404
5,292,2448,0.110244
5,293,2449,0.110955
5,293,2449,0.111679
5,293,2449,0.113713
5,293,2449,0.113769
5,293,2449,0.114827
5,293,2449,0.113277
5,293,2449,0.114193
5,293,2449,0.113434
5,294,2450,0.111284
5,294,2450,0.113304
5,294,2450,0.113759
5,294,2450,0.116731
5,294,2450,0.113663
5,294,2450,0.114996
5,294,2450,0.112446
5,294,2450,0.117188
5,295,2451,0.116292
5,295,2451,0.114234
5,295,2451,0.114002
5,295,2451,0.118976
5,295,2451,0.112448
5,295,2451,0.115287
5,295,2451,0.113172
5,295,2451,0.122228
5,296,2452,0.114573
5,296,2452,0.111956
5,296,2452,0.111272
5,296,2452,0.111976
5,296,2452,0.111064
5,296,2452,0.113723
5,296,2452,0.111655
5,296,2452,0.111944
5,297,2453,0.114426
5,297,2453,0.112241
5,297,2453,0.114322
5,297,2453,0.111518
5,297,2453,0.114937
5,297,2453,0.115342
5,297,2453,0.112095
5,297,2453,0.114998
5,298,2454,0.112211
5,298,2454,0.114221
5,298,2454,0.113473
5,298,2454,0.120919
5,298,2454,0.113399
5,298,2454,0.111664
5,298,2454,0.114066
5,298,2454,0.112662
5,299,2455,0.110699
5,299,2455,0.120677
5,299,2455,0.115479
5,299,2455,0.115116
5,299,2455,0.110970
5,299,2455,0.116022
5,299,2455,0.112234
5,299,2455,0.118392
5,300,2456,0.112420
5,300,2456,0.113958
5,300,2456,0.113274
5,300,2456,0.110775
5,300,2456,0.113622
5,300,2456,0.116234
5,300,2456,0.113355
5,300,2456,0.117090
5,301,2457,0.110534
5,301,2457,0.112344
5,301,2457,0.114975
5,301,2457,0.112598
5,301,2457,0.113884
5,301,2457,0.116258
5,301,2457,0.114214
5,301,2457,0.110590
5,302,2458,0.113455
5,302,2458,0.115575
5,302,2458,0.119034
5,302,2458,0.116623
5,302,2458,0.116406
5,302,2458,0.111435
5,302,2458,0.118312
5,302,2458,0.118106
5,303,2459,0.116581
5,303,2459,0.111303
5,303,2459,0.114567
5,303,2459,0.112456
5,303,2459,0.111800
5,303,2459,0.108769
5,303,2459,0.116755
5,303,2459,0.114554
5,304,2460,0.112354
5,304,2460,0.117981
5,304,2460,0.114505
5,304,2460,0.120872
5,304,2460,0.114564
5,304,2460,0.113569
5,304,2460,0.116389
5,304,2460,0.111906
5,305,2461,0.111268
5,305,2461,0.114037
5,305,2461,0.115717
5,305,2461,0.116170
5,305,2461,0.114807
5,305,2461,0.111205
5,305,2461,0.111872
5,305,2461,0.120467
5,306,2462,0.111901
5,306,2462,0.115767
5,306,2462,0.113764
5,306,2462,0.112046
5,306,2462,0.119524
5,306,2462,0.116390
5,306,2462,0.112380
5,306,2462,0.114565
5,307,2463,0.111926
5,307,2463,0.114006
5,307,2463,0.118791
5,307,2463,0.112204
5,307,2463,0.119387
5,307,2463,0.112861
5,307,2463,0.116232
5,307,2463,0.118420
5,308,2464,0.116305
5,308,2464,0.110480
5,308,2464,0.118792
5,308,2464,0.117562
5,308,2464,0.111769
5,308,2464,0.114460
5,308,2464,0.115978
5,308,2464,0.113689
5,309,2465,0.112627
5,309,2465,0.114081
5,309,2465,0.113570
5,309,2465,0.112067
5,309,2465,0.115161
5,309,2465,0.115296
5,309,2465,0.114698
5,309,2465,0.112359
5,310,2466,0.111346
5,310,2466,0.116030
5,310,2466,0.111122
5,310,2466,0.114038
5,310,2466,0.116319
5,310,2466,0.117379
5,310,2466,0.113657
5,310,2466,0.115730
5,311,2467,0.111410
5,311,2467,0.113113
5,311,2467,0.114178
5,311,2467,0.115843
5,311,2467,0.113668
5,311,2467,0.114670
5,311,2467,0.113292
5,311,2467,0.117652
5,312,2468,0.112872
5,312,2468,0.112864
5,312,2468,0.116625
5,312,2468,0.112060
5,312,2468,0.115312
5,312,2468,0.112892
5,312,2468,0.113385
5,312,2468,0.112800
5,313,2469,0.114542
5,313,2469,0.112317
5,313,2469,0.115506
5,313,2469,0.113937
5,313,2469,0.114416
5,313,2469,0.114271
5,313,2469,0.112117
5,313,2469,0.113328
5,314,2470,0.111683
5,314,2470,0.114544
5,314,2470,0.113068
5,314,2470,0.113521
5,314,2470,0.114605
5,314,2470,0.116820
5,314,2470,0.112997
5,314,2470,0.111734
5,315,2471,0.114306
5,315,2471,0.111049
5,315,2471,0.117151
5,315,2471,0.111349
5,315,2471,0.115596
5,315,2471,0.113804
5,315,2471,0.112493
5,315,2471,0.112012
5,316,2472,0.112714
5,316,2472,0.111092
5,316,2472,0.119433
5,316,2472,0.117129
5,316,2472,0.112407
5,316,2472,0.114660
5,316,2472,0.113771
5,316,2472,0.111336
5,317,2473,0.113281
5,317,2473,0.112220
5,317,2473,0.121112
5,317,2473,0.110543
5,317,2473,0.113046
5,317,2473,0.118295
5,317,2473,0.111606
5,317,2473,0.111932
5,318,2474,0.116532
5,318,2474,0.116326
5,318,2474,0.115977
5,318,2474,0.112270
5,318,2474,0.113539
5,318,2474,0.115153
5,318,2474,0.112665
5,318,2474,0.113894
5,319,2475,0.112345
5,319,2475,0.112189
5,319,2475,0.115794
5,319,2475,0.112227
5,319,2475,0.118128
5,319,2475,0.114548
5,319,2475,0.112171
5,319,2475,0.117027
5,320,2476,0.113210
5,320,2476,0.110381
5,320,2476,0.114014
5,320,2476,0.115151
5,320,2476,0.113979
5,320,2476,0.113473
5,320,2476,0.114384
5,320,2476,0.116012
5,321,2477,0.114197
5,321,2477,0.114449
5,321,2477,0.111348
5,321,2477,0.111027
5,321,2477,0.114583
5,321,2477,0.114955
5,321,2477,0.116764
5,321,2477,0.119355
5,322,2478,0.113060
5,322,2478,0.112575
5,322,2478,0.117690
5,322,2478,0.113622
5,322,2478,0.113182
5,322,2478,0.116586
5,322,2478,0.111781
5,322,2478,0.117213
5,323,2479,0.110697
5,323,2479,0.115395
5,323,2479,0.118671
5,323,2479,0.117735
5,323,2479,0.112924
5,323,2479,0.117390
5,323,2479,0.111700
5,323,2479,0.111168
5,324,2480,0.116480
5,324,2480,0.111133
5,324,2480,0.115066
5,324,2480,0.111788
5,324,2480,0.113937
5,324,2480,0.113327
5,324,2480,0.112126
5,324,2480,0.114305
5,325,2481,0.115240
5,325,2481,0.113108
5,325,2481,0.111317
5,325,2481,0.113807
5,325,2481,0.113834
5,325,2481,0.111738
5,325,2481,0.113045
5,325,2481,0.114597
5,326,2482,0.118356
5,326,2482,0.115000
5,326,2482,0.111883
5,326,2482,0.114146
5,326,2482,0.111720
5,326,2482,0.112895
5,326,2482,0.116002
5,326,2482,0.120446
5,327,2483,0.114078
5,327,2483,0.114798
5,327,2483,0.111944
5,327,2483,0.117452
5,327,2483,0.116275
5,327,2483,0.114497
5,327,2483,0.112250
5,327,2483,0.112148
5,328,2484,0.115909
5,328,2484,0.113734
5,328,2484,0.114409
5,328,2484,0.113057
5,328,2484,0.115946
5,328,2484,0.114780
5,328,2484,0.115518
5,328,2484,0.111282
5,329,2485,0.116437
5,329,2485,0.114137
5,329,2485,0.119467
5,329,2485,0.119618
5,329,2485,0.113922
5,329,2485,0.113418
5,329,2485,0.113989
5,329,2485,0.112408
5,330,2486,0.112824
5,330,2486,0.113748
5,330,2486,0.116419
5,330,2486,0.111371
5,330,2486,0.113751
5,330,2486,0.115079
5,330,2486,0.114664
5,330,2486,0.111144
5,331,2487,0.115608
5,331,2487,0.115132
5,331,2487,0.111832
5,331,2487,0.110499
5,331,2487,0.112391
5,331,2487,0.113034
5,331,2487,0.117287
5,331,2487,0.117281
5,332,2488,0.115761
5,332,2488,0.113938
5,332,2488,0.113227
5,332,2488,0.115168
5,332,2488,0.116475
5,332,2488,0.113526
5,332,2488,0.111625
5,332,2488,0.115453
5,333,2489,0.111602
5,333,2489,0.114094
5,333,2489,0.114089
5,333,2489,0.110347
5,333,2489,0.112572
5,333,2489,0.113830
5,333,2489,0.112324
5,333,2489,0.111993
5,334,2490,0.118524
5,334,2490,0.112980
5,334,2490,0.115344
5,334,2490,0.113107
5,334,2490,0.112444
5,334,2490,0.114651
5,334,2490,0.115402
5,334,2490,0.118466
5,335,2491,0.114300
5,335,2491,0.113535
5,335,2491,0.111217
5,335,2491,0.111731
5,335,2491,0.111578
5,335,2491,0.116086
5,335,2491,0.117118
5,335,2491,0.112017
5,336,2492,0.110138
5,336,2492,0.113959
5,336,2492,0.112041
5,336,2492,0.116238
5,336,2492,0.116111
5,336,2492,0.113292
5,336,2492,0.116335
5,336,2492,0.114876
5,337,2493,0.111483
5,337,2493,0.111271
5,337,2493,0.111337
5,337,2493,0.113855
5,337,2493,0.112960
5,337,2493,0.112407
5,337,2493,0.118454
5,337,2493,0.116506
5,338,2494,0.112159
5,338,2494,0.113401
5,338,2494,0.114648
5,338,2494,0.112655
5,338,2494,0.113234
5,338,2494,0.116595
5,338,2494,0.115276
5,338,2494,0.111422
5,339,2495,0.111789
5,339,2495,0.111635
5,339,2495,0.111991
5,339,2495,0.113701
5,339,2495,0.116656
5,339,2495,0.114159
5,339,2495,0.116058
5,339,2495,0.116097
5,340,2496,0.113443
5,340,2496,0.116226
5,340,2496,0.112838
5,340,2496,0.112319
5,340,2496,0.111455
5,340,2496,0.113482
5,340,2496,0.116336
5,340,2496,0.114539
5,341,2497,0.112764
5,341,2497,0.114093
5,341,2497,0.112470
5,341,2497,0.110153
5,341,2497,0.120178
5,341,2497,0.120054
5,341,2497,0.111391
5,341,2497,0.116930
5,342,2498,0.116548
5,342,2498,0.109953
5,342,2498,0.112054
5,342,2498,0.114083
5,342,2498,0.117317
5,342,2498,0.113032
5,342,2498,0.112021
5,342,2498,0.114261
5,343,2499,0.115465
5,343,2499,0.111664
5,343,2499,0.113696
5,343,2499,0.121108
5,343,2499,0.112202
5,343,2499,0.114131
5,343,2499,0.113363
5,343,2499,0.113548
5,344,2500,0.111481
5,344,2500,0.115162
5,344,2500,0.114384
5,344,2500,0.114651
5,344,2500,0.115904
5,344,2500,0.114837
5,344,2500,0.111688
5,344,2500,0.116372
5,345,2501,0.116119
5,345,2501,0.113182
5,345,2501,0.113295
5,345,2501,0.114399
5,345,2501,0.112201
5,345,2501,0.113103
5,345,2501,0.114272
5,345,2501,0.112578
5,346,2502,0.113096
5,346,2502,0.116359
5,346,2502,0.116990
5,346,2502,0.115648
5,346,2502,0.113116
5,346,2502,0.113832
5,346,2502,0.114610
5,346,2502,0.114447
5,347,2503,0.119144
5,347,2503,0.114308
5,347,2503,0.114082
5,347,2503,0.112646
5,347,2503,0.115278
5,347,2503,0.111079
5,347,2503,0.117243
5,347,2503,0.113663
5,348,2504,0.115298
5,348,2504,0.109523
5,348,2504,0.111715
5,348,2504,0.115221
5,348,2504,0.111913
5,348,2504,0.114213
5,348,2504,0.115438
5,348,2504,0.120951
5,349,2505,0.113288
5,349,2505,0.114719
5,349,2505,0.113247
5,349,2505,0.114782
5,349,2505,0.116659
5,349,2505,0.117815
5,349,2505,0.112430
5,349,2505,0.117777
5,350,2506,0.114623
5,350,2506,0.111790
5,350,2506,0.109529
5,350,2506,0.114507
5,350,2506,0.113845
5,350,2506,0.112976
5,350,2506,0.112319
5,350,2506,0.110832
5,351,2507,0.114016
5,351,2507,0.115494
5,351,2507,0.113941
5,351,2507,0.122586
5,351,2507,0.113268
5,351,2507,0.113507
5,351,2507,0.113263
5,351,2507,0.114581
5,352,2508,0.113473
5,352,2508,0.113247
5,352,2508,0.114043
5,352,2508,0.118117
5,352,2508,0.115395
5,352,2508,0.120276
5,352,2508,0.112275
5,352,2508,0.121714
5,353,2509,0.114987
5,353,2509,0.113222
5,353,2509,0.111352
5,353,2509,0.115960
5,353,2509,0.118926
5,353,2509,0.110257
5,353,2509,0.111120
5,353,2509,0.118428
5,354,2510,0.112340
5,354,2510,0.115203
5,354,2510,0.116364
5,354,2510,0.115228
5,354,2510,0.114694
5,354,2510,0.110124
5,354,2510,0.116092
5,354,2510,0.118184
5,355,2511,0.110993
5,355,2511,0.116111
5,355,2511,0.117512
5,355,2511,0.118584
5,355,2511,0.113219
5,355,2511,0.115740
5,355,2511,0.112173
5,355,2511,0.115792
5,356,2512,0.114827
5,356,2512,0.117103
5,356,2512,0.115993
5,356,2512,0.115414
5,356,2512,0.114334
5,356,2512,0.113905
5,356,2512,0.118277
5,356,2512,0.117116
5,357,2513,0.114076
5,357,2513,0.113023
5,357,2513,0.113044
5,357,2513,0.115503
5,357,2513,0.111370
5,357,2513,0.112204
5,357,2513,0.115701
5,357,2513,0.113667
5,358,2514,0.114863
5,358,2514,0.119209
5,358,2514,0.115728
5,358,2514,0.111241
5,358,2514,0.109264
5,358,2514,0.112819
5,358,2514,0.107575
5,358,2514,0.114039
5,359,2515,0.110545
5,359,2515,0.113444
5,359,2515,0.111838
5,359,2515,0.113277
5,359,2515,0.110349
5,359,2515,0.113617
5,359,2515,0.115204
5,359,2515,0.118156
5,360,2516,0.113087
5,360,2516,0.111507
5,360,2516,0.119779
5,360,2516,0.111518
5,360,2516,0.119366
5,360,2516,0.110867
5,360,2516,0.113223
5,360,2516,0.115391
5,361,2517,0.113762
5,361,2517,0.111911
5,361,2517,0.117796
5,361,2517,0.116576
5,361,2517,0.116898
5,361,2517,0.115329
5,361,2517,0.113174
5,361,2517,0.111747
5,362,2518,0.113960
5,362,2518,0.116122
5,362,2518,0.111621
5,362,2518,0.111589
5,362,2518,0.112449
5,362,2518,0.115491
5,362,2518,0.115108
5,362,2518,0.113192
5,363,2519,0.111938
5,363,2519,0.115806
5,363,2519,0.109510
5,363,2519,0.115265
5,363,2519,0.111930
5,363,2519,0.115779
5,363,2519,0.114606
5,363,2519,0.115788
5,364,2520,0.114247
5,364,2520,0.119815
5,364,2520,0.114440
5,364,2520,0.114462
5,364,2520,0.113813
5,364,2520,0.115434
5,364,2520,0.114442
5,364,2520,0.116793
5,365,2521,0.112449
5,365,2521,0.111590
5,365,2521,0.110212
5,365,2521,0.111827
5,365,2521,0.114556
5,365,2521,0.110463
5,365,2521,0.118384
5,365,2521,0.114159
5,366,2522,0.111594
5,366,2522,0.117333
5,366,2522,0.112139
5,366,2522,0.115888
5,366,2522,0.111693
5,366,2522,0.111869
5,366,2522,0.113376
5,366,2522,0.115934
5,367,2523,0.119968
5,367,2523,0.119341
5,367,2523,0.111605
5,367,2523,0.115881
5,367,2523,0.113541
5,367,2523,0.115015
5,367,2523,0.111900
5,367,2523,0.115023
5,368,2524,0.114531
5,368,2524,0.112484
5,368,2524,0.116575
5,368,2524,0.112451
5,368,2524,0.115921
5,368,2524,0.111304
5,368,2524,0.112679
5,368,2524,0.113322
5,369,2525,0.114426
5,369,2525,0.113411
5,369,2525,0.115134
5,369,2525,0.112130
5,369,2525,0.116547
5,369,2525,0.112962
5,369,2525,0.113330
5,369,2525,0.120650
5,370,2526,0.114429
5,370,2526,0.112226
5,370,2526,0.113263
5,370,2526,0.117817
5,370,2526,0.115704
5,370,2526,0.116143
5,370,2526,0.116342
5,370,2526,0.112503
5,371,2527,0.115424
5,371,2527,0.112678
5,371,2527,0.117653
5,371,2527,0.114565
5,371,2527,0.117669
5,371,2527,0.115522
5,371,2527,0.113871
5,371,2527,0.116303
5,372,2528,0.112181
5,372,2528,0.112099
5,372,2528,0.115568
5,372,2528,0.109924
5,372,2528,0.115729
5,372,2528,0.120868
5,372,2528,0.112164
5,372,2528,0.110542
5,373,2529,0.112935
5,373,2529,0.115042
5,373,2529,0.117274
5,373,2529,0.112858
5,373,2529,0.111191
5,373,2529,0.113849
5,373,2529,0.113844
5,373,2529,0.109279
5,374,2530,0.112294
5,374,2530,0.111382
5,374,2530,0.115788
5,374,2530,0.110824
5,374,2530,0.113966
5,374,2530,0.112882
5,374,2530,0.114727
5,374,2530,0.116449
5,375,2531,0.114902
5,375,2531,0.112232
5,375,2531,0.110903
5,375,2531,0.112271
5,375,2531,0.111700
5,375,2531,0.114403
5,375,2531,0.113492
5,375,2531,0.111542
5,376,2532,0.113576
5,376,2532,0.118295
5,376,2532,0.116920
5,376,2532,0.113187
5,376,2532,0.115387
5,376,2532,0.113694
5,376,2532,0.113499
5,376,2532,0.111649
5,377,2533,0.114135
5,377,2533,0.111554
5,377,2533,0.115225
5,377,2533,0.115310
5,377,2533,0.115099
5,377,2533,0.111969
5,377,2533,0.112297
5,377,2533,0.116720
5,378,2534,0.111177
5,378,2534,0.113528
5,378,2534,0.112604
5,378,2534,0.112054
5,378,2534,0.111763
5,378,2534,0.114577
5,378,2534,0.114231
5,378,2534,0.114839
5,379,2535,0.114652
5,379,2535,0.116282
5,379,2535,0.113243
5,379,2535,0.111995
5,379,2535,0.111856
5,379,2535,0.110825
5,379,2535,0.114048
5,379,2535,0.114809
5,380,2536,0.111965
5,380,2536,0.111651
5,380,2536,0.113077
5,380,2536,0.120069
5,380,2536,0.114085
5,380,2536,0.111175
5,380,2536,0.112895
5,380,2536,0.112443
5,381,2537,0.111375
5,381,2537,0.114933
5,381,2537,0.115255
5,381,2537,0.111755
5,381,2537,0.111143
5,381,2537,0.112476
5,381,2537,0.112053
5,381,2537,0.116776
5,382,2538,0.116093
5,382,2538,0.110612
5,382,2538,0.115204
5,382,2538,0.112520
5,382,2538,0.108766
5,382,2538,0.116473
5,382,2538,0.110904
5,382,2538,0.112296
5,383,2539,0.114328
5,383,2539,0.114235
5,383,2539,0.111716
5,383,2539,0.112666
5,383,2539,0.116516
5,383,2539,0.114336
5,383,2539,0.112572
5,383,2539,0.115160
5,384,2540,0.113344
5,384,2540,0.115859
5,384,2540,0.110972
5,384,2540,0.113357
5,384,2540,0.115446
5,384,2540,0.110791
5,384,2540,0.110734
5,384,2540,0.113818
5,385,2541,0.112042
5,385,2541,0.119631
5,385,2541,0.112953
5,385,2541,0.113896
5,385,2541,0.114963
5,385,2541,0.117052
5,385,2541,0.112455
5,385,2541,0.117598
5,386,2542,0.118012
5,386,2542,0.115504
5,386,2542,0.113587
5,386,2542,0.109996
5,386,2542,0.113404
5,386,2542,0.110289
5,386,2542,0.112197
5,386,2542,0.109150
5,387,2543,0.115337
5,387,2543,0.113888
5,387,2543,0.110416
5,387,2543,0.113270
5,387,2543,0.113519
5,387,2543,0.112447
5,387,2543,0.113223
5,387,2543,0.112419
5,388,2544,0.117849
5,388,2544,0.112900
5,388,2544,0.111378
5,388,2544,0.114589
5,388,2544,0.112923
5,388,2544,0.112429
5,388,2544,0.114245
5,388,2544,0.114140
5,389,2545,0.106561
5,389,2545,0.110623
5,389,2545,0.112869
5,389,2545,0.117644
5,389,2545,0.115232
5,389,2545,0.113149
5,389,2545,0.112553
5,389,2545,0.113179
5,390,2546,0.114287
5,390,2546,0.115306
5,390,2546,0.116389
5,390,2546,0.111411
5,390,2546,0.110451
5,390,2546,0.114661
5,390,2546,0.112350
5,390,2546,0.113479
5,391,2547,0.112906
5,391,2547,0.111538
5,391,2547,0.118939
5,391,2547,0.115430
5,391,2547,0.111571
5,391,2547,0.115382
5,391,2547,0.114267
5,391,2547,0.113047
5,392,2548,0.115794
5,392,2548,0.113588
5,392,2548,0.109006
5,392,2548,0.116834
5,392,2548,0.111705
5,392,2548,0.113148
5,392,2548,0.111471
5,392,2548,0.123405
5,393,2549,0.113945
5,393,2549,0.119341
5,393,2549,0.114196
5,393,2549,0.115565
5,393,2549,0.111631
5,393,2549,0.114124
5,393,2549,0.113850
5,393,2549,0.114026
5,394,2550,0.111437
5,394,2550,0.112255
5,394,2550,0.110525
5,394,2550,0.114339
5,394,2550,0.114037
5,394,2550,0.114989
5,394,2550,0.114801
5,394,2550,0.113547
5,395,2551,0.117268
5,395,2551,0.113486
5,395,2551,0.119669
5,395,2551,0.112077
5,395,2551,0.117778
5,395,2551,0.109234
5,395,2551,0.114931
5,395,2551,0.111553
5,396,2552,0.123367
5,396,2552,0.110837
5,396,2552,0.117583
5,396,2552,0.111179
5,396,2552,0.108135
5,396,2552,0.112594
5,396,2552,0.112236
5,396,2552,0.113728
5,397,2553,0.110416
5,397,2553,0.114614
5,397,2553,0.112720
5,397,2553,0.113181
5,397,2553,0.113918
5,397,2553,0.118590
5,397,2553,0.109990
5,397,2553,0.112479
5,398,2554,0.115778
5,398,2554,0.119130
5,398,2554,0.114923
5,398,2554,0.113052
5,398,2554,0.116466
5,398,2554,0.110793
5,398,2554,0.113377
5,398,2554,0.111336
5,399,2555,0.120009
5,399,2555,0.114353
5,399,2555,0.109517
5,399,2555,0.114129
5,399,2555,0.112696
5,399,2555,0.113183
5,399,2555,0.121203
5,399,2555,0.109820
5,400,2556,0.114673
5,400,2556,0.115754
5,400,2556,0.113684
5,400,2556,0.118075
5,400,2556,0.114278
5,400,2556,0.111575
5,400,2556,0.114898
5,400,2556,0.118087
5,401,2557,0.115139
5,401,2557,0.111168
5,401,2557,0.116584
5,401,2557,0.112644
5,401,2557,0.112196
5,401,2557,0.114529
5,401,2557,0.113344
5,401,2557,0.115908
5,402,2558,0.114546
5,402,2558,0.115420
5,402,2558,0.113130
5,402,2558,0.113760
5,402,2558,0.112706
5,402,2558,0.112581
5,402,2558,0.113643
5,402,2558,0.111477
5,403,2559,0.112683
5,403,2559,0.115921
5,403,2559,0.109328
5,403,2559,0.115702
5,403,2559,0.113594
5,403,2559,0.114690
5,403,2559,0.112843
5,403,2559,0.113668
5,404,2560,0.114860
5,404,2560,0.112647
5,404,2560,0.116280
5,404,2560,0.115116
5,404,2560,0.112599
5,404,2560,0.116378
5,404,2560,0.113775
5,404,2560,0.116908
5,405,2561,0.111216
5,405,2561,0.111609
5,405,2561,0.114280
5,405,2561,0.114048
5,405,2561,0.114046
5,405,2561,0.113062
5,405,2561,0.111823
5,405,2561,0.116440
5,406,2562,0.110174
5,406,2562,0.112278
5,406,2562,0.113756
5,406,2562,0.114288
5,406,2562,0.109657
5,406,2562,0.116134
5,406,2562,0.116833
5,406,2562,0.113017
5,407,2563,0.114206
5,407,2563,0.114783
5,407,2563,0.116343
5,407,2563,0.111508
5,407,2563,0.117807
5,407,2563,0.113244
5,407,2563,0.110673
5,407,2563,0.111988
5,408,2564,0.115671
5,408,2564,0.114389
5,408,2564,0.111839
5,408,2564,0.111473
5,408,2564,0.112591
5,408,2564,0.118512
5,408,2564,0.115295
5,408,2564,0.112020
5,409,2565,0.117149
5,409,2565,0.112998
5,409,2565,0.113219
5,409,2565,0.112327
5,409,2565,0.113793
5,409,2565,0.109337
5,409,2565,0.116261
5,409,2565,0.115916
5,410,2566,0.112532
5,410,2566,0.112919
5,410,2566,0.109512
5,410,2566,0.112799
5,410,2566,0.116619
5,410,2566,0.112598
5,410,2566,0.113767
5,410,2566,0.115894
5,411,2567,0.113094
5,411,2567,0.112372
5,411,2567,0.111553
5,411,2567,0.117222
5,411,2567,0.114126
5,411,2567,0.113648
5,411,2567,0.118046
5,411,2567,0.114267
5,412,2568,0.112947
5,412,2568,0.112580
5,412,2568,0.111525
5,412,2568,0.111862
5,412,2568,0.113912
5,412,2568,0.114529
5,412,2568,0.113365
5,412,2568,0.110771
5,413,2569,0.118471
5,413,2569,0.112283
5,413,2569,0.111709
5,413,2569,0.114849
5,413,2569,0.112854
5,413,2569,0.114210
5,413,2569,0.118457
5,413,2569,0.116103
5,414,2570,0.109882
5,414,2570,0.116945
5,414,2570,0.120033
5,414,2570,0.112993
5,414,2570,0.114051
5,414,2570,0.114077
5,414,2570,0.111905
5,414,2570,0.112311
5,415,2571,0.109090
5,415,2571,0.111602
5,415,2571,0.112656
5,415,2571,0.110636
5,415,2571,0.111964
5,415,2571,0.114103
5,415,2571,0.112917
5,415,2571,0.111296
5,416,2572,0.114501
5,416,2572,0.112697
5,416,2572,0.111805
5,416,2572,0.114955
5,416,2572,0.115214
5,416,2572,0.112463
5,416,2572,0.116625
5,416,2572,0.113979
5,417,2573,0.115431
5,417,2573,0.115507
5,417,2573,0.111363
5,417,2573,0.112280
5,417,2573,0.112125
5,417,2573,0.110668
5,417,2573,0.115797
5,417,2573,0.111178
5,418,2574,0.111214
5,418,2574,0.114580
5,418,2574,0.113607
5,418,2574,0.115588
5,418,2574,0.109633
5,418,2574,0.119612
5,418,2574,0.108556
5,418,2574,0.114092
5,419,2575,0.110470
5,419,2575,0.114319
5,419,2575,0.115374
5,419,2575,0.117691
5,419,2575,0.114579
5,419,2575,0.112385
5,419,2575,0.114750
5,419,2575,0.116280
5,420,2576,0.113522
5,420,2576,0.113395
5,420,2576,0.115843
5,420,2576,0.114420
5,420,2576,0.113039
5,420,2576,0.113281
5,420,2576,0.113048
5,420,2576,0.114353
5,421,2577,0.112535
5,421,2577,0.111627
5,421,2577,0.111104
5,421,2577,0.112074
5,421,2577,0.111493
5,421,2577,0.118196
5,421,2577,0.111553
5,421,2577,0.110599
5,422,2578,0.111642
5,422,2578,0.108761
5,422,2578,0.115057
5,422,2578,0.112423
5,422,2578,0.116502
5,422,2578,0.114265
5,422,2578,0.111671
5,422,2578,0.110594
5,423,2579,0.111243
5,423,2579,0.111138
5,423,2579,0.111175
5,423,2579,0.113648
5,423,2579,0.114875
5,423,2579,0.115766
5,423,2579,0.112953
5,423,2579,0.113176
5,424,2580,0.115535
5,424,2580,0.117251
5,424,2580,0.115107
5,424,2580,0.117328
5,424,2580,0.113738
5,424,2580,0.119565
5,424,2580,0.116314
5,424,2580,0.114513
5,425,2581,0.110814
5,425,2581,0.111349
5,425,2581,0.111329
5,425,2581,0.115860
5,425,2581,0.111820
5,425,2581,0.116892
5,425,2581,0.110129
5,425,2581,0.114042
5,426,2582,0.111940
5,426,2582,0.112635
5,426,2582,0.117206
5,426,2582,0.114163
5,426,2582,0.116110
5,426,2582,0.120522
5,426,2582,0.113508
5,426,2582,0.116177
5,427,2583,0.116025
5,427,2583,0.113700
5,427,2583,0.111674
5,427,2583,0.116493
5,427,2583,0.111967
5,427,2583,0.115781
5,427,2583,0.113220
5,427,2583,0.112951
5,428,2584,0.111065
5,428,2584,0.113432
5,428,2584,0.113188
5,428,2584,0.112516
5,428,2584,0.113210
5,428,2584,0.113239
5,428,2584,0.115375
5,428,2584,0.117469
5,429,2585,0.111772
5,429,2585,0.112501
5,429,2585,0.114352
5,429,2585,0.115017
5,429,2585,0.111890
5,429,2585,0.119775
5,429,2585,0.116084
5,429,2585,0.111920
5,430,2586,0.115144
5,430,2586,0.113150
5,430,2586,0.116997
5,430,2586,0.111215
5,430,2586,0.118537
5,430,2586,0.112002
5,430,2586,0.113498
5,430,2586,0.115199
5,431,2587,0.110624
5,431,2587,0.116797
5,431,2587,0.113264
5,431,2587,0.114465
5,431,2587,0.113887
5,431,2587,0.115376
5,431,2587,0.113143
5,431,2587,0.110517
5,432,2588,0.113782
5,432,2588,0.115740
5,432,2588,0.115542
5,432,2588,0.113520
5,432,2588,0.113365
5,432,2588,0.116793
5,432,2588,0.115844
5,432,2588,0.112091
5,433,2589,0.112016
5,433,2589,0.111259
5,433,2589,0.115095
5,433,2589,0.117322
5,433,2589,0.116199
5,433,2589,0.114680
5,433,2589,0.116618
5,433,2589,0.113634
5,434,2590,0.118080
5,434,2590,0.111833
5,434,2590,0.113599
5,434,2590,0.114460
5,434,2590,0.113514
5,434,2590,0.115674
5,434,2590,0.113169
5,434,2590,0.113065
5,435,2591,0.118920
5,435,2591,0.114044
5,435,2591,0.115941
5,435,2591,0.113375
5,435,2591,0.114100
5,435,2591,0.115049
5,435,2591,0.111472
5,435,2591,0.112303
5,436,2592,0.115692
5,436,2592,0.116846
5,436,2592,0.111425
5,436,2592,0.111290
5,436,2592,0.110649
5,436,2592,0.114694
5,436,2592,0.113305
5,436,2592,0.114394
5,437,2593,0.114406
5,437,2593,0.111910
5,437,2593,0.116213
5,437,2593,0.113786
5,437,2593,0.111215
5,437,2593,0.118494
5,437,2593,0.111857
5,437,2593,0.114014
5,438,2594,0.111904
5,438,2594,0.114278
5,438,2594,0.116166
5,438,2594,0.112609
5,438,2594,0.110639
5,438,2594,0.111213
5,438,2594,0.112301
5,438,2594,0.112281
5,439,2595,0.115578
5,439,2595,0.111909
5,439,2595,0.115707
5,439,2595,0.110981
5,439,2595,0.112209
5,439,2595,0.113941
5,439,2595,0.120753
5,439,2595,0.112072
5,440,2596,0.115393
5,440,2596,0.114226
5,440,2596,0.115370
5,440,2596,0.114344
5,440,2596,0.116799
5,440,2596,0.115955
5,440,2596,0.112756
5,440,2596,0.116571
5,441,2597,0.110951
5,441,2597,0.110936
5,441,2597,0.112707
5,441,2597,0.112907
5,441,2597,0.113596
5,441,2597,0.112299
5,441,2597,0.113908
5,441,2597,0.113650
5,442,2598,0.110461
5,442,2598,0.120206
5,442,2598,0.116228
5,442,2598,0.113383
5,442,2598,0.115441
5,442,2598,0.119789
5,442,2598,0.116349
5,442,2598,0.116519
5,443,2599,0.117804
5,443,2599,0.114470
5,443,2599,0.114224
5,443,2599,0.110481
5,443,2599,0.113815
5,443,2599,0.111658
5,443,2599,0.116991
5,443,2599,0.113080
5,444,2600,0.114118
5,444,2600,0.115558
5,444,2600,0.116711
5,444,2600,0.112556
5,444,2600,0.114869
5,444,2600,0.116447
5,444,2600,0.114491
5,444,2600,0.113631
5,445,2601,0.115815
5,445,2601,0.120706
5,445,2601,0.109816
5,445,2601,0.112339
5,445,2601,0.114785
5,445,2601,0.117437
5,445,2601,0.117707
5,445,2601,0.114878
5,446,2602,0.116077
5,446,2602,0.113358
5,446,2602,0.112737
5,446,2602,0.114896
5,446,2602,0.116581
5,446,2602,0.115449
5,446,2602,0.113884
5,446,2602,0.114041
5,447,2603,0.110514
5,447,2603,0.121201
5,447,2603,0.112870
5,447,2603,0.111399
5,447,2603,0.111764
5,447,2603,0.111850
5,447,2603,0.116547
5,447,2603,0.114040
5,448,2604,0.116858
5,448,2604,0.111272
5,448,2604,0.115243
5,448,2604,0.110009
5,448,2604,0.113030
5,448,2604,0.109572
5,448,2604,0.111882
5,448,2604,0.113167
5,449,2605,0.113682
5,449,2605,0.113830
5,449,2605,0.117017
5,449,2605,0.121401
5,449,2605,0.114812
5,449,2605,0.111900
5,449,2605,0.116896
5,449,2605,0.113111
5,450,2606,0.115676
5,450,2606,0.112131
5,450,2606,0.116286
5,450,2606,0.110827
5,450,2606,0.116467
5,450,2606,0.114699
5,450,2606,0.112143
5,450,2606,0.111041
5,451,2607,0.115774
5,451,2607,0.112040
5,451,2607,0.115699
5,451,2607,0.111756
5,451,2607,0.111981
5,451,2607,0.112254
5,451,2607,0.112718
5,451,2607,0.113214
5,452,2608,0.115125
5,452,2608,0.112781
5,452,2608,0.112888
5,452,2608,0.110942
5,452,2608,0.112292
5,452,2608,0.112843
5,452,2608,0.115021
5,452,2608,0.108864
5,453,2609,0.114682
5,453,2609,0.119008
5,453,2609,0.113095
5,453,2609,0.114713
5,453,2609,0.117777
5,453,2609,0.112979
5,453,2609,0.116235
5,453,2609,0.113105
5,454,2610,0.115254
5,454,2610,0.122271
5,454,2610,0.110771
5,454,2610,0.113183
5,454,2610,0.113198
5,454,2610,0.111787
5,454,2610,0.112570
5,454,2610,0.113282
5,455,2611,0.112803
5,455,2611,0.114304
5,455,2611,0.118323
5,455,2611,0.112369
5,455,2611,0.118044
5,455,2611,0.114166
5,455,2611,0.119181
5,455,2611,0.110095
5,456,2612,0.112895
5,456,2612,0.110500
5,456,2612,0.112516
5,456,2612,0.111734
5,456,2612,0.119184
5,456,2612,0.121549
5,456,2612,0.113643
5,456,2612,0.113662
5,457,2613,0.112062
5,457,2613,0.113631
5,457,2613,0.111751
5,457,2613,0.112569
5,457,2613,0.119482
5,457,2613,0.114639
5,457,2613,0.114332
5,457,2613,0.114098
5,458,2614,0.114280
5,458,2614,0.112720
5,458,2614,0.116469
5,458,2614,0.113225
5,458,2614,0.115659
5,458,2614,0.115833
5,458,2614,0.109004
5,458,2614,0.111300
5,459,2615,0.113353
5,459,2615,0.116615
5,459,2615,0.117380
5,459,2615,0.111607
5,459,2615,0.118703
5,459,2615,0.111643
5,459,2615,0.112538
5,459,2615,0.113313
5,460,2616,0.112992
5,460,2616,0.114432
5,460,2616,0.113217
5,460,2616,0.110848
5,460,2616,0.116031
5,460,2616,0.112932
5,460,2616,0.110291
5,460,2616,0.109208
5,461,2617,0.113467
5,461,2617,0.112173
5,461,2617,0.115081
5,461,2617,0.111529
5,461,2617,0.112360
5,461,2617,0.115796
5,461,2617,0.115393
5,461,2617,0.119877
5,462,2618,0.110492
5,462,2618,0.117074
5,462,2618,0.114742
5,462,2618,0.113578
5,462,2618,0.113067
5,462,2618,0.112610
5,462,2618,0.113823
5,462,2618,0.114114
5,463,2619,0.116157
5,463,2619,0.112392
5,463,2619,0.110973
5,463,2619,0.112700
5,463,2619,0.112806
5,463,2619,0.110719
5,463,2619,0.114860
5,463,2619,0.114251
5,464,2620,0.112797
5,464,2620,0.110422
5,464,2620,0.117036
5,464,2620,0.115839
5,464,2620,0.112389
5,464,2620,0.114146
5,464,2620,0.116045
5,464,2620,0.113377
5,465,2621,0.112603
5,465,2621,0.114733
5,465,2621,0.111144
5,465,2621,0.113672
5,465,2621,0.111667
5,465,2621,0.109263
5,465,2621,0.117705
5,465,2621,0.112994
5,466,2622,0.113380
5,466,2622,0.113946
5,466,2622,0.114450
5,466,2622,0.114031
5,466,2622,0.113979
5,466,2622,0.113197
5,466,2622,0.111872
5,466,2622,0.111577
5,467,2623,0.115841
5,467,2623,0.115921
5,467,2623,0.115702
5,467,2623,0.112357
5,467,2623,0.110839
5,467,2623,0.115317
5,467,2623,0.113253
5,467,2623,0.112920
5,468,2624,0.114464
5,468,2624,0.113143
5,468,2624,0.114889
5,468,2624,0.113209
5,468,2624,0.111924
5,468,2624,0.114287
5,468,2624,0.111596
5,468,2624,0.115798
5,469,2625,0.118088
5,469,2625,0.114028
5,469,2625,0.116308
5,469,2625,0.114321
5,469,2625,0.114378
5,469,2625,0.111487
5,469,2625,0.112860
5,469,2625,0.116280
5,470,2626,0.112686
5,470,2626,0.113006
5,470,2626,0.111763
5,470,2626,0.112668
5,470,2626,0.114043
5,470,2626,0.114853
5,470,2626,0.110780
5,470,2626,0.114234
5,471,2627,0.111088
5,471,2627,0.114515
5,471,2627,0.111972
5,471,2627,0.115847
5,471,2627,0.114230
5,471,2627,0.111576
5,471,2627,0.115249
5,471,2627,0.116713
5,472,2628,0.114237
5,472,2628,0.114035
5,472,2628,0.111250
5,472,2628,0.114300
5,472,2628,0.112781
5,472,2628,0.115452
5,472,2628,0.115741
5,472,2628,0.112509
5,473,2629,0.119917
5,473,2629,0.115188
5,473,2629,0.110939
5,473,2629,0.112327
5,473,2629,0.110499
5,473,2629,0.112872
5,473,2629,0.119371
5,473,2629,0.115054
5,474,2630,0.111879
5,474,2630,0.112051
5,474,2630,0.112155
5,474,2630,0.114986
5,474,2630,0.112673
5,474,2630,0.109640
5,474,2630,0.119987
5,474,2630,0.118157
5,475,2631,0.117136
5,475,2631,0.112856
5,475,2631,0.118498
5,475,2631,0.112248
5,475,2631,0.110293
5,475,2631,0.112392
5,475,2631,0.121553
5,475,2631,0.115049
5,476,2632,0.113952
5,476,2632,0.121920
5,476,2632,0.113364
5,476,2632,0.112639
5,476,2632,0.112435
5,476,2632,0.112469
5,476,2632,0.112298
5,476,2632,0.116060
5,477,2633,0.111626
5,477,2633,0.110803
5,477,2633,0.114762
5,477,2633,0.113912
5,477,2633,0.117878
5,477,2633,0.117264
5,477,2633,0.115125
5,477,2633,0.114759
5,478,2634,0.113802
5,478,2634,0.114158
5,478,2634,0.111987
5,478,2634,0.114992
5,478,2634,0.114592
5,478,2634,0.121302
5,478,2634,0.118802
5,478,2634,0.111326
5,479,2635,0.120244
5,479,2635,0.118438
5,479,2635,0.113254
5,479,2635,0.112506
5,479,2635,0.114787
5,479,2635,0.112858
5,479,2635,0.112117
5,479,2635,0.114224
5,480,2636,0.115183
5,480,2636,0.113715
5,480,2636,0.115495
5,480,2636,0.115223
5,480,2636,0.108636
5,480,2636,0.115896
5,480,2636,0.116636
5,480,2636,0.109296
5,481,2637,0.115308
5,481,2637,0.115536
5,481,2637,0.115699
5,481,2637,0.114390
5,481,2637,0.113060
5,481,2637,0.111012
5,481,2637,0.112125
5,481,2637,0.121966
5,482,2638,0.114240
5,482,2638,0.114228
5,482,2638,0.116116
5,482,2638,0.115242
5,482,2638,0.112810
5,482,2638,0.115648
5,482,2638,0.121149
5,482,2638,0.112241
5,483,2639,0.115641
5,483,2639,0.111929
5,483,2639,0.111835
5,483,2639,0.115755
5,483,2639,0.111501
5,483,2639,0.114036
5,483,2639,0.112060
5,483,2639,0.112389
5,484,2640,0.116205
5,484,2640,0.116242
5,484,2640,0.114936
5,484,2640,0.112953
5,484,2640,0.113271
5,484,2640,0.112562
5,484,2640,0.112467
5,484,2640,0.117044
5,485,2641,0.117796
5,485,2641,0.113039
5,485,2641,0.115386
5,485,2641,0.116562
5,485,2641,0.110600
5,485,2641,0.113893
5,485,2641,0.116813
5,485,2641,0.111939
5,486,2642,0.112280
5,486,2642,0.113030
5,486,2642,0.112896
5,486,2642,0.114363
5,486,2642,0.114082
5,486,2642,0.111653
5,486,2642,0.108799
5,486,2642,0.109698
5,487,2643,0.114948
5,487,2643,0.120221
5,487,2643,0.114667
5,487,2643,0.120004
5,487,2643,0.108629
5,487,2643,0.109930
5,487,2643,0.113093
5,487,2643,0.112937
5,488,2644,0.112455
5,488,2644,0.114345
5,488,2644,0.113759
5,488,2644,0.117366
5,488,2644,0.114475
5,488,2644,0.114728
5,488,2644,0.117164
5,488,2644,0.113846
5,489,2645,0.115732
5,489,2645,0.114302
5,489,2645,0.115163
5,489,2645,0.111945
5,489,2645,0.114118
5,489,2645,0.113244
5,489,2645,0.114435
5,489,2645,0.113780
5,490,2646,0.116958
5,490,2646,0.112680
5,490,2646,0.113329
5,490,2646,0.114232
5,490,2646,0.118524
5,490,2646,0.111825
5,490,2646,0.113498
5,490,2646,0.115674
5,491,2647,0.116180
5,491,2647,0.112493
5,491,2647,0.113324
5,491,2647,0.115852
5,491,2647,0.112527
5,491,2647,0.113335
5,491,2647,0.114119
5,491,2647,0.115618
5,492,2648,0.113642
5,492,2648,0.114798
5,492,2648,0.114921
5,492,2648,0.114013
5,492,2648,0.114864
5,492,2648,0.112313
5,492,2648,0.110538
5,492,2648,0.110133
5,493,2649,0.114862
5,493,2649,0.120413
5,493,2649,0.116355
5,493,2649,0.111363
5,493,2649,0.112895
5,493,2649,0.119085
5,493,2649,0.116116
5,493,2649,0.117747
5,494,2650,0.116020
5,494,2650,0.116120
5,494,2650,0.110901
5,494,2650,0.113104
5,494,2650,0.121530
5,494,2650,0.114339
5,494,2650,0.117560
5,494,2650,0.113316
5,495,2651,0.116444
5,495,2651,0.118208
5,495,2651,0.118212
5,495,2651,0.114323
5,495,2651,0.115731
5,495,2651,0.114303
5,495,2651,0.112440
5,495,2651,0.112828
5,496,2652,0.112295
5,496,2652,0.110287
5,496,2652,0.111176
5,496,2652,0.113635
5,496,2652,0.112193
5,496,2652,0.115007
5,496,2652,0.109685
5,496,2652,0.116905
5,497,2653,0.112536
5,497,2653,0.117803
5,497,2653,0.114789
5,497,2653,0.111828
5,497,2653,0.112417
5,497,2653,0.113087
5,497,2653,0.111807
5,497,2653,0.110076
5,498,2654,0.113894
5,498,2654,0.114445
5,498,2654,0.110366
5,498,2654,0.114405
5,498,2654,0.112567
5,498,2654,0.110810
5,498,2654,0.114480
5,498,2654,0.112096
5,499,2655,0.117547
5,499,2655,0.116834
5,499,2655,0.115723
5,499,2655,0.113043
5,499,2655,0.113466
5,499,2655,0.110281
5,499,2655,0.110688
5,499,2655,0.113868
5,500,2656,0.113588
5,500,2656,0.113513
5,500,2656,0.114336
5,500,2656,0.114128
5,500,2656,0.113760
5,500,2656,0.113249
5,500,2656,0.112044
5,500,2656,0.113932
5,501,2657,0.114164
5,501,2657,0.117772
5,501,2657,0.111688
5,501,2657,0.114922
5,501,2657,0.113962
5,501,2657,0.111258
5,501,2657,0.111854
5,501,2657,0.115269
5,502,2658,0.111897
5,502,2658,0.116030
5,502,2658,0.113332
5,502,2658,0.116403
5,502,2658,0.117083
5,502,2658,0.114867
5,502,2658,0.113569
5,502,2658,0.114357
5,503,2659,0.113254
5,503,2659,0.115630
5,503,2659,0.115828
5,503,2659,0.113505
5,503,2659,0.115939
5,503,2659,0.114050
5,503,2659,0.115205
5,503,2659,0.117605
5,504,2660,0.119464
5,504,2660,0.110115
5,504,2660,0.113614
5,504,2660,0.113219
5,504,2660,0.109499
5,504,2660,0.112319
5,504,2660,0.116191
5,504,2660,0.112912
5,505,2661,0.113162
5,505,2661,0.115062
5,505,2661,0.113163
5,505,2661,0.109355
5,505,2661,0.116458
5,505,2661,0.115021
5,505,2661,0.112742
5,505,2661,0.111172
5,506,2662,0.112969
5,506,2662,0.112829
5,506,2662,0.114285
5,506,2662,0.112359
5,506,2662,0.112506
5,506,2662,0.115684
5,506,2662,0.112667
5,506,2662,0.117243
5,507,2663,0.113526
5,507,2663,0.113999
5,507,2663,0.113614
5,507,2663,0.111676
5,507,2663,0.111622
5,507,2663,0.113675
5,507,2663,0.110966
5,507,2663,0.112733
5,508,2664,0.118884
5,508,2664,0.115703
5,508,2664,0.116262
5,508,2664,0.113772
5,508,2664,0.111350
5,508,2664,0.112850
5,508,2664,0.116883
5,508,2664,0.122114
5,509,2665,0.111307
5,509,2665,0.113661
5,509,2665,0.114988
5,509,2665,0.114785
5,509,2665,0.114700
5,509,2665,0.114238
5,509,2665,0.112409
5,509,2665,0.113220
5,510,2666,0.115063
5,510,2666,0.112355
5,510,2666,0.114667
5,510,2666,0.114836
5,510,2666,0.110933
5,510,2666,0.113260
5,510,2666,0.114744
5,510,2666,0.112584
5,511,2667,0.112826
5,511,2667,0.115922
5,511,2667,0.114936
5,511,2667,0.113479
5,511,2667,0.111957
5,511,2667,0.113790
5,511,2667,0.117715
5,511,2667,0.112411
5,512,2668,0.119409
5,512,2668,0.116952
5,512,2668,0.113378
5,512,2668,0.112018
5,512,2668,0.110391
5,512,2668,0.113245
5,512,2668,0.116446
5,512,2668,0.116370
5,513,2669,0.115881
5,513,2669,0.115538
5,513,2669,0.117214
5,513,2669,0.116265
5,513,2669,0.113643
5,513,2669,0.111534
5,513,2669,0.115036
5,513,2669,0.116386
5,514,2670,0.115420
5,514,2670,0.113415
5,514,2670,0.114744
5,514,2670,0.115616
5,514,2670,0.115586
5,514,2670,0.112975
5,514,2670,0.112293
5,514,2670,0.112546
5,515,2671,0.112650
5,515,2671,0.111326
5,515,2671,0.115115
5,515,2671,0.113004
5,515,2671,0.115019
5,515,2671,0.111327
5,515,2671,0.115012
5,515,2671,0.113462
5,516,2672,0.112795
5,516,2672,0.114135
5,516,2672,0.112262
5,516,2672,0.113852
5,516,2672,0.115890
5,516,2672,0.122065
5,516,2672,0.113492
5,516,2672,0.115786
5,517,2673,0.114355
5,517,2673,0.116081
5,517,2673,0.113170
5,517,2673,0.114855
5,517,2673,0.113931
5,517,2673,0.114779
5,517,2673,0.112366
5,517,2673,0.112454
5,518,2674,0.113230
5,518,2674,0.115352
5,518,2674,0.116816
5,518,2674,0.113905
5,518,2674,0.117859
5,518,2674,0.121131
5,518,2674,0.116623
5,518,2674,0.111303
5,519,2675,0.114183
5,519,2675,0.113644
5,519,2675,0.112581
5,519,2675,0.112942
5,519,2675,0.115697
5,519,2675,0.111316
5,519,2675,0.112965
5,519,2675,0.115400
5,520,2676,0.112594
5,520,2676,0.110507
5,520,2676,0.112049
5,520,2676,0.114606
5,520,2676,0.117685
5,520,2676,0.114077
5,520,2676,0.111288
5,520,2676,0.113363
5,521,2677,0.113451
5,521,2677,0.114004
5,521,2677,0.113254
5,521,2677,0.115205
5,521,2677,0.115339
5,521,2677,0.114165
5,521,2677,0.112866
5,521,2677,0.113885
5,522,2678,0.111489
5,522,2678,0.113832
5,522,2678,0.116544
5,522,2678,0.113407
5,522,2678,0.116558
5,522,2678,0.114326
5,522,2678,0.110380
5,522,2678,0.112773
5,523,2679,0.112389
5,523,2679,0.111614
5,523,2679,0.110672
5,523,2679,0.116430
5,523,2679,0.113132
5,523,2679,0.112088
5,523,2679,0.111469
5,523,2679,0.114248
5,524,2680,0.111966
5,524,2680,0.112338
5,524,2680,0.113842
5,524,2680,0.115195
5,524,2680,0.115706
5,524,2680,0.122127
5,524,2680,0.110581
5,524,2680,0.112169
5,525,2681,0.114334
5,525,2681,0.111754
5,525,2681,0.115641
5,525,2681,0.113205
5,525,2681,0.111647
5,525,2681,0.111589
5,525,2681,0.114790
5,525,2681,0.116088
5,526,2682,0.117251
5,526,2682,0.119401
5,526,2682,0.112475
5,526,2682,0.118779
5,526,2682,0.111209
5,526,2682,0.111944
5,526,2682,0.113618
5,526,2682,0.110888
5,527,2683,0.111320
5,527,2683,0.111564
5,527,2683,0.119898
5,527,2683,0.116726
5,527,2683,0.114596
5,527,2683,0.112470
5,527,2683,0.118475
5,527,2683,0.114700
5,528,2684,0.112820
5,528,2684,0.111241
5,528,2684,0.116272
5,528,2684,0.113917
5,528,2684,0.114290
5,528,2684,0.118292
5,528,2684,0.117356
5,528,2684,0.113496
5,529,2685,0.113677
5,529,2685,0.112640
5,529,2685,0.114974
5,529,2685,0.114864
5,529,2685,0.112065
5,529,2685,0.110760
5,529,2685,0.113845
5,529,2685,0.113420
5,530,2686,0.109307
5,530,2686,0.111764
5,530,2686,0.111881
5,530,2686,0.117385
5,530,2686,0.113893
5,530,2686,0.119662
5,530,2686,0.114951
5,530,2686,0.114116
5,531,2687,0.115163
5,531,2687,0.112836
5,531,2687,0.113284
5,531,2687,0.123081
5,531,2687,0.112610
5,531,2687,0.113861
5,531,2687,0.118107
5,531,2687,0.112282
5,532,2688,0.116913
5,532,2688,0.114509
5,532,2688,0.112424
5,532,2688,0.112148
5,532,2688,0.115339
5,532,2688,0.113467
5,532,2688,0.116464
5,532,2688,0.113991
5,533,2689,0.114702
5,533,2689,0.111892
5,533,2689,0.119079
5,533,2689,0.112503
5,533,2689,0.116814
5,533,2689,0.111348
5,533,2689,0.112473
5,533,2689,0.115466
5,534,2690,0.117487
5,534,2690,0.112567
5,534,2690,0.112774
5,534,2690,0.115754
5,534,2690,0.114309
5,534,2690,0.112818
5,534,2690,0.116568
5,534,2690,0.114013
5,535,2691,0.115217
5,535,2691,0.115203
5,535,2691,0.113820
5,535,2691,0.111369
5,535,2691,0.109228
5,535,2691,0.112687
5,535,2691,0.112952
5,535,2691,0.114973
5,536,2692,0.117116
5,536,2692,0.119563
5,536,2692,0.110147
5,536,2692,0.111062
5,536,2692,0.111768
5,536,2692,0.114795
5,536,2692,0.114577
5,536,2692,0.109645
5,537,2693,0.112906
5,537,2693,0.117479
5,537,2693,0.112759
5,537,2693,0.113075
5,537,2693,0.114575
5,537,2693,0.115430
5,537,2693,0.111837
5,537,2693,0.111628
5,538,2694,0.113178
5,538,2694,0.116962
5,538,2694,0.112024
5,538,2694,0.116530
5,538,2694,0.112440
5,538,2694,0.111496
5,538,2694,0.115405
5,538,2694,0.114344
5,539,2695,0.118494
5,539,2695,0.110810
5,539,2695,0.109578
5,539,2695,0.114884
5,539,2695,0.112688
5,539,2695,0.109199
5,539,2695,0.112705
5,539,2695,0.110609
