Epoch,Step,Global_Step,Loss
1,1,1,0.115115
1,1,1,0.115892
1,2,2,3.249110
1,2,2,3.460327
1,3,3,1.626201
1,3,3,1.425643
1,4,4,0.860834
1,4,4,0.729290
1,5,5,0.583719
1,5,5,0.499391
1,6,6,0.472647
1,6,6,0.406172
1,7,7,0.502240
1,7,7,0.420139
1,8,8,0.437996
1,8,8,0.412752
1,9,9,0.312348
1,9,9,0.328609
1,10,10,0.310257
1,10,10,0.364240
1,11,11,0.290156
1,11,11,0.287933
1,12,12,0.301141
1,12,12,0.297376
1,13,13,0.310467
1,13,13,0.267129
1,14,14,0.283691
1,14,14,0.277258
1,15,15,0.292518
1,15,15,0.281740
1,16,16,0.278014
1,16,16,0.266771
1,17,17,0.257650
1,17,17,0.245573
1,18,18,0.254475
1,18,18,0.278679
1,19,19,0.274454
1,19,19,0.249937
1,20,20,0.241615
1,20,20,0.236345
1,21,21,0.244387
1,21,21,0.237714
1,22,22,0.243164
1,22,22,0.255186
1,23,23,0.246682
1,23,23,0.227508
1,24,24,0.242575
1,24,24,0.231407
1,25,25,0.239969
1,25,25,0.223937
1,26,26,0.227162
1,26,26,0.221364
1,27,27,0.217749
1,27,27,0.218077
1,28,28,0.209217
1,28,28,0.220819
1,29,29,0.216839
1,29,29,0.217393
1,30,30,0.222650
1,30,30,0.207672
1,31,31,0.229757
1,31,31,0.210310
1,32,32,0.198776
1,32,32,0.204426
1,33,33,0.210602
1,33,33,0.205749
1,34,34,0.204549
1,34,34,0.198574
1,35,35,0.200389
1,35,35,0.203098
1,36,36,0.201198
1,36,36,0.203223
1,37,37,0.199261
1,37,37,0.219104
1,38,38,0.189884
1,38,38,0.202060
1,39,39,0.193012
1,39,39,0.194007
1,40,40,0.190311
1,40,40,0.197581
1,41,41,0.197936
1,41,41,0.193416
1,42,42,0.186695
1,42,42,0.193648
1,43,43,0.185784
1,43,43,0.191257
1,44,44,0.185066
1,44,44,0.193460
1,45,45,0.189382
1,45,45,0.188816
1,46,46,0.191892
1,46,46,0.182969
1,47,47,0.187254
1,47,47,0.190337
1,48,48,0.183266
1,48,48,0.182460
1,49,49,0.188762
1,49,49,0.176711
1,50,50,0.178429
1,50,50,0.184582
1,51,51,0.173317
1,51,51,0.179937
1,52,52,0.185770
1,52,52,0.185097
1,53,53,0.177273
1,53,53,0.185205
1,54,54,0.176495
1,54,54,0.180275
1,55,55,0.180343
1,55,55,0.180371
1,56,56,0.181534
1,56,56,0.175097
1,57,57,0.175900
1,57,57,0.178787
1,58,58,0.174204
1,58,58,0.170778
1,59,59,0.179500
1,59,59,0.177069
1,60,60,0.172799
1,60,60,0.172619
1,61,61,0.173957
1,61,61,0.175296
1,62,62,0.163694
1,62,62,0.169844
1,63,63,0.168870
1,63,63,0.174421
1,64,64,0.170982
1,64,64,0.172427
1,65,65,0.172940
1,65,65,0.166699
1,66,66,0.173600
1,66,66,0.169685
1,67,67,0.172350
1,67,67,0.169401
1,68,68,0.166850
1,68,68,0.160649
1,69,69,0.168508
1,69,69,0.161340
1,70,70,0.163148
1,70,70,0.164427
1,71,71,0.172616
1,71,71,0.176606
1,72,72,0.170191
1,72,72,0.162372
1,73,73,0.163343
1,73,73,0.156047
1,74,74,0.171984
1,74,74,0.176323
1,75,75,0.168729
1,75,75,0.172587
1,76,76,0.169284
1,76,76,0.159685
1,77,77,0.168193
1,77,77,0.162413
1,78,78,0.165953
1,78,78,0.159497
1,79,79,0.164835
1,79,79,0.162489
1,80,80,0.173941
1,80,80,0.160115
1,81,81,0.169288
1,81,81,0.169111
1,82,82,0.163393
1,82,82,0.162586
1,83,83,0.168029
1,83,83,0.165159
1,84,84,0.164418
1,84,84,0.169309
1,85,85,0.157256
1,85,85,0.166187
1,86,86,0.164541
1,86,86,0.158639
1,87,87,0.161064
1,87,87,0.166480
1,88,88,0.156854
1,88,88,0.161466
1,89,89,0.160652
1,89,89,0.155647
1,90,90,0.160349
1,90,90,0.160816
1,91,91,0.166572
1,91,91,0.156518
1,92,92,0.157165
1,92,92,0.158407
1,93,93,0.156010
1,93,93,0.171196
1,94,94,0.154235
1,94,94,0.149367
1,95,95,0.160726
1,95,95,0.155784
1,96,96,0.151857
1,96,96,0.160270
1,97,97,0.157324
1,97,97,0.155643
1,98,98,0.155675
1,98,98,0.155387
1,99,99,0.163166
1,99,99,0.158771
1,100,100,0.156481
1,100,100,0.154064
1,101,101,0.178461
1,101,101,0.171834
1,102,102,0.163178
1,102,102,0.166086
1,103,103,0.157322
1,103,103,0.157579
1,104,104,0.162726
1,104,104,0.157139
1,105,105,0.168518
1,105,105,0.158645
1,106,106,0.162643
1,106,106,0.181770
1,107,107,0.158270
1,107,107,0.164894
1,108,108,0.154270
1,108,108,0.156286
1,109,109,0.159840
1,109,109,0.162762
1,110,110,0.164874
1,110,110,0.153251
1,111,111,0.154210
1,111,111,0.158214
1,112,112,0.157589
1,112,112,0.156184
1,113,113,0.163150
1,113,113,0.154415
1,114,114,0.153611
1,114,114,0.158908
1,115,115,0.157056
1,115,115,0.153441
1,116,116,0.156635
1,116,116,0.145987
1,117,117,0.154769
1,117,117,0.150583
1,118,118,0.151381
1,118,118,0.153146
1,119,119,0.153592
1,119,119,0.155397
1,120,120,0.151199
1,120,120,0.160400
1,121,121,0.148074
1,121,121,0.156690
1,122,122,0.146389
1,122,122,0.143268
1,123,123,0.155485
1,123,123,0.148443
1,124,124,0.156390
1,124,124,0.151381
1,125,125,0.149131
1,125,125,0.152908
1,126,126,0.149309
1,126,126,0.147654
1,127,127,0.144579
1,127,127,0.149183
1,128,128,0.146478
1,128,128,0.146469
1,129,129,0.147542
1,129,129,0.148892
1,130,130,0.147511
1,130,130,0.146235
1,131,131,0.152327
1,131,131,0.150626
1,132,132,0.150660
1,132,132,0.136420
1,133,133,0.143224
1,133,133,0.145635
1,134,134,0.138046
1,134,134,0.141618
1,135,135,0.142413
1,135,135,0.142224
1,136,136,0.151358
1,136,136,0.137266
1,137,137,0.145894
1,137,137,0.147027
1,138,138,0.145239
1,138,138,0.143665
1,139,139,0.156567
1,139,139,0.155735
1,140,140,0.157140
1,140,140,0.153843
1,141,141,0.144956
1,141,141,0.143071
1,142,142,0.143093
1,142,142,0.143285
1,143,143,0.143635
1,143,143,0.145808
1,144,144,0.145709
1,144,144,0.142361
1,145,145,0.147007
1,145,145,0.146045
1,146,146,0.141734
1,146,146,0.146872
1,147,147,0.141330
1,147,147,0.138794
1,148,148,0.138293
1,148,148,0.140211
1,149,149,0.144802
1,149,149,0.139542
1,150,150,0.139723
1,150,150,0.139657
1,151,151,0.137997
1,151,151,0.138912
1,152,152,0.138102
1,152,152,0.142971
1,153,153,0.141834
1,153,153,0.144659
1,154,154,0.145124
1,154,154,0.145242
1,155,155,0.140886
1,155,155,0.141045
1,156,156,0.141912
1,156,156,0.143402
1,157,157,0.142834
1,157,157,0.142652
1,158,158,0.140546
1,158,158,0.147885
1,159,159,0.139861
1,159,159,0.145191
1,160,160,0.135435
1,160,160,0.138268
1,161,161,0.143914
1,161,161,0.148750
1,162,162,0.142824
1,162,162,0.140528
1,163,163,0.147972
1,163,163,0.155604
1,164,164,0.152092
1,164,164,0.149031
1,165,165,0.141681
1,165,165,0.142596
1,166,166,0.158078
1,166,166,0.159244
1,167,167,0.163324
1,167,167,0.156484
1,168,168,0.149412
1,168,168,0.150872
1,169,169,0.140292
1,169,169,0.147940
1,170,170,0.146211
1,170,170,0.145974
1,171,171,0.153280
1,171,171,0.145835
1,172,172,0.142115
1,172,172,0.141371
1,173,173,0.135879
1,173,173,0.141756
1,174,174,0.143684
1,174,174,0.140318
1,175,175,0.141611
1,175,175,0.144393
1,176,176,0.133805
1,176,176,0.137483
1,177,177,0.136344
1,177,177,0.138159
1,178,178,0.148508
1,178,178,0.136516
1,179,179,0.137908
1,179,179,0.134123
1,180,180,0.140512
1,180,180,0.130256
1,181,181,0.139174
1,181,181,0.136745
1,182,182,0.135156
1,182,182,0.129726
1,183,183,0.140252
1,183,183,0.133843
1,184,184,0.133804
1,184,184,0.131322
1,185,185,0.137431
1,185,185,0.134809
1,186,186,0.146936
1,186,186,0.141216
1,187,187,0.135275
1,187,187,0.139944
1,188,188,0.143387
1,188,188,0.142223
1,189,189,0.143840
1,189,189,0.147892
1,190,190,0.141473
1,190,190,0.142996
1,191,191,0.134284
1,191,191,0.142494
1,192,192,0.139662
1,192,192,0.135657
1,193,193,0.141457
1,193,193,0.137724
1,194,194,0.138465
1,194,194,0.137904
1,195,195,0.134026
1,195,195,0.138633
1,196,196,0.139943
1,196,196,0.140290
1,197,197,0.138808
1,197,197,0.132989
1,198,198,0.138585
1,198,198,0.133891
1,199,199,0.143646
1,199,199,0.136595
1,200,200,0.133792
1,200,200,0.130961
1,201,201,0.132935
1,201,201,0.134887
1,202,202,0.133858
1,202,202,0.142466
1,203,203,0.132198
1,203,203,0.136827
1,204,204,0.137398
1,204,204,0.140461
1,205,205,0.135972
1,205,205,0.133803
1,206,206,0.133099
1,206,206,0.131636
1,207,207,0.132932
1,207,207,0.128504
1,208,208,0.133826
1,208,208,0.133643
1,209,209,0.136415
1,209,209,0.133504
1,210,210,0.131587
1,210,210,0.131556
1,211,211,0.133541
1,211,211,0.132680
1,212,212,0.131450
1,212,212,0.133408
1,213,213,0.134367
1,213,213,0.132411
1,214,214,0.129027
1,214,214,0.132751
1,215,215,0.132564
1,215,215,0.130760
1,216,216,0.134342
1,216,216,0.132134
1,217,217,0.129913
1,217,217,0.133136
1,218,218,0.127916
1,218,218,0.127490
1,219,219,0.129405
1,219,219,0.131173
1,220,220,0.130175
1,220,220,0.126104
1,221,221,0.127813
1,221,221,0.127849
1,222,222,0.133857
1,222,222,0.138065
1,223,223,0.125406
1,223,223,0.132288
1,224,224,0.131697
1,224,224,0.127461
1,225,225,0.132834
1,225,225,0.126527
1,226,226,0.130176
1,226,226,0.132328
1,227,227,0.133425
1,227,227,0.132632
1,228,228,0.128976
1,228,228,0.134324
1,229,229,0.129783
1,229,229,0.126703
1,230,230,0.127112
1,230,230,0.129607
1,231,231,0.130011
1,231,231,0.131602
1,232,232,0.130890
1,232,232,0.129665
1,233,233,0.124092
1,233,233,0.125221
1,234,234,0.127660
1,234,234,0.131847
1,235,235,0.130527
1,235,235,0.124881
1,236,236,0.128187
1,236,236,0.127710
1,237,237,0.126807
1,237,237,0.130741
1,238,238,0.130829
1,238,238,0.126655
1,239,239,0.127612
1,239,239,0.124948
1,240,240,0.131897
1,240,240,0.131843
1,241,241,0.123078
1,241,241,0.125239
1,242,242,0.131258
1,242,242,0.127942
1,243,243,0.131270
1,243,243,0.125814
1,244,244,0.136287
1,244,244,0.134150
1,245,245,0.133506
1,245,245,0.133030
1,246,246,0.138250
1,246,246,0.145108
1,247,247,0.146341
1,247,247,0.135194
1,248,248,0.132454
1,248,248,0.137695
1,249,249,0.135093
1,249,249,0.133951
1,250,250,0.129157
1,250,250,0.128232
1,251,251,0.133985
1,251,251,0.137623
1,252,252,0.135824
1,252,252,0.134185
1,253,253,0.128968
1,253,253,0.135495
1,254,254,0.131100
1,254,254,0.131086
1,255,255,0.128141
1,255,255,0.129393
1,256,256,0.126050
1,256,256,0.125589
1,257,257,0.122885
1,257,257,0.131033
1,258,258,0.132273
1,258,258,0.130495
1,259,259,0.131646
1,259,259,0.130982
1,260,260,0.131859
1,260,260,0.126894
1,261,261,0.129094
1,261,261,0.130644
1,262,262,0.127063
1,262,262,0.129338
1,263,263,0.130704
1,263,263,0.131011
1,264,264,0.127561
1,264,264,0.128149
1,265,265,0.126724
1,265,265,0.129029
1,266,266,0.127711
1,266,266,0.128070
1,267,267,0.127008
1,267,267,0.128058
1,268,268,0.126866
1,268,268,0.126833
1,269,269,0.125335
1,269,269,0.126357
1,270,270,0.131013
1,270,270,0.129391
1,271,271,0.130192
1,271,271,0.125024
1,272,272,0.128880
1,272,272,0.128488
1,273,273,0.130314
1,273,273,0.128408
1,274,274,0.129526
1,274,274,0.127766
1,275,275,0.128845
1,275,275,0.126196
1,276,276,0.128447
1,276,276,0.123127
1,277,277,0.125603
1,277,277,0.126079
1,278,278,0.122347
1,278,278,0.129880
1,279,279,0.127319
1,279,279,0.125724
1,280,280,0.127178
1,280,280,0.126367
1,281,281,0.126930
1,281,281,0.130963
1,282,282,0.126723
1,282,282,0.123697
1,283,283,0.124956
1,283,283,0.122458
1,284,284,0.127361
1,284,284,0.129318
1,285,285,0.123111
1,285,285,0.129099
1,286,286,0.119810
1,286,286,0.127864
1,287,287,0.126223
1,287,287,0.126563
1,288,288,0.128085
1,288,288,0.127837
1,289,289,0.126707
1,289,289,0.123940
1,290,290,0.133816
1,290,290,0.123877
1,291,291,0.127385
1,291,291,0.125711
1,292,292,0.126313
1,292,292,0.128030
1,293,293,0.125159
1,293,293,0.127924
1,294,294,0.127545
1,294,294,0.123954
1,295,295,0.128576
1,295,295,0.128665
1,296,296,0.126880
1,296,296,0.123661
1,297,297,0.126298
1,297,297,0.127400
1,298,298,0.125251
1,298,298,0.124968
1,299,299,0.124151
1,299,299,0.124819
1,300,300,0.124735
1,300,300,0.125639
1,301,301,0.124214
1,301,301,0.123846
1,302,302,0.133523
1,302,302,0.125381
1,303,303,0.124391
1,303,303,0.128599
1,304,304,0.123984
1,304,304,0.122330
1,305,305,0.127301
1,305,305,0.126147
1,306,306,0.128001
1,306,306,0.125789
1,307,307,0.124103
1,307,307,0.132382
1,308,308,0.132635
1,308,308,0.123225
1,309,309,0.122162
1,309,309,0.126513
1,310,310,0.124027
1,310,310,0.126104
1,311,311,0.119836
1,311,311,0.123368
1,312,312,0.123498
1,312,312,0.122315
1,313,313,0.125440
1,313,313,0.126637
1,314,314,0.122443
1,314,314,0.124492
1,315,315,0.124225
1,315,315,0.123823
1,316,316,0.124483
1,316,316,0.127508
1,317,317,0.122195
1,317,317,0.129822
1,318,318,0.124698
1,318,318,0.125562
1,319,319,0.128745
1,319,319,0.127939
1,320,320,0.126274
1,320,320,0.128689
1,321,321,0.129828
1,321,321,0.127971
1,322,322,0.129198
1,322,322,0.125408
1,323,323,0.126657
1,323,323,0.122673
1,324,324,0.126495
1,324,324,0.129070
1,325,325,0.126269
1,325,325,0.126614
1,326,326,0.127250
1,326,326,0.120392
1,327,327,0.123000
1,327,327,0.124670
1,328,328,0.120893
1,328,328,0.121908
1,329,329,0.122625
1,329,329,0.125888
1,330,330,0.121207
1,330,330,0.124574
1,331,331,0.125231
1,331,331,0.129655
1,332,332,0.129045
1,332,332,0.127640
1,333,333,0.119722
1,333,333,0.126644
1,334,334,0.125352
1,334,334,0.123714
1,335,335,0.120742
1,335,335,0.120732
1,336,336,0.123882
1,336,336,0.122720
1,337,337,0.124104
1,337,337,0.122267
1,338,338,0.122560
1,338,338,0.123340
1,339,339,0.127457
1,339,339,0.128973
1,340,340,0.126001
1,340,340,0.126950
1,341,341,0.124447
1,341,341,0.123562
1,342,342,0.124188
1,342,342,0.123569
1,343,343,0.123963
1,343,343,0.131029
1,344,344,0.124090
1,344,344,0.129056
1,345,345,0.129368
1,345,345,0.127001
1,346,346,0.117475
1,346,346,0.125464
1,347,347,0.123812
1,347,347,0.124976
1,348,348,0.128403
1,348,348,0.125822
1,349,349,0.131018
1,349,349,0.125101
1,350,350,0.125981
1,350,350,0.119744
1,351,351,0.126530
1,351,351,0.128452
1,352,352,0.120390
1,352,352,0.124960
1,353,353,0.126609
1,353,353,0.127768
1,354,354,0.130663
1,354,354,0.122865
1,355,355,0.122202
1,355,355,0.123767
1,356,356,0.128173
1,356,356,0.126631
1,357,357,0.122409
1,357,357,0.122640
1,358,358,0.126119
1,358,358,0.119836
1,359,359,0.123504
1,359,359,0.122852
1,360,360,0.126219
1,360,360,0.129639
1,361,361,0.132214
1,361,361,0.124080
1,362,362,0.125599
1,362,362,0.121774
1,363,363,0.124041
1,363,363,0.121961
1,364,364,0.121824
1,364,364,0.120850
1,365,365,0.129131
1,365,365,0.121205
1,366,366,0.122301
1,366,366,0.125258
1,367,367,0.128236
1,367,367,0.120990
1,368,368,0.124852
1,368,368,0.120470
1,369,369,0.125125
1,369,369,0.124977
1,370,370,0.122987
1,370,370,0.117284
1,371,371,0.121255
1,371,371,0.128386
1,372,372,0.125833
1,372,372,0.124507
1,373,373,0.121997
1,373,373,0.122665
1,374,374,0.123067
1,374,374,0.123658
1,375,375,0.123672
1,375,375,0.125214
1,376,376,0.128890
1,376,376,0.128684
1,377,377,0.129818
1,377,377,0.126745
1,378,378,0.119446
1,378,378,0.121319
1,379,379,0.127420
1,379,379,0.123174
1,380,380,0.126148
1,380,380,0.125599
1,381,381,0.137797
1,381,381,0.135489
1,382,382,0.136233
1,382,382,0.139513
1,383,383,0.126349
1,383,383,0.129223
1,384,384,0.136406
1,384,384,0.130440
1,385,385,0.129887
1,385,385,0.134979
1,386,386,0.132556
1,386,386,0.125673
1,387,387,0.123954
1,387,387,0.128875
1,388,388,0.124072
1,388,388,0.127050
1,389,389,0.127723
1,389,389,0.123826
1,390,390,0.125289
1,390,390,0.126386
1,391,391,0.127811
1,391,391,0.127592
1,392,392,0.128560
1,392,392,0.126656
1,393,393,0.127550
1,393,393,0.126226
1,394,394,0.130547
1,394,394,0.120129
1,395,395,0.124925
1,395,395,0.123416
1,396,396,0.122817
1,396,396,0.126017
1,397,397,0.125284
1,397,397,0.124939
1,398,398,0.124185
1,398,398,0.127832
1,399,399,0.118630
1,399,399,0.120131
1,400,400,0.123941
1,400,400,0.124945
1,401,401,0.127882
1,401,401,0.123743
1,402,402,0.124906
1,402,402,0.123738
1,403,403,0.121096
1,403,403,0.125108
1,404,404,0.125079
1,404,404,0.121483
1,405,405,0.116504
1,405,405,0.122480
1,406,406,0.122941
1,406,406,0.121682
1,407,407,0.121816
1,407,407,0.124098
1,408,408,0.123870
1,408,408,0.120655
1,409,409,0.121052
1,409,409,0.120013
1,410,410,0.121623
1,410,410,0.122741
1,411,411,0.125333
1,411,411,0.121226
1,412,412,0.122985
1,412,412,0.126266
1,413,413,0.125503
1,413,413,0.124052
1,414,414,0.122670
1,414,414,0.122664
1,415,415,0.123946
1,415,415,0.123569
1,416,416,0.125742
1,416,416,0.128638
1,417,417,0.122681
1,417,417,0.121514
1,418,418,0.131342
1,418,418,0.129951
1,419,419,0.144156
1,419,419,0.136927
1,420,420,0.132036
1,420,420,0.138183
1,421,421,0.129465
1,421,421,0.124175
1,422,422,0.135271
1,422,422,0.127268
1,423,423,0.126381
1,423,423,0.124457
1,424,424,0.124296
1,424,424,0.125481
1,425,425,0.121353
1,425,425,0.128394
1,426,426,0.124818
1,426,426,0.122732
1,427,427,0.124207
1,427,427,0.123241
1,428,428,0.123777
1,428,428,0.121018
1,429,429,0.124516
1,429,429,0.121088
1,430,430,0.121299
1,430,430,0.123520
1,431,431,0.124858
1,431,431,0.126330
1,432,432,0.122449
1,432,432,0.121366
1,433,433,0.122994
1,433,433,0.125166
1,434,434,0.116902
1,434,434,0.125692
1,435,435,0.121155
1,435,435,0.126656
1,436,436,0.122425
1,436,436,0.124650
1,437,437,0.120724
1,437,437,0.123421
1,438,438,0.120419
1,438,438,0.128023
1,439,439,0.119577
1,439,439,0.123573
1,440,440,0.122964
1,440,440,0.121298
1,441,441,0.119998
1,441,441,0.118547
1,442,442,0.120450
1,442,442,0.120754
1,443,443,0.125015
1,443,443,0.121355
1,444,444,0.120819
1,444,444,0.122263
1,445,445,0.121589
1,445,445,0.121857
1,446,446,0.120669
1,446,446,0.126114
1,447,447,0.129012
1,447,447,0.125717
1,448,448,0.124742
1,448,448,0.121392
1,449,449,0.130253
1,449,449,0.124909
1,450,450,0.120483
1,450,450,0.128009
1,451,451,0.118647
1,451,451,0.121830
1,452,452,0.119652
1,452,452,0.120915
1,453,453,0.121397
1,453,453,0.125432
1,454,454,0.124311
1,454,454,0.130070
1,455,455,0.122274
1,455,455,0.119723
1,456,456,0.124430
1,456,456,0.125306
1,457,457,0.125689
1,457,457,0.124355
1,458,458,0.121722
1,458,458,0.121779
1,459,459,0.125813
1,459,459,0.121520
1,460,460,0.121672
1,460,460,0.121983
1,461,461,0.121037
1,461,461,0.124110
1,462,462,0.122260
1,462,462,0.121669
1,463,463,0.118795
1,463,463,0.120876
1,464,464,0.120680
1,464,464,0.120665
1,465,465,0.119022
1,465,465,0.121882
1,466,466,0.123378
1,466,466,0.124511
1,467,467,0.119758
1,467,467,0.120852
1,468,468,0.129137
1,468,468,0.120523
1,469,469,0.123655
1,469,469,0.122212
1,470,470,0.125828
1,470,470,0.126678
1,471,471,0.121814
1,471,471,0.118253
1,472,472,0.121873
1,472,472,0.119760
1,473,473,0.129227
1,473,473,0.121277
1,474,474,0.121321
1,474,474,0.120827
1,475,475,0.122347
1,475,475,0.124128
1,476,476,0.128144
1,476,476,0.120743
1,477,477,0.121566
1,477,477,0.124622
1,478,478,0.120341
1,478,478,0.118474
1,479,479,0.121143
1,479,479,0.121158
1,480,480,0.119482
1,480,480,0.120056
1,481,481,0.125099
1,481,481,0.120758
1,482,482,0.121498
1,482,482,0.123484
1,483,483,0.121989
1,483,483,0.124369
1,484,484,0.119782
1,484,484,0.122338
1,485,485,0.121131
1,485,485,0.122152
1,486,486,0.122323
1,486,486,0.117873
1,487,487,0.127146
1,487,487,0.130409
1,488,488,0.123728
1,488,488,0.121568
1,489,489,0.131041
1,489,489,0.129816
1,490,490,0.125301
1,490,490,0.130019
1,491,491,0.126267
1,491,491,0.126706
1,492,492,0.124901
1,492,492,0.128087
1,493,493,0.119683
1,493,493,0.123486
1,494,494,0.127265
1,494,494,0.122892
1,495,495,0.125892
1,495,495,0.126847
1,496,496,0.121559
1,496,496,0.123975
1,497,497,0.122931
1,497,497,0.123187
1,498,498,0.121501
1,498,498,0.123478
1,499,499,0.119966
1,499,499,0.121656
1,500,500,0.119836
1,500,500,0.121074
1,501,501,0.120597
1,501,501,0.127076
1,502,502,0.123293
1,502,502,0.126082
1,503,503,0.122290
1,503,503,0.123687
1,504,504,0.119935
1,504,504,0.121341
1,505,505,0.127207
1,505,505,0.124661
1,506,506,0.124836
1,506,506,0.128124
1,507,507,0.124141
1,507,507,0.122200
1,508,508,0.118373
1,508,508,0.122747
1,509,509,0.120902
1,509,509,0.121800
1,510,510,0.125193
1,510,510,0.121315
1,511,511,0.124728
1,511,511,0.125066
1,512,512,0.121195
1,512,512,0.121469
1,513,513,0.129513
1,513,513,0.124964
1,514,514,0.121935
1,514,514,0.120818
1,515,515,0.125016
1,515,515,0.121934
1,516,516,0.130514
1,516,516,0.121882
1,517,517,0.128523
1,517,517,0.123372
1,518,518,0.120282
1,518,518,0.119833
1,519,519,0.120202
1,519,519,0.118882
1,520,520,0.118471
1,520,520,0.119096
1,521,521,0.118760
1,521,521,0.120419
1,522,522,0.119776
1,522,522,0.117361
1,523,523,0.115646
1,523,523,0.117718
1,524,524,0.124906
1,524,524,0.117914
1,525,525,0.119942
1,525,525,0.118794
1,526,526,0.120120
1,526,526,0.126292
1,527,527,0.117881
1,527,527,0.117896
1,528,528,0.117037
1,528,528,0.126226
1,529,529,0.117716
1,529,529,0.121235
1,530,530,0.124211
1,530,530,0.120508
1,531,531,0.120525
1,531,531,0.123701
1,532,532,0.120986
1,532,532,0.121422
1,533,533,0.122973
1,533,533,0.121673
1,534,534,0.121450
1,534,534,0.118255
1,535,535,0.121281
1,535,535,0.127703
1,536,536,0.121658
1,536,536,0.122803
1,537,537,0.121089
1,537,537,0.129512
1,538,538,0.118811
1,538,538,0.120843
1,539,539,0.125658
1,539,539,0.125420
2,1,540,0.123802
2,1,540,0.122317
2,2,541,0.119355
2,2,541,0.118591
2,3,542,0.121865
2,3,542,0.124614
2,4,543,0.119816
2,4,543,0.118250
2,5,544,0.118261
2,5,544,0.121223
2,6,545,0.122579
2,6,545,0.119138
2,7,546,0.119954
2,7,546,0.121750
2,8,547,0.117803
2,8,547,0.126160
2,9,548,0.123921
2,9,548,0.118904
2,10,549,0.121099
2,10,549,0.123191
2,11,550,0.122272
2,11,550,0.122980
2,12,551,0.121556
2,12,551,0.117847
2,13,552,0.125448
2,13,552,0.120241
2,14,553,0.120301
2,14,553,0.118333
2,15,554,0.116740
2,15,554,0.121266
2,16,555,0.117651
2,16,555,0.116545
2,17,556,0.119391
2,17,556,0.118621
2,18,557,0.120596
2,18,557,0.118377
2,19,558,0.121022
2,19,558,0.120698
2,20,559,0.121042
2,20,559,0.118633
2,21,560,0.121279
2,21,560,0.116193
2,22,561,0.115750
2,22,561,0.118853
2,23,562,0.124618
2,23,562,0.120256
2,24,563,0.121608
2,24,563,0.118445
2,25,564,0.120730
2,25,564,0.121762
2,26,565,0.121439
2,26,565,0.123265
2,27,566,0.117792
2,27,566,0.118620
2,28,567,0.117602
2,28,567,0.119298
2,29,568,0.119945
2,29,568,0.123238
2,30,569,0.116556
2,30,569,0.119055
2,31,570,0.122934
2,31,570,0.120273
2,32,571,0.117963
2,32,571,0.116493
2,33,572,0.122032
2,33,572,0.122031
2,34,573,0.120412
2,34,573,0.121732
2,35,574,0.124125
2,35,574,0.119879
2,36,575,0.118795
2,36,575,0.119986
2,37,576,0.125879
2,37,576,0.121391
2,38,577,0.122893
2,38,577,0.119640
2,39,578,0.120152
2,39,578,0.122920
2,40,579,0.120180
2,40,579,0.117954
2,41,580,0.124636
2,41,580,0.125882
2,42,581,0.122525
2,42,581,0.120820
2,43,582,0.122507
2,43,582,0.117553
2,44,583,0.121594
2,44,583,0.127182
2,45,584,0.118275
2,45,584,0.125839
2,46,585,0.119736
2,46,585,0.127882
2,47,586,0.116962
2,47,586,0.118143
2,48,587,0.123094
2,48,587,0.123238
2,49,588,0.121584
2,49,588,0.120525
2,50,589,0.117018
2,50,589,0.119150
2,51,590,0.122953
2,51,590,0.129600
2,52,591,0.126342
2,52,591,0.124641
2,53,592,0.123293
2,53,592,0.119544
2,54,593,0.119149
2,54,593,0.126849
2,55,594,0.121842
2,55,594,0.130010
2,56,595,0.124479
2,56,595,0.124015
2,57,596,0.118902
2,57,596,0.124961
2,58,597,0.120656
2,58,597,0.121894
2,59,598,0.126462
2,59,598,0.120424
2,60,599,0.123782
2,60,599,0.120546
2,61,600,0.123837
2,61,600,0.119600
2,62,601,0.122802
2,62,601,0.120944
2,63,602,0.123347
2,63,602,0.119832
2,64,603,0.121809
2,64,603,0.117670
2,65,604,0.122899
2,65,604,0.123835
2,66,605,0.118935
2,66,605,0.120828
2,67,606,0.126870
2,67,606,0.121390
2,68,607,0.118842
2,68,607,0.119203
2,69,608,0.123739
2,69,608,0.121098
2,70,609,0.121750
2,70,609,0.121770
2,71,610,0.121020
2,71,610,0.122249
2,72,611,0.121364
2,72,611,0.123765
2,73,612,0.121133
2,73,612,0.128844
2,74,613,0.122081
2,74,613,0.121471
2,75,614,0.119108
2,75,614,0.123130
2,76,615,0.120496
2,76,615,0.125193
2,77,616,0.120574
2,77,616,0.119279
2,78,617,0.120107
2,78,617,0.121859
2,79,618,0.121294
2,79,618,0.120813
2,80,619,0.116866
2,80,619,0.121203
2,81,620,0.132496
2,81,620,0.122584
2,82,621,0.117532
2,82,621,0.121199
2,83,622,0.123202
2,83,622,0.121840
2,84,623,0.120972
2,84,623,0.127067
2,85,624,0.119305
2,85,624,0.122237
2,86,625,0.117625
2,86,625,0.119838
2,87,626,0.119765
2,87,626,0.118672
2,88,627,0.119389
2,88,627,0.121291
2,89,628,0.119193
2,89,628,0.118692
2,90,629,0.124074
2,90,629,0.125430
2,91,630,0.121816
2,91,630,0.124568
2,92,631,0.123657
2,92,631,0.125982
2,93,632,0.119101
2,93,632,0.117259
2,94,633,0.125461
2,94,633,0.120456
2,95,634,0.117091
2,95,634,0.120521
2,96,635,0.122164
2,96,635,0.121875
2,97,636,0.122957
2,97,636,0.119112
2,98,637,0.119223
2,98,637,0.121057
2,99,638,0.121609
2,99,638,0.127416
2,100,639,0.123899
2,100,639,0.124031
2,101,640,0.122690
2,101,640,0.120811
2,102,641,0.124064
2,102,641,0.123674
2,103,642,0.117815
2,103,642,0.120025
2,104,643,0.126091
2,104,643,0.125597
2,105,644,0.120087
2,105,644,0.125065
2,106,645,0.117871
2,106,645,0.120815
2,107,646,0.123253
2,107,646,0.120441
2,108,647,0.128669
2,108,647,0.120410
2,109,648,0.120027
2,109,648,0.122852
2,110,649,0.118920
2,110,649,0.118223
2,111,650,0.121033
2,111,650,0.122406
2,112,651,0.116285
2,112,651,0.119117
2,113,652,0.117638
2,113,652,0.117199
2,114,653,0.123596
2,114,653,0.122412
2,115,654,0.123048
2,115,654,0.119331
2,116,655,0.119482
2,116,655,0.118690
2,117,656,0.118304
2,117,656,0.120419
2,118,657,0.123007
2,118,657,0.121506
2,119,658,0.129473
2,119,658,0.122909
2,120,659,0.124729
2,120,659,0.122742
2,121,660,0.119779
2,121,660,0.122950
2,122,661,0.120565
2,122,661,0.121580
2,123,662,0.120556
2,123,662,0.119003
2,124,663,0.120243
2,124,663,0.121832
2,125,664,0.118064
2,125,664,0.120418
2,126,665,0.120520
2,126,665,0.127027
2,127,666,0.121508
2,127,666,0.120651
2,128,667,0.123711
2,128,667,0.119009
2,129,668,0.116508
2,129,668,0.117477
2,130,669,0.121195
2,130,669,0.118632
2,131,670,0.124287
2,131,670,0.121438
2,132,671,0.121113
2,132,671,0.118383
2,133,672,0.124843
2,133,672,0.117333
2,134,673,0.124491
2,134,673,0.118471
2,135,674,0.114586
2,135,674,0.122743
2,136,675,0.120222
2,136,675,0.119884
2,137,676,0.118216
2,137,676,0.119766
2,138,677,0.123542
2,138,677,0.121368
2,139,678,0.122108
2,139,678,0.121818
2,140,679,0.119805
2,140,679,0.115931
2,141,680,0.121628
2,141,680,0.118021
2,142,681,0.127404
2,142,681,0.121905
2,143,682,0.119401
2,143,682,0.120833
2,144,683,0.120814
2,144,683,0.116017
2,145,684,0.120047
2,145,684,0.119748
2,146,685,0.119171
2,146,685,0.121177
2,147,686,0.120629
2,147,686,0.125812
2,148,687,0.121591
2,148,687,0.119732
2,149,688,0.120280
2,149,688,0.120445
2,150,689,0.122616
2,150,689,0.120820
2,151,690,0.124032
2,151,690,0.121715
2,152,691,0.120295
2,152,691,0.117672
2,153,692,0.123056
2,153,692,0.114886
2,154,693,0.118640
2,154,693,0.123663
2,155,694,0.115128
2,155,694,0.117600
2,156,695,0.115361
2,156,695,0.118489
2,157,696,0.117500
2,157,696,0.119425
2,158,697,0.122413
2,158,697,0.119389
2,159,698,0.116153
2,159,698,0.122511
2,160,699,0.119736
2,160,699,0.121475
2,161,700,0.115903
2,161,700,0.119293
2,162,701,0.120571
2,162,701,0.123709
2,163,702,0.118648
2,163,702,0.117124
2,164,703,0.118857
2,164,703,0.117787
2,165,704,0.117784
2,165,704,0.116608
2,166,705,0.119726
2,166,705,0.123493
2,167,706,0.119542
2,167,706,0.117297
2,168,707,0.120156
2,168,707,0.119084
2,169,708,0.116260
2,169,708,0.121704
2,170,709,0.117326
2,170,709,0.119596
2,171,710,0.116952
2,171,710,0.120718
2,172,711,0.121880
2,172,711,0.117379
2,173,712,0.121519
2,173,712,0.118447
2,174,713,0.120747
2,174,713,0.119114
2,175,714,0.120352
2,175,714,0.120825
2,176,715,0.119859
2,176,715,0.123445
2,177,716,0.120947
2,177,716,0.122038
2,178,717,0.116917
2,178,717,0.122039
2,179,718,0.119865
2,179,718,0.120493
2,180,719,0.116258
2,180,719,0.118770
2,181,720,0.123126
2,181,720,0.119950
2,182,721,0.118073
2,182,721,0.121413
2,183,722,0.120090
2,183,722,0.119775
2,184,723,0.116969
2,184,723,0.119467
2,185,724,0.119627
2,185,724,0.117899
2,186,725,0.116768
2,186,725,0.114332
2,187,726,0.115259
2,187,726,0.119586
2,188,727,0.116494
2,188,727,0.116406
2,189,728,0.119506
2,189,728,0.118376
2,190,729,0.120894
2,190,729,0.118853
2,191,730,0.116144
2,191,730,0.117609
2,192,731,0.125668
2,192,731,0.117992
2,193,732,0.116932
2,193,732,0.118784
2,194,733,0.116575
2,194,733,0.119731
2,195,734,0.118129
2,195,734,0.117788
2,196,735,0.117224
2,196,735,0.119635
2,197,736,0.117720
2,197,736,0.118700
2,198,737,0.119697
2,198,737,0.121462
2,199,738,0.122538
2,199,738,0.116084
2,200,739,0.124189
2,200,739,0.119451
2,201,740,0.119580
2,201,740,0.123457
2,202,741,0.117919
2,202,741,0.118472
2,203,742,0.121078
2,203,742,0.118482
2,204,743,0.120088
2,204,743,0.124226
2,205,744,0.117447
2,205,744,0.122749
2,206,745,0.123132
2,206,745,0.120103
2,207,746,0.125245
2,207,746,0.132314
2,208,747,0.121926
2,208,747,0.125788
2,209,748,0.122004
2,209,748,0.127325
2,210,749,0.124061
2,210,749,0.123082
2,211,750,0.121247
2,211,750,0.127547
2,212,751,0.117471
2,212,751,0.116409
2,213,752,0.120138
2,213,752,0.117569
2,214,753,0.119227
2,214,753,0.119090
2,215,754,0.124861
2,215,754,0.118038
2,216,755,0.119497
2,216,755,0.122138
2,217,756,0.119715
2,217,756,0.122378
2,218,757,0.121658
2,218,757,0.118849
2,219,758,0.119551
2,219,758,0.119613
2,220,759,0.115756
2,220,759,0.120303
2,221,760,0.121435
2,221,760,0.118227
2,222,761,0.122790
2,222,761,0.121262
2,223,762,0.122155
2,223,762,0.122299
2,224,763,0.119101
2,224,763,0.117378
2,225,764,0.117765
2,225,764,0.118443
2,226,765,0.119928
2,226,765,0.117113
2,227,766,0.118972
2,227,766,0.117686
2,228,767,0.116756
2,228,767,0.123877
2,229,768,0.122354
2,229,768,0.120780
2,230,769,0.117047
2,230,769,0.119906
2,231,770,0.118823
2,231,770,0.119010
2,232,771,0.123942
2,232,771,0.119660
2,233,772,0.118024
2,233,772,0.122608
2,234,773,0.125883
2,234,773,0.116018
2,235,774,0.119893
2,235,774,0.120021
2,236,775,0.120816
2,236,775,0.117207
2,237,776,0.119842
2,237,776,0.118473
2,238,777,0.119855
2,238,777,0.125176
2,239,778,0.116651
2,239,778,0.118067
2,240,779,0.127297
2,240,779,0.118323
2,241,780,0.117926
2,241,780,0.120840
2,242,781,0.118395
2,242,781,0.120216
2,243,782,0.119488
2,243,782,0.119319
2,244,783,0.120443
2,244,783,0.123469
2,245,784,0.123118
2,245,784,0.116827
2,246,785,0.117878
2,246,785,0.122456
2,247,786,0.115740
2,247,786,0.117416
2,248,787,0.121033
2,248,787,0.119246
2,249,788,0.119544
2,249,788,0.121791
2,250,789,0.122220
2,250,789,0.119863
2,251,790,0.122934
2,251,790,0.128059
2,252,791,0.124827
2,252,791,0.122905
2,253,792,0.119455
2,253,792,0.126970
2,254,793,0.122637
2,254,793,0.117816
2,255,794,0.129912
2,255,794,0.124591
2,256,795,0.127588
2,256,795,0.127851
2,257,796,0.123712
2,257,796,0.120523
2,258,797,0.126688
2,258,797,0.120846
2,259,798,0.121862
2,259,798,0.125705
2,260,799,0.129030
2,260,799,0.124672
2,261,800,0.122209
2,261,800,0.119469
2,262,801,0.124350
2,262,801,0.123250
2,263,802,0.124061
2,263,802,0.125795
2,264,803,0.119490
2,264,803,0.122410
2,265,804,0.127299
2,265,804,0.127049
2,266,805,0.126607
2,266,805,0.138128
2,267,806,0.123810
2,267,806,0.126783
2,268,807,0.123382
2,268,807,0.122994
2,269,808,0.124742
2,269,808,0.131200
2,270,809,0.122127
2,270,809,0.124480
2,271,810,0.122566
2,271,810,0.127872
2,272,811,0.121785
2,272,811,0.120847
2,273,812,0.124797
2,273,812,0.120887
2,274,813,0.122613
2,274,813,0.123075
2,275,814,0.127441
2,275,814,0.120779
2,276,815,0.122846
2,276,815,0.123366
2,277,816,0.123442
2,277,816,0.122804
2,278,817,0.118230
2,278,817,0.121812
2,279,818,0.119358
2,279,818,0.125316
2,280,819,0.122191
2,280,819,0.123765
2,281,820,0.120306
2,281,820,0.117358
2,282,821,0.116161
2,282,821,0.119932
2,283,822,0.123190
2,283,822,0.119750
2,284,823,0.120816
2,284,823,0.117640
2,285,824,0.121773
2,285,824,0.118354
2,286,825,0.121818
2,286,825,0.121100
2,287,826,0.117696
2,287,826,0.123315
2,288,827,0.121417
2,288,827,0.120307
2,289,828,0.121478
2,289,828,0.119156
2,290,829,0.116039
2,290,829,0.118832
2,291,830,0.116462
2,291,830,0.118779
2,292,831,0.120815
2,292,831,0.113642
2,293,832,0.116173
2,293,832,0.118306
2,294,833,0.123257
2,294,833,0.116049
2,295,834,0.120936
2,295,834,0.114653
2,296,835,0.119598
2,296,835,0.121719
2,297,836,0.116654
2,297,836,0.119745
2,298,837,0.122647
2,298,837,0.121293
2,299,838,0.117719
2,299,838,0.122659
2,300,839,0.121946
2,300,839,0.123132
2,301,840,0.125363
2,301,840,0.117573
2,302,841,0.120305
2,302,841,0.120001
2,303,842,0.123079
2,303,842,0.118520
2,304,843,0.120941
2,304,843,0.118388
2,305,844,0.117719
2,305,844,0.119111
2,306,845,0.124348
2,306,845,0.123068
2,307,846,0.120314
2,307,846,0.117975
2,308,847,0.115786
2,308,847,0.122483
2,309,848,0.121587
2,309,848,0.119496
2,310,849,0.121011
2,310,849,0.115818
2,311,850,0.120823
2,311,850,0.121401
2,312,851,0.119363
2,312,851,0.119514
2,313,852,0.117766
2,313,852,0.118560
2,314,853,0.122669
2,314,853,0.118139
2,315,854,0.119306
2,315,854,0.117331
2,316,855,0.117527
2,316,855,0.119808
2,317,856,0.117631
2,317,856,0.121521
2,318,857,0.126561
2,318,857,0.117430
2,319,858,0.119845
2,319,858,0.119225
2,320,859,0.116026
2,320,859,0.124179
2,321,860,0.120700
2,321,860,0.122528
2,322,861,0.123723
2,322,861,0.120857
2,323,862,0.128714
2,323,862,0.123588
2,324,863,0.122129
2,324,863,0.120901
2,325,864,0.125361
2,325,864,0.122592
2,326,865,0.122180
2,326,865,0.124288
2,327,866,0.115900
2,327,866,0.122744
2,328,867,0.123113
2,328,867,0.119859
2,329,868,0.123780
2,329,868,0.120858
2,330,869,0.125165
2,330,869,0.121506
2,331,870,0.120949
2,331,870,0.122346
2,332,871,0.117239
2,332,871,0.118386
2,333,872,0.122185
2,333,872,0.121221
2,334,873,0.118682
2,334,873,0.121395
2,335,874,0.117614
2,335,874,0.119592
2,336,875,0.119590
2,336,875,0.120074
2,337,876,0.120656
2,337,876,0.117974
2,338,877,0.119278
2,338,877,0.121720
2,339,878,0.120037
2,339,878,0.122208
2,340,879,0.117503
2,340,879,0.118326
2,341,880,0.120366
2,341,880,0.116629
2,342,881,0.119456
2,342,881,0.117723
2,343,882,0.120200
2,343,882,0.119145
2,344,883,0.120214
2,344,883,0.119852
2,345,884,0.120079
2,345,884,0.118262
2,346,885,0.115587
2,346,885,0.119506
2,347,886,0.117807
2,347,886,0.117274
2,348,887,0.118939
2,348,887,0.124262
2,349,888,0.119274
2,349,888,0.117673
2,350,889,0.117573
2,350,889,0.117506
2,351,890,0.125219
2,351,890,0.118620
2,352,891,0.122882
2,352,891,0.118356
2,353,892,0.115044
2,353,892,0.119885
2,354,893,0.116482
2,354,893,0.117844
2,355,894,0.120940
2,355,894,0.123949
2,356,895,0.120111
2,356,895,0.117686
2,357,896,0.118132
2,357,896,0.115434
2,358,897,0.116393
2,358,897,0.118299
2,359,898,0.121938
2,359,898,0.115336
2,360,899,0.120020
2,360,899,0.119614
2,361,900,0.120042
2,361,900,0.118697
2,362,901,0.117348
2,362,901,0.125111
2,363,902,0.116979
2,363,902,0.120023
2,364,903,0.120104
2,364,903,0.117229
2,365,904,0.118380
2,365,904,0.118914
2,366,905,0.122200
2,366,905,0.119906
2,367,906,0.124839
2,367,906,0.120417
2,368,907,0.121161
2,368,907,0.117415
2,369,908,0.121029
2,369,908,0.121770
2,370,909,0.116284
2,370,909,0.119228
2,371,910,0.116456
2,371,910,0.120770
2,372,911,0.120041
2,372,911,0.115577
2,373,912,0.115884
2,373,912,0.116398
2,374,913,0.116299
2,374,913,0.118024
2,375,914,0.121750
2,375,914,0.118242
2,376,915,0.115165
2,376,915,0.116499
2,377,916,0.121029
2,377,916,0.117036
2,378,917,0.117177
2,378,917,0.123899
2,379,918,0.119065
2,379,918,0.122744
2,380,919,0.114639
2,380,919,0.117350
2,381,920,0.119309
2,381,920,0.116752
2,382,921,0.118118
2,382,921,0.116905
2,383,922,0.116087
2,383,922,0.119465
2,384,923,0.116953
2,384,923,0.116625
2,385,924,0.115034
2,385,924,0.116995
2,386,925,0.116646
2,386,925,0.121012
2,387,926,0.121472
2,387,926,0.117394
2,388,927,0.115821
2,388,927,0.127017
2,389,928,0.118898
2,389,928,0.116981
2,390,929,0.118067
2,390,929,0.114493
2,391,930,0.113649
2,391,930,0.119717
2,392,931,0.117342
2,392,931,0.116876
2,393,932,0.120745
2,393,932,0.117240
2,394,933,0.115373
2,394,933,0.117022
2,395,934,0.117585
2,395,934,0.120836
2,396,935,0.116603
2,396,935,0.123117
2,397,936,0.116709
2,397,936,0.118389
2,398,937,0.122570
2,398,937,0.124409
2,399,938,0.117722
2,399,938,0.120073
2,400,939,0.115040
2,400,939,0.115617
2,401,940,0.119315
2,401,940,0.122666
2,402,941,0.118891
2,402,941,0.114120
2,403,942,0.120660
2,403,942,0.116018
2,404,943,0.121057
2,404,943,0.116993
2,405,944,0.123237
2,405,944,0.116723
2,406,945,0.117763
2,406,945,0.115361
2,407,946,0.120161
2,407,946,0.126562
2,408,947,0.119509
2,408,947,0.119530
2,409,948,0.117543
2,409,948,0.120228
2,410,949,0.120089
2,410,949,0.118414
2,411,950,0.119070
2,411,950,0.117591
2,412,951,0.118164
2,412,951,0.120088
2,413,952,0.117871
2,413,952,0.119411
2,414,953,0.121610
2,414,953,0.117003
2,415,954,0.118145
2,415,954,0.115849
2,416,955,0.123622
2,416,955,0.116843
2,417,956,0.115590
2,417,956,0.118255
2,418,957,0.122827
2,418,957,0.115991
2,419,958,0.113517
2,419,958,0.118637
2,420,959,0.115413
2,420,959,0.118416
2,421,960,0.121358
2,421,960,0.116931
2,422,961,0.118284
2,422,961,0.117692
2,423,962,0.116218
2,423,962,0.119750
2,424,963,0.117143
2,424,963,0.119967
2,425,964,0.118487
2,425,964,0.117519
2,426,965,0.119052
2,426,965,0.118899
2,427,966,0.115357
2,427,966,0.117469
2,428,967,0.119698
2,428,967,0.117772
2,429,968,0.123934
2,429,968,0.120297
2,430,969,0.116473
2,430,969,0.114484
2,431,970,0.115515
2,431,970,0.115525
2,432,971,0.124476
2,432,971,0.114926
2,433,972,0.116830
2,433,972,0.118016
2,434,973,0.116895
2,434,973,0.116277
2,435,974,0.121315
2,435,974,0.115083
2,436,975,0.118991
2,436,975,0.117878
2,437,976,0.117281
2,437,976,0.116870
2,438,977,0.120368
2,438,977,0.125235
2,439,978,0.124787
2,439,978,0.117410
2,440,979,0.115956
2,440,979,0.117346
2,441,980,0.119960
2,441,980,0.119608
2,442,981,0.116055
2,442,981,0.114779
2,443,982,0.117289
2,443,982,0.117662
2,444,983,0.117985
2,444,983,0.114894
2,445,984,0.116385
2,445,984,0.118212
2,446,985,0.119584
2,446,985,0.116684
2,447,986,0.118510
2,447,986,0.114016
2,448,987,0.118131
2,448,987,0.121330
2,449,988,0.115042
2,449,988,0.115394
2,450,989,0.120802
2,450,989,0.120840
2,451,990,0.119553
2,451,990,0.118012
2,452,991,0.119877
2,452,991,0.115697
2,453,992,0.120594
2,453,992,0.114285
2,454,993,0.126788
2,454,993,0.117793
2,455,994,0.115767
2,455,994,0.114118
2,456,995,0.119783
2,456,995,0.116703
2,457,996,0.117451
2,457,996,0.115938
2,458,997,0.123170
2,458,997,0.119740
2,459,998,0.118796
2,459,998,0.114692
2,460,999,0.117491
2,460,999,0.116120
2,461,1000,0.119223
2,461,1000,0.114676
2,462,1001,0.115828
2,462,1001,0.118150
2,463,1002,0.120074
2,463,1002,0.119999
2,464,1003,0.117539
2,464,1003,0.118017
2,465,1004,0.117492
2,465,1004,0.116281
2,466,1005,0.116387
2,466,1005,0.117102
2,467,1006,0.115118
2,467,1006,0.124510
2,468,1007,0.123676
2,468,1007,0.119094
2,469,1008,0.118245
2,469,1008,0.117915
2,470,1009,0.120074
2,470,1009,0.119088
2,471,1010,0.117812
2,471,1010,0.118494
2,472,1011,0.120109
2,472,1011,0.120758
2,473,1012,0.116708
2,473,1012,0.117879
2,474,1013,0.117361
2,474,1013,0.118439
2,475,1014,0.119016
2,475,1014,0.116820
2,476,1015,0.117479
2,476,1015,0.117134
2,477,1016,0.115195
2,477,1016,0.115530
2,478,1017,0.116527
2,478,1017,0.118963
2,479,1018,0.114604
2,479,1018,0.118456
2,480,1019,0.118566
2,480,1019,0.114879
2,481,1020,0.117102
2,481,1020,0.116910
2,482,1021,0.115997
2,482,1021,0.117430
2,483,1022,0.113364
2,483,1022,0.116976
2,484,1023,0.117683
2,484,1023,0.115340
2,485,1024,0.117738
2,485,1024,0.116860
2,486,1025,0.120052
2,486,1025,0.122164
2,487,1026,0.119236
2,487,1026,0.116875
2,488,1027,0.121071
2,488,1027,0.119694
2,489,1028,0.118577
2,489,1028,0.118156
2,490,1029,0.118293
2,490,1029,0.117552
2,491,1030,0.121224
2,491,1030,0.119626
2,492,1031,0.119551
2,492,1031,0.119405
2,493,1032,0.116351
2,493,1032,0.122481
2,494,1033,0.118571
2,494,1033,0.119747
2,495,1034,0.116066
2,495,1034,0.120132
2,496,1035,0.121333
2,496,1035,0.126892
2,497,1036,0.118751
2,497,1036,0.125762
2,498,1037,0.116522
2,498,1037,0.121800
2,499,1038,0.122008
2,499,1038,0.118324
2,500,1039,0.124014
2,500,1039,0.122794
2,501,1040,0.122414
2,501,1040,0.122646
2,502,1041,0.117353
2,502,1041,0.120313
2,503,1042,0.120619
2,503,1042,0.119264
2,504,1043,0.119472
2,504,1043,0.120215
2,505,1044,0.115905
2,505,1044,0.121501
2,506,1045,0.122683
2,506,1045,0.120140
2,507,1046,0.118766
2,507,1046,0.117483
2,508,1047,0.118808
2,508,1047,0.117682
2,509,1048,0.119878
2,509,1048,0.119520
2,510,1049,0.117275
2,510,1049,0.120021
2,511,1050,0.117810
2,511,1050,0.118392
2,512,1051,0.116189
2,512,1051,0.121598
2,513,1052,0.118781
2,513,1052,0.118829
2,514,1053,0.116947
2,514,1053,0.119686
2,515,1054,0.117575
2,515,1054,0.119322
2,516,1055,0.118926
2,516,1055,0.116838
2,517,1056,0.116761
2,517,1056,0.112864
2,518,1057,0.115435
2,518,1057,0.115465
2,519,1058,0.113547
2,519,1058,0.116989
2,520,1059,0.122877
2,520,1059,0.118370
2,521,1060,0.117376
2,521,1060,0.118018
2,522,1061,0.117286
2,522,1061,0.116001
2,523,1062,0.121666
2,523,1062,0.116994
2,524,1063,0.116690
2,524,1063,0.113344
2,525,1064,0.125416
2,525,1064,0.114006
2,526,1065,0.117589
2,526,1065,0.117815
2,527,1066,0.118131
2,527,1066,0.119224
2,528,1067,0.116016
2,528,1067,0.115292
2,529,1068,0.116589
2,529,1068,0.118081
2,530,1069,0.118947
2,530,1069,0.115321
2,531,1070,0.117705
2,531,1070,0.120031
2,532,1071,0.117131
2,532,1071,0.115023
2,533,1072,0.116317
2,533,1072,0.121205
2,534,1073,0.118983
2,534,1073,0.118026
2,535,1074,0.117416
2,535,1074,0.119524
2,536,1075,0.115585
2,536,1075,0.120415
2,537,1076,0.115730
2,537,1076,0.121346
2,538,1077,0.121502
2,538,1077,0.119092
2,539,1078,0.117881
2,539,1078,0.115456
3,1,1079,0.115124
3,1,1079,0.116230
3,2,1080,0.117652
3,2,1080,0.121879
3,3,1081,0.115369
3,3,1081,0.119799
3,4,1082,0.124535
3,4,1082,0.118530
3,5,1083,0.114084
3,5,1083,0.123692
3,6,1084,0.120710
3,6,1084,0.114341
3,7,1085,0.118368
3,7,1085,0.116600
3,8,1086,0.120926
3,8,1086,0.115321
3,9,1087,0.119278
3,9,1087,0.117288
3,10,1088,0.116726
3,10,1088,0.117936
3,11,1089,0.121698
3,11,1089,0.121004
3,12,1090,0.111264
3,12,1090,0.113141
3,13,1091,0.118084
3,13,1091,0.124435
3,14,1092,0.121897
3,14,1092,0.112986
3,15,1093,0.115241
3,15,1093,0.122651
3,16,1094,0.115553
3,16,1094,0.113582
3,17,1095,0.124951
3,17,1095,0.119296
3,18,1096,0.114187
3,18,1096,0.120070
3,19,1097,0.118282
3,19,1097,0.115612
3,20,1098,0.124927
3,20,1098,0.115935
3,21,1099,0.117205
3,21,1099,0.116384
3,22,1100,0.114424
3,22,1100,0.113986
3,23,1101,0.116587
3,23,1101,0.114835
3,24,1102,0.114923
3,24,1102,0.122728
3,25,1103,0.117123
3,25,1103,0.121196
3,26,1104,0.120771
3,26,1104,0.118278
3,27,1105,0.120854
3,27,1105,0.121203
3,28,1106,0.118865
3,28,1106,0.127886
3,29,1107,0.119176
3,29,1107,0.125834
3,30,1108,0.124409
3,30,1108,0.118706
3,31,1109,0.115261
3,31,1109,0.120171
3,32,1110,0.120600
3,32,1110,0.120672
3,33,1111,0.118004
3,33,1111,0.117793
3,34,1112,0.121023
3,34,1112,0.118964
3,35,1113,0.119563
3,35,1113,0.118385
3,36,1114,0.123255
3,36,1114,0.117278
3,37,1115,0.119377
3,37,1115,0.115730
3,38,1116,0.122600
3,38,1116,0.120889
3,39,1117,0.120831
3,39,1117,0.119948
3,40,1118,0.114693
3,40,1118,0.118631
3,41,1119,0.117553
3,41,1119,0.115131
3,42,1120,0.118318
3,42,1120,0.117285
3,43,1121,0.116069
3,43,1121,0.114014
3,44,1122,0.115270
3,44,1122,0.115711
3,45,1123,0.117443
3,45,1123,0.119210
3,46,1124,0.119365
3,46,1124,0.118207
3,47,1125,0.117177
3,47,1125,0.118046
3,48,1126,0.119507
3,48,1126,0.116747
3,49,1127,0.117322
3,49,1127,0.115898
3,50,1128,0.112796
3,50,1128,0.122484
3,51,1129,0.117693
3,51,1129,0.117233
3,52,1130,0.117171
3,52,1130,0.114587
3,53,1131,0.118611
3,53,1131,0.114629
3,54,1132,0.116925
3,54,1132,0.112853
3,55,1133,0.116124
3,55,1133,0.114348
3,56,1134,0.117350
3,56,1134,0.119252
3,57,1135,0.115054
3,57,1135,0.115520
3,58,1136,0.116997
3,58,1136,0.118408
3,59,1137,0.115565
3,59,1137,0.118208
3,60,1138,0.119587
3,60,1138,0.116049
3,61,1139,0.113086
3,61,1139,0.117720
3,62,1140,0.115144
3,62,1140,0.118324
3,63,1141,0.123491
3,63,1141,0.118036
3,64,1142,0.116912
3,64,1142,0.122812
3,65,1143,0.117149
3,65,1143,0.116939
3,66,1144,0.119368
3,66,1144,0.117539
3,67,1145,0.115361
3,67,1145,0.120127
3,68,1146,0.122077
3,68,1146,0.116033
3,69,1147,0.119114
3,69,1147,0.117030
3,70,1148,0.116973
3,70,1148,0.118928
3,71,1149,0.113338
3,71,1149,0.116806
3,72,1150,0.113819
3,72,1150,0.115698
3,73,1151,0.115233
3,73,1151,0.115486
3,74,1152,0.114825
3,74,1152,0.120389
3,75,1153,0.117650
3,75,1153,0.120715
3,76,1154,0.115375
3,76,1154,0.116216
3,77,1155,0.117054
3,77,1155,0.115905
3,78,1156,0.117151
3,78,1156,0.113603
3,79,1157,0.116298
3,79,1157,0.117033
3,80,1158,0.115085
3,80,1158,0.113923
3,81,1159,0.116643
3,81,1159,0.116290
3,82,1160,0.115488
3,82,1160,0.113575
3,83,1161,0.119842
3,83,1161,0.116472
3,84,1162,0.114966
3,84,1162,0.121399
3,85,1163,0.122763
3,85,1163,0.112444
3,86,1164,0.114080
3,86,1164,0.120025
3,87,1165,0.116801
3,87,1165,0.113022
3,88,1166,0.115691
3,88,1166,0.114896
3,89,1167,0.120229
3,89,1167,0.121964
3,90,1168,0.118300
3,90,1168,0.115793
3,91,1169,0.118203
3,91,1169,0.122168
3,92,1170,0.115249
3,92,1170,0.115767
3,93,1171,0.120750
3,93,1171,0.116318
3,94,1172,0.116339
3,94,1172,0.114307
3,95,1173,0.120581
3,95,1173,0.115446
3,96,1174,0.115589
3,96,1174,0.119704
3,97,1175,0.116323
3,97,1175,0.115199
3,98,1176,0.119649
3,98,1176,0.114845
3,99,1177,0.121782
3,99,1177,0.122669
3,100,1178,0.113946
3,100,1178,0.114792
3,101,1179,0.116828
3,101,1179,0.121731
3,102,1180,0.116435
3,102,1180,0.116556
3,103,1181,0.121070
3,103,1181,0.112518
3,104,1182,0.115298
3,104,1182,0.117084
3,105,1183,0.117563
3,105,1183,0.116706
3,106,1184,0.119162
3,106,1184,0.115857
3,107,1185,0.124840
3,107,1185,0.115892
3,108,1186,0.120487
3,108,1186,0.114370
3,109,1187,0.116088
3,109,1187,0.113633
3,110,1188,0.120024
3,110,1188,0.116960
3,111,1189,0.119585
3,111,1189,0.114919
3,112,1190,0.118809
3,112,1190,0.118079
3,113,1191,0.112256
3,113,1191,0.118197
3,114,1192,0.117576
3,114,1192,0.116683
3,115,1193,0.115433
3,115,1193,0.113324
3,116,1194,0.115874
3,116,1194,0.116141
3,117,1195,0.118719
3,117,1195,0.115288
3,118,1196,0.115942
3,118,1196,0.118538
3,119,1197,0.118627
3,119,1197,0.121689
3,120,1198,0.115296
3,120,1198,0.117493
3,121,1199,0.115394
3,121,1199,0.122004
3,122,1200,0.118126
3,122,1200,0.118391
3,123,1201,0.119516
3,123,1201,0.119015
3,124,1202,0.116638
3,124,1202,0.117606
3,125,1203,0.118593
3,125,1203,0.118575
3,126,1204,0.118300
3,126,1204,0.122075
3,127,1205,0.117476
3,127,1205,0.120882
3,128,1206,0.118491
3,128,1206,0.118218
3,129,1207,0.116326
3,129,1207,0.119910
3,130,1208,0.121295
3,130,1208,0.116000
3,131,1209,0.115642
3,131,1209,0.115480
3,132,1210,0.114584
3,132,1210,0.113236
3,133,1211,0.115100
3,133,1211,0.119280
3,134,1212,0.117052
3,134,1212,0.117734
3,135,1213,0.117050
3,135,1213,0.116767
3,136,1214,0.114884
3,136,1214,0.117286
3,137,1215,0.114630
3,137,1215,0.113582
3,138,1216,0.114280
3,138,1216,0.117190
3,139,1217,0.120097
3,139,1217,0.115077
3,140,1218,0.117798
3,140,1218,0.115291
3,141,1219,0.116146
3,141,1219,0.121670
3,142,1220,0.112266
3,142,1220,0.117213
3,143,1221,0.116995
3,143,1221,0.119816
3,144,1222,0.117960
3,144,1222,0.115569
3,145,1223,0.115938
3,145,1223,0.118675
3,146,1224,0.120490
3,146,1224,0.116153
3,147,1225,0.120190
3,147,1225,0.116789
3,148,1226,0.122310
3,148,1226,0.118265
3,149,1227,0.116505
3,149,1227,0.111878
3,150,1228,0.114279
3,150,1228,0.111382
3,151,1229,0.114020
3,151,1229,0.114634
3,152,1230,0.115855
3,152,1230,0.115893
3,153,1231,0.116772
3,153,1231,0.112594
3,154,1232,0.117129
3,154,1232,0.116693
3,155,1233,0.117579
3,155,1233,0.114891
3,156,1234,0.117249
3,156,1234,0.114901
3,157,1235,0.112516
3,157,1235,0.118353
3,158,1236,0.113202
3,158,1236,0.114925
3,159,1237,0.114407
3,159,1237,0.117124
3,160,1238,0.114681
3,160,1238,0.114030
3,161,1239,0.116469
3,161,1239,0.118607
3,162,1240,0.118281
3,162,1240,0.115267
3,163,1241,0.114863
3,163,1241,0.116354
3,164,1242,0.113309
3,164,1242,0.113005
3,165,1243,0.117954
3,165,1243,0.117851
3,166,1244,0.116336
3,166,1244,0.113364
3,167,1245,0.116730
3,167,1245,0.117968
3,168,1246,0.119204
3,168,1246,0.110896
3,169,1247,0.111857
3,169,1247,0.118825
3,170,1248,0.116662
3,170,1248,0.116392
3,171,1249,0.116203
3,171,1249,0.111468
3,172,1250,0.119370
3,172,1250,0.116248
3,173,1251,0.111361
3,173,1251,0.118254
3,174,1252,0.115308
3,174,1252,0.117648
3,175,1253,0.117920
3,175,1253,0.113755
3,176,1254,0.114852
3,176,1254,0.116762
3,177,1255,0.112909
3,177,1255,0.113561
3,178,1256,0.116074
3,178,1256,0.115175
3,179,1257,0.113603
3,179,1257,0.117785
3,180,1258,0.115515
3,180,1258,0.118207
3,181,1259,0.120694
3,181,1259,0.116637
3,182,1260,0.116017
3,182,1260,0.124313
3,183,1261,0.115900
3,183,1261,0.115584
3,184,1262,0.115463
3,184,1262,0.113944
3,185,1263,0.115833
3,185,1263,0.118058
3,186,1264,0.118607
3,186,1264,0.114998
3,187,1265,0.118430
3,187,1265,0.117784
3,188,1266,0.117423
3,188,1266,0.115550
3,189,1267,0.114309
3,189,1267,0.114476
3,190,1268,0.113295
3,190,1268,0.123721
3,191,1269,0.114554
3,191,1269,0.112131
3,192,1270,0.113173
3,192,1270,0.114664
3,193,1271,0.116202
3,193,1271,0.114688
3,194,1272,0.116312
3,194,1272,0.116136
3,195,1273,0.121387
3,195,1273,0.113826
3,196,1274,0.115704
3,196,1274,0.117016
3,197,1275,0.118656
3,197,1275,0.116616
3,198,1276,0.117549
3,198,1276,0.118535
3,199,1277,0.117391
3,199,1277,0.119840
3,200,1278,0.115968
3,200,1278,0.115148
3,201,1279,0.114408
3,201,1279,0.113645
3,202,1280,0.114785
3,202,1280,0.114858
3,203,1281,0.120999
3,203,1281,0.118138
3,204,1282,0.118998
3,204,1282,0.114127
3,205,1283,0.113311
3,205,1283,0.119597
3,206,1284,0.117182
3,206,1284,0.116807
3,207,1285,0.123038
3,207,1285,0.119476
3,208,1286,0.116500
3,208,1286,0.113367
3,209,1287,0.115548
3,209,1287,0.114323
3,210,1288,0.116973
3,210,1288,0.117289
3,211,1289,0.120929
3,211,1289,0.120661
3,212,1290,0.127201
3,212,1290,0.112492
3,213,1291,0.114829
3,213,1291,0.116969
3,214,1292,0.119577
3,214,1292,0.114425
3,215,1293,0.118777
3,215,1293,0.115684
3,216,1294,0.115157
3,216,1294,0.115121
3,217,1295,0.123327
3,217,1295,0.115657
3,218,1296,0.115970
3,218,1296,0.118429
3,219,1297,0.117536
3,219,1297,0.115221
3,220,1298,0.117809
3,220,1298,0.120442
3,221,1299,0.111547
3,221,1299,0.123438
3,222,1300,0.118459
3,222,1300,0.113558
3,223,1301,0.116261
3,223,1301,0.114636
3,224,1302,0.117213
3,224,1302,0.114886
3,225,1303,0.117297
3,225,1303,0.120082
3,226,1304,0.112811
3,226,1304,0.115569
3,227,1305,0.114998
3,227,1305,0.114969
3,228,1306,0.115675
3,228,1306,0.115648
3,229,1307,0.114985
3,229,1307,0.115851
3,230,1308,0.119231
3,230,1308,0.115901
3,231,1309,0.122139
3,231,1309,0.113493
3,232,1310,0.113969
3,232,1310,0.117354
3,233,1311,0.119085
3,233,1311,0.119385
3,234,1312,0.115962
3,234,1312,0.119235
3,235,1313,0.114056
3,235,1313,0.117811
3,236,1314,0.115697
3,236,1314,0.120040
3,237,1315,0.116851
3,237,1315,0.117165
3,238,1316,0.121040
3,238,1316,0.112387
3,239,1317,0.115676
3,239,1317,0.115476
3,240,1318,0.115366
3,240,1318,0.114056
3,241,1319,0.115805
3,241,1319,0.116765
3,242,1320,0.116741
3,242,1320,0.112088
3,243,1321,0.113799
3,243,1321,0.117968
3,244,1322,0.116047
3,244,1322,0.115153
3,245,1323,0.114315
3,245,1323,0.113501
3,246,1324,0.115972
3,246,1324,0.114918
3,247,1325,0.116000
3,247,1325,0.112275
3,248,1326,0.110876
3,248,1326,0.113733
3,249,1327,0.114794
3,249,1327,0.116588
3,250,1328,0.118023
3,250,1328,0.118025
3,251,1329,0.117099
3,251,1329,0.118217
3,252,1330,0.116980
3,252,1330,0.119436
3,253,1331,0.116143
3,253,1331,0.117852
3,254,1332,0.114600
3,254,1332,0.116602
3,255,1333,0.117129
3,255,1333,0.115809
3,256,1334,0.117824
3,256,1334,0.118372
3,257,1335,0.113085
3,257,1335,0.114474
3,258,1336,0.116795
3,258,1336,0.117095
3,259,1337,0.122319
3,259,1337,0.117134
3,260,1338,0.114875
3,260,1338,0.114433
3,261,1339,0.114751
3,261,1339,0.119058
3,262,1340,0.116398
3,262,1340,0.117942
3,263,1341,0.117833
3,263,1341,0.116358
3,264,1342,0.115804
3,264,1342,0.121170
3,265,1343,0.117521
3,265,1343,0.114714
3,266,1344,0.116607
3,266,1344,0.122785
3,267,1345,0.114356
3,267,1345,0.113225
3,268,1346,0.118164
3,268,1346,0.115420
3,269,1347,0.116454
3,269,1347,0.116300
3,270,1348,0.112761
3,270,1348,0.113144
3,271,1349,0.113729
3,271,1349,0.115102
3,272,1350,0.116732
3,272,1350,0.118490
3,273,1351,0.110654
3,273,1351,0.119600
3,274,1352,0.117023
3,274,1352,0.119553
3,275,1353,0.116189
3,275,1353,0.114411
3,276,1354,0.116664
3,276,1354,0.113457
3,277,1355,0.112231
3,277,1355,0.114527
3,278,1356,0.114835
3,278,1356,0.110386
3,279,1357,0.113403
3,279,1357,0.121543
3,280,1358,0.115130
3,280,1358,0.117047
3,281,1359,0.119665
3,281,1359,0.119016
3,282,1360,0.117043
3,282,1360,0.125049
3,283,1361,0.120460
3,283,1361,0.120118
3,284,1362,0.114682
3,284,1362,0.116473
3,285,1363,0.116820
3,285,1363,0.116827
3,286,1364,0.116272
3,286,1364,0.114084
3,287,1365,0.117960
3,287,1365,0.117142
3,288,1366,0.118775
3,288,1366,0.115276
3,289,1367,0.114232
3,289,1367,0.117001
3,290,1368,0.120263
3,290,1368,0.119183
3,291,1369,0.115714
3,291,1369,0.112485
3,292,1370,0.116856
3,292,1370,0.116841
3,293,1371,0.115464
3,293,1371,0.113129
3,294,1372,0.119659
3,294,1372,0.116490
3,295,1373,0.118381
3,295,1373,0.115677
3,296,1374,0.112958
3,296,1374,0.117740
3,297,1375,0.115445
3,297,1375,0.113689
3,298,1376,0.118224
3,298,1376,0.115293
3,299,1377,0.117890
3,299,1377,0.117063
3,300,1378,0.118243
3,300,1378,0.115903
3,301,1379,0.118289
3,301,1379,0.114793
3,302,1380,0.115518
3,302,1380,0.119083
3,303,1381,0.121952
3,303,1381,0.115917
3,304,1382,0.120063
3,304,1382,0.118216
3,305,1383,0.120845
3,305,1383,0.113751
3,306,1384,0.117430
3,306,1384,0.116181
3,307,1385,0.120658
3,307,1385,0.113945
3,308,1386,0.115385
3,308,1386,0.115218
3,309,1387,0.116274
3,309,1387,0.117725
3,310,1388,0.115641
3,310,1388,0.112316
3,311,1389,0.117299
3,311,1389,0.114103
3,312,1390,0.117705
3,312,1390,0.114305
3,313,1391,0.121776
3,313,1391,0.114351
3,314,1392,0.117494
3,314,1392,0.114594
3,315,1393,0.114904
3,315,1393,0.118653
3,316,1394,0.116581
3,316,1394,0.115496
3,317,1395,0.113913
3,317,1395,0.116407
3,318,1396,0.118213
3,318,1396,0.114895
3,319,1397,0.115471
3,319,1397,0.115217
3,320,1398,0.113691
3,320,1398,0.122397
3,321,1399,0.118178
3,321,1399,0.118766
3,322,1400,0.119588
3,322,1400,0.112522
3,323,1401,0.114762
3,323,1401,0.115286
3,324,1402,0.113553
3,324,1402,0.124149
3,325,1403,0.113961
3,325,1403,0.121309
3,326,1404,0.116767
3,326,1404,0.117599
3,327,1405,0.118044
3,327,1405,0.115113
3,328,1406,0.118023
3,328,1406,0.119636
3,329,1407,0.116099
3,329,1407,0.117093
3,330,1408,0.117060
3,330,1408,0.116656
3,331,1409,0.113242
3,331,1409,0.115641
3,332,1410,0.111104
3,332,1410,0.117076
3,333,1411,0.117145
3,333,1411,0.119690
3,334,1412,0.113466
3,334,1412,0.115515
3,335,1413,0.117690
3,335,1413,0.119502
3,336,1414,0.114620
3,336,1414,0.115397
3,337,1415,0.113650
3,337,1415,0.119237
3,338,1416,0.113416
3,338,1416,0.115216
3,339,1417,0.114461
3,339,1417,0.114795
3,340,1418,0.118300
3,340,1418,0.112906
3,341,1419,0.117262
3,341,1419,0.113688
3,342,1420,0.114988
3,342,1420,0.117948
3,343,1421,0.114696
3,343,1421,0.115515
3,344,1422,0.111832
3,344,1422,0.122307
3,345,1423,0.119316
3,345,1423,0.117869
3,346,1424,0.114635
3,346,1424,0.118603
3,347,1425,0.117854
3,347,1425,0.113883
3,348,1426,0.116191
3,348,1426,0.113004
3,349,1427,0.114105
3,349,1427,0.118512
3,350,1428,0.116675
3,350,1428,0.115258
3,351,1429,0.112198
3,351,1429,0.111704
3,352,1430,0.111188
3,352,1430,0.116177
3,353,1431,0.113950
3,353,1431,0.119589
3,354,1432,0.116443
3,354,1432,0.116734
3,355,1433,0.115785
3,355,1433,0.121349
3,356,1434,0.113942
3,356,1434,0.118265
3,357,1435,0.113099
3,357,1435,0.116017
3,358,1436,0.118001
3,358,1436,0.119278
3,359,1437,0.115387
3,359,1437,0.114515
3,360,1438,0.117893
3,360,1438,0.114422
3,361,1439,0.117325
3,361,1439,0.118278
3,362,1440,0.118900
3,362,1440,0.116952
3,363,1441,0.112985
3,363,1441,0.116895
3,364,1442,0.117320
3,364,1442,0.116510
3,365,1443,0.115150
3,365,1443,0.117524
3,366,1444,0.113221
3,366,1444,0.116632
3,367,1445,0.117763
3,367,1445,0.117780
3,368,1446,0.115221
3,368,1446,0.115485
3,369,1447,0.116141
3,369,1447,0.112659
3,370,1448,0.115112
3,370,1448,0.112777
3,371,1449,0.116742
3,371,1449,0.116652
3,372,1450,0.116865
3,372,1450,0.115971
3,373,1451,0.116790
3,373,1451,0.117261
3,374,1452,0.116594
3,374,1452,0.113819
3,375,1453,0.117347
3,375,1453,0.120455
3,376,1454,0.113840
3,376,1454,0.115726
3,377,1455,0.113688
3,377,1455,0.116514
3,378,1456,0.113545
3,378,1456,0.114801
3,379,1457,0.115948
3,379,1457,0.113096
3,380,1458,0.114152
3,380,1458,0.114178
3,381,1459,0.119409
3,381,1459,0.115345
3,382,1460,0.115734
3,382,1460,0.118143
3,383,1461,0.113144
3,383,1461,0.117977
3,384,1462,0.115134
3,384,1462,0.116665
3,385,1463,0.112308
3,385,1463,0.112523
3,386,1464,0.118930
3,386,1464,0.115489
3,387,1465,0.113948
3,387,1465,0.118034
3,388,1466,0.116577
3,388,1466,0.118008
3,389,1467,0.116198
3,389,1467,0.114676
3,390,1468,0.113243
3,390,1468,0.115392
3,391,1469,0.116158
3,391,1469,0.115818
3,392,1470,0.117650
3,392,1470,0.116976
3,393,1471,0.115149
3,393,1471,0.118356
3,394,1472,0.113483
3,394,1472,0.117206
3,395,1473,0.116418
3,395,1473,0.113680
3,396,1474,0.114847
3,396,1474,0.113264
3,397,1475,0.114351
3,397,1475,0.119525
3,398,1476,0.116708
3,398,1476,0.115129
3,399,1477,0.116504
3,399,1477,0.117001
3,400,1478,0.114271
3,400,1478,0.114328
3,401,1479,0.122375
3,401,1479,0.114906
3,402,1480,0.116620
3,402,1480,0.114252
3,403,1481,0.113744
3,403,1481,0.113947
3,404,1482,0.114149
3,404,1482,0.114691
3,405,1483,0.114433
3,405,1483,0.116238
3,406,1484,0.120447
3,406,1484,0.115966
3,407,1485,0.111863
3,407,1485,0.116217
3,408,1486,0.118265
3,408,1486,0.113776
3,409,1487,0.119649
3,409,1487,0.113061
3,410,1488,0.112345
3,410,1488,0.113568
3,411,1489,0.116471
3,411,1489,0.115818
3,412,1490,0.112287
3,412,1490,0.121421
3,413,1491,0.120169
3,413,1491,0.116472
3,414,1492,0.116324
3,414,1492,0.118342
3,415,1493,0.120140
3,415,1493,0.114968
3,416,1494,0.111538
3,416,1494,0.113025
3,417,1495,0.115129
3,417,1495,0.112171
3,418,1496,0.122362
3,418,1496,0.118293
3,419,1497,0.118265
3,419,1497,0.115607
3,420,1498,0.121949
3,420,1498,0.112762
3,421,1499,0.112903
3,421,1499,0.117361
3,422,1500,0.111903
3,422,1500,0.115186
3,423,1501,0.119181
3,423,1501,0.117772
3,424,1502,0.113937
3,424,1502,0.114804
3,425,1503,0.113422
3,425,1503,0.114423
3,426,1504,0.117436
3,426,1504,0.112930
3,427,1505,0.115034
3,427,1505,0.113216
3,428,1506,0.113305
3,428,1506,0.114687
3,429,1507,0.115054
3,429,1507,0.122944
3,430,1508,0.117867
3,430,1508,0.118109
3,431,1509,0.113539
3,431,1509,0.115043
3,432,1510,0.111413
3,432,1510,0.113630
3,433,1511,0.114187
3,433,1511,0.118182
3,434,1512,0.114062
3,434,1512,0.115463
3,435,1513,0.117978
3,435,1513,0.113430
3,436,1514,0.112124
3,436,1514,0.115710
3,437,1515,0.116301
3,437,1515,0.114928
3,438,1516,0.114052
3,438,1516,0.114974
3,439,1517,0.117876
3,439,1517,0.115833
3,440,1518,0.116393
3,440,1518,0.115021
3,441,1519,0.121595
3,441,1519,0.114326
3,442,1520,0.119587
3,442,1520,0.113250
3,443,1521,0.117146
3,443,1521,0.115619
3,444,1522,0.114043
3,444,1522,0.115388
3,445,1523,0.116183
3,445,1523,0.114077
3,446,1524,0.113999
3,446,1524,0.115738
3,447,1525,0.111374
3,447,1525,0.113326
3,448,1526,0.120152
3,448,1526,0.115180
3,449,1527,0.115892
3,449,1527,0.112645
3,450,1528,0.115660
3,450,1528,0.115203
3,451,1529,0.111944
3,451,1529,0.113820
3,452,1530,0.114881
3,452,1530,0.119420
3,453,1531,0.116002
3,453,1531,0.119520
3,454,1532,0.114986
3,454,1532,0.115872
3,455,1533,0.113698
3,455,1533,0.114733
3,456,1534,0.114630
3,456,1534,0.115998
3,457,1535,0.112003
3,457,1535,0.120240
3,458,1536,0.113341
3,458,1536,0.115539
3,459,1537,0.113740
3,459,1537,0.113277
3,460,1538,0.114577
3,460,1538,0.114862
3,461,1539,0.115130
3,461,1539,0.116382
3,462,1540,0.113304
3,462,1540,0.118689
3,463,1541,0.114235
3,463,1541,0.114317
3,464,1542,0.119196
3,464,1542,0.117496
3,465,1543,0.114779
3,465,1543,0.114206
3,466,1544,0.117004
3,466,1544,0.113075
3,467,1545,0.114266
3,467,1545,0.113390
3,468,1546,0.114962
3,468,1546,0.118520
3,469,1547,0.116547
3,469,1547,0.113756
3,470,1548,0.112267
3,470,1548,0.115952
3,471,1549,0.119170
3,471,1549,0.112790
3,472,1550,0.115782
3,472,1550,0.113704
3,473,1551,0.112747
3,473,1551,0.114772
3,474,1552,0.118967
3,474,1552,0.116880
3,475,1553,0.114074
3,475,1553,0.115306
3,476,1554,0.117508
3,476,1554,0.116217
3,477,1555,0.114040
3,477,1555,0.114166
3,478,1556,0.114343
3,478,1556,0.114594
3,479,1557,0.115195
3,479,1557,0.112227
3,480,1558,0.116835
3,480,1558,0.116888
3,481,1559,0.110764
3,481,1559,0.113524
3,482,1560,0.114505
3,482,1560,0.119470
3,483,1561,0.116972
3,483,1561,0.119989
3,484,1562,0.115548
3,484,1562,0.119182
3,485,1563,0.115751
3,485,1563,0.117613
3,486,1564,0.122017
3,486,1564,0.114755
3,487,1565,0.113260
3,487,1565,0.113410
3,488,1566,0.111982
3,488,1566,0.113529
3,489,1567,0.114881
3,489,1567,0.113911
3,490,1568,0.111794
3,490,1568,0.112791
3,491,1569,0.117521
3,491,1569,0.115918
3,492,1570,0.116260
3,492,1570,0.114817
3,493,1571,0.117834
3,493,1571,0.113949
3,494,1572,0.115580
3,494,1572,0.112999
3,495,1573,0.114978
3,495,1573,0.114359
3,496,1574,0.113927
3,496,1574,0.113538
3,497,1575,0.111787
3,497,1575,0.113945
3,498,1576,0.115960
3,498,1576,0.116744
3,499,1577,0.113688
3,499,1577,0.113983
3,500,1578,0.113622
3,500,1578,0.116729
3,501,1579,0.113030
3,501,1579,0.116009
3,502,1580,0.113704
3,502,1580,0.113204
3,503,1581,0.116055
3,503,1581,0.113447
3,504,1582,0.116835
3,504,1582,0.113129
3,505,1583,0.114489
3,505,1583,0.111827
3,506,1584,0.118347
3,506,1584,0.113108
3,507,1585,0.115834
3,507,1585,0.115974
3,508,1586,0.110828
3,508,1586,0.122219
3,509,1587,0.116218
3,509,1587,0.122354
3,510,1588,0.114644
3,510,1588,0.115219
3,511,1589,0.111413
3,511,1589,0.114046
3,512,1590,0.115003
3,512,1590,0.115176
3,513,1591,0.114767
3,513,1591,0.117966
3,514,1592,0.115564
3,514,1592,0.112398
3,515,1593,0.115776
3,515,1593,0.116390
3,516,1594,0.116670
3,516,1594,0.113041
3,517,1595,0.115239
3,517,1595,0.115541
3,518,1596,0.109487
3,518,1596,0.116388
3,519,1597,0.118665
3,519,1597,0.111161
3,520,1598,0.118330
3,520,1598,0.113127
3,521,1599,0.120783
3,521,1599,0.110617
3,522,1600,0.114125
3,522,1600,0.116254
3,523,1601,0.112787
3,523,1601,0.110968
3,524,1602,0.112682
3,524,1602,0.112982
3,525,1603,0.110141
3,525,1603,0.114456
3,526,1604,0.113920
3,526,1604,0.119388
3,527,1605,0.111042
3,527,1605,0.113683
3,528,1606,0.117429
3,528,1606,0.114827
3,529,1607,0.115124
3,529,1607,0.116388
3,530,1608,0.115686
3,530,1608,0.119098
3,531,1609,0.115716
3,531,1609,0.110201
3,532,1610,0.114612
3,532,1610,0.114557
3,533,1611,0.109472
3,533,1611,0.114113
3,534,1612,0.114950
3,534,1612,0.113678
3,535,1613,0.116588
3,535,1613,0.117904
3,536,1614,0.115102
3,536,1614,0.113959
3,537,1615,0.114110
3,537,1615,0.113896
3,538,1616,0.116584
3,538,1616,0.116635
3,539,1617,0.113663
3,539,1617,0.115015
4,1,1618,0.114966
4,1,1618,0.112875
4,2,1619,0.118906
4,2,1619,0.111840
4,3,1620,0.119453
4,3,1620,0.116772
4,4,1621,0.112625
4,4,1621,0.114390
4,5,1622,0.116474
4,5,1622,0.111612
4,6,1623,0.116143
4,6,1623,0.118545
4,7,1624,0.116268
4,7,1624,0.116895
4,8,1625,0.117228
4,8,1625,0.116960
4,9,1626,0.115711
4,9,1626,0.116307
4,10,1627,0.115550
4,10,1627,0.115587
4,11,1628,0.116832
4,11,1628,0.120180
4,12,1629,0.117111
4,12,1629,0.118348
4,13,1630,0.114444
4,13,1630,0.114429
4,14,1631,0.114983
4,14,1631,0.115535
4,15,1632,0.119412
4,15,1632,0.110908
4,16,1633,0.114497
4,16,1633,0.115810
4,17,1634,0.115518
4,17,1634,0.114041
4,18,1635,0.115577
4,18,1635,0.118033
4,19,1636,0.113620
4,19,1636,0.116510
4,20,1637,0.113187
4,20,1637,0.117527
4,21,1638,0.119351
4,21,1638,0.115799
4,22,1639,0.113800
4,22,1639,0.115830
4,23,1640,0.115330
4,23,1640,0.114729
4,24,1641,0.116886
4,24,1641,0.112878
4,25,1642,0.112548
4,25,1642,0.114412
4,26,1643,0.114590
4,26,1643,0.113140
4,27,1644,0.114190
4,27,1644,0.110617
4,28,1645,0.112344
4,28,1645,0.116602
4,29,1646,0.115957
4,29,1646,0.111527
4,30,1647,0.114234
4,30,1647,0.111997
4,31,1648,0.114361
4,31,1648,0.121070
4,32,1649,0.113122
4,32,1649,0.114296
4,33,1650,0.116254
4,33,1650,0.113476
4,34,1651,0.110779
4,34,1651,0.118016
4,35,1652,0.113648
4,35,1652,0.111534
4,36,1653,0.120258
4,36,1653,0.115722
4,37,1654,0.116297
4,37,1654,0.111483
4,38,1655,0.114085
4,38,1655,0.113991
4,39,1656,0.115573
4,39,1656,0.115966
4,40,1657,0.112171
4,40,1657,0.113408
4,41,1658,0.121483
4,41,1658,0.117183
4,42,1659,0.118925
4,42,1659,0.114174
4,43,1660,0.116749
4,43,1660,0.113065
4,44,1661,0.118125
4,44,1661,0.117175
4,45,1662,0.114707
4,45,1662,0.115813
4,46,1663,0.115172
4,46,1663,0.112480
4,47,1664,0.117833
4,47,1664,0.113891
4,48,1665,0.118287
4,48,1665,0.118233
4,49,1666,0.119944
4,49,1666,0.112294
4,50,1667,0.113753
4,50,1667,0.113936
4,51,1668,0.120108
4,51,1668,0.115830
4,52,1669,0.115080
4,52,1669,0.114291
4,53,1670,0.116164
4,53,1670,0.114944
4,54,1671,0.116487
4,54,1671,0.119192
4,55,1672,0.114690
4,55,1672,0.112186
4,56,1673,0.121045
4,56,1673,0.116106
4,57,1674,0.115074
4,57,1674,0.115033
4,58,1675,0.111690
4,58,1675,0.116134
4,59,1676,0.113847
4,59,1676,0.110429
4,60,1677,0.115405
4,60,1677,0.112305
4,61,1678,0.112954
4,61,1678,0.113544
4,62,1679,0.114194
4,62,1679,0.110823
4,63,1680,0.112669
4,63,1680,0.109844
4,64,1681,0.111299
4,64,1681,0.113711
4,65,1682,0.117041
4,65,1682,0.114517
4,66,1683,0.113423
4,66,1683,0.112907
4,67,1684,0.114766
4,67,1684,0.118772
4,68,1685,0.112658
4,68,1685,0.111221
4,69,1686,0.113300
4,69,1686,0.112545
4,70,1687,0.112986
4,70,1687,0.114639
4,71,1688,0.113526
4,71,1688,0.115436
4,72,1689,0.118020
4,72,1689,0.116532
4,73,1690,0.114278
4,73,1690,0.118615
4,74,1691,0.113984
4,74,1691,0.115747
4,75,1692,0.114026
4,75,1692,0.113129
4,76,1693,0.113061
4,76,1693,0.111799
4,77,1694,0.111850
4,77,1694,0.113407
4,78,1695,0.112901
4,78,1695,0.111480
4,79,1696,0.115652
4,79,1696,0.114560
4,80,1697,0.112759
4,80,1697,0.113964
4,81,1698,0.112676
4,81,1698,0.112307
4,82,1699,0.112922
4,82,1699,0.118884
4,83,1700,0.116076
4,83,1700,0.112593
4,84,1701,0.114847
4,84,1701,0.117641
4,85,1702,0.113588
4,85,1702,0.117239
4,86,1703,0.115670
4,86,1703,0.111379
4,87,1704,0.112601
4,87,1704,0.113569
4,88,1705,0.113881
4,88,1705,0.111534
4,89,1706,0.111036
4,89,1706,0.115710
4,90,1707,0.112916
4,90,1707,0.113341
4,91,1708,0.112902
4,91,1708,0.114114
4,92,1709,0.116209
4,92,1709,0.124359
4,93,1710,0.113483
4,93,1710,0.113138
4,94,1711,0.114498
4,94,1711,0.116955
4,95,1712,0.118028
4,95,1712,0.111323
4,96,1713,0.114529
4,96,1713,0.114399
4,97,1714,0.110180
4,97,1714,0.111935
4,98,1715,0.117612
4,98,1715,0.117706
4,99,1716,0.113662
4,99,1716,0.117427
4,100,1717,0.112829
4,100,1717,0.112386
4,101,1718,0.110838
4,101,1718,0.112837
4,102,1719,0.113374
4,102,1719,0.114211
4,103,1720,0.117522
4,103,1720,0.115297
4,104,1721,0.113726
4,104,1721,0.113671
4,105,1722,0.112545
4,105,1722,0.116399
4,106,1723,0.113340
4,106,1723,0.113695
4,107,1724,0.112711
4,107,1724,0.115225
4,108,1725,0.119846
4,108,1725,0.112555
4,109,1726,0.112693
4,109,1726,0.112911
4,110,1727,0.112572
4,110,1727,0.112713
4,111,1728,0.114189
4,111,1728,0.115254
4,112,1729,0.111828
4,112,1729,0.111877
4,113,1730,0.115994
4,113,1730,0.116329
4,114,1731,0.115208
4,114,1731,0.111853
4,115,1732,0.112562
4,115,1732,0.114240
4,116,1733,0.114585
4,116,1733,0.116958
4,117,1734,0.116286
4,117,1734,0.117231
4,118,1735,0.111752
4,118,1735,0.111416
4,119,1736,0.116950
4,119,1736,0.115693
4,120,1737,0.120397
4,120,1737,0.113024
4,121,1738,0.113948
4,121,1738,0.114927
4,122,1739,0.117210
4,122,1739,0.114490
4,123,1740,0.119377
4,123,1740,0.116863
4,124,1741,0.116153
4,124,1741,0.114353
4,125,1742,0.114256
4,125,1742,0.113021
4,126,1743,0.113005
4,126,1743,0.119186
4,127,1744,0.116162
4,127,1744,0.114051
4,128,1745,0.116718
4,128,1745,0.113620
4,129,1746,0.113797
4,129,1746,0.116081
4,130,1747,0.120520
4,130,1747,0.119558
4,131,1748,0.115155
4,131,1748,0.115472
4,132,1749,0.117436
4,132,1749,0.113373
4,133,1750,0.117513
4,133,1750,0.117278
4,134,1751,0.114275
4,134,1751,0.114659
4,135,1752,0.117880
4,135,1752,0.113902
4,136,1753,0.117623
4,136,1753,0.114989
4,137,1754,0.114786
4,137,1754,0.118489
4,138,1755,0.118605
4,138,1755,0.119441
4,139,1756,0.115524
4,139,1756,0.116005
4,140,1757,0.115890
4,140,1757,0.113862
4,141,1758,0.114514
4,141,1758,0.115938
4,142,1759,0.115294
4,142,1759,0.115592
4,143,1760,0.114757
4,143,1760,0.111354
4,144,1761,0.115814
4,144,1761,0.112927
4,145,1762,0.113116
4,145,1762,0.110494
4,146,1763,0.113997
4,146,1763,0.119274
4,147,1764,0.114328
4,147,1764,0.113474
4,148,1765,0.122611
4,148,1765,0.117047
4,149,1766,0.114639
4,149,1766,0.111457
4,150,1767,0.113658
4,150,1767,0.113285
4,151,1768,0.113259
4,151,1768,0.114778
4,152,1769,0.111755
4,152,1769,0.111013
4,153,1770,0.112302
4,153,1770,0.115062
4,154,1771,0.114295
4,154,1771,0.119944
4,155,1772,0.111541
4,155,1772,0.115736
4,156,1773,0.111716
4,156,1773,0.112411
4,157,1774,0.114197
4,157,1774,0.113554
4,158,1775,0.120213
4,158,1775,0.120716
4,159,1776,0.112558
4,159,1776,0.116094
4,160,1777,0.112927
4,160,1777,0.113771
4,161,1778,0.115360
4,161,1778,0.123157
4,162,1779,0.112826
4,162,1779,0.116853
4,163,1780,0.113501
4,163,1780,0.112160
4,164,1781,0.115498
4,164,1781,0.116312
4,165,1782,0.115266
4,165,1782,0.111410
4,166,1783,0.118647
4,166,1783,0.111165
4,167,1784,0.115441
4,167,1784,0.109713
4,168,1785,0.114024
4,168,1785,0.112096
4,169,1786,0.113031
4,169,1786,0.113464
4,170,1787,0.112630
4,170,1787,0.113757
4,171,1788,0.114272
4,171,1788,0.114777
4,172,1789,0.115124
4,172,1789,0.116267
4,173,1790,0.115836
4,173,1790,0.110091
4,174,1791,0.111157
4,174,1791,0.115063
4,175,1792,0.116468
4,175,1792,0.116080
4,176,1793,0.116995
4,176,1793,0.114723
4,177,1794,0.112505
4,177,1794,0.111187
4,178,1795,0.115847
4,178,1795,0.114427
4,179,1796,0.111259
4,179,1796,0.113987
4,180,1797,0.114838
4,180,1797,0.111722
4,181,1798,0.111435
4,181,1798,0.112998
4,182,1799,0.114559
4,182,1799,0.117516
4,183,1800,0.114254
4,183,1800,0.114571
4,184,1801,0.112015
4,184,1801,0.119551
4,185,1802,0.111380
4,185,1802,0.110719
4,186,1803,0.114075
4,186,1803,0.112411
4,187,1804,0.116271
4,187,1804,0.116124
4,188,1805,0.115312
4,188,1805,0.112790
4,189,1806,0.116855
4,189,1806,0.111904
4,190,1807,0.112606
4,190,1807,0.114757
4,191,1808,0.113128
4,191,1808,0.112326
4,192,1809,0.117053
4,192,1809,0.114906
4,193,1810,0.112247
4,193,1810,0.116036
4,194,1811,0.113326
4,194,1811,0.113311
4,195,1812,0.113974
4,195,1812,0.113790
4,196,1813,0.115577
4,196,1813,0.116742
4,197,1814,0.119193
4,197,1814,0.115584
4,198,1815,0.111965
4,198,1815,0.115686
4,199,1816,0.113029
4,199,1816,0.113990
4,200,1817,0.111795
4,200,1817,0.115471
4,201,1818,0.116548
4,201,1818,0.115016
4,202,1819,0.112230
4,202,1819,0.115304
4,203,1820,0.111348
4,203,1820,0.116802
4,204,1821,0.113443
4,204,1821,0.110970
4,205,1822,0.119618
4,205,1822,0.112099
4,206,1823,0.115144
4,206,1823,0.115665
4,207,1824,0.115148
4,207,1824,0.114925
4,208,1825,0.111233
4,208,1825,0.120540
4,209,1826,0.114660
4,209,1826,0.116360
4,210,1827,0.117617
4,210,1827,0.111882
4,211,1828,0.113899
4,211,1828,0.118053
4,212,1829,0.112294
4,212,1829,0.119492
4,213,1830,0.111772
4,213,1830,0.115176
4,214,1831,0.111827
4,214,1831,0.111823
4,215,1832,0.113397
4,215,1832,0.112681
4,216,1833,0.116225
4,216,1833,0.113243
4,217,1834,0.114636
4,217,1834,0.116317
4,218,1835,0.110370
4,218,1835,0.113242
4,219,1836,0.116450
4,219,1836,0.115629
4,220,1837,0.114067
4,220,1837,0.117082
4,221,1838,0.114262
4,221,1838,0.113202
4,222,1839,0.114232
4,222,1839,0.116834
4,223,1840,0.114943
4,223,1840,0.111639
4,224,1841,0.118441
4,224,1841,0.117913
4,225,1842,0.114334
4,225,1842,0.119209
4,226,1843,0.115439
4,226,1843,0.115096
4,227,1844,0.111926
4,227,1844,0.111165
4,228,1845,0.112627
4,228,1845,0.116281
4,229,1846,0.116312
4,229,1846,0.115712
4,230,1847,0.112330
4,230,1847,0.112839
4,231,1848,0.113890
4,231,1848,0.123202
4,232,1849,0.116134
4,232,1849,0.116683
4,233,1850,0.116194
4,233,1850,0.114518
4,234,1851,0.114780
4,234,1851,0.115382
4,235,1852,0.115095
4,235,1852,0.117044
4,236,1853,0.115450
4,236,1853,0.118042
4,237,1854,0.113388
4,237,1854,0.116685
4,238,1855,0.111447
4,238,1855,0.114789
4,239,1856,0.110287
4,239,1856,0.111442
4,240,1857,0.118294
4,240,1857,0.112950
4,241,1858,0.115528
4,241,1858,0.113280
4,242,1859,0.112882
4,242,1859,0.111005
4,243,1860,0.114276
4,243,1860,0.121402
4,244,1861,0.113779
4,244,1861,0.111082
4,245,1862,0.111979
4,245,1862,0.113156
4,246,1863,0.112663
4,246,1863,0.115654
4,247,1864,0.114651
4,247,1864,0.116626
4,248,1865,0.115144
4,248,1865,0.112910
4,249,1866,0.117968
4,249,1866,0.114431
4,250,1867,0.115915
4,250,1867,0.114011
4,251,1868,0.112372
4,251,1868,0.115185
4,252,1869,0.111991
4,252,1869,0.114191
4,253,1870,0.117319
4,253,1870,0.113324
4,254,1871,0.110153
4,254,1871,0.114631
4,255,1872,0.111679
4,255,1872,0.116934
4,256,1873,0.115371
4,256,1873,0.112127
4,257,1874,0.113971
4,257,1874,0.117411
4,258,1875,0.113288
4,258,1875,0.112413
4,259,1876,0.114634
4,259,1876,0.115230
4,260,1877,0.116969
4,260,1877,0.115325
4,261,1878,0.115386
4,261,1878,0.112813
4,262,1879,0.111523
4,262,1879,0.117053
4,263,1880,0.112737
4,263,1880,0.114326
4,264,1881,0.111983
4,264,1881,0.111466
4,265,1882,0.116125
4,265,1882,0.115432
4,266,1883,0.113684
4,266,1883,0.121203
4,267,1884,0.110692
4,267,1884,0.109905
4,268,1885,0.119558
4,268,1885,0.113904
4,269,1886,0.112828
4,269,1886,0.113279
4,270,1887,0.112837
4,270,1887,0.114323
4,271,1888,0.112840
4,271,1888,0.115937
4,272,1889,0.113584
4,272,1889,0.115558
4,273,1890,0.113771
4,273,1890,0.113887
4,274,1891,0.114353
4,274,1891,0.114081
4,275,1892,0.109820
4,275,1892,0.114860
4,276,1893,0.112438
4,276,1893,0.113517
4,277,1894,0.112338
4,277,1894,0.113545
4,278,1895,0.110500
4,278,1895,0.115008
4,279,1896,0.114851
4,279,1896,0.112843
4,280,1897,0.116499
4,280,1897,0.116957
4,281,1898,0.111875
4,281,1898,0.115423
4,282,1899,0.117001
4,282,1899,0.118746
4,283,1900,0.112616
4,283,1900,0.110908
4,284,1901,0.114505
4,284,1901,0.112586
4,285,1902,0.112685
4,285,1902,0.112306
4,286,1903,0.114394
4,286,1903,0.113163
4,287,1904,0.112015
4,287,1904,0.115217
4,288,1905,0.119162
4,288,1905,0.111566
4,289,1906,0.112404
4,289,1906,0.113349
4,290,1907,0.113159
4,290,1907,0.118085
4,291,1908,0.116879
4,291,1908,0.113877
4,292,1909,0.112640
4,292,1909,0.113598
4,293,1910,0.115856
4,293,1910,0.112218
4,294,1911,0.113207
4,294,1911,0.111923
4,295,1912,0.114632
4,295,1912,0.114867
4,296,1913,0.113760
4,296,1913,0.112757
4,297,1914,0.119354
4,297,1914,0.117628
4,298,1915,0.115296
4,298,1915,0.118656
4,299,1916,0.113939
4,299,1916,0.112751
4,300,1917,0.118685
4,300,1917,0.114722
4,301,1918,0.115118
4,301,1918,0.114646
4,302,1919,0.113307
4,302,1919,0.114062
4,303,1920,0.112404
4,303,1920,0.111699
4,304,1921,0.112181
4,304,1921,0.118273
4,305,1922,0.112331
4,305,1922,0.116753
4,306,1923,0.112724
4,306,1923,0.114525
4,307,1924,0.116500
4,307,1924,0.113403
4,308,1925,0.115349
4,308,1925,0.115716
4,309,1926,0.112537
4,309,1926,0.111034
4,310,1927,0.115889
4,310,1927,0.113484
4,311,1928,0.110982
4,311,1928,0.114675
4,312,1929,0.115006
4,312,1929,0.115575
4,313,1930,0.117054
4,313,1930,0.112446
4,314,1931,0.113208
4,314,1931,0.114391
4,315,1932,0.118156
4,315,1932,0.112763
4,316,1933,0.113243
4,316,1933,0.118594
4,317,1934,0.114218
4,317,1934,0.111941
4,318,1935,0.117208
4,318,1935,0.112834
4,319,1936,0.111510
4,319,1936,0.116160
4,320,1937,0.114501
4,320,1937,0.116006
4,321,1938,0.113026
4,321,1938,0.109594
4,322,1939,0.110213
4,322,1939,0.114845
4,323,1940,0.120504
4,323,1940,0.113414
4,324,1941,0.119866
4,324,1941,0.113233
4,325,1942,0.115909
4,325,1942,0.115041
4,326,1943,0.112461
4,326,1943,0.112318
4,327,1944,0.111839
4,327,1944,0.114685
4,328,1945,0.113951
4,328,1945,0.118167
4,329,1946,0.113030
4,329,1946,0.115259
4,330,1947,0.110779
4,330,1947,0.120300
4,331,1948,0.114353
4,331,1948,0.115678
4,332,1949,0.111856
4,332,1949,0.117120
4,333,1950,0.112638
4,333,1950,0.118357
4,334,1951,0.111966
4,334,1951,0.116934
4,335,1952,0.125451
4,335,1952,0.110907
4,336,1953,0.115817
4,336,1953,0.115377
4,337,1954,0.114557
4,337,1954,0.111619
4,338,1955,0.111182
4,338,1955,0.112801
4,339,1956,0.112706
4,339,1956,0.113516
4,340,1957,0.112661
4,340,1957,0.117067
4,341,1958,0.115577
4,341,1958,0.114654
4,342,1959,0.111427
4,342,1959,0.116772
4,343,1960,0.117036
4,343,1960,0.114390
4,344,1961,0.111861
4,344,1961,0.118451
4,345,1962,0.110940
4,345,1962,0.115636
4,346,1963,0.114615
4,346,1963,0.114669
4,347,1964,0.112706
4,347,1964,0.112261
4,348,1965,0.112856
4,348,1965,0.118236
4,349,1966,0.113999
4,349,1966,0.112855
4,350,1967,0.116305
4,350,1967,0.113605
4,351,1968,0.115439
4,351,1968,0.111966
4,352,1969,0.118722
4,352,1969,0.112167
4,353,1970,0.112857
4,353,1970,0.112958
4,354,1971,0.113652
4,354,1971,0.112713
4,355,1972,0.118931
4,355,1972,0.112263
4,356,1973,0.113461
4,356,1973,0.116647
4,357,1974,0.115466
4,357,1974,0.115581
4,358,1975,0.114064
4,358,1975,0.115067
4,359,1976,0.113801
4,359,1976,0.117516
4,360,1977,0.112856
4,360,1977,0.114724
4,361,1978,0.115337
4,361,1978,0.109650
4,362,1979,0.111854
4,362,1979,0.113856
4,363,1980,0.117668
4,363,1980,0.109345
4,364,1981,0.118537
4,364,1981,0.115227
4,365,1982,0.112248
4,365,1982,0.112370
4,366,1983,0.112249
4,366,1983,0.117366
4,367,1984,0.113151
4,367,1984,0.112426
4,368,1985,0.113215
4,368,1985,0.115068
4,369,1986,0.114730
4,369,1986,0.114867
4,370,1987,0.112822
4,370,1987,0.118005
4,371,1988,0.113858
4,371,1988,0.110595
4,372,1989,0.112396
4,372,1989,0.112489
4,373,1990,0.114730
4,373,1990,0.112735
4,374,1991,0.114249
4,374,1991,0.114195
4,375,1992,0.113559
4,375,1992,0.117436
4,376,1993,0.113182
4,376,1993,0.112305
4,377,1994,0.115929
4,377,1994,0.112790
4,378,1995,0.116081
4,378,1995,0.112274
4,379,1996,0.111649
4,379,1996,0.115294
4,380,1997,0.119412
4,380,1997,0.112527
4,381,1998,0.110848
4,381,1998,0.110425
4,382,1999,0.113409
4,382,1999,0.112390
4,383,2000,0.111083
4,383,2000,0.112926
4,384,2001,0.114911
4,384,2001,0.113751
4,385,2002,0.112869
4,385,2002,0.113997
4,386,2003,0.114314
4,386,2003,0.112105
4,387,2004,0.115558
4,387,2004,0.112081
4,388,2005,0.114476
4,388,2005,0.118319
4,389,2006,0.113649
4,389,2006,0.114300
4,390,2007,0.112286
4,390,2007,0.113191
4,391,2008,0.117825
4,391,2008,0.118394
4,392,2009,0.112568
4,392,2009,0.115162
4,393,2010,0.119369
4,393,2010,0.114121
4,394,2011,0.114126
4,394,2011,0.113561
4,395,2012,0.115020
4,395,2012,0.114826
4,396,2013,0.114650
4,396,2013,0.108720
4,397,2014,0.112082
4,397,2014,0.110095
4,398,2015,0.116868
4,398,2015,0.120500
4,399,2016,0.115134
4,399,2016,0.110712
4,400,2017,0.113377
4,400,2017,0.113667
4,401,2018,0.110647
4,401,2018,0.119236
4,402,2019,0.115708
4,402,2019,0.115312
4,403,2020,0.113180
4,403,2020,0.113413
4,404,2021,0.112582
4,404,2021,0.115551
4,405,2022,0.115766
4,405,2022,0.112556
4,406,2023,0.115048
4,406,2023,0.112795
4,407,2024,0.114587
4,407,2024,0.113147
4,408,2025,0.110853
4,408,2025,0.117258
4,409,2026,0.113700
4,409,2026,0.113519
4,410,2027,0.114515
4,410,2027,0.115101
4,411,2028,0.117028
4,411,2028,0.113067
4,412,2029,0.114460
4,412,2029,0.112787
4,413,2030,0.110484
4,413,2030,0.114591
4,414,2031,0.119530
4,414,2031,0.123922
4,415,2032,0.111688
4,415,2032,0.114923
4,416,2033,0.113651
4,416,2033,0.111655
4,417,2034,0.114773
4,417,2034,0.112023
4,418,2035,0.112385
4,418,2035,0.114496
4,419,2036,0.111403
4,419,2036,0.114548
4,420,2037,0.114773
4,420,2037,0.114028
4,421,2038,0.112799
4,421,2038,0.112377
4,422,2039,0.115455
4,422,2039,0.114753
4,423,2040,0.117988
4,423,2040,0.117655
4,424,2041,0.114333
4,424,2041,0.117553
4,425,2042,0.113132
4,425,2042,0.114364
4,426,2043,0.112985
4,426,2043,0.112890
4,427,2044,0.113097
4,427,2044,0.115386
4,428,2045,0.116300
4,428,2045,0.112695
4,429,2046,0.112926
4,429,2046,0.112685
4,430,2047,0.112841
4,430,2047,0.116413
4,431,2048,0.115458
4,431,2048,0.112412
4,432,2049,0.112511
4,432,2049,0.115278
4,433,2050,0.114625
4,433,2050,0.113624
4,434,2051,0.113132
4,434,2051,0.117930
4,435,2052,0.112347
4,435,2052,0.113146
4,436,2053,0.116199
4,436,2053,0.113932
4,437,2054,0.114984
4,437,2054,0.115815
4,438,2055,0.113359
4,438,2055,0.115115
4,439,2056,0.112395
4,439,2056,0.117803
4,440,2057,0.110365
4,440,2057,0.111028
4,441,2058,0.112599
4,441,2058,0.113769
4,442,2059,0.114938
4,442,2059,0.115715
4,443,2060,0.113877
4,443,2060,0.111541
4,444,2061,0.112934
4,444,2061,0.122655
4,445,2062,0.113263
4,445,2062,0.116465
4,446,2063,0.114936
4,446,2063,0.114708
4,447,2064,0.117870
4,447,2064,0.115153
4,448,2065,0.112029
4,448,2065,0.111808
4,449,2066,0.112989
4,449,2066,0.113094
4,450,2067,0.112972
4,450,2067,0.112711
4,451,2068,0.115624
4,451,2068,0.116470
4,452,2069,0.114048
4,452,2069,0.114620
4,453,2070,0.113647
4,453,2070,0.112764
4,454,2071,0.114898
4,454,2071,0.112212
4,455,2072,0.114175
4,455,2072,0.113475
4,456,2073,0.111591
4,456,2073,0.116571
4,457,2074,0.110506
4,457,2074,0.112322
4,458,2075,0.115353
4,458,2075,0.111856
4,459,2076,0.112924
4,459,2076,0.112119
4,460,2077,0.111288
4,460,2077,0.111662
4,461,2078,0.113221
4,461,2078,0.112244
4,462,2079,0.113405
4,462,2079,0.114406
4,463,2080,0.114699
4,463,2080,0.112820
4,464,2081,0.119525
4,464,2081,0.114399
4,465,2082,0.112197
4,465,2082,0.112988
4,466,2083,0.114193
4,466,2083,0.113950
4,467,2084,0.115160
4,467,2084,0.119050
4,468,2085,0.116573
4,468,2085,0.114182
4,469,2086,0.112775
4,469,2086,0.115016
4,470,2087,0.112257
4,470,2087,0.112581
4,471,2088,0.113902
4,471,2088,0.115914
4,472,2089,0.114101
4,472,2089,0.116426
4,473,2090,0.116150
4,473,2090,0.114153
4,474,2091,0.116050
4,474,2091,0.111570
4,475,2092,0.113224
4,475,2092,0.111144
4,476,2093,0.114542
4,476,2093,0.115472
4,477,2094,0.113381
4,477,2094,0.120780
4,478,2095,0.111814
4,478,2095,0.112076
4,479,2096,0.115065
4,479,2096,0.114932
4,480,2097,0.112195
4,480,2097,0.114452
4,481,2098,0.111122
4,481,2098,0.114231
4,482,2099,0.118296
4,482,2099,0.117172
4,483,2100,0.115255
4,483,2100,0.114043
4,484,2101,0.113435
4,484,2101,0.117555
4,485,2102,0.115873
4,485,2102,0.113780
4,486,2103,0.112929
4,486,2103,0.113118
4,487,2104,0.111151
4,487,2104,0.115904
4,488,2105,0.116649
4,488,2105,0.112767
4,489,2106,0.111192
4,489,2106,0.110365
4,490,2107,0.113625
4,490,2107,0.111032
4,491,2108,0.112665
4,491,2108,0.110309
4,492,2109,0.113812
4,492,2109,0.112302
4,493,2110,0.115365
4,493,2110,0.113948
4,494,2111,0.112981
4,494,2111,0.114013
4,495,2112,0.112614
4,495,2112,0.115517
4,496,2113,0.111737
4,496,2113,0.111697
4,497,2114,0.113661
4,497,2114,0.111497
4,498,2115,0.119404
4,498,2115,0.112958
4,499,2116,0.115542
4,499,2116,0.114296
4,500,2117,0.111594
4,500,2117,0.111560
4,501,2118,0.117609
4,501,2118,0.113250
4,502,2119,0.118541
4,502,2119,0.116413
4,503,2120,0.114285
4,503,2120,0.113752
4,504,2121,0.112547
4,504,2121,0.113368
4,505,2122,0.114855
4,505,2122,0.113520
4,506,2123,0.114513
4,506,2123,0.109851
4,507,2124,0.112189
4,507,2124,0.112941
4,508,2125,0.111198
4,508,2125,0.112583
4,509,2126,0.115854
4,509,2126,0.118243
4,510,2127,0.113863
4,510,2127,0.108948
4,511,2128,0.114110
4,511,2128,0.112253
4,512,2129,0.115729
4,512,2129,0.115077
4,513,2130,0.114023
4,513,2130,0.111412
4,514,2131,0.119661
4,514,2131,0.110845
4,515,2132,0.109962
4,515,2132,0.119876
4,516,2133,0.111384
4,516,2133,0.114217
4,517,2134,0.112678
4,517,2134,0.110503
4,518,2135,0.112046
4,518,2135,0.116821
4,519,2136,0.113750
4,519,2136,0.113719
4,520,2137,0.116675
4,520,2137,0.110197
4,521,2138,0.115803
4,521,2138,0.113303
4,522,2139,0.117886
4,522,2139,0.119941
4,523,2140,0.115124
4,523,2140,0.112205
4,524,2141,0.115938
4,524,2141,0.113067
4,525,2142,0.109891
4,525,2142,0.111497
4,526,2143,0.114981
4,526,2143,0.111121
4,527,2144,0.111605
4,527,2144,0.111109
4,528,2145,0.111213
4,528,2145,0.116331
4,529,2146,0.117286
4,529,2146,0.110315
4,530,2147,0.118512
4,530,2147,0.113564
4,531,2148,0.113580
4,531,2148,0.117200
4,532,2149,0.115724
4,532,2149,0.109591
4,533,2150,0.113842
4,533,2150,0.118318
4,534,2151,0.112921
4,534,2151,0.113049
4,535,2152,0.113620
4,535,2152,0.114825
4,536,2153,0.111152
4,536,2153,0.114408
4,537,2154,0.115017
4,537,2154,0.117079
4,538,2155,0.112715
4,538,2155,0.110334
4,539,2156,0.113763
4,539,2156,0.111132
5,1,2157,0.114789
5,1,2157,0.113324
5,2,2158,0.115753
5,2,2158,0.113775
5,3,2159,0.114873
5,3,2159,0.111614
5,4,2160,0.117764
5,4,2160,0.114507
5,5,2161,0.112876
5,5,2161,0.115252
5,6,2162,0.117383
5,6,2162,0.111801
5,7,2163,0.112385
5,7,2163,0.116616
5,8,2164,0.111858
5,8,2164,0.115414
5,9,2165,0.115083
5,9,2165,0.115756
5,10,2166,0.109230
5,10,2166,0.112720
5,11,2167,0.112941
5,11,2167,0.110429
5,12,2168,0.108900
5,12,2168,0.112803
5,13,2169,0.115918
5,13,2169,0.109228
5,14,2170,0.107090
5,14,2170,0.118175
5,15,2171,0.120453
5,15,2171,0.115071
5,16,2172,0.114197
5,16,2172,0.113714
5,17,2173,0.113021
5,17,2173,0.111504
5,18,2174,0.110886
5,18,2174,0.110707
5,19,2175,0.114588
5,19,2175,0.112369
5,20,2176,0.112011
5,20,2176,0.113510
5,21,2177,0.114398
5,21,2177,0.112649
5,22,2178,0.113333
5,22,2178,0.112937
5,23,2179,0.115139
5,23,2179,0.112248
5,24,2180,0.113278
5,24,2180,0.120619
5,25,2181,0.115761
5,25,2181,0.110882
5,26,2182,0.112040
5,26,2182,0.112859
5,27,2183,0.114458
5,27,2183,0.113513
5,28,2184,0.110630
5,28,2184,0.112365
5,29,2185,0.113588
5,29,2185,0.112318
5,30,2186,0.113672
5,30,2186,0.113308
5,31,2187,0.110722
5,31,2187,0.112567
5,32,2188,0.115743
5,32,2188,0.114201
5,33,2189,0.113836
5,33,2189,0.116263
5,34,2190,0.113663
5,34,2190,0.111279
5,35,2191,0.111628
5,35,2191,0.112745
5,36,2192,0.109435
5,36,2192,0.114388
5,37,2193,0.111685
5,37,2193,0.117147
5,38,2194,0.111891
5,38,2194,0.114341
5,39,2195,0.113692
5,39,2195,0.112398
5,40,2196,0.115277
5,40,2196,0.109663
5,41,2197,0.112965
5,41,2197,0.109805
5,42,2198,0.112404
5,42,2198,0.119476
5,43,2199,0.111875
5,43,2199,0.112719
5,44,2200,0.115301
5,44,2200,0.115607
5,45,2201,0.112168
5,45,2201,0.114345
5,46,2202,0.110930
5,46,2202,0.113506
5,47,2203,0.113084
5,47,2203,0.116284
5,48,2204,0.111367
5,48,2204,0.115256
5,49,2205,0.113974
5,49,2205,0.120166
5,50,2206,0.112538
5,50,2206,0.110438
5,51,2207,0.113368
5,51,2207,0.114799
5,52,2208,0.109956
5,52,2208,0.112514
5,53,2209,0.114324
5,53,2209,0.113660
5,54,2210,0.111346
5,54,2210,0.114163
5,55,2211,0.111373
5,55,2211,0.110969
5,56,2212,0.114758
5,56,2212,0.114127
5,57,2213,0.111893
5,57,2213,0.114500
5,58,2214,0.111865
5,58,2214,0.111906
5,59,2215,0.115880
5,59,2215,0.115314
5,60,2216,0.113406
5,60,2216,0.113367
5,61,2217,0.111675
5,61,2217,0.113764
5,62,2218,0.116389
5,62,2218,0.113500
5,63,2219,0.111661
5,63,2219,0.114020
5,64,2220,0.112121
5,64,2220,0.113779
5,65,2221,0.112158
5,65,2221,0.113748
5,66,2222,0.111653
5,66,2222,0.115994
5,67,2223,0.114026
5,67,2223,0.114547
5,68,2224,0.112887
5,68,2224,0.109393
5,69,2225,0.112059
5,69,2225,0.114483
5,70,2226,0.112137
5,70,2226,0.112660
5,71,2227,0.113765
5,71,2227,0.119624
5,72,2228,0.114362
5,72,2228,0.114115
5,73,2229,0.113197
5,73,2229,0.113423
5,74,2230,0.114424
5,74,2230,0.112722
5,75,2231,0.113117
5,75,2231,0.114999
5,76,2232,0.115157
5,76,2232,0.110459
5,77,2233,0.116829
5,77,2233,0.115634
5,78,2234,0.112168
5,78,2234,0.116240
5,79,2235,0.112402
5,79,2235,0.112244
5,80,2236,0.114749
5,80,2236,0.114592
5,81,2237,0.111178
5,81,2237,0.112787
5,82,2238,0.116171
5,82,2238,0.115334
5,83,2239,0.109462
5,83,2239,0.113467
5,84,2240,0.112236
5,84,2240,0.113288
5,85,2241,0.110306
5,85,2241,0.112946
5,86,2242,0.113309
5,86,2242,0.112554
5,87,2243,0.113366
5,87,2243,0.112156
5,88,2244,0.113349
5,88,2244,0.118092
5,89,2245,0.108552
5,89,2245,0.111693
5,90,2246,0.112379
5,90,2246,0.112766
5,91,2247,0.109341
5,91,2247,0.118642
5,92,2248,0.115187
5,92,2248,0.112609
5,93,2249,0.119100
5,93,2249,0.111315
5,94,2250,0.114506
5,94,2250,0.118991
5,95,2251,0.111738
5,95,2251,0.112024
5,96,2252,0.109848
5,96,2252,0.115844
5,97,2253,0.116106
5,97,2253,0.116479
5,98,2254,0.112923
5,98,2254,0.113164
5,99,2255,0.115199
5,99,2255,0.113826
5,100,2256,0.112815
5,100,2256,0.113003
5,101,2257,0.112574
5,101,2257,0.111031
5,102,2258,0.111232
5,102,2258,0.111443
5,103,2259,0.114227
5,103,2259,0.114006
5,104,2260,0.113558
5,104,2260,0.115681
5,105,2261,0.115984
5,105,2261,0.113006
5,106,2262,0.110770
5,106,2262,0.116016
5,107,2263,0.115888
5,107,2263,0.117336
5,108,2264,0.113674
5,108,2264,0.108274
5,109,2265,0.110393
5,109,2265,0.112359
5,110,2266,0.114645
5,110,2266,0.112922
5,111,2267,0.111693
5,111,2267,0.114581
5,112,2268,0.112431
5,112,2268,0.112016
5,113,2269,0.115386
5,113,2269,0.114356
5,114,2270,0.113670
5,114,2270,0.112860
5,115,2271,0.119257
5,115,2271,0.111623
5,116,2272,0.113906
5,116,2272,0.114257
5,117,2273,0.111025
5,117,2273,0.109367
5,118,2274,0.115556
5,118,2274,0.114271
5,119,2275,0.110726
5,119,2275,0.114043
5,120,2276,0.114984
5,120,2276,0.117040
5,121,2277,0.114791
5,121,2277,0.115550
5,122,2278,0.118635
5,122,2278,0.111634
5,123,2279,0.109694
5,123,2279,0.110681
5,124,2280,0.115048
5,124,2280,0.113364
5,125,2281,0.113886
5,125,2281,0.110297
5,126,2282,0.113265
5,126,2282,0.114572
5,127,2283,0.112303
5,127,2283,0.110416
5,128,2284,0.112310
5,128,2284,0.115375
5,129,2285,0.113920
5,129,2285,0.114484
5,130,2286,0.116044
5,130,2286,0.111924
5,131,2287,0.112662
5,131,2287,0.112613
5,132,2288,0.112547
5,132,2288,0.115563
5,133,2289,0.116740
5,133,2289,0.113114
5,134,2290,0.112670
5,134,2290,0.112954
5,135,2291,0.114291
5,135,2291,0.111070
5,136,2292,0.119849
5,136,2292,0.112559
5,137,2293,0.113333
5,137,2293,0.111764
5,138,2294,0.109530
5,138,2294,0.111457
5,139,2295,0.110226
5,139,2295,0.113034
5,140,2296,0.112270
5,140,2296,0.110736
5,141,2297,0.114965
5,141,2297,0.118866
5,142,2298,0.115174
5,142,2298,0.112281
5,143,2299,0.112810
5,143,2299,0.114898
5,144,2300,0.114398
5,144,2300,0.112530
5,145,2301,0.108359
5,145,2301,0.113968
5,146,2302,0.118693
5,146,2302,0.112577
5,147,2303,0.115486
5,147,2303,0.110982
5,148,2304,0.115529
5,148,2304,0.118351
5,149,2305,0.112561
5,149,2305,0.114474
5,150,2306,0.110349
5,150,2306,0.111035
5,151,2307,0.115986
5,151,2307,0.108853
5,152,2308,0.113100
5,152,2308,0.113072
5,153,2309,0.110024
5,153,2309,0.115834
5,154,2310,0.114315
5,154,2310,0.114840
5,155,2311,0.111382
5,155,2311,0.113828
5,156,2312,0.109683
5,156,2312,0.112362
5,157,2313,0.112335
5,157,2313,0.118488
5,158,2314,0.117865
5,158,2314,0.113808
5,159,2315,0.114042
5,159,2315,0.113280
5,160,2316,0.112342
5,160,2316,0.115878
5,161,2317,0.116753
5,161,2317,0.115134
5,162,2318,0.114056
5,162,2318,0.114819
5,163,2319,0.115418
5,163,2319,0.115275
5,164,2320,0.117748
5,164,2320,0.112059
5,165,2321,0.112377
5,165,2321,0.112378
5,166,2322,0.110619
5,166,2322,0.112248
5,167,2323,0.116946
5,167,2323,0.114824
5,168,2324,0.110478
5,168,2324,0.110251
5,169,2325,0.114322
5,169,2325,0.108763
5,170,2326,0.120727
5,170,2326,0.113922
5,171,2327,0.114269
5,171,2327,0.114869
5,172,2328,0.114176
5,172,2328,0.116591
5,173,2329,0.112774
5,173,2329,0.113121
5,174,2330,0.112980
5,174,2330,0.111825
5,175,2331,0.113130
5,175,2331,0.111313
5,176,2332,0.115506
5,176,2332,0.113966
5,177,2333,0.112937
5,177,2333,0.112932
5,178,2334,0.113605
5,178,2334,0.115240
5,179,2335,0.114351
5,179,2335,0.110672
5,180,2336,0.110972
5,180,2336,0.111993
5,181,2337,0.112236
5,181,2337,0.115057
5,182,2338,0.117429
5,182,2338,0.110444
5,183,2339,0.112166
5,183,2339,0.112445
5,184,2340,0.108174
5,184,2340,0.117028
5,185,2341,0.112859
5,185,2341,0.115082
5,186,2342,0.111664
5,186,2342,0.116541
5,187,2343,0.110334
5,187,2343,0.113235
5,188,2344,0.109995
5,188,2344,0.118079
5,189,2345,0.112613
5,189,2345,0.112579
5,190,2346,0.119987
5,190,2346,0.113809
5,191,2347,0.114270
5,191,2347,0.115675
5,192,2348,0.114128
5,192,2348,0.114843
5,193,2349,0.115037
5,193,2349,0.116335
5,194,2350,0.112457
5,194,2350,0.112969
5,195,2351,0.113872
5,195,2351,0.113045
5,196,2352,0.109719
5,196,2352,0.109870
5,197,2353,0.115890
5,197,2353,0.111462
5,198,2354,0.119820
5,198,2354,0.111843
5,199,2355,0.113364
5,199,2355,0.113076
5,200,2356,0.119143
5,200,2356,0.113310
5,201,2357,0.114458
5,201,2357,0.118531
5,202,2358,0.114087
5,202,2358,0.113541
5,203,2359,0.114542
5,203,2359,0.111411
5,204,2360,0.113953
5,204,2360,0.114429
5,205,2361,0.113919
5,205,2361,0.112419
5,206,2362,0.109647
5,206,2362,0.112857
5,207,2363,0.115139
5,207,2363,0.112293
5,208,2364,0.112457
5,208,2364,0.115515
5,209,2365,0.115461
5,209,2365,0.113501
5,210,2366,0.116238
5,210,2366,0.110050
5,211,2367,0.111293
5,211,2367,0.118911
5,212,2368,0.114797
5,212,2368,0.111689
5,213,2369,0.114728
5,213,2369,0.112117
5,214,2370,0.114197
5,214,2370,0.115306
5,215,2371,0.112176
5,215,2371,0.111906
5,216,2372,0.115523
5,216,2372,0.115993
5,217,2373,0.115150
5,217,2373,0.113625
5,218,2374,0.113925
5,218,2374,0.112028
5,219,2375,0.118918
5,219,2375,0.115452
5,220,2376,0.112579
5,220,2376,0.112019
5,221,2377,0.112609
5,221,2377,0.112054
5,222,2378,0.114095
5,222,2378,0.115576
5,223,2379,0.118309
5,223,2379,0.110261
5,224,2380,0.116070
5,224,2380,0.112886
5,225,2381,0.112867
5,225,2381,0.117250
5,226,2382,0.113524
5,226,2382,0.114469
5,227,2383,0.118122
5,227,2383,0.112261
5,228,2384,0.115989
5,228,2384,0.115041
5,229,2385,0.113640
5,229,2385,0.114489
5,230,2386,0.116322
5,230,2386,0.112290
5,231,2387,0.114261
5,231,2387,0.113180
5,232,2388,0.112320
5,232,2388,0.116339
5,233,2389,0.116040
5,233,2389,0.112991
5,234,2390,0.114476
5,234,2390,0.112064
5,235,2391,0.112286
5,235,2391,0.113171
5,236,2392,0.110669
5,236,2392,0.114637
5,237,2393,0.109380
5,237,2393,0.110609
5,238,2394,0.117030
5,238,2394,0.117950
5,239,2395,0.115636
5,239,2395,0.114477
5,240,2396,0.111214
5,240,2396,0.110198
5,241,2397,0.112274
5,241,2397,0.115210
5,242,2398,0.116201
5,242,2398,0.110642
5,243,2399,0.114921
5,243,2399,0.110293
5,244,2400,0.113974
5,244,2400,0.112651
5,245,2401,0.112690
5,245,2401,0.113074
5,246,2402,0.113343
5,246,2402,0.114078
5,247,2403,0.114164
5,247,2403,0.114859
5,248,2404,0.112897
5,248,2404,0.118357
5,249,2405,0.112347
5,249,2405,0.109717
5,250,2406,0.114063
5,250,2406,0.110583
5,251,2407,0.112304
5,251,2407,0.110686
5,252,2408,0.110884
5,252,2408,0.113587
5,253,2409,0.114163
5,253,2409,0.112614
5,254,2410,0.113366
5,254,2410,0.111803
5,255,2411,0.115472
5,255,2411,0.113845
5,256,2412,0.113957
5,256,2412,0.110689
5,257,2413,0.120154
5,257,2413,0.111373
5,258,2414,0.113204
5,258,2414,0.112982
5,259,2415,0.113814
5,259,2415,0.113264
5,260,2416,0.111622
5,260,2416,0.114233
5,261,2417,0.116412
5,261,2417,0.112362
5,262,2418,0.111967
5,262,2418,0.113217
5,263,2419,0.113751
5,263,2419,0.112942
5,264,2420,0.113715
5,264,2420,0.113343
5,265,2421,0.111974
5,265,2421,0.113161
5,266,2422,0.114934
5,266,2422,0.112170
5,267,2423,0.109703
5,267,2423,0.120783
5,268,2424,0.113951
5,268,2424,0.113247
5,269,2425,0.116338
5,269,2425,0.110300
5,270,2426,0.114123
5,270,2426,0.119051
5,271,2427,0.113473
5,271,2427,0.114292
5,272,2428,0.110579
5,272,2428,0.113993
5,273,2429,0.111984
5,273,2429,0.110687
5,274,2430,0.112301
5,274,2430,0.118099
5,275,2431,0.111250
5,275,2431,0.116854
5,276,2432,0.115429
5,276,2432,0.111342
5,277,2433,0.112729
5,277,2433,0.109703
5,278,2434,0.114124
5,278,2434,0.116110
5,279,2435,0.114011
5,279,2435,0.112194
5,280,2436,0.115455
5,280,2436,0.113853
5,281,2437,0.111477
5,281,2437,0.112491
5,282,2438,0.117595
5,282,2438,0.111769
5,283,2439,0.114775
5,283,2439,0.119598
5,284,2440,0.113218
5,284,2440,0.111321
5,285,2441,0.115322
5,285,2441,0.119381
5,286,2442,0.116683
5,286,2442,0.111761
5,287,2443,0.114930
5,287,2443,0.114906
5,288,2444,0.110341
5,288,2444,0.112913
5,289,2445,0.111676
5,289,2445,0.114230
5,290,2446,0.111993
5,290,2446,0.111571
5,291,2447,0.112836
5,291,2447,0.111626
5,292,2448,0.114067
5,292,2448,0.114633
5,293,2449,0.114800
5,293,2449,0.115071
5,294,2450,0.114743
5,294,2450,0.110379
5,295,2451,0.116038
5,295,2451,0.117202
5,296,2452,0.112319
5,296,2452,0.111212
5,297,2453,0.111056
5,297,2453,0.112891
5,298,2454,0.115596
5,298,2454,0.109540
5,299,2455,0.112441
5,299,2455,0.112892
5,300,2456,0.114832
5,300,2456,0.117868
5,301,2457,0.110384
5,301,2457,0.116376
5,302,2458,0.111804
5,302,2458,0.110081
5,303,2459,0.114576
5,303,2459,0.109835
5,304,2460,0.113170
5,304,2460,0.113635
5,305,2461,0.111918
5,305,2461,0.114702
5,306,2462,0.114284
5,306,2462,0.111420
5,307,2463,0.120246
5,307,2463,0.110963
5,308,2464,0.114266
5,308,2464,0.114069
5,309,2465,0.115652
5,309,2465,0.111510
5,310,2466,0.110810
5,310,2466,0.113683
5,311,2467,0.111598
5,311,2467,0.117866
5,312,2468,0.113400
5,312,2468,0.113608
5,313,2469,0.113273
5,313,2469,0.120347
5,314,2470,0.118489
5,314,2470,0.111355
5,315,2471,0.113638
5,315,2471,0.115248
5,316,2472,0.115495
5,316,2472,0.114552
5,317,2473,0.113013
5,317,2473,0.112460
5,318,2474,0.112351
5,318,2474,0.117766
5,319,2475,0.111353
5,319,2475,0.113826
5,320,2476,0.112885
5,320,2476,0.113452
5,321,2477,0.108445
5,321,2477,0.110659
5,322,2478,0.115277
5,322,2478,0.112113
5,323,2479,0.113953
5,323,2479,0.118540
5,324,2480,0.116055
5,324,2480,0.112335
5,325,2481,0.113208
5,325,2481,0.110674
5,326,2482,0.113018
5,326,2482,0.113814
5,327,2483,0.113590
5,327,2483,0.113334
5,328,2484,0.114081
5,328,2484,0.118232
5,329,2485,0.112381
5,329,2485,0.112280
5,330,2486,0.109716
5,330,2486,0.111764
5,331,2487,0.113880
5,331,2487,0.110858
5,332,2488,0.116354
5,332,2488,0.114705
5,333,2489,0.111629
5,333,2489,0.110897
5,334,2490,0.114389
5,334,2490,0.114507
5,335,2491,0.112069
5,335,2491,0.115280
5,336,2492,0.113709
5,336,2492,0.113751
5,337,2493,0.112438
5,337,2493,0.111389
5,338,2494,0.114128
5,338,2494,0.117450
5,339,2495,0.116501
5,339,2495,0.113796
5,340,2496,0.113107
5,340,2496,0.114596
5,341,2497,0.111610
5,341,2497,0.112668
5,342,2498,0.113520
5,342,2498,0.119235
5,343,2499,0.115102
5,343,2499,0.113042
5,344,2500,0.114238
5,344,2500,0.110701
5,345,2501,0.112938
5,345,2501,0.108682
5,346,2502,0.112882
5,346,2502,0.116814
5,347,2503,0.113602
5,347,2503,0.115389
5,348,2504,0.113401
5,348,2504,0.115113
5,349,2505,0.113332
5,349,2505,0.111632
5,350,2506,0.112551
5,350,2506,0.114994
5,351,2507,0.114600
5,351,2507,0.113366
5,352,2508,0.111642
5,352,2508,0.111660
5,353,2509,0.111090
5,353,2509,0.114957
5,354,2510,0.114125
5,354,2510,0.115205
5,355,2511,0.114440
5,355,2511,0.113778
5,356,2512,0.116557
5,356,2512,0.120502
5,357,2513,0.114116
5,357,2513,0.115170
5,358,2514,0.111811
5,358,2514,0.112319
5,359,2515,0.111239
5,359,2515,0.112525
5,360,2516,0.113390
5,360,2516,0.119561
5,361,2517,0.113731
5,361,2517,0.114875
5,362,2518,0.119502
5,362,2518,0.117756
5,363,2519,0.115010
5,363,2519,0.111941
5,364,2520,0.114859
5,364,2520,0.115091
5,365,2521,0.113550
5,365,2521,0.116269
5,366,2522,0.110211
5,366,2522,0.114933
5,367,2523,0.114039
5,367,2523,0.115892
5,368,2524,0.116259
5,368,2524,0.112709
5,369,2525,0.111964
5,369,2525,0.119818
5,370,2526,0.110633
5,370,2526,0.114544
5,371,2527,0.113898
5,371,2527,0.112241
5,372,2528,0.111160
5,372,2528,0.113440
5,373,2529,0.115811
5,373,2529,0.116078
5,374,2530,0.113245
5,374,2530,0.112645
5,375,2531,0.117843
5,375,2531,0.112488
5,376,2532,0.112750
5,376,2532,0.110553
5,377,2533,0.113425
5,377,2533,0.115303
5,378,2534,0.114184
5,378,2534,0.120287
5,379,2535,0.110629
5,379,2535,0.112262
5,380,2536,0.113320
5,380,2536,0.113610
5,381,2537,0.111711
5,381,2537,0.116179
5,382,2538,0.109235
5,382,2538,0.112967
5,383,2539,0.113422
5,383,2539,0.113294
5,384,2540,0.109158
5,384,2540,0.113831
5,385,2541,0.112264
5,385,2541,0.115603
5,386,2542,0.110974
5,386,2542,0.109913
5,387,2543,0.114032
5,387,2543,0.113207
5,388,2544,0.112117
5,388,2544,0.118686
5,389,2545,0.112699
5,389,2545,0.114413
5,390,2546,0.119209
5,390,2546,0.115076
5,391,2547,0.113766
5,391,2547,0.110261
5,392,2548,0.114847
5,392,2548,0.115281
5,393,2549,0.115076
5,393,2549,0.111092
5,394,2550,0.112911
5,394,2550,0.112892
5,395,2551,0.117761
5,395,2551,0.108233
5,396,2552,0.116989
5,396,2552,0.113859
5,397,2553,0.112539
5,397,2553,0.112298
5,398,2554,0.110455
5,398,2554,0.114118
5,399,2555,0.109279
5,399,2555,0.116300
5,400,2556,0.114321
5,400,2556,0.116074
5,401,2557,0.114776
5,401,2557,0.116799
5,402,2558,0.112644
5,402,2558,0.113005
5,403,2559,0.111691
5,403,2559,0.116494
5,404,2560,0.113689
5,404,2560,0.110562
5,405,2561,0.111429
5,405,2561,0.112328
5,406,2562,0.109763
5,406,2562,0.112630
5,407,2563,0.113057
5,407,2563,0.110159
5,408,2564,0.112982
5,408,2564,0.110510
5,409,2565,0.112320
5,409,2565,0.114827
5,410,2566,0.110693
5,410,2566,0.111367
5,411,2567,0.112783
5,411,2567,0.113863
5,412,2568,0.112136
5,412,2568,0.111803
5,413,2569,0.113669
5,413,2569,0.113345
5,414,2570,0.111208
5,414,2570,0.113051
5,415,2571,0.109651
5,415,2571,0.110522
5,416,2572,0.112171
5,416,2572,0.114232
5,417,2573,0.116750
5,417,2573,0.110366
5,418,2574,0.115153
5,418,2574,0.107730
5,419,2575,0.113339
5,419,2575,0.112929
5,420,2576,0.116071
5,420,2576,0.112062
5,421,2577,0.113037
5,421,2577,0.112783
5,422,2578,0.111721
5,422,2578,0.109103
5,423,2579,0.112627
5,423,2579,0.112956
5,424,2580,0.113157
5,424,2580,0.113374
5,425,2581,0.113198
5,425,2581,0.108428
5,426,2582,0.112319
5,426,2582,0.112591
5,427,2583,0.114868
5,427,2583,0.112407
5,428,2584,0.112027
5,428,2584,0.113510
5,429,2585,0.115140
5,429,2585,0.112365
5,430,2586,0.113651
5,430,2586,0.111863
5,431,2587,0.112004
5,431,2587,0.114691
5,432,2588,0.111463
5,432,2588,0.113799
5,433,2589,0.113350
5,433,2589,0.119881
5,434,2590,0.111795
5,434,2590,0.114347
5,435,2591,0.119261
5,435,2591,0.114579
5,436,2592,0.112471
5,436,2592,0.113239
5,437,2593,0.112747
5,437,2593,0.111676
5,438,2594,0.109320
5,438,2594,0.111151
5,439,2595,0.117875
5,439,2595,0.109510
5,440,2596,0.109931
5,440,2596,0.110564
5,441,2597,0.117125
5,441,2597,0.113124
5,442,2598,0.110334
5,442,2598,0.112011
5,443,2599,0.109358
5,443,2599,0.113133
5,444,2600,0.114956
5,444,2600,0.115001
5,445,2601,0.110504
5,445,2601,0.112653
5,446,2602,0.112725
5,446,2602,0.116891
5,447,2603,0.109076
5,447,2603,0.110210
5,448,2604,0.115245
5,448,2604,0.109125
5,449,2605,0.111381
5,449,2605,0.114155
5,450,2606,0.111711
5,450,2606,0.111636
5,451,2607,0.112861
5,451,2607,0.110172
5,452,2608,0.112985
5,452,2608,0.116369
5,453,2609,0.113663
5,453,2609,0.122856
5,454,2610,0.112284
5,454,2610,0.113238
5,455,2611,0.110814
5,455,2611,0.112723
5,456,2612,0.113026
5,456,2612,0.112841
5,457,2613,0.112262
5,457,2613,0.115880
5,458,2614,0.114391
5,458,2614,0.113989
5,459,2615,0.110402
5,459,2615,0.111879
5,460,2616,0.112509
5,460,2616,0.112036
5,461,2617,0.113003
5,461,2617,0.114624
5,462,2618,0.116815
5,462,2618,0.114585
5,463,2619,0.110637
5,463,2619,0.110040
5,464,2620,0.113479
5,464,2620,0.115484
5,465,2621,0.116027
5,465,2621,0.111611
5,466,2622,0.112624
5,466,2622,0.117602
5,467,2623,0.112672
5,467,2623,0.115112
5,468,2624,0.113676
5,468,2624,0.112174
5,469,2625,0.114766
5,469,2625,0.114572
5,470,2626,0.113616
5,470,2626,0.117558
5,471,2627,0.112040
5,471,2627,0.111857
5,472,2628,0.112712
5,472,2628,0.112208
5,473,2629,0.115559
5,473,2629,0.111786
5,474,2630,0.114571
5,474,2630,0.112932
5,475,2631,0.113138
5,475,2631,0.113782
5,476,2632,0.111148
5,476,2632,0.112737
5,477,2633,0.114283
5,477,2633,0.111347
5,478,2634,0.111211
5,478,2634,0.117562
5,479,2635,0.114795
5,479,2635,0.110505
5,480,2636,0.112524
5,480,2636,0.116757
5,481,2637,0.112373
5,481,2637,0.110529
5,482,2638,0.118778
5,482,2638,0.113183
5,483,2639,0.110674
5,483,2639,0.111912
5,484,2640,0.113625
5,484,2640,0.110694
5,485,2641,0.111073
5,485,2641,0.109524
5,486,2642,0.114239
5,486,2642,0.112670
5,487,2643,0.112269
5,487,2643,0.108273
5,488,2644,0.109181
5,488,2644,0.114372
5,489,2645,0.114578
5,489,2645,0.114374
5,490,2646,0.111957
5,490,2646,0.114863
5,491,2647,0.113623
5,491,2647,0.110823
5,492,2648,0.110132
5,492,2648,0.111116
5,493,2649,0.109845
5,493,2649,0.113254
5,494,2650,0.113540
5,494,2650,0.114951
5,495,2651,0.115778
5,495,2651,0.111358
5,496,2652,0.110086
5,496,2652,0.113353
5,497,2653,0.115240
5,497,2653,0.113083
5,498,2654,0.112804
5,498,2654,0.116107
5,499,2655,0.109749
5,499,2655,0.110568
5,500,2656,0.119918
5,500,2656,0.112950
5,501,2657,0.112715
5,501,2657,0.117777
5,502,2658,0.113014
5,502,2658,0.117339
5,503,2659,0.111394
5,503,2659,0.112247
5,504,2660,0.111426
5,504,2660,0.115509
5,505,2661,0.114916
5,505,2661,0.112726
5,506,2662,0.110776
5,506,2662,0.112064
5,507,2663,0.111473
5,507,2663,0.110490
5,508,2664,0.112222
5,508,2664,0.114315
5,509,2665,0.113985
5,509,2665,0.114003
5,510,2666,0.111908
5,510,2666,0.112200
5,511,2667,0.111451
5,511,2667,0.116271
5,512,2668,0.113826
5,512,2668,0.112506
5,513,2669,0.113500
5,513,2669,0.114217
5,514,2670,0.113677
5,514,2670,0.112204
5,515,2671,0.112794
5,515,2671,0.110295
5,516,2672,0.113336
5,516,2672,0.111442
5,517,2673,0.112615
5,517,2673,0.114003
5,518,2674,0.115787
5,518,2674,0.111803
5,519,2675,0.108839
5,519,2675,0.113128
5,520,2676,0.112374
5,520,2676,0.110322
5,521,2677,0.119769
5,521,2677,0.109551
5,522,2678,0.113717
5,522,2678,0.109573
5,523,2679,0.111626
5,523,2679,0.110866
5,524,2680,0.112101
5,524,2680,0.112628
5,525,2681,0.113660
5,525,2681,0.110083
5,526,2682,0.111361
5,526,2682,0.109838
5,527,2683,0.113081
5,527,2683,0.112544
5,528,2684,0.117258
5,528,2684,0.118283
5,529,2685,0.109078
5,529,2685,0.115185
5,530,2686,0.113851
5,530,2686,0.109580
5,531,2687,0.112238
5,531,2687,0.113624
5,532,2688,0.111802
5,532,2688,0.116979
5,533,2689,0.115313
5,533,2689,0.113919
5,534,2690,0.112695
5,534,2690,0.112802
5,535,2691,0.109570
5,535,2691,0.114193
5,536,2692,0.111489
5,536,2692,0.113465
5,537,2693,0.114107
5,537,2693,0.115023
5,538,2694,0.113716
5,538,2694,0.111189
5,539,2695,0.115310
5,539,2695,0.115443
