Epoch,Step,Global_Step,Loss
1,1,1,0.111426
1,1,1,0.110678
1,1,1,0.107993
1,1,1,0.110050
1,1,1,0.108207
1,1,1,0.116441
1,1,1,0.107938
1,2,2,0.587560
1,2,2,0.575212
1,2,2,0.573483
1,2,2,0.566445
1,2,2,0.574986
1,2,2,0.591341
1,2,2,0.577418
1,3,3,0.534958
1,3,3,0.556542
1,3,3,0.538126
1,3,3,0.524722
1,3,3,0.533179
1,3,3,0.532393
1,3,3,0.525728
1,4,4,0.316167
1,4,4,0.309451
1,4,4,0.300078
1,4,4,0.310509
1,4,4,0.312762
1,4,4,0.302064
1,4,4,0.316121
1,5,5,0.263705
1,5,5,0.260750
1,5,5,0.261742
1,5,5,0.264442
1,5,5,0.266792
1,5,5,0.266886
1,5,5,0.263036
1,6,6,0.259802
1,6,6,0.256139
1,6,6,0.252832
1,6,6,0.260782
1,6,6,0.259200
1,6,6,0.259107
1,6,6,0.265039
1,7,7,0.245483
1,7,7,0.249126
1,7,7,0.242350
1,7,7,0.242641
1,7,7,0.246417
1,7,7,0.242665
1,7,7,0.245619
1,8,8,0.230968
1,8,8,0.224410
1,8,8,0.225632
1,8,8,0.232170
1,8,8,0.232103
1,8,8,0.234375
1,8,8,0.222827
1,9,9,0.235098
1,9,9,0.233246
1,9,9,0.233912
1,9,9,0.231106
1,9,9,0.232212
1,9,9,0.234564
1,9,9,0.233559
1,10,10,0.229099
1,10,10,0.230496
1,10,10,0.226341
1,10,10,0.231553
1,10,10,0.228252
1,10,10,0.226209
1,10,10,0.224137
1,11,11,0.213542
1,11,11,0.211047
1,11,11,0.210639
1,11,11,0.217146
1,11,11,0.217320
1,11,11,0.217673
1,11,11,0.218337
1,12,12,0.210940
1,12,12,0.212024
1,12,12,0.212921
1,12,12,0.215317
1,12,12,0.213406
1,12,12,0.211323
1,12,12,0.208954
1,13,13,0.212776
1,13,13,0.208082
1,13,13,0.213829
1,13,13,0.209526
1,13,13,0.212952
1,13,13,0.215026
1,13,13,0.210667
1,14,14,0.208077
1,14,14,0.208268
1,14,14,0.205759
1,14,14,0.204259
1,14,14,0.210477
1,14,14,0.204315
1,14,14,0.205685
1,15,15,0.199308
1,15,15,0.198295
1,15,15,0.198014
1,15,15,0.202053
1,15,15,0.199205
1,15,15,0.200883
1,15,15,0.201780
1,16,16,0.193191
1,16,16,0.197668
1,16,16,0.194302
1,16,16,0.198049
1,16,16,0.191491
1,16,16,0.200487
1,16,16,0.197466
1,17,17,0.196821
1,17,17,0.193447
1,17,17,0.197812
1,17,17,0.194679
1,17,17,0.196601
1,17,17,0.198518
1,17,17,0.201629
1,18,18,0.190948
1,18,18,0.195144
1,18,18,0.195592
1,18,18,0.192592
1,18,18,0.192643
1,18,18,0.195293
1,18,18,0.195300
1,19,19,0.185929
1,19,19,0.192620
1,19,19,0.188913
1,19,19,0.189493
1,19,19,0.191753
1,19,19,0.190804
1,19,19,0.190252
1,20,20,0.190290
1,20,20,0.184890
1,20,20,0.187389
1,20,20,0.191221
1,20,20,0.185694
1,20,20,0.190468
1,20,20,0.186847
1,21,21,0.183669
1,21,21,0.182108
1,21,21,0.184711
1,21,21,0.184220
1,21,21,0.183479
1,21,21,0.188982
1,21,21,0.183323
1,22,22,0.184087
1,22,22,0.183256
1,22,22,0.189338
1,22,22,0.184270
1,22,22,0.180388
1,22,22,0.189444
1,22,22,0.185555
1,23,23,0.182779
1,23,23,0.182994
1,23,23,0.185388
1,23,23,0.183766
1,23,23,0.179729
1,23,23,0.182480
1,23,23,0.180841
1,24,24,0.177444
1,24,24,0.180538
1,24,24,0.182273
1,24,24,0.177403
1,24,24,0.180666
1,24,24,0.179109
1,24,24,0.178080
1,25,25,0.178375
1,25,25,0.174583
1,25,25,0.176764
1,25,25,0.177168
1,25,25,0.175574
1,25,25,0.180171
1,25,25,0.175347
1,26,26,0.178084
1,26,26,0.178245
1,26,26,0.179219
1,26,26,0.178613
1,26,26,0.174874
1,26,26,0.176452
1,26,26,0.178520
1,27,27,0.172421
1,27,27,0.174296
1,27,27,0.177618
1,27,27,0.176161
1,27,27,0.175873
1,27,27,0.177486
1,27,27,0.175533
1,28,28,0.174802
1,28,28,0.172430
1,28,28,0.173034
1,28,28,0.176575
1,28,28,0.177420
1,28,28,0.175821
1,28,28,0.177249
1,29,29,0.173602
1,29,29,0.174595
1,29,29,0.174924
1,29,29,0.171073
1,29,29,0.171555
1,29,29,0.175985
1,29,29,0.170284
1,30,30,0.172812
1,30,30,0.168882
1,30,30,0.169902
1,30,30,0.168896
1,30,30,0.174966
1,30,30,0.170951
1,30,30,0.168329
1,31,31,0.170153
1,31,31,0.174162
1,31,31,0.169786
1,31,31,0.173173
1,31,31,0.170090
1,31,31,0.171479
1,31,31,0.174007
1,32,32,0.171478
1,32,32,0.168455
1,32,32,0.167293
1,32,32,0.170295
1,32,32,0.169628
1,32,32,0.166634
1,32,32,0.170810
1,33,33,0.168751
1,33,33,0.168141
1,33,33,0.167925
1,33,33,0.167982
1,33,33,0.163983
1,33,33,0.165503
1,33,33,0.167808
1,34,34,0.163900
1,34,34,0.163941
1,34,34,0.165788
1,34,34,0.165972
1,34,34,0.163014
1,34,34,0.166641
1,34,34,0.166793
1,35,35,0.165275
1,35,35,0.161914
1,35,35,0.163052
1,35,35,0.167202
1,35,35,0.167736
1,35,35,0.164649
1,35,35,0.162986
1,36,36,0.163836
1,36,36,0.165881
1,36,36,0.160806
1,36,36,0.161895
1,36,36,0.164762
1,36,36,0.163556
1,36,36,0.162745
1,37,37,0.162571
1,37,37,0.162445
1,37,37,0.159768
1,37,37,0.162462
1,37,37,0.163271
1,37,37,0.164499
1,37,37,0.163325
1,38,38,0.164759
1,38,38,0.161304
1,38,38,0.164152
1,38,38,0.158753
1,38,38,0.160376
1,38,38,0.164740
1,38,38,0.165486
1,39,39,0.164242
1,39,39,0.161174
1,39,39,0.160901
1,39,39,0.158467
1,39,39,0.160540
1,39,39,0.158312
1,39,39,0.156828
1,40,40,0.158668
1,40,40,0.157182
1,40,40,0.158412
1,40,40,0.159947
1,40,40,0.159574
1,40,40,0.160087
1,40,40,0.160190
1,41,41,0.156658
1,41,41,0.157609
1,41,41,0.155229
1,41,41,0.157905
1,41,41,0.159103
1,41,41,0.159957
1,41,41,0.160038
1,42,42,0.155185
1,42,42,0.158875
1,42,42,0.155328
1,42,42,0.159626
1,42,42,0.158529
1,42,42,0.157034
1,42,42,0.158962
1,43,43,0.157643
1,43,43,0.156622
1,43,43,0.156373
1,43,43,0.158852
1,43,43,0.159666
1,43,43,0.156354
1,43,43,0.156425
1,44,44,0.152486
1,44,44,0.158694
1,44,44,0.152629
1,44,44,0.154537
1,44,44,0.157003
1,44,44,0.156800
1,44,44,0.153379
1,45,45,0.153900
1,45,45,0.158738
1,45,45,0.154385
1,45,45,0.156099
1,45,45,0.153648
1,45,45,0.154124
1,45,45,0.152518
1,46,46,0.156270
1,46,46,0.155518
1,46,46,0.157872
1,46,46,0.155244
1,46,46,0.155254
1,46,46,0.155225
1,46,46,0.154650
1,47,47,0.153661
1,47,47,0.153868
1,47,47,0.153355
1,47,47,0.152490
1,47,47,0.156419
1,47,47,0.154138
1,47,47,0.157522
1,48,48,0.153925
1,48,48,0.153345
1,48,48,0.153502
1,48,48,0.150447
1,48,48,0.150242
1,48,48,0.154037
1,48,48,0.152825
1,49,49,0.153330
1,49,49,0.153189
1,49,49,0.152356
1,49,49,0.153275
1,49,49,0.154678
1,49,49,0.150296
1,49,49,0.156744
1,50,50,0.146550
1,50,50,0.153820
1,50,50,0.151401
1,50,50,0.152728
1,50,50,0.150128
1,50,50,0.149300
1,50,50,0.151250
1,51,51,0.152089
1,51,51,0.155470
1,51,51,0.148811
1,51,51,0.156597
1,51,51,0.150506
1,51,51,0.148258
1,51,51,0.149455
1,52,52,0.152491
1,52,52,0.150806
1,52,52,0.150089
1,52,52,0.149086
1,52,52,0.152138
1,52,52,0.150003
1,52,52,0.149656
1,53,53,0.150697
1,53,53,0.146373
1,53,53,0.149628
1,53,53,0.145026
1,53,53,0.154203
1,53,53,0.149883
1,53,53,0.150421
1,54,54,0.148352
1,54,54,0.153612
1,54,54,0.146485
1,54,54,0.151842
1,54,54,0.148505
1,54,54,0.147519
1,54,54,0.150679
1,55,55,0.144298
1,55,55,0.146053
1,55,55,0.149696
1,55,55,0.149320
1,55,55,0.144753
1,55,55,0.145418
1,55,55,0.151936
1,56,56,0.147473
1,56,56,0.150266
1,56,56,0.148742
1,56,56,0.148644
1,56,56,0.148133
1,56,56,0.147676
1,56,56,0.147396
1,57,57,0.145823
1,57,57,0.149863
1,57,57,0.145131
1,57,57,0.147906
1,57,57,0.146354
1,57,57,0.145803
1,57,57,0.145357
1,58,58,0.144624
1,58,58,0.145097
1,58,58,0.145350
1,58,58,0.146495
1,58,58,0.148856
1,58,58,0.145624
1,58,58,0.147115
1,59,59,0.144990
1,59,59,0.146210
1,59,59,0.143415
1,59,59,0.147770
1,59,59,0.147748
1,59,59,0.145037
1,59,59,0.148036
1,60,60,0.145095
1,60,60,0.142456
1,60,60,0.144950
1,60,60,0.147284
1,60,60,0.144941
1,60,60,0.142897
1,60,60,0.142981
1,61,61,0.143264
1,61,61,0.143261
1,61,61,0.145282
1,61,61,0.140594
1,61,61,0.145211
1,61,61,0.144281
1,61,61,0.143819
1,62,62,0.143157
1,62,62,0.141312
1,62,62,0.141253
1,62,62,0.143372
1,62,62,0.145900
1,62,62,0.142625
1,62,62,0.142773
1,63,63,0.142656
1,63,63,0.140522
1,63,63,0.144994
1,63,63,0.144169
1,63,63,0.142845
1,63,63,0.144696
1,63,63,0.140251
1,64,64,0.139759
1,64,64,0.142496
1,64,64,0.141842
1,64,64,0.140998
1,64,64,0.140807
1,64,64,0.138386
1,64,64,0.140670
1,65,65,0.139303
1,65,65,0.140128
1,65,65,0.141073
1,65,65,0.139053
1,65,65,0.141808
1,65,65,0.140146
1,65,65,0.142136
1,66,66,0.139411
1,66,66,0.138940
1,66,66,0.139738
1,66,66,0.140475
1,66,66,0.139648
1,66,66,0.140199
1,66,66,0.144970
1,67,67,0.139720
1,67,67,0.143690
1,67,67,0.139322
1,67,67,0.140760
1,67,67,0.141456
1,67,67,0.137337
1,67,67,0.142974
1,68,68,0.138572
1,68,68,0.139354
1,68,68,0.142423
1,68,68,0.137358
1,68,68,0.140402
1,68,68,0.139276
1,68,68,0.138145
1,69,69,0.140076
1,69,69,0.143274
1,69,69,0.140001
1,69,69,0.140040
1,69,69,0.138276
1,69,69,0.139541
1,69,69,0.142332
1,70,70,0.141160
1,70,70,0.136618
1,70,70,0.136224
1,70,70,0.137963
1,70,70,0.135607
1,70,70,0.139170
1,70,70,0.137886
1,71,71,0.140147
1,71,71,0.141565
1,71,71,0.138816
1,71,71,0.142071
1,71,71,0.141037
1,71,71,0.137766
1,71,71,0.142733
1,72,72,0.139111
1,72,72,0.140802
1,72,72,0.141965
1,72,72,0.142516
1,72,72,0.141356
1,72,72,0.140488
1,72,72,0.141760
1,73,73,0.144152
1,73,73,0.137341
1,73,73,0.140804
1,73,73,0.139830
1,73,73,0.138397
1,73,73,0.140379
1,73,73,0.137040
1,74,74,0.137628
1,74,74,0.140948
1,74,74,0.139740
1,74,74,0.139344
1,74,74,0.136388
1,74,74,0.136787
1,74,74,0.135709
1,75,75,0.134658
1,75,75,0.137955
1,75,75,0.137776
1,75,75,0.135310
1,75,75,0.136574
1,75,75,0.135284
1,75,75,0.134010
1,76,76,0.131622
1,76,76,0.134646
1,76,76,0.137234
1,76,76,0.136386
1,76,76,0.133684
1,76,76,0.135802
1,76,76,0.137826
1,77,77,0.133667
1,77,77,0.137342
1,77,77,0.139140
1,77,77,0.138753
1,77,77,0.136308
1,77,77,0.136827
1,77,77,0.133122
1,78,78,0.133425
1,78,78,0.134943
1,78,78,0.137149
1,78,78,0.137069
1,78,78,0.137377
1,78,78,0.134833
1,78,78,0.135333
1,79,79,0.132770
1,79,79,0.138503
1,79,79,0.131682
1,79,79,0.133717
1,79,79,0.134157
1,79,79,0.133633
1,79,79,0.134595
1,80,80,0.135502
1,80,80,0.132029
1,80,80,0.135558
1,80,80,0.133496
1,80,80,0.140060
1,80,80,0.132864
1,80,80,0.136903
1,81,81,0.132832
1,81,81,0.133387
1,81,81,0.134459
1,81,81,0.132550
1,81,81,0.137208
1,81,81,0.132784
1,81,81,0.134263
1,82,82,0.131146
1,82,82,0.128657
1,82,82,0.132277
1,82,82,0.134986
1,82,82,0.134546
1,82,82,0.133243
1,82,82,0.133386
1,83,83,0.134602
1,83,83,0.133634
1,83,83,0.131115
1,83,83,0.132786
1,83,83,0.132035
1,83,83,0.132312
1,83,83,0.135937
1,84,84,0.132669
1,84,84,0.136355
1,84,84,0.131383
1,84,84,0.132611
1,84,84,0.133390
1,84,84,0.132330
1,84,84,0.132054
1,85,85,0.131808
1,85,85,0.130958
1,85,85,0.134204
1,85,85,0.133039
1,85,85,0.132645
1,85,85,0.129661
1,85,85,0.132056
1,86,86,0.131105
1,86,86,0.131229
1,86,86,0.131030
1,86,86,0.133552
1,86,86,0.133243
1,86,86,0.131182
1,86,86,0.131041
1,87,87,0.131499
1,87,87,0.131101
1,87,87,0.135907
1,87,87,0.128061
1,87,87,0.129245
1,87,87,0.132532
1,87,87,0.128589
1,88,88,0.131288
1,88,88,0.133176
1,88,88,0.132627
1,88,88,0.131286
1,88,88,0.129543
1,88,88,0.130043
1,88,88,0.130927
1,89,89,0.128059
1,89,89,0.128718
1,89,89,0.128772
1,89,89,0.131805
1,89,89,0.131129
1,89,89,0.132530
1,89,89,0.129833
1,90,90,0.129672
1,90,90,0.129423
1,90,90,0.128813
1,90,90,0.129721
1,90,90,0.127768
1,90,90,0.129331
1,90,90,0.129719
1,91,91,0.126450
1,91,91,0.130098
1,91,91,0.128898
1,91,91,0.126905
1,91,91,0.130139
1,91,91,0.127662
1,91,91,0.132306
1,92,92,0.130287
1,92,92,0.130846
1,92,92,0.127711
1,92,92,0.128780
1,92,92,0.128699
1,92,92,0.130940
1,92,92,0.130555
1,93,93,0.129788
1,93,93,0.129097
1,93,93,0.126529
1,93,93,0.132617
1,93,93,0.129820
1,93,93,0.125748
1,93,93,0.127713
1,94,94,0.126768
1,94,94,0.126128
1,94,94,0.125776
1,94,94,0.128071
1,94,94,0.126972
1,94,94,0.125778
1,94,94,0.129599
1,95,95,0.127993
1,95,95,0.126021
1,95,95,0.127626
1,95,95,0.127986
1,95,95,0.125061
1,95,95,0.128977
1,95,95,0.126948
1,96,96,0.128595
1,96,96,0.131704
1,96,96,0.127928
1,96,96,0.127506
1,96,96,0.128509
1,96,96,0.126968
1,96,96,0.127275
1,97,97,0.128714
1,97,97,0.125220
1,97,97,0.125357
1,97,97,0.125617
1,97,97,0.129642
1,97,97,0.127284
1,97,97,0.130380
1,98,98,0.124515
1,98,98,0.133512
1,98,98,0.124888
1,98,98,0.125500
1,98,98,0.129099
1,98,98,0.128059
1,98,98,0.127333
1,99,99,0.131754
1,99,99,0.128496
1,99,99,0.127054
1,99,99,0.125806
1,99,99,0.127933
1,99,99,0.127324
1,99,99,0.129695
1,100,100,0.128296
1,100,100,0.131027
1,100,100,0.130531
1,100,100,0.126556
1,100,100,0.127510
1,100,100,0.126794
1,100,100,0.128035
1,101,101,0.124617
1,101,101,0.129129
1,101,101,0.130201
1,101,101,0.129538
1,101,101,0.126386
1,101,101,0.124295
1,101,101,0.123805
1,102,102,0.125268
1,102,102,0.129064
1,102,102,0.123510
1,102,102,0.126793
1,102,102,0.127609
1,102,102,0.126619
1,102,102,0.127650
1,103,103,0.127859
1,103,103,0.126452
1,103,103,0.125688
1,103,103,0.131007
1,103,103,0.128136
1,103,103,0.126086
1,103,103,0.126559
1,104,104,0.124380
1,104,104,0.128929
1,104,104,0.126179
1,104,104,0.125948
1,104,104,0.126919
1,104,104,0.126612
1,104,104,0.128259
1,105,105,0.127017
1,105,105,0.127019
1,105,105,0.122638
1,105,105,0.129625
1,105,105,0.126369
1,105,105,0.129819
1,105,105,0.125469
1,106,106,0.127105
1,106,106,0.127481
1,106,106,0.131039
1,106,106,0.127671
1,106,106,0.128929
1,106,106,0.129671
1,106,106,0.125613
1,107,107,0.125749
1,107,107,0.124342
1,107,107,0.128677
1,107,107,0.127914
1,107,107,0.124665
1,107,107,0.127956
1,107,107,0.123221
1,108,108,0.125136
1,108,108,0.128736
1,108,108,0.127300
1,108,108,0.126297
1,108,108,0.127875
1,108,108,0.127231
1,108,108,0.123433
1,109,109,0.125660
1,109,109,0.126105
1,109,109,0.126667
1,109,109,0.126077
1,109,109,0.126751
1,109,109,0.124464
1,109,109,0.127777
1,110,110,0.125086
1,110,110,0.122513
1,110,110,0.126823
1,110,110,0.129749
1,110,110,0.122278
1,110,110,0.122800
1,110,110,0.126332
1,111,111,0.128261
1,111,111,0.122805
1,111,111,0.124821
1,111,111,0.124676
1,111,111,0.125979
1,111,111,0.125664
1,111,111,0.122856
1,112,112,0.124636
1,112,112,0.124298
1,112,112,0.125537
1,112,112,0.126296
1,112,112,0.126075
1,112,112,0.124960
1,112,112,0.124862
1,113,113,0.124866
1,113,113,0.123724
1,113,113,0.130620
1,113,113,0.121933
1,113,113,0.122447
1,113,113,0.125024
1,113,113,0.121932
1,114,114,0.125163
1,114,114,0.126003
1,114,114,0.125811
1,114,114,0.122597
1,114,114,0.125967
1,114,114,0.125491
1,114,114,0.122917
1,115,115,0.124820
1,115,115,0.125909
1,115,115,0.126864
1,115,115,0.123838
1,115,115,0.123710
1,115,115,0.127376
1,115,115,0.124642
1,116,116,0.123715
1,116,116,0.127858
1,116,116,0.122303
1,116,116,0.123922
1,116,116,0.122585
1,116,116,0.122589
1,116,116,0.123813
1,117,117,0.122726
1,117,117,0.123079
1,117,117,0.121405
1,117,117,0.122475
1,117,117,0.123182
1,117,117,0.124045
1,117,117,0.126813
1,118,118,0.125694
1,118,118,0.127501
1,118,118,0.124499
1,118,118,0.121417
1,118,118,0.119466
1,118,118,0.124292
1,118,118,0.124769
1,119,119,0.131720
1,119,119,0.121887
1,119,119,0.122754
1,119,119,0.122476
1,119,119,0.122635
1,119,119,0.122427
1,119,119,0.123964
1,120,120,0.122380
1,120,120,0.127937
1,120,120,0.125191
1,120,120,0.123909
1,120,120,0.125739
1,120,120,0.124169
1,120,120,0.125229
1,121,121,0.125724
1,121,121,0.125475
1,121,121,0.124277
1,121,121,0.124979
1,121,121,0.121181
1,121,121,0.123125
1,121,121,0.127739
1,122,122,0.122964
1,122,122,0.123934
1,122,122,0.123768
1,122,122,0.128286
1,122,122,0.124128
1,122,122,0.124251
1,122,122,0.121241
1,123,123,0.120849
1,123,123,0.126022
1,123,123,0.120259
1,123,123,0.124271
1,123,123,0.123051
1,123,123,0.122185
1,123,123,0.124366
1,124,124,0.126349
1,124,124,0.122607
1,124,124,0.123821
1,124,124,0.123281
1,124,124,0.124568
1,124,124,0.123252
1,124,124,0.121646
1,125,125,0.124447
1,125,125,0.119560
1,125,125,0.123140
1,125,125,0.128401
1,125,125,0.123683
1,125,125,0.125175
1,125,125,0.119825
1,126,126,0.123146
1,126,126,0.125149
1,126,126,0.122965
1,126,126,0.121320
1,126,126,0.122613
1,126,126,0.127807
1,126,126,0.121313
1,127,127,0.122139
1,127,127,0.122972
1,127,127,0.119441
1,127,127,0.118150
1,127,127,0.124857
1,127,127,0.121219
1,127,127,0.124024
1,128,128,0.121065
1,128,128,0.119439
1,128,128,0.121599
1,128,128,0.122212
1,128,128,0.119720
1,128,128,0.119336
1,128,128,0.122018
1,129,129,0.124271
1,129,129,0.121707
1,129,129,0.119267
1,129,129,0.121969
1,129,129,0.120219
1,129,129,0.119643
1,129,129,0.119587
1,130,130,0.122062
1,130,130,0.122648
1,130,130,0.122033
1,130,130,0.120044
1,130,130,0.119942
1,130,130,0.123249
1,130,130,0.121244
1,131,131,0.121010
1,131,131,0.123565
1,131,131,0.123411
1,131,131,0.121980
1,131,131,0.122588
1,131,131,0.121820
1,131,131,0.120005
1,132,132,0.120633
1,132,132,0.118963
1,132,132,0.123196
1,132,132,0.122265
1,132,132,0.123398
1,132,132,0.122530
1,132,132,0.126142
1,133,133,0.120258
1,133,133,0.123514
1,133,133,0.120216
1,133,133,0.115874
1,133,133,0.121226
1,133,133,0.122593
1,133,133,0.120984
1,134,134,0.121068
1,134,134,0.120414
1,134,134,0.120291
1,134,134,0.123703
1,134,134,0.121285
1,134,134,0.120569
1,134,134,0.120529
1,135,135,0.119670
1,135,135,0.118707
1,135,135,0.120150
1,135,135,0.120256
1,135,135,0.124597
1,135,135,0.121063
1,135,135,0.117756
1,136,136,0.124913
1,136,136,0.118218
1,136,136,0.118554
1,136,136,0.121119
1,136,136,0.121342
1,136,136,0.121312
1,136,136,0.125882
1,137,137,0.118016
1,137,137,0.119193
1,137,137,0.121465
1,137,137,0.118576
1,137,137,0.125509
1,137,137,0.120448
1,137,137,0.120695
1,138,138,0.121877
1,138,138,0.120225
1,138,138,0.120509
1,138,138,0.121452
1,138,138,0.119459
1,138,138,0.117148
1,138,138,0.122722
1,139,139,0.119009
1,139,139,0.120677
1,139,139,0.120090
1,139,139,0.121544
1,139,139,0.120423
1,139,139,0.120553
1,139,139,0.122024
1,140,140,0.123006
1,140,140,0.118555
1,140,140,0.118669
1,140,140,0.116353
1,140,140,0.116740
1,140,140,0.120240
1,140,140,0.121464
1,141,141,0.120373
1,141,141,0.122746
1,141,141,0.119560
1,141,141,0.119944
1,141,141,0.119653
1,141,141,0.122846
1,141,141,0.119177
1,142,142,0.120044
1,142,142,0.116293
1,142,142,0.121213
1,142,142,0.123492
1,142,142,0.118300
1,142,142,0.121256
1,142,142,0.118481
1,143,143,0.118195
1,143,143,0.118542
1,143,143,0.120066
1,143,143,0.121909
1,143,143,0.116346
1,143,143,0.119984
1,143,143,0.120353
1,144,144,0.121944
1,144,144,0.117934
1,144,144,0.118264
1,144,144,0.118374
1,144,144,0.118997
1,144,144,0.118164
1,144,144,0.118644
1,145,145,0.120143
1,145,145,0.121915
1,145,145,0.121130
1,145,145,0.119149
1,145,145,0.115112
1,145,145,0.117194
1,145,145,0.117239
1,146,146,0.121408
1,146,146,0.122403
1,146,146,0.120122
1,146,146,0.119176
1,146,146,0.122330
1,146,146,0.119264
1,146,146,0.120244
1,147,147,0.118081
1,147,147,0.116007
1,147,147,0.120533
1,147,147,0.117883
1,147,147,0.121079
1,147,147,0.119096
1,147,147,0.121338
1,148,148,0.116683
1,148,148,0.118648
1,148,148,0.118579
1,148,148,0.119844
1,148,148,0.119685
1,148,148,0.117298
1,148,148,0.121662
1,149,149,0.118454
1,149,149,0.120048
1,149,149,0.120103
1,149,149,0.120270
1,149,149,0.117232
1,149,149,0.120158
1,149,149,0.117636
1,150,150,0.119932
1,150,150,0.121977
1,150,150,0.116501
1,150,150,0.119553
1,150,150,0.118286
1,150,150,0.119415
1,150,150,0.116797
1,151,151,0.121148
1,151,151,0.117651
1,151,151,0.116937
1,151,151,0.119248
1,151,151,0.123260
1,151,151,0.122978
1,151,151,0.120968
1,152,152,0.119532
1,152,152,0.119540
1,152,152,0.120296
1,152,152,0.119688
1,152,152,0.120639
1,152,152,0.121512
1,152,152,0.118715
1,153,153,0.122961
1,153,153,0.120280
1,153,153,0.117154
1,153,153,0.121362
1,153,153,0.121566
1,153,153,0.119913
1,153,153,0.120453
1,154,154,0.118605
1,154,154,0.117924
1,154,154,0.119029
1,154,154,0.120791
1,154,154,0.117701
1,154,154,0.118399
1,154,154,0.121085
1,155,155,0.119165
1,155,155,0.119002
1,155,155,0.119363
1,155,155,0.118826
1,155,155,0.116996
1,155,155,0.118662
1,155,155,0.118687
1,156,156,0.119059
1,156,156,0.116561
1,156,156,0.116065
1,156,156,0.119095
1,156,156,0.126453
1,156,156,0.123025
1,156,156,0.119991
1,157,157,0.117761
1,157,157,0.119163
1,157,157,0.121654
1,157,157,0.119488
1,157,157,0.117787
1,157,157,0.117256
1,157,157,0.124152
1,158,158,0.118229
1,158,158,0.120655
1,158,158,0.122125
1,158,158,0.124658
1,158,158,0.119715
1,158,158,0.117636
1,158,158,0.121153
1,159,159,0.117082
1,159,159,0.121670
1,159,159,0.116161
1,159,159,0.120359
1,159,159,0.117289
1,159,159,0.122405
1,159,159,0.117901
1,160,160,0.117868
1,160,160,0.115277
1,160,160,0.124520
1,160,160,0.116561
1,160,160,0.118418
1,160,160,0.119855
1,160,160,0.123737
1,161,161,0.121764
1,161,161,0.117104
1,161,161,0.116420
1,161,161,0.116796
1,161,161,0.117848
1,161,161,0.117251
1,161,161,0.126138
1,162,162,0.118893
1,162,162,0.113945
1,162,162,0.113992
1,162,162,0.118128
1,162,162,0.117902
1,162,162,0.118928
1,162,162,0.118570
1,163,163,0.116007
1,163,163,0.118760
1,163,163,0.114886
1,163,163,0.119931
1,163,163,0.118143
1,163,163,0.117718
1,163,163,0.119088
1,164,164,0.117253
1,164,164,0.121527
1,164,164,0.122585
1,164,164,0.116154
1,164,164,0.117106
1,164,164,0.118393
1,164,164,0.119091
1,165,165,0.123563
1,165,165,0.119368
1,165,165,0.118785
1,165,165,0.118110
1,165,165,0.118925
1,165,165,0.117167
1,165,165,0.120268
1,166,166,0.117001
1,166,166,0.118440
1,166,166,0.119870
1,166,166,0.119549
1,166,166,0.116335
1,166,166,0.118019
1,166,166,0.120697
1,167,167,0.120506
1,167,167,0.119367
1,167,167,0.118401
1,167,167,0.116743
1,167,167,0.120814
1,167,167,0.119828
1,167,167,0.119695
1,168,168,0.118147
1,168,168,0.116768
1,168,168,0.119633
1,168,168,0.118035
1,168,168,0.121007
1,168,168,0.118087
1,168,168,0.117687
1,169,169,0.116114
1,169,169,0.123447
1,169,169,0.121563
1,169,169,0.119523
1,169,169,0.115902
1,169,169,0.118921
1,169,169,0.117511
1,170,170,0.116172
1,170,170,0.118164
1,170,170,0.119107
1,170,170,0.121433
1,170,170,0.115386
1,170,170,0.118191
1,170,170,0.119867
1,171,171,0.116166
1,171,171,0.115499
1,171,171,0.114683
1,171,171,0.115573
1,171,171,0.115682
1,171,171,0.118835
1,171,171,0.117406
1,172,172,0.119780
1,172,172,0.121686
1,172,172,0.115046
1,172,172,0.118175
1,172,172,0.116817
1,172,172,0.120125
1,172,172,0.117719
1,173,173,0.118125
1,173,173,0.116528
1,173,173,0.115352
1,173,173,0.117801
1,173,173,0.118063
1,173,173,0.120487
1,173,173,0.118300
1,174,174,0.117874
1,174,174,0.115036
1,174,174,0.115420
1,174,174,0.115139
1,174,174,0.116812
1,174,174,0.118182
1,174,174,0.117631
1,175,175,0.114942
1,175,175,0.119845
1,175,175,0.117444
1,175,175,0.118306
1,175,175,0.116719
1,175,175,0.117992
1,175,175,0.119126
1,176,176,0.116975
1,176,176,0.118306
1,176,176,0.117300
1,176,176,0.119810
1,176,176,0.117043
1,176,176,0.117144
1,176,176,0.119419
1,177,177,0.115128
1,177,177,0.117869
1,177,177,0.118460
1,177,177,0.117900
1,177,177,0.115944
1,177,177,0.116876
1,177,177,0.113841
1,178,178,0.117251
1,178,178,0.121702
1,178,178,0.117241
1,178,178,0.117309
1,178,178,0.117054
1,178,178,0.118565
1,178,178,0.116759
1,179,179,0.117019
1,179,179,0.117435
1,179,179,0.117822
1,179,179,0.117890
1,179,179,0.115470
1,179,179,0.115553
1,179,179,0.121938
1,180,180,0.120697
1,180,180,0.118049
1,180,180,0.115881
1,180,180,0.117511
1,180,180,0.117710
1,180,180,0.116364
1,180,180,0.115138
1,181,181,0.114409
1,181,181,0.116918
1,181,181,0.119471
1,181,181,0.119631
1,181,181,0.116392
1,181,181,0.122121
1,181,181,0.116480
1,182,182,0.118359
1,182,182,0.116979
1,182,182,0.114407
1,182,182,0.117891
1,182,182,0.117062
1,182,182,0.115467
1,182,182,0.118663
1,183,183,0.120988
1,183,183,0.116297
1,183,183,0.115656
1,183,183,0.118030
1,183,183,0.118920
1,183,183,0.117677
1,183,183,0.114892
1,184,184,0.118971
1,184,184,0.117335
1,184,184,0.115632
1,184,184,0.114966
1,184,184,0.113586
1,184,184,0.122007
1,184,184,0.116246
1,185,185,0.116899
1,185,185,0.118356
1,185,185,0.115915
1,185,185,0.114805
1,185,185,0.114964
1,185,185,0.117342
1,185,185,0.115453
1,186,186,0.117183
1,186,186,0.121086
1,186,186,0.118320
1,186,186,0.113904
1,186,186,0.114336
1,186,186,0.118879
1,186,186,0.115615
1,187,187,0.117740
1,187,187,0.115849
1,187,187,0.117063
1,187,187,0.116225
1,187,187,0.121754
1,187,187,0.116431
1,187,187,0.114542
1,188,188,0.115665
1,188,188,0.115852
1,188,188,0.113956
1,188,188,0.115431
1,188,188,0.113500
1,188,188,0.115518
1,188,188,0.116884
1,189,189,0.117760
1,189,189,0.118206
1,189,189,0.117948
1,189,189,0.118043
1,189,189,0.114250
1,189,189,0.114800
1,189,189,0.116804
1,190,190,0.114886
1,190,190,0.118361
1,190,190,0.116195
1,190,190,0.115602
1,190,190,0.113713
1,190,190,0.116724
1,190,190,0.117551
1,191,191,0.113991
1,191,191,0.119170
1,191,191,0.115952
1,191,191,0.116398
1,191,191,0.117930
1,191,191,0.117318
1,191,191,0.116026
1,192,192,0.116692
1,192,192,0.120137
1,192,192,0.115739
1,192,192,0.115916
1,192,192,0.113267
1,192,192,0.116185
1,192,192,0.119004
1,193,193,0.117344
1,193,193,0.114091
1,193,193,0.114394
1,193,193,0.115939
1,193,193,0.115045
1,193,193,0.119186
1,193,193,0.115744
1,194,194,0.118883
1,194,194,0.116805
1,194,194,0.117744
1,194,194,0.115127
1,194,194,0.113699
1,194,194,0.116762
1,194,194,0.117175
1,195,195,0.114642
1,195,195,0.114386
1,195,195,0.117611
1,195,195,0.115082
1,195,195,0.115130
1,195,195,0.115319
1,195,195,0.113418
1,196,196,0.117130
1,196,196,0.113500
1,196,196,0.118198
1,196,196,0.113802
1,196,196,0.114168
1,196,196,0.117104
1,196,196,0.113157
1,197,197,0.115229
1,197,197,0.116365
1,197,197,0.114237
1,197,197,0.116715
1,197,197,0.121005
1,197,197,0.112868
1,197,197,0.118120
1,198,198,0.117065
1,198,198,0.113946
1,198,198,0.112907
1,198,198,0.113887
1,198,198,0.111645
1,198,198,0.116710
1,198,198,0.114966
1,199,199,0.113128
1,199,199,0.115671
1,199,199,0.116576
1,199,199,0.118422
1,199,199,0.112530
1,199,199,0.113385
1,199,199,0.114801
1,200,200,0.115150
1,200,200,0.115711
1,200,200,0.116528
1,200,200,0.116312
1,200,200,0.113842
1,200,200,0.116008
1,200,200,0.120437
1,201,201,0.112496
1,201,201,0.115259
1,201,201,0.112009
1,201,201,0.116739
1,201,201,0.114623
1,201,201,0.113297
1,201,201,0.112640
1,202,202,0.117789
1,202,202,0.124884
1,202,202,0.112578
1,202,202,0.114803
1,202,202,0.113380
1,202,202,0.112745
1,202,202,0.116440
1,203,203,0.121108
1,203,203,0.113762
1,203,203,0.114455
1,203,203,0.113936
1,203,203,0.115238
1,203,203,0.118605
1,203,203,0.115549
1,204,204,0.118727
1,204,204,0.116785
1,204,204,0.118704
1,204,204,0.117279
1,204,204,0.116171
1,204,204,0.114772
1,204,204,0.116850
1,205,205,0.115214
1,205,205,0.122317
1,205,205,0.115945
1,205,205,0.115161
1,205,205,0.117241
1,205,205,0.122809
1,205,205,0.116467
1,206,206,0.120869
1,206,206,0.118403
1,206,206,0.119171
1,206,206,0.119383
1,206,206,0.118622
1,206,206,0.118938
1,206,206,0.122621
1,207,207,0.126457
1,207,207,0.129130
1,207,207,0.128087
1,207,207,0.129279
1,207,207,0.130845
1,207,207,0.127681
1,207,207,0.130513
1,208,208,0.130402
1,208,208,0.129947
1,208,208,0.129713
1,208,208,0.131885
1,208,208,0.131577
1,208,208,0.129973
1,208,208,0.129460
1,209,209,0.125886
1,209,209,0.127383
1,209,209,0.127300
1,209,209,0.125647
1,209,209,0.126227
1,209,209,0.125467
1,209,209,0.126421
1,210,210,0.126408
1,210,210,0.126920
1,210,210,0.130644
1,210,210,0.130212
1,210,210,0.127200
1,210,210,0.125962
1,210,210,0.129422
1,211,211,0.125921
1,211,211,0.124686
1,211,211,0.124059
1,211,211,0.128181
1,211,211,0.124712
1,211,211,0.127852
1,211,211,0.124551
1,212,212,0.124396
1,212,212,0.130850
1,212,212,0.124490
1,212,212,0.127065
1,212,212,0.125699
1,212,212,0.124956
1,212,212,0.127815
1,213,213,0.121722
1,213,213,0.123065
1,213,213,0.121323
1,213,213,0.126279
1,213,213,0.122154
1,213,213,0.122403
1,213,213,0.123024
1,214,214,0.123777
1,214,214,0.120827
1,214,214,0.123660
1,214,214,0.121817
1,214,214,0.125336
1,214,214,0.123361
1,214,214,0.123633
1,215,215,0.122518
1,215,215,0.121823
1,215,215,0.122647
1,215,215,0.122013
1,215,215,0.121677
1,215,215,0.121517
1,215,215,0.119680
1,216,216,0.121657
1,216,216,0.122950
1,216,216,0.124320
1,216,216,0.121802
1,216,216,0.119558
1,216,216,0.121808
1,216,216,0.124241
1,217,217,0.122352
1,217,217,0.122381
1,217,217,0.119881
1,217,217,0.124540
1,217,217,0.119611
1,217,217,0.124990
1,217,217,0.118622
1,218,218,0.119145
1,218,218,0.119334
1,218,218,0.122278
1,218,218,0.119243
1,218,218,0.117714
1,218,218,0.120409
1,218,218,0.120009
1,219,219,0.117866
1,219,219,0.120885
1,219,219,0.121817
1,219,219,0.118697
1,219,219,0.120606
1,219,219,0.121217
1,219,219,0.119461
1,220,220,0.118145
1,220,220,0.116729
1,220,220,0.119290
1,220,220,0.116961
1,220,220,0.121227
1,220,220,0.123109
1,220,220,0.118415
1,221,221,0.115143
1,221,221,0.116072
1,221,221,0.116381
1,221,221,0.118417
1,221,221,0.116199
1,221,221,0.119464
1,221,221,0.120651
1,222,222,0.117039
1,222,222,0.117299
1,222,222,0.118273
1,222,222,0.118439
1,222,222,0.117303
1,222,222,0.118872
1,222,222,0.117579
1,223,223,0.117341
1,223,223,0.118084
1,223,223,0.116969
1,223,223,0.116467
1,223,223,0.119506
1,223,223,0.115516
1,223,223,0.116620
1,224,224,0.114779
1,224,224,0.119220
1,224,224,0.118099
1,224,224,0.117339
1,224,224,0.120466
1,224,224,0.115014
1,224,224,0.118515
1,225,225,0.115604
1,225,225,0.115492
1,225,225,0.119156
1,225,225,0.120806
1,225,225,0.116567
1,225,225,0.117891
1,225,225,0.115648
1,226,226,0.116794
1,226,226,0.120295
1,226,226,0.115645
1,226,226,0.119213
1,226,226,0.117572
1,226,226,0.116595
1,226,226,0.118148
1,227,227,0.117095
1,227,227,0.114634
1,227,227,0.114122
1,227,227,0.117144
1,227,227,0.114555
1,227,227,0.117179
1,227,227,0.115785
1,228,228,0.114297
1,228,228,0.112933
1,228,228,0.119220
1,228,228,0.114388
1,228,228,0.112757
1,228,228,0.114401
1,228,228,0.116895
1,229,229,0.116842
1,229,229,0.116497
1,229,229,0.115873
1,229,229,0.114120
1,229,229,0.116199
1,229,229,0.116268
1,229,229,0.122020
1,230,230,0.115738
1,230,230,0.115805
1,230,230,0.121268
1,230,230,0.112355
1,230,230,0.116327
1,230,230,0.116878
1,230,230,0.113372
1,231,231,0.116396
1,231,231,0.113436
1,231,231,0.117327
1,231,231,0.116634
1,231,231,0.116989
1,231,231,0.118439
1,231,231,0.114301
1,232,232,0.120158
1,232,232,0.112871
1,232,232,0.114612
1,232,232,0.113813
1,232,232,0.115427
1,232,232,0.115715
1,232,232,0.114655
1,233,233,0.117125
1,233,233,0.118916
1,233,233,0.115717
1,233,233,0.113958
1,233,233,0.113729
1,233,233,0.112712
1,233,233,0.112262
1,234,234,0.114193
1,234,234,0.115345
1,234,234,0.115468
1,234,234,0.118691
1,234,234,0.115738
1,234,234,0.114186
1,234,234,0.115318
1,235,235,0.115660
1,235,235,0.118260
1,235,235,0.117488
1,235,235,0.112675
1,235,235,0.116335
1,235,235,0.112764
1,235,235,0.113663
1,236,236,0.115804
1,236,236,0.117434
1,236,236,0.113721
1,236,236,0.112416
1,236,236,0.114194
1,236,236,0.114572
1,236,236,0.119942
1,237,237,0.113153
1,237,237,0.113889
1,237,237,0.114581
1,237,237,0.115038
1,237,237,0.112402
1,237,237,0.116581
1,237,237,0.114743
1,238,238,0.113487
1,238,238,0.113598
1,238,238,0.118596
1,238,238,0.115892
1,238,238,0.117397
1,238,238,0.118955
1,238,238,0.117576
1,239,239,0.114283
1,239,239,0.117488
1,239,239,0.114776
1,239,239,0.114716
1,239,239,0.111732
1,239,239,0.111391
1,239,239,0.114467
1,240,240,0.113606
1,240,240,0.116374
1,240,240,0.116315
1,240,240,0.114124
1,240,240,0.113672
1,240,240,0.117859
1,240,240,0.112446
1,241,241,0.116491
1,241,241,0.113332
1,241,241,0.113247
1,241,241,0.114658
1,241,241,0.113950
1,241,241,0.112524
1,241,241,0.112727
1,242,242,0.117182
1,242,242,0.114180
1,242,242,0.115782
1,242,242,0.113511
1,242,242,0.113364
1,242,242,0.120878
1,242,242,0.115387
1,243,243,0.110700
1,243,243,0.111618
1,243,243,0.114860
1,243,243,0.115108
1,243,243,0.114633
1,243,243,0.114914
1,243,243,0.120434
1,244,244,0.117699
1,244,244,0.114282
1,244,244,0.113687
1,244,244,0.114374
1,244,244,0.118245
1,244,244,0.115415
1,244,244,0.114621
1,245,245,0.117262
1,245,245,0.117071
1,245,245,0.117430
1,245,245,0.114046
1,245,245,0.112061
1,245,245,0.115894
1,245,245,0.113697
1,246,246,0.115888
1,246,246,0.114089
1,246,246,0.113497
1,246,246,0.115263
1,246,246,0.113726
1,246,246,0.119800
1,246,246,0.112301
1,247,247,0.114575
1,247,247,0.121560
1,247,247,0.116683
1,247,247,0.113847
1,247,247,0.116971
1,247,247,0.119185
1,247,247,0.114688
1,248,248,0.112304
1,248,248,0.118460
1,248,248,0.115566
1,248,248,0.113068
1,248,248,0.115535
1,248,248,0.116406
1,248,248,0.114026
1,249,249,0.117079
1,249,249,0.112855
1,249,249,0.118975
1,249,249,0.118266
1,249,249,0.112129
1,249,249,0.112677
1,249,249,0.115101
1,250,250,0.114236
1,250,250,0.113028
1,250,250,0.113444
1,250,250,0.109964
1,250,250,0.111917
1,250,250,0.112711
1,250,250,0.116386
1,251,251,0.113631
1,251,251,0.114309
1,251,251,0.109542
1,251,251,0.115960
1,251,251,0.113893
1,251,251,0.112164
1,251,251,0.113981
1,252,252,0.113255
1,252,252,0.114959
1,252,252,0.114091
1,252,252,0.113133
1,252,252,0.113045
1,252,252,0.110620
1,252,252,0.115036
1,253,253,0.115636
1,253,253,0.116199
1,253,253,0.114234
1,253,253,0.112617
1,253,253,0.115495
1,253,253,0.111348
1,253,253,0.116861
1,254,254,0.114780
1,254,254,0.111517
1,254,254,0.113586
1,254,254,0.114845
1,254,254,0.118584
1,254,254,0.111395
1,254,254,0.114900
1,255,255,0.114119
1,255,255,0.114962
1,255,255,0.112378
1,255,255,0.113694
1,255,255,0.113048
1,255,255,0.112235
1,255,255,0.112733
1,256,256,0.113294
1,256,256,0.112200
1,256,256,0.113469
1,256,256,0.114767
1,256,256,0.114357
1,256,256,0.111123
1,256,256,0.112296
1,257,257,0.114914
1,257,257,0.112208
1,257,257,0.113293
1,257,257,0.112004
1,257,257,0.115073
1,257,257,0.112857
1,257,257,0.115429
1,258,258,0.114649
1,258,258,0.112981
1,258,258,0.113079
1,258,258,0.114520
1,258,258,0.116642
1,258,258,0.116970
1,258,258,0.115374
1,259,259,0.112371
1,259,259,0.110587
1,259,259,0.113682
1,259,259,0.113286
1,259,259,0.113263
1,259,259,0.116953
1,259,259,0.117210
1,260,260,0.111498
1,260,260,0.117280
1,260,260,0.116748
1,260,260,0.112037
1,260,260,0.117382
1,260,260,0.116455
1,260,260,0.113701
1,261,261,0.113456
1,261,261,0.118909
1,261,261,0.111247
1,261,261,0.113340
1,261,261,0.113270
1,261,261,0.114639
1,261,261,0.114805
1,262,262,0.113174
1,262,262,0.112333
1,262,262,0.116845
1,262,262,0.111618
1,262,262,0.113235
1,262,262,0.115411
1,262,262,0.113101
1,263,263,0.116644
1,263,263,0.114363
1,263,263,0.114845
1,263,263,0.113051
1,263,263,0.117311
1,263,263,0.112244
1,263,263,0.114955
1,264,264,0.115570
1,264,264,0.114222
1,264,264,0.113523
1,264,264,0.112074
1,264,264,0.113846
1,264,264,0.113798
1,264,264,0.116328
1,265,265,0.111284
1,265,265,0.114357
1,265,265,0.118144
1,265,265,0.112308
1,265,265,0.111350
1,265,265,0.114343
1,265,265,0.113560
1,266,266,0.115211
1,266,266,0.112889
1,266,266,0.118474
1,266,266,0.115490
1,266,266,0.112699
1,266,266,0.114480
1,266,266,0.115174
1,267,267,0.115185
1,267,267,0.114058
1,267,267,0.113691
1,267,267,0.113625
1,267,267,0.113407
1,267,267,0.112694
1,267,267,0.113003
1,268,268,0.116630
1,268,268,0.116661
1,268,268,0.115436
1,268,268,0.112609
1,268,268,0.113689
1,268,268,0.111381
1,268,268,0.111370
1,269,269,0.111550
1,269,269,0.114702
1,269,269,0.113092
1,269,269,0.111432
1,269,269,0.112370
1,269,269,0.115956
1,269,269,0.111947
1,270,270,0.113002
1,270,270,0.115815
1,270,270,0.115552
1,270,270,0.116696
1,270,270,0.112088
1,270,270,0.114475
1,270,270,0.112498
1,271,271,0.112834
1,271,271,0.114920
1,271,271,0.111866
1,271,271,0.114643
1,271,271,0.114777
1,271,271,0.113594
1,271,271,0.115320
1,272,272,0.112960
1,272,272,0.111893
1,272,272,0.115601
1,272,272,0.115448
1,272,272,0.111035
1,272,272,0.120275
1,272,272,0.113549
1,273,273,0.114201
1,273,273,0.112702
1,273,273,0.112784
1,273,273,0.118895
1,273,273,0.112709
1,273,273,0.114510
1,273,273,0.114931
1,274,274,0.116884
1,274,274,0.112797
1,274,274,0.115562
1,274,274,0.112097
1,274,274,0.113552
1,274,274,0.112877
1,274,274,0.112554
1,275,275,0.111173
1,275,275,0.113703
1,275,275,0.113291
1,275,275,0.113496
1,275,275,0.115812
1,275,275,0.112851
1,275,275,0.114408
1,276,276,0.113432
1,276,276,0.111287
1,276,276,0.112877
1,276,276,0.118723
1,276,276,0.113127
1,276,276,0.115319
1,276,276,0.115029
1,277,277,0.115057
1,277,277,0.113052
1,277,277,0.111534
1,277,277,0.113548
1,277,277,0.113103
1,277,277,0.116024
1,277,277,0.113083
1,278,278,0.112116
1,278,278,0.115468
1,278,278,0.113769
1,278,278,0.116774
1,278,278,0.114865
1,278,278,0.114276
1,278,278,0.120251
1,279,279,0.118848
1,279,279,0.112712
1,279,279,0.113105
1,279,279,0.115106
1,279,279,0.112806
1,279,279,0.115751
1,279,279,0.115038
1,280,280,0.114381
1,280,280,0.113050
1,280,280,0.121270
1,280,280,0.115261
1,280,280,0.112125
1,280,280,0.113327
1,280,280,0.116174
1,281,281,0.109837
1,281,281,0.115981
1,281,281,0.113964
1,281,281,0.114077
1,281,281,0.114292
1,281,281,0.115972
1,281,281,0.109747
1,282,282,0.113149
1,282,282,0.109592
1,282,282,0.112232
1,282,282,0.114948
1,282,282,0.111944
1,282,282,0.113731
1,282,282,0.115325
1,283,283,0.114150
1,283,283,0.118687
1,283,283,0.115772
1,283,283,0.113482
1,283,283,0.116553
1,283,283,0.116019
1,283,283,0.115846
1,284,284,0.116137
1,284,284,0.114906
1,284,284,0.119864
1,284,284,0.113842
1,284,284,0.117628
1,284,284,0.111763
1,284,284,0.118305
1,285,285,0.115567
1,285,285,0.114725
1,285,285,0.113753
1,285,285,0.111550
1,285,285,0.110059
1,285,285,0.119351
1,285,285,0.114106
1,286,286,0.113410
1,286,286,0.114244
1,286,286,0.111461
1,286,286,0.117409
1,286,286,0.112246
1,286,286,0.113473
1,286,286,0.113494
1,287,287,0.114218
1,287,287,0.113567
1,287,287,0.116112
1,287,287,0.113701
1,287,287,0.112952
1,287,287,0.116167
1,287,287,0.112396
1,288,288,0.113116
1,288,288,0.117259
1,288,288,0.116410
1,288,288,0.116135
1,288,288,0.115000
1,288,288,0.117724
1,288,288,0.115434
1,289,289,0.111810
1,289,289,0.113540
1,289,289,0.114452
1,289,289,0.115953
1,289,289,0.114970
1,289,289,0.114570
1,289,289,0.118581
1,290,290,0.115722
1,290,290,0.115738
1,290,290,0.112007
1,290,290,0.113854
1,290,290,0.113411
1,290,290,0.113515
1,290,290,0.115469
1,291,291,0.112490
1,291,291,0.120276
1,291,291,0.116704
1,291,291,0.118555
1,291,291,0.121377
1,291,291,0.111986
1,291,291,0.114501
1,292,292,0.114187
1,292,292,0.114633
1,292,292,0.113666
1,292,292,0.118676
1,292,292,0.116826
1,292,292,0.114518
1,292,292,0.116632
1,293,293,0.112944
1,293,293,0.113894
1,293,293,0.114451
1,293,293,0.112168
1,293,293,0.112510
1,293,293,0.111278
1,293,293,0.111505
1,294,294,0.111165
1,294,294,0.116848
1,294,294,0.115044
1,294,294,0.115608
1,294,294,0.114987
1,294,294,0.114778
1,294,294,0.112366
1,295,295,0.113904
1,295,295,0.113322
1,295,295,0.111965
1,295,295,0.115482
1,295,295,0.115853
1,295,295,0.114687
1,295,295,0.111152
1,296,296,0.113726
1,296,296,0.113357
1,296,296,0.111076
1,296,296,0.114140
1,296,296,0.112207
1,296,296,0.111149
1,296,296,0.110731
1,297,297,0.113254
1,297,297,0.113739
1,297,297,0.114403
1,297,297,0.115662
1,297,297,0.114845
1,297,297,0.114651
1,297,297,0.116191
1,298,298,0.113817
1,298,298,0.119964
1,298,298,0.111483
1,298,298,0.114105
1,298,298,0.115284
1,298,298,0.113152
1,298,298,0.114233
1,299,299,0.110037
1,299,299,0.113629
1,299,299,0.113357
1,299,299,0.113619
1,299,299,0.112478
1,299,299,0.113811
1,299,299,0.113946
1,300,300,0.114355
1,300,300,0.115063
1,300,300,0.113027
1,300,300,0.110057
1,300,300,0.113421
1,300,300,0.112706
1,300,300,0.110650
1,301,301,0.114969
1,301,301,0.113360
1,301,301,0.117157
1,301,301,0.114865
1,301,301,0.113126
1,301,301,0.112177
1,301,301,0.110842
1,302,302,0.114463
1,302,302,0.114255
1,302,302,0.112736
1,302,302,0.112671
1,302,302,0.114429
1,302,302,0.113680
1,302,302,0.112945
1,303,303,0.112246
1,303,303,0.111305
1,303,303,0.115621
1,303,303,0.114848
1,303,303,0.114304
1,303,303,0.115574
1,303,303,0.113387
1,304,304,0.110041
1,304,304,0.114475
1,304,304,0.112537
1,304,304,0.109180
1,304,304,0.112431
1,304,304,0.114082
1,304,304,0.113929
1,305,305,0.112332
1,305,305,0.113923
1,305,305,0.114719
1,305,305,0.113130
1,305,305,0.117302
1,305,305,0.110642
1,305,305,0.114307
1,306,306,0.111617
1,306,306,0.112906
1,306,306,0.119525
1,306,306,0.118596
1,306,306,0.111695
1,306,306,0.112855
1,306,306,0.111089
1,307,307,0.114548
1,307,307,0.114333
1,307,307,0.111600
1,307,307,0.113628
1,307,307,0.111909
1,307,307,0.116412
1,307,307,0.113260
1,308,308,0.113903
1,308,308,0.114103
1,308,308,0.111476
1,308,308,0.111852
1,308,308,0.111586
1,308,308,0.112424
1,308,308,0.114715
1,309,309,0.111285
1,309,309,0.113132
1,309,309,0.114158
1,309,309,0.110342
1,309,309,0.115435
1,309,309,0.115133
1,309,309,0.111386
1,310,310,0.114001
1,310,310,0.112159
1,310,310,0.112804
1,310,310,0.111839
1,310,310,0.112331
1,310,310,0.116044
1,310,310,0.113780
1,311,311,0.107819
1,311,311,0.112218
1,311,311,0.110544
1,311,311,0.115727
1,311,311,0.112508
1,311,311,0.112313
1,311,311,0.112010
1,312,312,0.111462
1,312,312,0.113964
1,312,312,0.113207
1,312,312,0.112840
1,312,312,0.111473
1,312,312,0.113314
1,312,312,0.112553
1,313,313,0.109953
1,313,313,0.116171
1,313,313,0.114467
1,313,313,0.113853
1,313,313,0.121229
1,313,313,0.110445
1,313,313,0.113464
1,314,314,0.114535
1,314,314,0.109549
1,314,314,0.110999
1,314,314,0.110883
1,314,314,0.111437
1,314,314,0.113263
1,314,314,0.112098
1,315,315,0.112801
1,315,315,0.111483
1,315,315,0.115853
1,315,315,0.111043
1,315,315,0.117244
1,315,315,0.111885
1,315,315,0.111460
1,316,316,0.115781
1,316,316,0.113923
1,316,316,0.115414
1,316,316,0.114465
1,316,316,0.113725
1,316,316,0.115939
1,316,316,0.110633
1,317,317,0.113126
1,317,317,0.112432
1,317,317,0.115127
1,317,317,0.113171
1,317,317,0.113606
1,317,317,0.111018
1,317,317,0.113881
1,318,318,0.114241
1,318,318,0.111872
1,318,318,0.113454
1,318,318,0.114165
1,318,318,0.113387
1,318,318,0.114820
1,318,318,0.111061
1,319,319,0.118154
1,319,319,0.114216
1,319,319,0.119558
1,319,319,0.112993
1,319,319,0.120463
1,319,319,0.110155
1,319,319,0.111411
1,320,320,0.113574
1,320,320,0.112450
1,320,320,0.110852
1,320,320,0.115338
1,320,320,0.112666
1,320,320,0.113699
1,320,320,0.115174
1,321,321,0.117456
1,321,321,0.115619
1,321,321,0.119994
1,321,321,0.117701
1,321,321,0.113227
1,321,321,0.110272
1,321,321,0.114529
1,322,322,0.110421
1,322,322,0.115751
1,322,322,0.116805
1,322,322,0.114523
1,322,322,0.110751
1,322,322,0.113750
1,322,322,0.112964
1,323,323,0.110860
1,323,323,0.112131
1,323,323,0.113431
1,323,323,0.114586
1,323,323,0.111743
1,323,323,0.110587
1,323,323,0.111897
1,324,324,0.119226
1,324,324,0.111976
1,324,324,0.113084
1,324,324,0.112718
1,324,324,0.114574
1,324,324,0.114954
1,324,324,0.118161
1,325,325,0.113503
1,325,325,0.112815
1,325,325,0.112730
1,325,325,0.113795
1,325,325,0.111750
1,325,325,0.113090
1,325,325,0.112053
1,326,326,0.112363
1,326,326,0.110175
1,326,326,0.111212
1,326,326,0.111746
1,326,326,0.112480
1,326,326,0.113220
1,326,326,0.116264
1,327,327,0.110837
1,327,327,0.113366
1,327,327,0.111954
1,327,327,0.110376
1,327,327,0.109892
1,327,327,0.112533
1,327,327,0.117556
1,328,328,0.115304
1,328,328,0.111814
1,328,328,0.112874
1,328,328,0.115254
1,328,328,0.113139
1,328,328,0.117149
1,328,328,0.111419
1,329,329,0.111064
1,329,329,0.111449
1,329,329,0.110364
1,329,329,0.112425
1,329,329,0.111143
1,329,329,0.110944
1,329,329,0.113951
1,330,330,0.112988
1,330,330,0.112292
1,330,330,0.113994
1,330,330,0.113982
1,330,330,0.113757
1,330,330,0.115359
1,330,330,0.112336
1,331,331,0.112922
1,331,331,0.111599
1,331,331,0.112959
1,331,331,0.113519
1,331,331,0.109766
1,331,331,0.111334
1,331,331,0.114837
1,332,332,0.113701
1,332,332,0.111800
1,332,332,0.113904
1,332,332,0.114293
1,332,332,0.112908
1,332,332,0.110883
1,332,332,0.113563
1,333,333,0.112440
1,333,333,0.111385
1,333,333,0.112668
1,333,333,0.114409
1,333,333,0.110618
1,333,333,0.110774
1,333,333,0.112582
1,334,334,0.111363
1,334,334,0.112743
1,334,334,0.110654
1,334,334,0.113676
1,334,334,0.110687
1,334,334,0.112121
1,334,334,0.111877
1,335,335,0.112017
1,335,335,0.111820
1,335,335,0.112887
1,335,335,0.113061
1,335,335,0.111757
1,335,335,0.109810
1,335,335,0.112300
1,336,336,0.110525
1,336,336,0.112973
1,336,336,0.110961
1,336,336,0.109508
1,336,336,0.111557
1,336,336,0.112304
1,336,336,0.113377
1,337,337,0.109462
1,337,337,0.110846
1,337,337,0.111847
1,337,337,0.113758
1,337,337,0.114253
1,337,337,0.112958
1,337,337,0.116673
1,338,338,0.115159
1,338,338,0.121336
1,338,338,0.113289
1,338,338,0.114465
1,338,338,0.114848
1,338,338,0.110412
1,338,338,0.115722
1,339,339,0.115559
1,339,339,0.112835
1,339,339,0.111340
1,339,339,0.111288
1,339,339,0.112961
1,339,339,0.113989
1,339,339,0.112992
1,340,340,0.113808
1,340,340,0.114329
1,340,340,0.109296
1,340,340,0.111793
1,340,340,0.109237
1,340,340,0.111727
1,340,340,0.114791
1,341,341,0.111209
1,341,341,0.110989
1,341,341,0.114378
1,341,341,0.109285
1,341,341,0.114802
1,341,341,0.111793
1,341,341,0.113066
1,342,342,0.113080
1,342,342,0.112469
1,342,342,0.112359
1,342,342,0.110010
1,342,342,0.112434
1,342,342,0.109171
1,342,342,0.113660
1,343,343,0.111357
1,343,343,0.110731
1,343,343,0.110860
1,343,343,0.111102
1,343,343,0.112830
1,343,343,0.115301
1,343,343,0.112686
1,344,344,0.114926
1,344,344,0.109422
1,344,344,0.112010
1,344,344,0.110407
1,344,344,0.113177
1,344,344,0.112149
1,344,344,0.113857
1,345,345,0.112518
1,345,345,0.112038
1,345,345,0.112690
1,345,345,0.112437
1,345,345,0.110089
1,345,345,0.112548
1,345,345,0.114449
1,346,346,0.110334
1,346,346,0.109088
1,346,346,0.111018
1,346,346,0.115980
1,346,346,0.112321
1,346,346,0.110994
1,346,346,0.111286
1,347,347,0.111133
1,347,347,0.114280
1,347,347,0.111138
1,347,347,0.112572
1,347,347,0.112408
1,347,347,0.114526
1,347,347,0.115827
1,348,348,0.118004
1,348,348,0.110753
1,348,348,0.112697
1,348,348,0.111268
1,348,348,0.113860
1,348,348,0.115173
1,348,348,0.112574
1,349,349,0.113993
1,349,349,0.113525
1,349,349,0.110203
1,349,349,0.112984
1,349,349,0.116455
1,349,349,0.110603
1,349,349,0.115317
1,350,350,0.119825
1,350,350,0.113345
1,350,350,0.112143
1,350,350,0.115451
1,350,350,0.114481
1,350,350,0.111069
1,350,350,0.118165
1,351,351,0.120690
1,351,351,0.114625
1,351,351,0.118182
1,351,351,0.119159
1,351,351,0.121670
1,351,351,0.116866
1,351,351,0.116512
1,352,352,0.117717
1,352,352,0.114577
1,352,352,0.114545
1,352,352,0.117440
1,352,352,0.122087
1,352,352,0.117879
1,352,352,0.116066
1,353,353,0.112579
1,353,353,0.113010
1,353,353,0.111468
1,353,353,0.115211
1,353,353,0.113660
1,353,353,0.113993
1,353,353,0.112217
1,354,354,0.117356
1,354,354,0.115763
1,354,354,0.113029
1,354,354,0.115744
1,354,354,0.114380
1,354,354,0.115156
1,354,354,0.115273
1,355,355,0.115188
1,355,355,0.115012
1,355,355,0.113028
1,355,355,0.113017
1,355,355,0.117013
1,355,355,0.116070
1,355,355,0.113712
1,356,356,0.113592
1,356,356,0.115010
1,356,356,0.114382
1,356,356,0.112259
1,356,356,0.116688
1,356,356,0.112224
1,356,356,0.115861
1,357,357,0.113805
1,357,357,0.113840
1,357,357,0.116208
1,357,357,0.117194
1,357,357,0.113649
1,357,357,0.114198
1,357,357,0.112603
1,358,358,0.111379
1,358,358,0.115604
1,358,358,0.114137
1,358,358,0.115457
1,358,358,0.116527
1,358,358,0.110186
1,358,358,0.115594
1,359,359,0.115970
1,359,359,0.113633
1,359,359,0.111942
1,359,359,0.115974
1,359,359,0.114854
1,359,359,0.112946
1,359,359,0.112335
1,360,360,0.112045
1,360,360,0.114047
1,360,360,0.111167
1,360,360,0.113628
1,360,360,0.113055
1,360,360,0.110411
1,360,360,0.110933
1,361,361,0.113891
1,361,361,0.112115
1,361,361,0.114404
1,361,361,0.114370
1,361,361,0.112664
1,361,361,0.113605
1,361,361,0.116421
1,362,362,0.114874
1,362,362,0.113454
1,362,362,0.112680
1,362,362,0.112585
1,362,362,0.116825
1,362,362,0.113953
1,362,362,0.114653
1,363,363,0.112419
1,363,363,0.115317
1,363,363,0.115538
1,363,363,0.111039
1,363,363,0.116637
1,363,363,0.113275
1,363,363,0.116595
1,364,364,0.113861
1,364,364,0.114797
1,364,364,0.110877
1,364,364,0.113792
1,364,364,0.116304
1,364,364,0.115159
1,364,364,0.113184
1,365,365,0.111917
1,365,365,0.112471
1,365,365,0.110656
1,365,365,0.112885
1,365,365,0.116477
1,365,365,0.115253
1,365,365,0.112093
1,366,366,0.113795
1,366,366,0.108042
1,366,366,0.112081
1,366,366,0.116906
1,366,366,0.112232
1,366,366,0.116130
1,366,366,0.113013
1,367,367,0.114607
1,367,367,0.111920
1,367,367,0.113334
1,367,367,0.109383
1,367,367,0.110203
1,367,367,0.112011
1,367,367,0.113226
1,368,368,0.112740
1,368,368,0.114608
1,368,368,0.113498
1,368,368,0.111799
1,368,368,0.116003
1,368,368,0.113714
1,368,368,0.109245
1,369,369,0.111406
1,369,369,0.113842
1,369,369,0.118003
1,369,369,0.112672
1,369,369,0.112059
1,369,369,0.112837
1,369,369,0.114985
1,370,370,0.114166
1,370,370,0.112572
1,370,370,0.112832
1,370,370,0.112130
1,370,370,0.111715
1,370,370,0.115414
1,370,370,0.111411
1,371,371,0.117750
1,371,371,0.114026
1,371,371,0.110898
1,371,371,0.109930
1,371,371,0.112961
1,371,371,0.112940
1,371,371,0.110550
1,372,372,0.113388
1,372,372,0.113582
1,372,372,0.113197
1,372,372,0.113854
1,372,372,0.114645
1,372,372,0.111182
1,372,372,0.112450
1,373,373,0.109790
1,373,373,0.114582
1,373,373,0.113423
1,373,373,0.111328
1,373,373,0.111814
1,373,373,0.113835
1,373,373,0.109870
1,374,374,0.109681
1,374,374,0.113885
1,374,374,0.111940
1,374,374,0.110836
1,374,374,0.112218
1,374,374,0.111289
1,374,374,0.113726
1,375,375,0.112238
1,375,375,0.111895
1,375,375,0.111699
1,375,375,0.115691
1,375,375,0.114358
1,375,375,0.110138
1,375,375,0.112754
1,376,376,0.111260
1,376,376,0.115884
1,376,376,0.108810
1,376,376,0.112441
1,376,376,0.113021
1,376,376,0.114943
1,376,376,0.113558
1,377,377,0.115018
1,377,377,0.112674
1,377,377,0.111311
1,377,377,0.117552
1,377,377,0.111074
1,377,377,0.116339
1,377,377,0.112588
1,378,378,0.111917
1,378,378,0.113048
1,378,378,0.113028
1,378,378,0.110113
1,378,378,0.114104
1,378,378,0.112854
1,378,378,0.110750
1,379,379,0.108719
1,379,379,0.111089
1,379,379,0.112810
1,379,379,0.116842
1,379,379,0.112446
1,379,379,0.109239
1,379,379,0.115754
1,380,380,0.110921
1,380,380,0.112954
1,380,380,0.113034
1,380,380,0.111188
1,380,380,0.114632
1,380,380,0.111026
1,380,380,0.111534
1,381,381,0.113811
1,381,381,0.118841
1,381,381,0.114539
1,381,381,0.111417
1,381,381,0.114542
1,381,381,0.112590
1,381,381,0.112832
1,382,382,0.113396
1,382,382,0.112071
1,382,382,0.112238
1,382,382,0.117916
1,382,382,0.112414
1,382,382,0.112399
1,382,382,0.112693
1,383,383,0.112044
1,383,383,0.111577
1,383,383,0.114557
1,383,383,0.113419
1,383,383,0.109012
1,383,383,0.111223
1,383,383,0.112305
1,384,384,0.111163
1,384,384,0.111358
1,384,384,0.111149
1,384,384,0.111414
1,384,384,0.111510
1,384,384,0.112683
1,384,384,0.111233
1,385,385,0.121119
1,385,385,0.114132
1,385,385,0.111796
1,385,385,0.111853
1,385,385,0.110465
1,385,385,0.112129
1,385,385,0.114282
1,386,386,0.111835
1,386,386,0.112685
1,386,386,0.114850
1,386,386,0.113936
1,386,386,0.117735
1,386,386,0.112741
1,386,386,0.115391
1,387,387,0.109495
1,387,387,0.118461
1,387,387,0.111573
1,387,387,0.112282
1,387,387,0.113865
1,387,387,0.114468
1,387,387,0.112949
1,388,388,0.111120
1,388,388,0.111886
1,388,388,0.111848
1,388,388,0.110805
1,388,388,0.111280
1,388,388,0.109345
1,388,388,0.115340
1,389,389,0.112829
1,389,389,0.111929
1,389,389,0.111089
1,389,389,0.111559
1,389,389,0.109549
1,389,389,0.113235
1,389,389,0.111500
1,390,390,0.113692
1,390,390,0.112164
1,390,390,0.112543
1,390,390,0.112818
1,390,390,0.113094
1,390,390,0.113264
1,390,390,0.110898
1,391,391,0.110477
1,391,391,0.112394
1,391,391,0.113759
1,391,391,0.113072
1,391,391,0.113805
1,391,391,0.111227
1,391,391,0.111848
1,392,392,0.112530
1,392,392,0.114205
1,392,392,0.111481
1,392,392,0.110698
1,392,392,0.109763
1,392,392,0.116603
1,392,392,0.115781
1,393,393,0.112468
1,393,393,0.111800
1,393,393,0.113568
1,393,393,0.110261
1,393,393,0.109253
1,393,393,0.113136
1,393,393,0.109815
1,394,394,0.113138
1,394,394,0.110769
1,394,394,0.111989
1,394,394,0.116448
1,394,394,0.111835
1,394,394,0.115591
1,394,394,0.109817
1,395,395,0.116915
1,395,395,0.112507
1,395,395,0.112140
1,395,395,0.113610
1,395,395,0.113880
1,395,395,0.111302
1,395,395,0.113182
1,396,396,0.113327
1,396,396,0.119684
1,396,396,0.111831
1,396,396,0.112811
1,396,396,0.112253
1,396,396,0.111852
1,396,396,0.113829
1,397,397,0.113426
1,397,397,0.111831
1,397,397,0.111392
1,397,397,0.111709
1,397,397,0.109962
1,397,397,0.110469
1,397,397,0.111392
1,398,398,0.111841
1,398,398,0.113984
1,398,398,0.113337
1,398,398,0.110863
1,398,398,0.114382
1,398,398,0.110855
1,398,398,0.114872
1,399,399,0.113777
1,399,399,0.112212
1,399,399,0.111273
1,399,399,0.108902
1,399,399,0.111657
1,399,399,0.113246
1,399,399,0.111846
1,400,400,0.110882
1,400,400,0.111696
1,400,400,0.111017
1,400,400,0.113113
1,400,400,0.111481
1,400,400,0.112449
1,400,400,0.112851
1,401,401,0.113470
1,401,401,0.113056
1,401,401,0.113426
1,401,401,0.110026
1,401,401,0.115170
1,401,401,0.110978
1,401,401,0.113691
1,402,402,0.112427
1,402,402,0.115138
1,402,402,0.109796
1,402,402,0.111803
1,402,402,0.110452
1,402,402,0.112443
1,402,402,0.115883
1,403,403,0.111068
1,403,403,0.112213
1,403,403,0.109637
1,403,403,0.112401
1,403,403,0.111082
1,403,403,0.111747
1,403,403,0.111783
1,404,404,0.112689
1,404,404,0.110678
1,404,404,0.111436
1,404,404,0.111558
1,404,404,0.111627
1,404,404,0.112829
1,404,404,0.110187
1,405,405,0.109169
1,405,405,0.109226
1,405,405,0.111563
1,405,405,0.110244
1,405,405,0.112721
1,405,405,0.111631
1,405,405,0.111236
1,406,406,0.113241
1,406,406,0.110375
1,406,406,0.112016
1,406,406,0.110866
1,406,406,0.110985
1,406,406,0.111316
1,406,406,0.109228
1,407,407,0.109323
1,407,407,0.113599
1,407,407,0.112441
1,407,407,0.109895
1,407,407,0.111090
1,407,407,0.113177
1,407,407,0.110310
1,408,408,0.118322
1,408,408,0.110342
1,408,408,0.111846
1,408,408,0.111445
1,408,408,0.113455
1,408,408,0.111193
1,408,408,0.111523
1,409,409,0.111575
1,409,409,0.109044
1,409,409,0.112139
1,409,409,0.108989
1,409,409,0.110515
1,409,409,0.113958
1,409,409,0.110858
1,410,410,0.109942
1,410,410,0.112519
1,410,410,0.112264
1,410,410,0.109876
1,410,410,0.114170
1,410,410,0.111571
1,410,410,0.112738
1,411,411,0.114301
1,411,411,0.115138
1,411,411,0.109997
1,411,411,0.108787
1,411,411,0.116261
1,411,411,0.110165
1,411,411,0.113342
1,412,412,0.108917
1,412,412,0.116131
1,412,412,0.113972
1,412,412,0.112916
1,412,412,0.113587
1,412,412,0.110703
1,412,412,0.111698
1,413,413,0.109418
1,413,413,0.112726
1,413,413,0.113210
1,413,413,0.112199
1,413,413,0.112131
1,413,413,0.114595
1,413,413,0.111074
1,414,414,0.110878
1,414,414,0.111267
1,414,414,0.110176
1,414,414,0.114163
1,414,414,0.110302
1,414,414,0.111282
1,414,414,0.112860
1,415,415,0.111677
1,415,415,0.108513
1,415,415,0.114026
1,415,415,0.110395
1,415,415,0.112141
1,415,415,0.107074
1,415,415,0.116259
1,416,416,0.111476
1,416,416,0.117357
1,416,416,0.110199
1,416,416,0.111290
1,416,416,0.112269
1,416,416,0.112284
1,416,416,0.114615
1,417,417,0.109758
1,417,417,0.110457
1,417,417,0.111173
1,417,417,0.112664
1,417,417,0.109850
1,417,417,0.116595
1,417,417,0.110157
1,418,418,0.111096
1,418,418,0.112875
1,418,418,0.117895
1,418,418,0.109728
1,418,418,0.110872
1,418,418,0.111271
1,418,418,0.110027
1,419,419,0.110594
1,419,419,0.110173
1,419,419,0.112759
1,419,419,0.114922
1,419,419,0.112973
1,419,419,0.112271
1,419,419,0.110118
1,420,420,0.113012
1,420,420,0.113704
1,420,420,0.111080
1,420,420,0.110559
1,420,420,0.108581
1,420,420,0.110605
1,420,420,0.118580
1,421,421,0.111630
1,421,421,0.110417
1,421,421,0.114128
1,421,421,0.116381
1,421,421,0.110821
1,421,421,0.113648
1,421,421,0.111830
1,422,422,0.113231
1,422,422,0.112361
1,422,422,0.109568
1,422,422,0.115736
1,422,422,0.112359
1,422,422,0.114206
1,422,422,0.112786
1,423,423,0.111546
1,423,423,0.112786
1,423,423,0.109970
1,423,423,0.115159
1,423,423,0.112004
1,423,423,0.112552
1,423,423,0.112947
1,424,424,0.112921
1,424,424,0.116227
1,424,424,0.114188
1,424,424,0.113940
1,424,424,0.108925
1,424,424,0.111999
1,424,424,0.111214
1,425,425,0.112529
1,425,425,0.117168
1,425,425,0.111199
1,425,425,0.112951
1,425,425,0.113869
1,425,425,0.113457
1,425,425,0.111769
1,426,426,0.116815
1,426,426,0.112022
1,426,426,0.112439
1,426,426,0.112379
1,426,426,0.114045
1,426,426,0.115511
1,426,426,0.114034
1,427,427,0.110094
1,427,427,0.113352
1,427,427,0.109785
1,427,427,0.116168
1,427,427,0.112559
1,427,427,0.113023
1,427,427,0.112671
1,428,428,0.110026
1,428,428,0.111566
1,428,428,0.112035
1,428,428,0.108355
1,428,428,0.110755
1,428,428,0.116576
1,428,428,0.111682
1,429,429,0.111046
1,429,429,0.112375
1,429,429,0.110557
1,429,429,0.113798
1,429,429,0.114176
1,429,429,0.112204
1,429,429,0.113607
1,430,430,0.113005
1,430,430,0.109363
1,430,430,0.113156
1,430,430,0.113131
1,430,430,0.116679
1,430,430,0.114669
1,430,430,0.111734
1,431,431,0.113002
1,431,431,0.116069
1,431,431,0.111693
1,431,431,0.109611
1,431,431,0.114905
1,431,431,0.112913
1,431,431,0.111011
1,432,432,0.114379
1,432,432,0.114870
1,432,432,0.111023
1,432,432,0.117474
1,432,432,0.108823
1,432,432,0.111383
1,432,432,0.112996
1,433,433,0.110103
1,433,433,0.117208
1,433,433,0.111144
1,433,433,0.110571
1,433,433,0.111683
1,433,433,0.113377
1,433,433,0.112367
1,434,434,0.112387
1,434,434,0.109066
1,434,434,0.111025
1,434,434,0.112614
1,434,434,0.114510
1,434,434,0.117176
1,434,434,0.112472
1,435,435,0.113090
1,435,435,0.114252
1,435,435,0.115534
1,435,435,0.115115
1,435,435,0.113908
1,435,435,0.112116
1,435,435,0.110822
1,436,436,0.116847
1,436,436,0.109157
1,436,436,0.110223
1,436,436,0.110243
1,436,436,0.110900
1,436,436,0.112714
1,436,436,0.113588
1,437,437,0.110751
1,437,437,0.111739
1,437,437,0.113858
1,437,437,0.113080
1,437,437,0.115148
1,437,437,0.109188
1,437,437,0.113057
1,438,438,0.115755
1,438,438,0.116798
1,438,438,0.110770
1,438,438,0.113890
1,438,438,0.112392
1,438,438,0.111861
1,438,438,0.110982
1,439,439,0.112912
1,439,439,0.113306
1,439,439,0.109331
1,439,439,0.108814
1,439,439,0.111546
1,439,439,0.113354
1,439,439,0.112139
1,440,440,0.111414
1,440,440,0.112245
1,440,440,0.111838
1,440,440,0.114825
1,440,440,0.107538
1,440,440,0.112479
1,440,440,0.110954
1,441,441,0.115366
1,441,441,0.113607
1,441,441,0.114140
1,441,441,0.112778
1,441,441,0.117944
1,441,441,0.110076
1,441,441,0.114778
1,442,442,0.111830
1,442,442,0.115064
1,442,442,0.116538
1,442,442,0.112130
1,442,442,0.116153
1,442,442,0.113607
1,442,442,0.110449
1,443,443,0.111750
1,443,443,0.112440
1,443,443,0.111811
1,443,443,0.111487
1,443,443,0.114607
1,443,443,0.113176
1,443,443,0.112089
1,444,444,0.112154
1,444,444,0.120521
1,444,444,0.113319
1,444,444,0.112855
1,444,444,0.112108
1,444,444,0.112920
1,444,444,0.111065
1,445,445,0.111535
1,445,445,0.109270
1,445,445,0.113457
1,445,445,0.110395
1,445,445,0.112973
1,445,445,0.113800
1,445,445,0.110834
1,446,446,0.114059
1,446,446,0.113487
1,446,446,0.111315
1,446,446,0.114059
1,446,446,0.110581
1,446,446,0.111118
1,446,446,0.110936
1,447,447,0.111599
1,447,447,0.116881
1,447,447,0.110567
1,447,447,0.110855
1,447,447,0.109992
1,447,447,0.113872
1,447,447,0.111695
1,448,448,0.112940
1,448,448,0.110492
1,448,448,0.116017
1,448,448,0.109389
1,448,448,0.111866
1,448,448,0.113945
1,448,448,0.112569
1,449,449,0.109820
1,449,449,0.112562
1,449,449,0.110202
1,449,449,0.111291
1,449,449,0.110953
1,449,449,0.112277
1,449,449,0.111130
1,450,450,0.110379
1,450,450,0.110935
1,450,450,0.111956
1,450,450,0.112684
1,450,450,0.112633
1,450,450,0.117542
1,450,450,0.112374
1,451,451,0.109003
1,451,451,0.114788
1,451,451,0.109454
1,451,451,0.110606
1,451,451,0.109694
1,451,451,0.119017
1,451,451,0.112525
1,452,452,0.110989
1,452,452,0.110120
1,452,452,0.109334
1,452,452,0.110094
1,452,452,0.111861
1,452,452,0.111676
1,452,452,0.111608
1,453,453,0.112511
1,453,453,0.110236
1,453,453,0.112770
1,453,453,0.116665
1,453,453,0.114615
1,453,453,0.109461
1,453,453,0.115261
1,454,454,0.112260
1,454,454,0.111252
1,454,454,0.108670
1,454,454,0.109682
1,454,454,0.109164
1,454,454,0.111578
1,454,454,0.111083
1,455,455,0.112413
1,455,455,0.111347
1,455,455,0.110203
1,455,455,0.112237
1,455,455,0.109787
1,455,455,0.112491
1,455,455,0.113954
1,456,456,0.109759
1,456,456,0.111540
1,456,456,0.114289
1,456,456,0.110188
1,456,456,0.112633
1,456,456,0.111510
1,456,456,0.114634
1,457,457,0.110690
1,457,457,0.112804
1,457,457,0.111428
1,457,457,0.111745
1,457,457,0.110762
1,457,457,0.110373
1,457,457,0.112069
1,458,458,0.112093
1,458,458,0.111375
1,458,458,0.112350
1,458,458,0.110587
1,458,458,0.109705
1,458,458,0.110007
1,458,458,0.111048
1,459,459,0.111200
1,459,459,0.110874
1,459,459,0.111218
1,459,459,0.110745
1,459,459,0.115888
1,459,459,0.112467
1,459,459,0.108697
1,460,460,0.109828
1,460,460,0.115537
1,460,460,0.109834
1,460,460,0.113654
1,460,460,0.112866
1,460,460,0.112359
1,460,460,0.109264
1,461,461,0.114132
1,461,461,0.110621
1,461,461,0.109268
1,461,461,0.113922
1,461,461,0.109084
1,461,461,0.113615
1,461,461,0.111468
1,462,462,0.111920
1,462,462,0.111214
1,462,462,0.110099
1,462,462,0.109942
1,462,462,0.111002
1,462,462,0.113834
1,462,462,0.113496
1,463,463,0.112960
1,463,463,0.109369
1,463,463,0.110550
1,463,463,0.117379
1,463,463,0.110388
1,463,463,0.111960
1,463,463,0.111317
1,464,464,0.108815
1,464,464,0.112887
1,464,464,0.108609
1,464,464,0.113855
1,464,464,0.111773
1,464,464,0.117958
1,464,464,0.112838
1,465,465,0.112542
1,465,465,0.114343
1,465,465,0.111480
1,465,465,0.111934
1,465,465,0.108484
1,465,465,0.111267
1,465,465,0.109679
1,466,466,0.115358
1,466,466,0.116622
1,466,466,0.111541
1,466,466,0.110177
1,466,466,0.112296
1,466,466,0.113102
1,466,466,0.110767
1,467,467,0.110605
1,467,467,0.117091
1,467,467,0.115084
1,467,467,0.113348
1,467,467,0.111356
1,467,467,0.111396
1,467,467,0.113254
1,468,468,0.111116
1,468,468,0.108656
1,468,468,0.114155
1,468,468,0.110942
1,468,468,0.109357
1,468,468,0.111915
1,468,468,0.112644
1,469,469,0.109467
1,469,469,0.111610
1,469,469,0.110851
1,469,469,0.114369
1,469,469,0.108992
1,469,469,0.113177
1,469,469,0.110694
1,470,470,0.113304
1,470,470,0.109803
1,470,470,0.110658
1,470,470,0.110328
1,470,470,0.111243
1,470,470,0.109643
1,470,470,0.113253
1,471,471,0.109646
1,471,471,0.110743
1,471,471,0.110088
1,471,471,0.111074
1,471,471,0.112548
1,471,471,0.113338
1,471,471,0.115205
1,472,472,0.113442
1,472,472,0.109497
1,472,472,0.110342
1,472,472,0.112087
1,472,472,0.111226
1,472,472,0.111949
1,472,472,0.111917
1,473,473,0.111952
1,473,473,0.110528
1,473,473,0.110144
1,473,473,0.110177
1,473,473,0.112046
1,473,473,0.114975
1,473,473,0.110995
1,474,474,0.110145
1,474,474,0.112963
1,474,474,0.114528
1,474,474,0.110188
1,474,474,0.109117
1,474,474,0.111857
1,474,474,0.111363
1,475,475,0.111167
1,475,475,0.110232
1,475,475,0.110205
1,475,475,0.109964
1,475,475,0.113445
1,475,475,0.110983
1,475,475,0.114767
1,476,476,0.110843
1,476,476,0.109690
1,476,476,0.109558
1,476,476,0.111860
1,476,476,0.112394
1,476,476,0.114272
1,476,476,0.114502
1,477,477,0.110291
1,477,477,0.113136
1,477,477,0.116038
1,477,477,0.112100
1,477,477,0.113414
1,477,477,0.113290
1,477,477,0.112787
1,478,478,0.113244
1,478,478,0.112403
1,478,478,0.111250
1,478,478,0.112203
1,478,478,0.112259
1,478,478,0.116353
1,478,478,0.112321
1,479,479,0.112350
1,479,479,0.113622
1,479,479,0.116716
1,479,479,0.113934
1,479,479,0.113884
1,479,479,0.116420
1,479,479,0.112026
1,480,480,0.112646
1,480,480,0.110356
1,480,480,0.112827
1,480,480,0.110447
1,480,480,0.117507
1,480,480,0.116285
1,480,480,0.111736
1,481,481,0.112373
1,481,481,0.112003
1,481,481,0.113805
1,481,481,0.109692
1,481,481,0.114066
1,481,481,0.113146
1,481,481,0.114609
1,482,482,0.110503
1,482,482,0.113033
1,482,482,0.111657
1,482,482,0.114328
1,482,482,0.110531
1,482,482,0.110374
1,482,482,0.113716
1,483,483,0.112965
1,483,483,0.112067
1,483,483,0.114110
1,483,483,0.110485
1,483,483,0.115083
1,483,483,0.112293
1,483,483,0.109498
1,484,484,0.113093
1,484,484,0.111891
1,484,484,0.114437
1,484,484,0.111258
1,484,484,0.111719
1,484,484,0.113779
1,484,484,0.110109
1,485,485,0.112221
1,485,485,0.111745
1,485,485,0.110459
1,485,485,0.112416
1,485,485,0.110243
1,485,485,0.115005
1,485,485,0.110000
1,486,486,0.112358
1,486,486,0.110041
1,486,486,0.109272
1,486,486,0.111232
1,486,486,0.108912
1,486,486,0.111840
1,486,486,0.112795
1,487,487,0.111604
1,487,487,0.111813
1,487,487,0.111300
1,487,487,0.111441
1,487,487,0.111012
1,487,487,0.110566
1,487,487,0.114087
1,488,488,0.110961
1,488,488,0.115637
1,488,488,0.110233
1,488,488,0.108946
1,488,488,0.111895
1,488,488,0.114241
1,488,488,0.110432
1,489,489,0.113423
1,489,489,0.116371
1,489,489,0.116423
1,489,489,0.114504
1,489,489,0.112494
1,489,489,0.113605
1,489,489,0.111603
1,490,490,0.110566
1,490,490,0.110339
1,490,490,0.112308
1,490,490,0.111389
1,490,490,0.116033
1,490,490,0.109919
1,490,490,0.110176
1,491,491,0.108999
1,491,491,0.109994
1,491,491,0.111203
1,491,491,0.107680
1,491,491,0.111460
1,491,491,0.111045
1,491,491,0.114174
1,492,492,0.113411
1,492,492,0.110912
1,492,492,0.111037
1,492,492,0.108874
1,492,492,0.114872
1,492,492,0.110919
1,492,492,0.109828
1,493,493,0.112274
1,493,493,0.118577
1,493,493,0.110696
1,493,493,0.110290
1,493,493,0.111279
1,493,493,0.113840
1,493,493,0.110279
1,494,494,0.109527
1,494,494,0.108697
1,494,494,0.108920
1,494,494,0.112643
1,494,494,0.111561
1,494,494,0.109209
1,494,494,0.114372
1,495,495,0.110893
1,495,495,0.108816
1,495,495,0.108773
1,495,495,0.112249
1,495,495,0.113377
1,495,495,0.111092
1,495,495,0.113706
1,496,496,0.112160
1,496,496,0.109969
1,496,496,0.109969
1,496,496,0.112700
1,496,496,0.112502
1,496,496,0.112769
1,496,496,0.111413
1,497,497,0.108536
1,497,497,0.111597
1,497,497,0.109977
1,497,497,0.111781
1,497,497,0.109425
1,497,497,0.109185
1,497,497,0.111437
1,498,498,0.108701
1,498,498,0.111024
1,498,498,0.110761
1,498,498,0.113711
1,498,498,0.106733
1,498,498,0.115358
1,498,498,0.112295
1,499,499,0.113258
1,499,499,0.112913
1,499,499,0.111563
1,499,499,0.111800
1,499,499,0.112665
1,499,499,0.108026
1,499,499,0.111672
1,500,500,0.112711
1,500,500,0.109448
1,500,500,0.110618
1,500,500,0.115860
1,500,500,0.112261
1,500,500,0.110041
1,500,500,0.106574
1,501,501,0.114427
1,501,501,0.111265
1,501,501,0.110298
1,501,501,0.110931
1,501,501,0.111074
1,501,501,0.112603
1,501,501,0.110792
1,502,502,0.109683
1,502,502,0.110745
1,502,502,0.111668
1,502,502,0.110257
1,502,502,0.112777
1,502,502,0.111256
1,502,502,0.110165
1,503,503,0.109798
1,503,503,0.110111
1,503,503,0.112062
1,503,503,0.111360
1,503,503,0.109367
1,503,503,0.112832
1,503,503,0.109397
1,504,504,0.113069
1,504,504,0.113519
1,504,504,0.110380
1,504,504,0.118257
1,504,504,0.109087
1,504,504,0.112719
1,504,504,0.109261
1,505,505,0.110032
1,505,505,0.112157
1,505,505,0.111536
1,505,505,0.112191
1,505,505,0.108475
1,505,505,0.110605
1,505,505,0.112875
1,506,506,0.111019
1,506,506,0.108726
1,506,506,0.111055
1,506,506,0.112379
1,506,506,0.111433
1,506,506,0.108335
1,506,506,0.109464
1,507,507,0.111131
1,507,507,0.112780
1,507,507,0.112578
1,507,507,0.113024
1,507,507,0.112327
1,507,507,0.110927
1,507,507,0.111485
1,508,508,0.117800
1,508,508,0.111498
1,508,508,0.111971
1,508,508,0.110521
1,508,508,0.112415
1,508,508,0.114243
1,508,508,0.110129
1,509,509,0.112162
1,509,509,0.112856
1,509,509,0.111546
1,509,509,0.115784
1,509,509,0.111612
1,509,509,0.117536
1,509,509,0.112604
1,510,510,0.110007
1,510,510,0.112002
1,510,510,0.112415
1,510,510,0.111474
1,510,510,0.111142
1,510,510,0.113226
1,510,510,0.112490
1,511,511,0.109692
1,511,511,0.111449
1,511,511,0.108530
1,511,511,0.113542
1,511,511,0.109898
1,511,511,0.112116
1,511,511,0.110680
1,512,512,0.112803
1,512,512,0.110150
1,512,512,0.110293
1,512,512,0.107547
1,512,512,0.109954
1,512,512,0.110498
1,512,512,0.109583
1,513,513,0.111347
1,513,513,0.116647
1,513,513,0.112160
1,513,513,0.115253
1,513,513,0.111580
1,513,513,0.113106
1,513,513,0.117800
1,514,514,0.113169
1,514,514,0.116563
1,514,514,0.111182
1,514,514,0.113776
1,514,514,0.113401
1,514,514,0.113942
1,514,514,0.109388
1,515,515,0.110937
1,515,515,0.115005
1,515,515,0.112102
1,515,515,0.111196
1,515,515,0.113737
1,515,515,0.117234
1,515,515,0.111916
1,516,516,0.111522
1,516,516,0.111083
1,516,516,0.111901
1,516,516,0.113036
1,516,516,0.109393
1,516,516,0.108663
1,516,516,0.111966
1,517,517,0.114213
1,517,517,0.115058
1,517,517,0.113104
1,517,517,0.110621
1,517,517,0.114481
1,517,517,0.112899
1,517,517,0.114522
1,518,518,0.113778
1,518,518,0.112146
1,518,518,0.110641
1,518,518,0.112877
1,518,518,0.113588
1,518,518,0.112516
1,518,518,0.115074
1,519,519,0.115490
1,519,519,0.111490
1,519,519,0.112157
1,519,519,0.112551
1,519,519,0.111896
1,519,519,0.117771
1,519,519,0.111314
1,520,520,0.113171
1,520,520,0.110594
1,520,520,0.108477
1,520,520,0.108480
1,520,520,0.114747
1,520,520,0.111419
1,520,520,0.111279
1,521,521,0.111964
1,521,521,0.110751
1,521,521,0.110248
1,521,521,0.112968
1,521,521,0.109882
1,521,521,0.112835
1,521,521,0.110143
1,522,522,0.110357
1,522,522,0.110090
1,522,522,0.110986
1,522,522,0.111155
1,522,522,0.110072
1,522,522,0.109619
1,522,522,0.112205
1,523,523,0.108904
1,523,523,0.110612
1,523,523,0.110600
1,523,523,0.108839
1,523,523,0.110943
1,523,523,0.113534
1,523,523,0.111358
1,524,524,0.115861
1,524,524,0.112171
1,524,524,0.110844
1,524,524,0.109588
1,524,524,0.113008
1,524,524,0.110440
1,524,524,0.109018
1,525,525,0.111356
1,525,525,0.110507
1,525,525,0.109334
1,525,525,0.113958
1,525,525,0.113199
1,525,525,0.112736
1,525,525,0.109544
1,526,526,0.111705
1,526,526,0.111663
1,526,526,0.116443
1,526,526,0.114059
1,526,526,0.111767
1,526,526,0.112160
1,526,526,0.112102
1,527,527,0.109209
1,527,527,0.112238
1,527,527,0.108523
1,527,527,0.110900
1,527,527,0.111813
1,527,527,0.111493
1,527,527,0.109425
1,528,528,0.112008
1,528,528,0.112887
1,528,528,0.110044
1,528,528,0.112567
1,528,528,0.113795
1,528,528,0.110810
1,528,528,0.111224
1,529,529,0.108403
1,529,529,0.110864
1,529,529,0.109653
1,529,529,0.112138
1,529,529,0.109751
1,529,529,0.110900
1,529,529,0.110417
1,530,530,0.112239
1,530,530,0.111373
1,530,530,0.112200
1,530,530,0.112781
1,530,530,0.112449
1,530,530,0.109632
1,530,530,0.110886
1,531,531,0.120912
1,531,531,0.112605
1,531,531,0.114285
1,531,531,0.110248
1,531,531,0.111608
1,531,531,0.118076
1,531,531,0.109953
1,532,532,0.113761
1,532,532,0.112426
1,532,532,0.108260
1,532,532,0.113885
1,532,532,0.109489
1,532,532,0.109676
1,532,532,0.109761
1,533,533,0.109690
1,533,533,0.112573
1,533,533,0.110308
1,533,533,0.111745
1,533,533,0.113501
1,533,533,0.111457
1,533,533,0.115288
1,534,534,0.117366
1,534,534,0.109413
1,534,534,0.110212
1,534,534,0.110839
1,534,534,0.112424
1,534,534,0.109522
1,534,534,0.111853
1,535,535,0.112208
1,535,535,0.110703
1,535,535,0.110149
1,535,535,0.111637
1,535,535,0.109779
1,535,535,0.112647
1,535,535,0.110731
1,536,536,0.110843
1,536,536,0.112254
1,536,536,0.112083
1,536,536,0.110791
1,536,536,0.110216
1,536,536,0.112199
1,536,536,0.110302
1,537,537,0.110227
1,537,537,0.110115
1,537,537,0.111955
1,537,537,0.111755
1,537,537,0.109232
1,537,537,0.110020
1,537,537,0.111977
1,538,538,0.114703
1,538,538,0.111629
1,538,538,0.107917
1,538,538,0.113086
1,538,538,0.110828
1,538,538,0.111732
1,538,538,0.112536
1,539,539,0.111494
1,539,539,0.109033
1,539,539,0.110412
1,539,539,0.109987
1,539,539,0.112674
1,539,539,0.111274
1,539,539,0.110482
2,1,540,0.110814
2,1,540,0.112536
2,1,540,0.107141
2,1,540,0.109845
2,1,540,0.110515
2,1,540,0.116979
2,1,540,0.113184
2,2,541,0.110612
2,2,541,0.112322
2,2,541,0.112794
2,2,541,0.113374
2,2,541,0.111804
2,2,541,0.108848
2,2,541,0.113512
2,3,542,0.110217
2,3,542,0.111525
2,3,542,0.112280
2,3,542,0.108198
2,3,542,0.110374
2,3,542,0.110119
2,3,542,0.111134
2,4,543,0.110831
2,4,543,0.111899
2,4,543,0.113880
2,4,543,0.108904
2,4,543,0.112580
2,4,543,0.109557
2,4,543,0.114713
2,5,544,0.111441
2,5,544,0.109157
2,5,544,0.112323
2,5,544,0.115557
2,5,544,0.107421
2,5,544,0.111490
2,5,544,0.110245
2,6,545,0.114738
2,6,545,0.114689
2,6,545,0.112094
2,6,545,0.113385
2,6,545,0.111779
2,6,545,0.113858
2,6,545,0.111309
2,7,546,0.111790
2,7,546,0.110174
2,7,546,0.112386
2,7,546,0.109423
2,7,546,0.114722
2,7,546,0.110305
2,7,546,0.111694
2,8,547,0.111146
2,8,547,0.113635
2,8,547,0.113658
2,8,547,0.112177
2,8,547,0.112076
2,8,547,0.110896
2,8,547,0.111777
2,9,548,0.109269
2,9,548,0.110309
2,9,548,0.109804
2,9,548,0.116872
2,9,548,0.115438
2,9,548,0.112349
2,9,548,0.110811
2,10,549,0.109519
2,10,549,0.108069
2,10,549,0.110513
2,10,549,0.108361
2,10,549,0.110731
2,10,549,0.113994
2,10,549,0.110777
2,11,550,0.113036
2,11,550,0.113247
2,11,550,0.111286
2,11,550,0.110634
2,11,550,0.111130
2,11,550,0.114516
2,11,550,0.110570
2,12,551,0.111924
2,12,551,0.113497
2,12,551,0.110536
2,12,551,0.110949
2,12,551,0.114127
2,12,551,0.111046
2,12,551,0.110838
2,13,552,0.110628
2,13,552,0.115220
2,13,552,0.113697
2,13,552,0.108478
2,13,552,0.113158
2,13,552,0.108776
2,13,552,0.111151
2,14,553,0.109365
2,14,553,0.113028
2,14,553,0.111410
2,14,553,0.113077
2,14,553,0.108825
2,14,553,0.111251
2,14,553,0.116974
2,15,554,0.108922
2,15,554,0.111092
2,15,554,0.112310
2,15,554,0.110942
2,15,554,0.112644
2,15,554,0.110002
2,15,554,0.114164
2,16,555,0.111955
2,16,555,0.113355
2,16,555,0.111315
2,16,555,0.111876
2,16,555,0.114612
2,16,555,0.108871
2,16,555,0.104909
2,17,556,0.113497
2,17,556,0.111168
2,17,556,0.111336
2,17,556,0.109520
2,17,556,0.109904
2,17,556,0.110024
2,17,556,0.113490
2,18,557,0.110307
2,18,557,0.110686
2,18,557,0.111356
2,18,557,0.107917
2,18,557,0.114449
2,18,557,0.113524
2,18,557,0.109871
2,19,558,0.115902
2,19,558,0.110695
2,19,558,0.108180
2,19,558,0.110578
2,19,558,0.109991
2,19,558,0.111320
2,19,558,0.111267
2,20,559,0.113573
2,20,559,0.111092
2,20,559,0.112573
2,20,559,0.111958
2,20,559,0.109691
2,20,559,0.113936
2,20,559,0.110105
2,21,560,0.110604
2,21,560,0.110086
2,21,560,0.111571
2,21,560,0.111149
2,21,560,0.111528
2,21,560,0.111806
2,21,560,0.110871
2,22,561,0.110286
2,22,561,0.111702
2,22,561,0.110732
2,22,561,0.112374
2,22,561,0.114104
2,22,561,0.107517
2,22,561,0.110149
2,23,562,0.109316
2,23,562,0.112688
2,23,562,0.110600
2,23,562,0.115881
2,23,562,0.110551
2,23,562,0.111064
2,23,562,0.111814
2,24,563,0.110461
2,24,563,0.109670
2,24,563,0.108919
2,24,563,0.111596
2,24,563,0.112864
2,24,563,0.107637
2,24,563,0.110459
2,25,564,0.112366
2,25,564,0.113859
2,25,564,0.111620
2,25,564,0.108921
2,25,564,0.110043
2,25,564,0.111847
2,25,564,0.110630
2,26,565,0.111136
2,26,565,0.111091
2,26,565,0.110777
2,26,565,0.116273
2,26,565,0.112297
2,26,565,0.108959
2,26,565,0.114556
2,27,566,0.113191
2,27,566,0.109173
2,27,566,0.112845
2,27,566,0.110629
2,27,566,0.111729
2,27,566,0.112601
2,27,566,0.112445
2,28,567,0.110536
2,28,567,0.111009
2,28,567,0.110810
2,28,567,0.114092
2,28,567,0.109957
2,28,567,0.109199
2,28,567,0.113929
2,29,568,0.111432
2,29,568,0.114339
2,29,568,0.114990
2,29,568,0.113785
2,29,568,0.112175
2,29,568,0.120662
2,29,568,0.111110
2,30,569,0.116395
2,30,569,0.112359
2,30,569,0.114381
2,30,569,0.113484
2,30,569,0.112304
2,30,569,0.115025
2,30,569,0.112357
2,31,570,0.114069
2,31,570,0.112355
2,31,570,0.111694
2,31,570,0.111612
2,31,570,0.114691
2,31,570,0.112032
2,31,570,0.111319
2,32,571,0.109629
2,32,571,0.111637
2,32,571,0.110894
2,32,571,0.113306
2,32,571,0.110781
2,32,571,0.112958
2,32,571,0.110772
2,33,572,0.113895
2,33,572,0.110648
2,33,572,0.112859
2,33,572,0.114653
2,33,572,0.109377
2,33,572,0.116025
2,33,572,0.116522
2,34,573,0.113890
2,34,573,0.112851
2,34,573,0.112879
2,34,573,0.114406
2,34,573,0.115343
2,34,573,0.112134
2,34,573,0.114146
2,35,574,0.114562
2,35,574,0.112195
2,35,574,0.115901
2,35,574,0.113537
2,35,574,0.112255
2,35,574,0.112782
2,35,574,0.116016
2,36,575,0.108804
2,36,575,0.110580
2,36,575,0.113335
2,36,575,0.109947
2,36,575,0.112652
2,36,575,0.112238
2,36,575,0.110971
2,37,576,0.114018
2,37,576,0.111733
2,37,576,0.108856
2,37,576,0.112932
2,37,576,0.114764
2,37,576,0.113019
2,37,576,0.112827
2,38,577,0.110949
2,38,577,0.110405
2,38,577,0.109338
2,38,577,0.116210
2,38,577,0.111665
2,38,577,0.111596
2,38,577,0.116994
2,39,578,0.110502
2,39,578,0.114534
2,39,578,0.111856
2,39,578,0.110133
2,39,578,0.110665
2,39,578,0.109548
2,39,578,0.111964
2,40,579,0.114462
2,40,579,0.115077
2,40,579,0.110735
2,40,579,0.113239
2,40,579,0.117044
2,40,579,0.110825
2,40,579,0.111277
2,41,580,0.110978
2,41,580,0.112077
2,41,580,0.110372
2,41,580,0.108023
2,41,580,0.114246
2,41,580,0.107987
2,41,580,0.112513
2,42,581,0.113222
2,42,581,0.112511
2,42,581,0.112085
2,42,581,0.115617
2,42,581,0.111359
2,42,581,0.114494
2,42,581,0.110081
2,43,582,0.118010
2,43,582,0.110515
2,43,582,0.112756
2,43,582,0.107382
2,43,582,0.107196
2,43,582,0.110139
2,43,582,0.110404
2,44,583,0.112093
2,44,583,0.112027
2,44,583,0.109828
2,44,583,0.108563
2,44,583,0.110601
2,44,583,0.110375
2,44,583,0.112342
2,45,584,0.111278
2,45,584,0.114654
2,45,584,0.111448
2,45,584,0.110621
2,45,584,0.111748
2,45,584,0.108745
2,45,584,0.114237
2,46,585,0.109921
2,46,585,0.112670
2,46,585,0.117292
2,46,585,0.111802
2,46,585,0.112728
2,46,585,0.115132
2,46,585,0.113417
2,47,586,0.113710
2,47,586,0.115538
2,47,586,0.115769
2,47,586,0.111872
2,47,586,0.112820
2,47,586,0.110406
2,47,586,0.107976
2,48,587,0.110960
2,48,587,0.111564
2,48,587,0.111794
2,48,587,0.110231
2,48,587,0.110495
2,48,587,0.111739
2,48,587,0.115414
2,49,588,0.112265
2,49,588,0.109693
2,49,588,0.109434
2,49,588,0.115963
2,49,588,0.111465
2,49,588,0.114996
2,49,588,0.109766
2,50,589,0.109814
2,50,589,0.110546
2,50,589,0.109946
2,50,589,0.116289
2,50,589,0.110843
2,50,589,0.115325
2,50,589,0.111874
2,51,590,0.113334
2,51,590,0.111682
2,51,590,0.111285
2,51,590,0.112018
2,51,590,0.112430
2,51,590,0.109035
2,51,590,0.110751
2,52,591,0.108831
2,52,591,0.112396
2,52,591,0.111214
2,52,591,0.110290
2,52,591,0.115230
2,52,591,0.112226
2,52,591,0.112814
2,53,592,0.111186
2,53,592,0.112579
2,53,592,0.110221
2,53,592,0.117419
2,53,592,0.110213
2,53,592,0.109994
2,53,592,0.111336
2,54,593,0.112658
2,54,593,0.111758
2,54,593,0.106857
2,54,593,0.110278
2,54,593,0.111497
2,54,593,0.113302
2,54,593,0.110203
2,55,594,0.111704
2,55,594,0.113846
2,55,594,0.110304
2,55,594,0.112684
2,55,594,0.110518
2,55,594,0.112273
2,55,594,0.109969
2,56,595,0.110995
2,56,595,0.110695
2,56,595,0.108679
2,56,595,0.114558
2,56,595,0.110797
2,56,595,0.109680
2,56,595,0.110249
2,57,596,0.110431
2,57,596,0.111726
2,57,596,0.110722
2,57,596,0.114633
2,57,596,0.108566
2,57,596,0.109370
2,57,596,0.112046
2,58,597,0.112375
2,58,597,0.110805
2,58,597,0.110331
2,58,597,0.111901
2,58,597,0.111243
2,58,597,0.107598
2,58,597,0.110496
2,59,598,0.111637
2,59,598,0.111353
2,59,598,0.110887
2,59,598,0.112754
2,59,598,0.112253
2,59,598,0.112763
2,59,598,0.112919
2,60,599,0.109418
2,60,599,0.110063
2,60,599,0.112766
2,60,599,0.115425
2,60,599,0.111491
2,60,599,0.110762
2,60,599,0.110404
2,61,600,0.112627
2,61,600,0.108623
2,61,600,0.110160
2,61,600,0.108281
2,61,600,0.116617
2,61,600,0.108701
2,61,600,0.109321
2,62,601,0.109874
2,62,601,0.109849
2,62,601,0.109274
2,62,601,0.111812
2,62,601,0.112942
2,62,601,0.111222
2,62,601,0.110692
2,63,602,0.111977
2,63,602,0.107432
2,63,602,0.110671
2,63,602,0.111276
2,63,602,0.110361
2,63,602,0.111929
2,63,602,0.112753
2,64,603,0.109484
2,64,603,0.110061
2,64,603,0.113176
2,64,603,0.109789
2,64,603,0.117732
2,64,603,0.110048
2,64,603,0.110508
2,65,604,0.109458
2,65,604,0.110269
2,65,604,0.108853
2,65,604,0.110210
2,65,604,0.108963
2,65,604,0.107461
2,65,604,0.111954
2,66,605,0.115831
2,66,605,0.108117
2,66,605,0.108545
2,66,605,0.111182
2,66,605,0.111254
2,66,605,0.109072
2,66,605,0.109954
2,67,606,0.109423
2,67,606,0.110311
2,67,606,0.111979
2,67,606,0.110682
2,67,606,0.109359
2,67,606,0.110085
2,67,606,0.111945
2,68,607,0.109262
2,68,607,0.112670
2,68,607,0.110814
2,68,607,0.109975
2,68,607,0.109566
2,68,607,0.110514
2,68,607,0.115691
2,69,608,0.112332
2,69,608,0.111096
2,69,608,0.110695
2,69,608,0.112645
2,69,608,0.109835
2,69,608,0.109684
2,69,608,0.110206
2,70,609,0.108488
2,70,609,0.115278
2,70,609,0.112934
2,70,609,0.107282
2,70,609,0.106939
2,70,609,0.107619
2,70,609,0.108100
2,71,610,0.110864
2,71,610,0.109258
2,71,610,0.112195
2,71,610,0.110327
2,71,610,0.109744
2,71,610,0.112201
2,71,610,0.111955
2,72,611,0.110420
2,72,611,0.110672
2,72,611,0.112173
2,72,611,0.107461
2,72,611,0.110450
2,72,611,0.108945
2,72,611,0.110286
2,73,612,0.110818
2,73,612,0.109697
2,73,612,0.108588
2,73,612,0.113017
2,73,612,0.112289
2,73,612,0.115846
2,73,612,0.109206
2,74,613,0.110249
2,74,613,0.108608
2,74,613,0.109261
2,74,613,0.107578
2,74,613,0.110592
2,74,613,0.117977
2,74,613,0.109895
2,75,614,0.111332
2,75,614,0.111610
2,75,614,0.112788
2,75,614,0.109668
2,75,614,0.109563
2,75,614,0.108571
2,75,614,0.109438
2,76,615,0.108988
2,76,615,0.113533
2,76,615,0.113757
2,76,615,0.113834
2,76,615,0.112234
2,76,615,0.109662
2,76,615,0.111878
2,77,616,0.111635
2,77,616,0.111101
2,77,616,0.107202
2,77,616,0.108672
2,77,616,0.109654
2,77,616,0.107725
2,77,616,0.112468
2,78,617,0.114686
2,78,617,0.111998
2,78,617,0.108960
2,78,617,0.110790
2,78,617,0.114445
2,78,617,0.111465
2,78,617,0.114124
2,79,618,0.109528
2,79,618,0.109112
2,79,618,0.111000
2,79,618,0.109334
2,79,618,0.110725
2,79,618,0.111911
2,79,618,0.114478
2,80,619,0.110392
2,80,619,0.109686
2,80,619,0.110764
2,80,619,0.106190
2,80,619,0.110040
2,80,619,0.109177
2,80,619,0.107136
2,81,620,0.113256
2,81,620,0.112305
2,81,620,0.110454
2,81,620,0.109737
2,81,620,0.110120
2,81,620,0.112530
2,81,620,0.109243
2,82,621,0.110341
2,82,621,0.111420
2,82,621,0.114714
2,82,621,0.112616
2,82,621,0.110156
2,82,621,0.109717
2,82,621,0.109449
2,83,622,0.107265
2,83,622,0.111589
2,83,622,0.118576
2,83,622,0.112815
2,83,622,0.112670
2,83,622,0.108461
2,83,622,0.109928
2,84,623,0.110355
2,84,623,0.110253
2,84,623,0.116176
2,84,623,0.111348
2,84,623,0.113998
2,84,623,0.112403
2,84,623,0.109491
2,85,624,0.111335
2,85,624,0.108752
2,85,624,0.106371
2,85,624,0.110556
2,85,624,0.109413
2,85,624,0.110864
2,85,624,0.111673
2,86,625,0.110275
2,86,625,0.110170
2,86,625,0.109863
2,86,625,0.112470
2,86,625,0.108478
2,86,625,0.116219
2,86,625,0.110613
2,87,626,0.111165
2,87,626,0.108771
2,87,626,0.109135
2,87,626,0.114166
2,87,626,0.113075
2,87,626,0.112625
2,87,626,0.109511
2,88,627,0.108989
2,88,627,0.110590
2,88,627,0.111318
2,88,627,0.114205
2,88,627,0.110550
2,88,627,0.114690
2,88,627,0.112389
2,89,628,0.109741
2,89,628,0.110124
2,89,628,0.111445
2,89,628,0.110521
2,89,628,0.112920
2,89,628,0.112257
2,89,628,0.114936
2,90,629,0.112640
2,90,629,0.111431
2,90,629,0.109255
2,90,629,0.109261
2,90,629,0.111137
2,90,629,0.108616
2,90,629,0.116541
2,91,630,0.114653
2,91,630,0.112909
2,91,630,0.107937
2,91,630,0.108665
2,91,630,0.108402
2,91,630,0.107717
2,91,630,0.109958
2,92,631,0.109540
2,92,631,0.115526
2,92,631,0.115263
2,92,631,0.112020
2,92,631,0.108591
2,92,631,0.110785
2,92,631,0.112485
2,93,632,0.112542
2,93,632,0.107976
2,93,632,0.110730
2,93,632,0.109061
2,93,632,0.109470
2,93,632,0.112304
2,93,632,0.110862
2,94,633,0.110590
2,94,633,0.112789
2,94,633,0.110161
2,94,633,0.108272
2,94,633,0.112257
2,94,633,0.107633
2,94,633,0.108980
2,95,634,0.114121
2,95,634,0.110233
2,95,634,0.109291
2,95,634,0.111563
2,95,634,0.110923
2,95,634,0.108441
2,95,634,0.111398
2,96,635,0.110666
2,96,635,0.110314
2,96,635,0.111106
2,96,635,0.109265
2,96,635,0.111274
2,96,635,0.112063
2,96,635,0.110290
2,97,636,0.109699
2,97,636,0.112967
2,97,636,0.108784
2,97,636,0.109980
2,97,636,0.111464
2,97,636,0.112662
2,97,636,0.109733
2,98,637,0.109885
2,98,637,0.112228
2,98,637,0.110300
2,98,637,0.110170
2,98,637,0.110179
2,98,637,0.117085
2,98,637,0.111351
2,99,638,0.113736
2,99,638,0.109864
2,99,638,0.109033
2,99,638,0.117879
2,99,638,0.110852
2,99,638,0.109490
2,99,638,0.109729
2,100,639,0.110928
2,100,639,0.110204
2,100,639,0.107938
2,100,639,0.111254
2,100,639,0.109976
2,100,639,0.109156
2,100,639,0.109499
2,101,640,0.110625
2,101,640,0.116438
2,101,640,0.109817
2,101,640,0.112622
2,101,640,0.108849
2,101,640,0.110744
2,101,640,0.110067
2,102,641,0.112892
2,102,641,0.114468
2,102,641,0.109476
2,102,641,0.112000
2,102,641,0.110042
2,102,641,0.113463
2,102,641,0.120044
2,103,642,0.110258
2,103,642,0.109451
2,103,642,0.108724
2,103,642,0.108780
2,103,642,0.111524
2,103,642,0.109777
2,103,642,0.109950
2,104,643,0.112786
2,104,643,0.107921
2,104,643,0.110433
2,104,643,0.108359
2,104,643,0.108544
2,104,643,0.110339
2,104,643,0.114394
2,105,644,0.113621
2,105,644,0.110487
2,105,644,0.110235
2,105,644,0.109343
2,105,644,0.114653
2,105,644,0.109017
2,105,644,0.110501
2,106,645,0.111835
2,106,645,0.110869
2,106,645,0.109100
2,106,645,0.112528
2,106,645,0.112074
2,106,645,0.113031
2,106,645,0.113744
2,107,646,0.116619
2,107,646,0.113450
2,107,646,0.107674
2,107,646,0.108421
2,107,646,0.108691
2,107,646,0.115130
2,107,646,0.113418
2,108,647,0.110086
2,108,647,0.110643
2,108,647,0.111347
2,108,647,0.112150
2,108,647,0.108257
2,108,647,0.110773
2,108,647,0.115009
2,109,648,0.110084
2,109,648,0.108955
2,109,648,0.111437
2,109,648,0.108313
2,109,648,0.111235
2,109,648,0.113467
2,109,648,0.111072
2,110,649,0.110407
2,110,649,0.109963
2,110,649,0.110482
2,110,649,0.111524
2,110,649,0.109621
2,110,649,0.113775
2,110,649,0.110898
2,111,650,0.110128
2,111,650,0.112299
2,111,650,0.113417
2,111,650,0.111270
2,111,650,0.111146
2,111,650,0.118693
2,111,650,0.111400
2,112,651,0.112126
2,112,651,0.111542
2,112,651,0.109039
2,112,651,0.107576
2,112,651,0.111625
2,112,651,0.112686
2,112,651,0.113557
2,113,652,0.109289
2,113,652,0.108059
2,113,652,0.112431
2,113,652,0.115502
2,113,652,0.108866
2,113,652,0.109307
2,113,652,0.107434
2,114,653,0.107137
2,114,653,0.110763
2,114,653,0.113581
2,114,653,0.108259
2,114,653,0.109576
2,114,653,0.116811
2,114,653,0.113245
2,115,654,0.113664
2,115,654,0.111926
2,115,654,0.115444
2,115,654,0.112805
2,115,654,0.109597
2,115,654,0.115124
2,115,654,0.107989
2,116,655,0.107523
2,116,655,0.119519
2,116,655,0.112438
2,116,655,0.109973
2,116,655,0.112035
2,116,655,0.112625
2,116,655,0.112222
2,117,656,0.113857
2,117,656,0.112081
2,117,656,0.112656
2,117,656,0.112607
2,117,656,0.111591
2,117,656,0.111001
2,117,656,0.111065
2,118,657,0.112067
2,118,657,0.113949
2,118,657,0.111282
2,118,657,0.112971
2,118,657,0.114213
2,118,657,0.114243
2,118,657,0.118567
2,119,658,0.111521
2,119,658,0.112187
2,119,658,0.111322
2,119,658,0.112247
2,119,658,0.110675
2,119,658,0.112666
2,119,658,0.113797
2,120,659,0.112414
2,120,659,0.115378
2,120,659,0.114452
2,120,659,0.117829
2,120,659,0.113019
2,120,659,0.112743
2,120,659,0.118467
2,121,660,0.113566
2,121,660,0.110117
2,121,660,0.111310
2,121,660,0.110074
2,121,660,0.113323
2,121,660,0.112675
2,121,660,0.111182
2,122,661,0.107888
2,122,661,0.108585
2,122,661,0.109098
2,122,661,0.111113
2,122,661,0.108947
2,122,661,0.111990
2,122,661,0.110760
2,123,662,0.111994
2,123,662,0.113138
2,123,662,0.109902
2,123,662,0.109411
2,123,662,0.114166
2,123,662,0.109086
2,123,662,0.108491
2,124,663,0.110309
2,124,663,0.112363
2,124,663,0.110303
2,124,663,0.111699
2,124,663,0.111080
2,124,663,0.111223
2,124,663,0.114589
2,125,664,0.115988
2,125,664,0.108082
2,125,664,0.112625
2,125,664,0.109957
2,125,664,0.117568
2,125,664,0.108926
2,125,664,0.112130
2,126,665,0.112902
2,126,665,0.107247
2,126,665,0.110009
2,126,665,0.108725
2,126,665,0.114592
2,126,665,0.110434
2,126,665,0.110196
2,127,666,0.114790
2,127,666,0.111757
2,127,666,0.112083
2,127,666,0.112084
2,127,666,0.112905
2,127,666,0.111062
2,127,666,0.111344
2,128,667,0.110290
2,128,667,0.110923
2,128,667,0.109017
2,128,667,0.114437
2,128,667,0.110293
2,128,667,0.110054
2,128,667,0.112093
2,129,668,0.108745
2,129,668,0.108817
2,129,668,0.108154
2,129,668,0.107287
2,129,668,0.112945
2,129,668,0.112585
2,129,668,0.118204
2,130,669,0.113571
2,130,669,0.117281
2,130,669,0.111912
2,130,669,0.111177
2,130,669,0.109728
2,130,669,0.113170
2,130,669,0.110522
2,131,670,0.108849
2,131,670,0.111762
2,131,670,0.108832
2,131,670,0.111182
2,131,670,0.111413
2,131,670,0.115276
2,131,670,0.111707
2,132,671,0.109719
2,132,671,0.109345
2,132,671,0.111632
2,132,671,0.109875
2,132,671,0.108380
2,132,671,0.107054
2,132,671,0.110963
2,133,672,0.112517
2,133,672,0.109328
2,133,672,0.111995
2,133,672,0.109737
2,133,672,0.112976
2,133,672,0.111318
2,133,672,0.108031
2,134,673,0.111301
2,134,673,0.111701
2,134,673,0.107864
2,134,673,0.115485
2,134,673,0.109621
2,134,673,0.111120
2,134,673,0.109496
2,135,674,0.109592
2,135,674,0.110208
2,135,674,0.114026
2,135,674,0.108257
2,135,674,0.111099
2,135,674,0.113589
2,135,674,0.110948
2,136,675,0.110976
2,136,675,0.114489
2,136,675,0.110337
2,136,675,0.110163
2,136,675,0.110954
2,136,675,0.111121
2,136,675,0.109646
2,137,676,0.110949
2,137,676,0.106676
2,137,676,0.112268
2,137,676,0.111501
2,137,676,0.109907
2,137,676,0.107306
2,137,676,0.112188
2,138,677,0.111299
2,138,677,0.110340
2,138,677,0.112333
2,138,677,0.109582
2,138,677,0.111104
2,138,677,0.110607
2,138,677,0.107766
2,139,678,0.108827
2,139,678,0.109938
2,139,678,0.111289
2,139,678,0.113283
2,139,678,0.109876
2,139,678,0.109908
2,139,678,0.111214
2,140,679,0.112362
2,140,679,0.108395
2,140,679,0.113360
2,140,679,0.110267
2,140,679,0.106716
2,140,679,0.112651
2,140,679,0.107135
2,141,680,0.111895
2,141,680,0.108397
2,141,680,0.110360
2,141,680,0.108611
2,141,680,0.110944
2,141,680,0.110327
2,141,680,0.109965
2,142,681,0.110291
2,142,681,0.111407
2,142,681,0.108888
2,142,681,0.116209
2,142,681,0.113240
2,142,681,0.109129
2,142,681,0.115826
2,143,682,0.110883
2,143,682,0.109805
2,143,682,0.110254
2,143,682,0.112745
2,143,682,0.108502
2,143,682,0.110295
2,143,682,0.108767
2,144,683,0.109047
2,144,683,0.115711
2,144,683,0.109663
2,144,683,0.109310
2,144,683,0.106857
2,144,683,0.107687
2,144,683,0.111689
2,145,684,0.111057
2,145,684,0.111601
2,145,684,0.110521
2,145,684,0.106614
2,145,684,0.109628
2,145,684,0.109826
2,145,684,0.112824
2,146,685,0.111305
2,146,685,0.113066
2,146,685,0.110032
2,146,685,0.111773
2,146,685,0.112183
2,146,685,0.108279
2,146,685,0.109117
2,147,686,0.113207
2,147,686,0.110076
2,147,686,0.111344
2,147,686,0.111241
2,147,686,0.109012
2,147,686,0.109241
2,147,686,0.109532
2,148,687,0.109273
2,148,687,0.108842
2,148,687,0.110158
2,148,687,0.110590
2,148,687,0.110671
2,148,687,0.112271
2,148,687,0.109850
2,149,688,0.111499
2,149,688,0.112142
2,149,688,0.110827
2,149,688,0.108655
2,149,688,0.113724
2,149,688,0.112361
2,149,688,0.114960
2,150,689,0.112534
2,150,689,0.109440
2,150,689,0.111027
2,150,689,0.111659
2,150,689,0.110020
2,150,689,0.110076
2,150,689,0.108713
2,151,690,0.109886
2,151,690,0.111710
2,151,690,0.110414
2,151,690,0.112552
2,151,690,0.109026
2,151,690,0.111408
2,151,690,0.110581
2,152,691,0.111792
2,152,691,0.115348
2,152,691,0.111014
2,152,691,0.109826
2,152,691,0.110988
2,152,691,0.118756
2,152,691,0.113630
2,153,692,0.108972
2,153,692,0.109347
2,153,692,0.109760
2,153,692,0.107430
2,153,692,0.118706
2,153,692,0.110341
2,153,692,0.111936
2,154,693,0.109254
2,154,693,0.113256
2,154,693,0.106916
2,154,693,0.111182
2,154,693,0.109395
2,154,693,0.107516
2,154,693,0.111073
2,155,694,0.114113
2,155,694,0.112784
2,155,694,0.112090
2,155,694,0.109236
2,155,694,0.114585
2,155,694,0.107528
2,155,694,0.107931
2,156,695,0.110388
2,156,695,0.109824
2,156,695,0.113340
2,156,695,0.110348
2,156,695,0.110945
2,156,695,0.111816
2,156,695,0.115001
2,157,696,0.110998
2,157,696,0.115563
2,157,696,0.110419
2,157,696,0.109249
2,157,696,0.108257
2,157,696,0.111071
2,157,696,0.109031
2,158,697,0.109610
2,158,697,0.107529
2,158,697,0.107708
2,158,697,0.111729
2,158,697,0.112044
2,158,697,0.113475
2,158,697,0.110087
2,159,698,0.107476
2,159,698,0.108110
2,159,698,0.111371
2,159,698,0.108929
2,159,698,0.109653
2,159,698,0.114384
2,159,698,0.108815
2,160,699,0.108460
2,160,699,0.110156
2,160,699,0.110815
2,160,699,0.110158
2,160,699,0.113782
2,160,699,0.110690
2,160,699,0.112494
2,161,700,0.110451
2,161,700,0.109557
2,161,700,0.112154
2,161,700,0.113223
2,161,700,0.106860
2,161,700,0.109203
2,161,700,0.113137
2,162,701,0.108161
2,162,701,0.109667
2,162,701,0.112863
2,162,701,0.112324
2,162,701,0.109946
2,162,701,0.111062
2,162,701,0.113125
2,163,702,0.109184
2,163,702,0.109155
2,163,702,0.109596
2,163,702,0.111855
2,163,702,0.108929
2,163,702,0.112524
2,163,702,0.109008
2,164,703,0.112180
2,164,703,0.106813
2,164,703,0.107272
2,164,703,0.113189
2,164,703,0.110008
2,164,703,0.111521
2,164,703,0.110237
2,165,704,0.111728
2,165,704,0.110633
2,165,704,0.110921
2,165,704,0.108353
2,165,704,0.109872
2,165,704,0.108391
2,165,704,0.117322
2,166,705,0.110019
2,166,705,0.115057
2,166,705,0.113815
2,166,705,0.110954
2,166,705,0.111085
2,166,705,0.111025
2,166,705,0.107543
2,167,706,0.111345
2,167,706,0.110393
2,167,706,0.111343
2,167,706,0.109078
2,167,706,0.108575
2,167,706,0.105900
2,167,706,0.109026
2,168,707,0.108351
2,168,707,0.109581
2,168,707,0.113275
2,168,707,0.109187
2,168,707,0.109804
2,168,707,0.110632
2,168,707,0.110231
2,169,708,0.112348
2,169,708,0.109875
2,169,708,0.108275
2,169,708,0.109508
2,169,708,0.109501
2,169,708,0.113794
2,169,708,0.110293
2,170,709,0.110259
2,170,709,0.109443
2,170,709,0.110945
2,170,709,0.109008
2,170,709,0.109188
2,170,709,0.112630
2,170,709,0.109544
2,171,710,0.108684
2,171,710,0.112696
2,171,710,0.107606
2,171,710,0.107675
2,171,710,0.108285
2,171,710,0.108822
2,171,710,0.109113
2,172,711,0.111024
2,172,711,0.109332
2,172,711,0.112029
2,172,711,0.110245
2,172,711,0.112258
2,172,711,0.109942
2,172,711,0.112312
2,173,712,0.109785
2,173,712,0.107389
2,173,712,0.115801
2,173,712,0.110081
2,173,712,0.108292
2,173,712,0.109603
2,173,712,0.110137
2,174,713,0.108492
2,174,713,0.109527
2,174,713,0.110434
2,174,713,0.110678
2,174,713,0.109848
2,174,713,0.110257
2,174,713,0.118829
2,175,714,0.112259
2,175,714,0.109945
2,175,714,0.111132
2,175,714,0.112794
2,175,714,0.110098
2,175,714,0.110381
2,175,714,0.110018
2,176,715,0.111769
2,176,715,0.110934
2,176,715,0.107676
2,176,715,0.108312
2,176,715,0.111030
2,176,715,0.110416
2,176,715,0.108928
2,177,716,0.110718
2,177,716,0.109641
2,177,716,0.111151
2,177,716,0.109322
2,177,716,0.111157
2,177,716,0.110093
2,177,716,0.107002
2,178,717,0.112811
2,178,717,0.109553
2,178,717,0.110365
2,178,717,0.110934
2,178,717,0.110891
2,178,717,0.107457
2,178,717,0.109624
2,179,718,0.111159
2,179,718,0.110116
2,179,718,0.111110
2,179,718,0.110945
2,179,718,0.109552
2,179,718,0.112511
2,179,718,0.108052
2,180,719,0.111709
2,180,719,0.109107
2,180,719,0.107132
2,180,719,0.109651
2,180,719,0.113254
2,180,719,0.110882
2,180,719,0.112844
2,181,720,0.109129
2,181,720,0.118761
2,181,720,0.112995
2,181,720,0.108367
2,181,720,0.108942
2,181,720,0.108686
2,181,720,0.108865
2,182,721,0.106920
2,182,721,0.108020
2,182,721,0.108578
2,182,721,0.109916
2,182,721,0.111989
2,182,721,0.109557
2,182,721,0.111162
2,183,722,0.109995
2,183,722,0.109094
2,183,722,0.112358
2,183,722,0.109827
2,183,722,0.111779
2,183,722,0.110268
2,183,722,0.107711
2,184,723,0.113442
2,184,723,0.110560
2,184,723,0.109483
2,184,723,0.111350
2,184,723,0.109682
2,184,723,0.115194
2,184,723,0.106755
2,185,724,0.108150
2,185,724,0.111835
2,185,724,0.111117
2,185,724,0.108320
2,185,724,0.110570
2,185,724,0.114486
2,185,724,0.109152
2,186,725,0.108073
2,186,725,0.109409
2,186,725,0.111219
2,186,725,0.111692
2,186,725,0.112117
2,186,725,0.109691
2,186,725,0.109844
2,187,726,0.108116
2,187,726,0.113440
2,187,726,0.109092
2,187,726,0.109231
2,187,726,0.109413
2,187,726,0.110485
2,187,726,0.112483
2,188,727,0.107614
2,188,727,0.107251
2,188,727,0.110598
2,188,727,0.111536
2,188,727,0.116610
2,188,727,0.110221
2,188,727,0.109690
2,189,728,0.110405
2,189,728,0.110357
2,189,728,0.106675
2,189,728,0.110891
2,189,728,0.112625
2,189,728,0.110827
2,189,728,0.112901
2,190,729,0.109668
2,190,729,0.113720
2,190,729,0.112422
2,190,729,0.113921
2,190,729,0.107711
2,190,729,0.110276
2,190,729,0.109958
2,191,730,0.111042
2,191,730,0.114822
2,191,730,0.107079
2,191,730,0.111858
2,191,730,0.108973
2,191,730,0.107251
2,191,730,0.111232
2,192,731,0.110208
2,192,731,0.109742
2,192,731,0.113150
2,192,731,0.106368
2,192,731,0.113605
2,192,731,0.114866
2,192,731,0.109141
2,193,732,0.109102
2,193,732,0.110102
2,193,732,0.108136
2,193,732,0.108116
2,193,732,0.110406
2,193,732,0.108865
2,193,732,0.111426
2,194,733,0.111470
2,194,733,0.111775
2,194,733,0.111130
2,194,733,0.111454
2,194,733,0.108543
2,194,733,0.110745
2,194,733,0.109094
2,195,734,0.109557
2,195,734,0.107414
2,195,734,0.109794
2,195,734,0.113874
2,195,734,0.109548
2,195,734,0.108471
2,195,734,0.116215
2,196,735,0.112321
2,196,735,0.110310
2,196,735,0.110666
2,196,735,0.106693
2,196,735,0.112936
2,196,735,0.112690
2,196,735,0.109704
2,197,736,0.114767
2,197,736,0.110252
2,197,736,0.106667
2,197,736,0.109318
2,197,736,0.110732
2,197,736,0.111221
2,197,736,0.110635
2,198,737,0.111625
2,198,737,0.110920
2,198,737,0.109831
2,198,737,0.110976
2,198,737,0.111803
2,198,737,0.116714
2,198,737,0.111361
2,199,738,0.107366
2,199,738,0.111899
2,199,738,0.108071
2,199,738,0.109437
2,199,738,0.110749
2,199,738,0.108816
2,199,738,0.108024
2,200,739,0.107443
2,200,739,0.111571
2,200,739,0.111851
2,200,739,0.111281
2,200,739,0.110331
2,200,739,0.108353
2,200,739,0.114836
2,201,740,0.110122
2,201,740,0.113831
2,201,740,0.110815
2,201,740,0.109804
2,201,740,0.108786
2,201,740,0.109946
2,201,740,0.109511
2,202,741,0.111156
2,202,741,0.108847
2,202,741,0.112067
2,202,741,0.111221
2,202,741,0.111053
2,202,741,0.110509
2,202,741,0.110599
2,203,742,0.107552
2,203,742,0.107480
2,203,742,0.110416
2,203,742,0.109187
2,203,742,0.116658
2,203,742,0.110943
2,203,742,0.106936
2,204,743,0.112631
2,204,743,0.109545
2,204,743,0.111895
2,204,743,0.108125
2,204,743,0.109876
2,204,743,0.106338
2,204,743,0.109719
2,205,744,0.110861
2,205,744,0.110202
2,205,744,0.113721
2,205,744,0.111882
2,205,744,0.108703
2,205,744,0.113112
2,205,744,0.109786
2,206,745,0.110419
2,206,745,0.107933
2,206,745,0.109137
2,206,745,0.109766
2,206,745,0.116448
2,206,745,0.108075
2,206,745,0.108281
2,207,746,0.110935
2,207,746,0.113296
2,207,746,0.109588
2,207,746,0.114506
2,207,746,0.109854
2,207,746,0.109798
2,207,746,0.110800
2,208,747,0.114553
2,208,747,0.111516
2,208,747,0.109320
2,208,747,0.111022
2,208,747,0.113300
2,208,747,0.110092
2,208,747,0.109475
2,209,748,0.110172
2,209,748,0.111624
2,209,748,0.112647
2,209,748,0.110870
2,209,748,0.110033
2,209,748,0.110540
2,209,748,0.111135
2,210,749,0.109089
2,210,749,0.111573
2,210,749,0.111003
2,210,749,0.110796
2,210,749,0.111460
2,210,749,0.109721
2,210,749,0.113701
2,211,750,0.109777
2,211,750,0.107718
2,211,750,0.111037
2,211,750,0.105795
2,211,750,0.109666
2,211,750,0.109492
2,211,750,0.114096
2,212,751,0.107926
2,212,751,0.110799
2,212,751,0.113049
2,212,751,0.112662
2,212,751,0.106475
2,212,751,0.118339
2,212,751,0.114134
2,213,752,0.110994
2,213,752,0.113409
2,213,752,0.113517
2,213,752,0.109899
2,213,752,0.111422
2,213,752,0.109121
2,213,752,0.112043
2,214,753,0.112872
2,214,753,0.113489
2,214,753,0.119193
2,214,753,0.111493
2,214,753,0.114855
2,214,753,0.112283
2,214,753,0.114290
2,215,754,0.115698
2,215,754,0.115864
2,215,754,0.110902
2,215,754,0.113525
2,215,754,0.112394
2,215,754,0.113092
2,215,754,0.115909
2,216,755,0.116771
2,216,755,0.111550
2,216,755,0.110610
2,216,755,0.117821
2,216,755,0.113260
2,216,755,0.112534
2,216,755,0.112618
2,217,756,0.109087
2,217,756,0.116932
2,217,756,0.113831
2,217,756,0.108288
2,217,756,0.111525
2,217,756,0.113141
2,217,756,0.109811
2,218,757,0.112346
2,218,757,0.112169
2,218,757,0.114284
2,218,757,0.114819
2,218,757,0.114659
2,218,757,0.108892
2,218,757,0.111482
2,219,758,0.110392
2,219,758,0.112784
2,219,758,0.108557
2,219,758,0.112567
2,219,758,0.111044
2,219,758,0.110142
2,219,758,0.110841
2,220,759,0.110557
2,220,759,0.118324
2,220,759,0.111305
2,220,759,0.109119
2,220,759,0.111951
2,220,759,0.112721
2,220,759,0.109358
2,221,760,0.112417
2,221,760,0.113171
2,221,760,0.112299
2,221,760,0.112804
2,221,760,0.111023
2,221,760,0.111513
2,221,760,0.109506
2,222,761,0.114502
2,222,761,0.111437
2,222,761,0.111044
2,222,761,0.112620
2,222,761,0.110770
2,222,761,0.111656
2,222,761,0.112551
2,223,762,0.111858
2,223,762,0.111872
2,223,762,0.110909
2,223,762,0.113218
2,223,762,0.112705
2,223,762,0.109724
2,223,762,0.110551
2,224,763,0.112887
2,224,763,0.111677
2,224,763,0.113987
2,224,763,0.113538
2,224,763,0.111530
2,224,763,0.113456
2,224,763,0.113999
2,225,764,0.111700
2,225,764,0.109204
2,225,764,0.111424
2,225,764,0.109885
2,225,764,0.109755
2,225,764,0.113187
2,225,764,0.111862
2,226,765,0.109575
2,226,765,0.110523
2,226,765,0.109344
2,226,765,0.111217
2,226,765,0.111226
2,226,765,0.112669
2,226,765,0.111775
2,227,766,0.111364
2,227,766,0.109172
2,227,766,0.115065
2,227,766,0.110823
2,227,766,0.111944
2,227,766,0.110687
2,227,766,0.108713
2,228,767,0.113700
2,228,767,0.112328
2,228,767,0.111223
2,228,767,0.110100
2,228,767,0.108057
2,228,767,0.114980
2,228,767,0.110407
2,229,768,0.111783
2,229,768,0.108619
2,229,768,0.113387
2,229,768,0.108502
2,229,768,0.112456
2,229,768,0.110534
2,229,768,0.111406
2,230,769,0.111129
2,230,769,0.110028
2,230,769,0.110481
2,230,769,0.109186
2,230,769,0.107510
2,230,769,0.112775
2,230,769,0.111166
2,231,770,0.110593
2,231,770,0.109240
2,231,770,0.112130
2,231,770,0.110285
2,231,770,0.111554
2,231,770,0.110789
2,231,770,0.112198
2,232,771,0.109519
2,232,771,0.105842
2,232,771,0.111536
2,232,771,0.109838
2,232,771,0.115056
2,232,771,0.109947
2,232,771,0.108904
2,233,772,0.112546
2,233,772,0.111041
2,233,772,0.111729
2,233,772,0.115195
2,233,772,0.110979
2,233,772,0.111289
2,233,772,0.111203
2,234,773,0.109816
2,234,773,0.112274
2,234,773,0.106750
2,234,773,0.113533
2,234,773,0.113173
2,234,773,0.108168
2,234,773,0.107675
2,235,774,0.112442
2,235,774,0.108250
2,235,774,0.110359
2,235,774,0.108315
2,235,774,0.110256
2,235,774,0.110310
2,235,774,0.111414
2,236,775,0.109569
2,236,775,0.109964
2,236,775,0.109656
2,236,775,0.107665
2,236,775,0.110272
2,236,775,0.107908
2,236,775,0.112039
2,237,776,0.109173
2,237,776,0.110942
2,237,776,0.111261
2,237,776,0.109286
2,237,776,0.110192
2,237,776,0.109111
2,237,776,0.111140
2,238,777,0.109120
2,238,777,0.111445
2,238,777,0.111451
2,238,777,0.115463
2,238,777,0.107986
2,238,777,0.115901
2,238,777,0.108168
2,239,778,0.110430
2,239,778,0.113911
2,239,778,0.107644
2,239,778,0.107225
2,239,778,0.110289
2,239,778,0.109434
2,239,778,0.107646
2,240,779,0.116732
2,240,779,0.108168
2,240,779,0.106730
2,240,779,0.109055
2,240,779,0.108445
2,240,779,0.109361
2,240,779,0.112070
2,241,780,0.115634
2,241,780,0.107337
2,241,780,0.115745
2,241,780,0.109947
2,241,780,0.105545
2,241,780,0.107156
2,241,780,0.109639
2,242,781,0.109941
2,242,781,0.106890
2,242,781,0.108629
2,242,781,0.113278
2,242,781,0.110062
2,242,781,0.110236
2,242,781,0.114789
2,243,782,0.110737
2,243,782,0.112551
2,243,782,0.113569
2,243,782,0.106148
2,243,782,0.110742
2,243,782,0.108745
2,243,782,0.108311
2,244,783,0.109369
2,244,783,0.112143
2,244,783,0.113012
2,244,783,0.111056
2,244,783,0.109338
2,244,783,0.110859
2,244,783,0.110827
2,245,784,0.110411
2,245,784,0.111809
2,245,784,0.108175
2,245,784,0.107432
2,245,784,0.107890
2,245,784,0.114903
2,245,784,0.109023
2,246,785,0.110648
2,246,785,0.106196
2,246,785,0.111724
2,246,785,0.113603
2,246,785,0.109226
2,246,785,0.110403
2,246,785,0.114482
2,247,786,0.111443
2,247,786,0.109242
2,247,786,0.114890
2,247,786,0.106964
2,247,786,0.110608
2,247,786,0.111569
2,247,786,0.111096
2,248,787,0.111716
2,248,787,0.111119
2,248,787,0.113977
2,248,787,0.111258
2,248,787,0.113592
2,248,787,0.110059
2,248,787,0.113239
2,249,788,0.107521
2,249,788,0.110104
2,249,788,0.109943
2,249,788,0.110461
2,249,788,0.110542
2,249,788,0.109506
2,249,788,0.110679
2,250,789,0.110347
2,250,789,0.115981
2,250,789,0.109504
2,250,789,0.111420
2,250,789,0.116438
2,250,789,0.108460
2,250,789,0.111775
2,251,790,0.109789
2,251,790,0.109827
2,251,790,0.114896
2,251,790,0.111300
2,251,790,0.110827
2,251,790,0.108320
2,251,790,0.114644
2,252,791,0.110797
2,252,791,0.111075
2,252,791,0.115095
2,252,791,0.108593
2,252,791,0.108498
2,252,791,0.110583
2,252,791,0.110339
2,253,792,0.111957
2,253,792,0.109979
2,253,792,0.108220
2,253,792,0.110395
2,253,792,0.107622
2,253,792,0.116478
2,253,792,0.108458
2,254,793,0.113841
2,254,793,0.109828
2,254,793,0.109182
2,254,793,0.112395
2,254,793,0.109427
2,254,793,0.109791
2,254,793,0.110045
2,255,794,0.110498
2,255,794,0.109603
2,255,794,0.110098
2,255,794,0.110347
2,255,794,0.106232
2,255,794,0.109387
2,255,794,0.109841
2,256,795,0.112955
2,256,795,0.107694
2,256,795,0.108792
2,256,795,0.109756
2,256,795,0.110801
2,256,795,0.109302
2,256,795,0.109160
2,257,796,0.108599
2,257,796,0.109557
2,257,796,0.108701
2,257,796,0.108930
2,257,796,0.108632
2,257,796,0.113278
2,257,796,0.108831
2,258,797,0.111357
2,258,797,0.106288
2,258,797,0.109845
2,258,797,0.109901
2,258,797,0.111737
2,258,797,0.109628
2,258,797,0.110858
2,259,798,0.108652
2,259,798,0.107764
2,259,798,0.116438
2,259,798,0.108185
2,259,798,0.108588
2,259,798,0.109638
2,259,798,0.111233
2,260,799,0.108323
2,260,799,0.108270
2,260,799,0.108776
2,260,799,0.111606
2,260,799,0.111592
2,260,799,0.108295
2,260,799,0.107619
2,261,800,0.115705
2,261,800,0.109386
2,261,800,0.112092
2,261,800,0.108940
2,261,800,0.109878
2,261,800,0.111190
2,261,800,0.110481
2,262,801,0.109083
2,262,801,0.109618
2,262,801,0.117172
2,262,801,0.109838
2,262,801,0.109669
2,262,801,0.110369
2,262,801,0.108743
2,263,802,0.107065
2,263,802,0.107373
2,263,802,0.107363
2,263,802,0.113127
2,263,802,0.110270
2,263,802,0.109612
2,263,802,0.106707
2,264,803,0.112625
2,264,803,0.109386
2,264,803,0.111073
2,264,803,0.109976
2,264,803,0.108301
2,264,803,0.114282
2,264,803,0.106456
2,265,804,0.112495
2,265,804,0.107980
2,265,804,0.109689
2,265,804,0.111029
2,265,804,0.111774
2,265,804,0.108574
2,265,804,0.113103
2,266,805,0.108113
2,266,805,0.116057
2,266,805,0.111048
2,266,805,0.110813
2,266,805,0.112573
2,266,805,0.107113
2,266,805,0.109217
2,267,806,0.109385
2,267,806,0.109201
2,267,806,0.108231
2,267,806,0.111946
2,267,806,0.107628
2,267,806,0.110205
2,267,806,0.112172
2,268,807,0.111102
2,268,807,0.110147
2,268,807,0.108875
2,268,807,0.113290
2,268,807,0.110970
2,268,807,0.110150
2,268,807,0.109670
2,269,808,0.116469
2,269,808,0.108623
2,269,808,0.111846
2,269,808,0.111778
2,269,808,0.110771
2,269,808,0.109177
2,269,808,0.109697
2,270,809,0.109138
2,270,809,0.108868
2,270,809,0.108874
2,270,809,0.108997
2,270,809,0.107787
2,270,809,0.112276
2,270,809,0.109577
2,271,810,0.108345
2,271,810,0.110627
2,271,810,0.109704
2,271,810,0.108733
2,271,810,0.109632
2,271,810,0.109853
2,271,810,0.109697
2,272,811,0.109263
2,272,811,0.110981
2,272,811,0.109274
2,272,811,0.108018
2,272,811,0.111088
2,272,811,0.109592
2,272,811,0.109410
2,273,812,0.108401
2,273,812,0.108149
2,273,812,0.109402
2,273,812,0.110290
2,273,812,0.106519
2,273,812,0.108331
2,273,812,0.108884
2,274,813,0.107895
2,274,813,0.108681
2,274,813,0.110503
2,274,813,0.109351
2,274,813,0.111002
2,274,813,0.110046
2,274,813,0.114863
2,275,814,0.109435
2,275,814,0.113069
2,275,814,0.107068
2,275,814,0.108800
2,275,814,0.108730
2,275,814,0.106450
2,275,814,0.111148
2,276,815,0.110932
2,276,815,0.111555
2,276,815,0.109697
2,276,815,0.108458
2,276,815,0.109937
2,276,815,0.113070
2,276,815,0.107649
2,277,816,0.113396
2,277,816,0.108395
2,277,816,0.108208
2,277,816,0.109740
2,277,816,0.110772
2,277,816,0.111951
2,277,816,0.111693
2,278,817,0.115092
2,278,817,0.111998
2,278,817,0.109847
2,278,817,0.106935
2,278,817,0.111005
2,278,817,0.111861
2,278,817,0.112806
2,279,818,0.112416
2,279,818,0.109015
2,279,818,0.110358
2,279,818,0.107275
2,279,818,0.110503
2,279,818,0.110730
2,279,818,0.109089
2,280,819,0.106696
2,280,819,0.109074
2,280,819,0.106133
2,280,819,0.109049
2,280,819,0.110064
2,280,819,0.107713
2,280,819,0.111637
2,281,820,0.109714
2,281,820,0.108253
2,281,820,0.112180
2,281,820,0.108787
2,281,820,0.108205
2,281,820,0.107396
2,281,820,0.114222
2,282,821,0.108690
2,282,821,0.107279
2,282,821,0.108735
2,282,821,0.110977
2,282,821,0.110354
2,282,821,0.110920
2,282,821,0.110188
2,283,822,0.108665
2,283,822,0.111987
2,283,822,0.108081
2,283,822,0.110982
2,283,822,0.114131
2,283,822,0.107703
2,283,822,0.109881
2,284,823,0.107894
2,284,823,0.107711
2,284,823,0.109134
2,284,823,0.111452
2,284,823,0.109889
2,284,823,0.107172
2,284,823,0.108380
2,285,824,0.110408
2,285,824,0.108796
2,285,824,0.109394
2,285,824,0.108031
2,285,824,0.108559
2,285,824,0.111789
2,285,824,0.113050
2,286,825,0.114237
2,286,825,0.109821
2,286,825,0.109025
2,286,825,0.110697
2,286,825,0.112417
2,286,825,0.106745
2,286,825,0.110786
2,287,826,0.111113
2,287,826,0.110353
2,287,826,0.109058
2,287,826,0.111151
2,287,826,0.110454
2,287,826,0.108947
2,287,826,0.111883
2,288,827,0.110258
2,288,827,0.110883
2,288,827,0.108177
2,288,827,0.109726
2,288,827,0.111274
2,288,827,0.109973
2,288,827,0.110045
2,289,828,0.104433
2,289,828,0.111990
2,289,828,0.109374
2,289,828,0.109123
2,289,828,0.106118
2,289,828,0.109107
2,289,828,0.109703
2,290,829,0.114103
2,290,829,0.108347
2,290,829,0.108942
2,290,829,0.112227
2,290,829,0.112669
2,290,829,0.109627
2,290,829,0.107349
2,291,830,0.110543
2,291,830,0.107581
2,291,830,0.107154
2,291,830,0.115617
2,291,830,0.107912
2,291,830,0.108960
2,291,830,0.110124
2,292,831,0.115513
2,292,831,0.107793
2,292,831,0.107650
2,292,831,0.108921
2,292,831,0.105661
2,292,831,0.109784
2,292,831,0.112945
2,293,832,0.108526
2,293,832,0.109720
2,293,832,0.109117
2,293,832,0.110130
2,293,832,0.117076
2,293,832,0.114319
2,293,832,0.111527
2,294,833,0.112060
2,294,833,0.111790
2,294,833,0.110628
2,294,833,0.108259
2,294,833,0.113747
2,294,833,0.109995
2,294,833,0.109027
2,295,834,0.107875
2,295,834,0.108637
2,295,834,0.109851
2,295,834,0.111493
2,295,834,0.109672
2,295,834,0.110806
2,295,834,0.109258
2,296,835,0.110867
2,296,835,0.107586
2,296,835,0.108863
2,296,835,0.106865
2,296,835,0.112306
2,296,835,0.108236
2,296,835,0.108526
2,297,836,0.110507
2,297,836,0.110397
2,297,836,0.113097
2,297,836,0.112806
2,297,836,0.109110
2,297,836,0.109743
2,297,836,0.110574
2,298,837,0.110469
2,298,837,0.112061
2,298,837,0.108509
2,298,837,0.107035
2,298,837,0.109823
2,298,837,0.110700
2,298,837,0.112210
2,299,838,0.110174
2,299,838,0.108013
2,299,838,0.110780
2,299,838,0.109001
2,299,838,0.114744
2,299,838,0.106579
2,299,838,0.116433
2,300,839,0.109100
2,300,839,0.109154
2,300,839,0.106686
2,300,839,0.111492
2,300,839,0.110542
2,300,839,0.110850
2,300,839,0.111757
2,301,840,0.110661
2,301,840,0.114902
2,301,840,0.111340
2,301,840,0.110340
2,301,840,0.107276
2,301,840,0.111798
2,301,840,0.108364
2,302,841,0.108390
2,302,841,0.112438
2,302,841,0.107041
2,302,841,0.110556
2,302,841,0.111714
2,302,841,0.111447
2,302,841,0.111220
2,303,842,0.112975
2,303,842,0.107048
2,303,842,0.109901
2,303,842,0.106576
2,303,842,0.108088
2,303,842,0.110401
2,303,842,0.114820
2,304,843,0.106648
2,304,843,0.107160
2,304,843,0.109344
2,304,843,0.111955
2,304,843,0.111705
2,304,843,0.116264
2,304,843,0.108946
2,305,844,0.111380
2,305,844,0.110090
2,305,844,0.108431
2,305,844,0.108597
2,305,844,0.108012
2,305,844,0.111107
2,305,844,0.106511
2,306,845,0.107543
2,306,845,0.106853
2,306,845,0.116741
2,306,845,0.109888
2,306,845,0.108877
2,306,845,0.109775
2,306,845,0.107852
2,307,846,0.109878
2,307,846,0.110843
2,307,846,0.108559
2,307,846,0.112078
2,307,846,0.109754
2,307,846,0.109599
2,307,846,0.109565
2,308,847,0.111700
2,308,847,0.110075
2,308,847,0.107695
2,308,847,0.111961
2,308,847,0.109005
2,308,847,0.106215
2,308,847,0.110418
2,309,848,0.113727
2,309,848,0.111180
2,309,848,0.109471
2,309,848,0.109261
2,309,848,0.109104
2,309,848,0.110837
2,309,848,0.111067
2,310,849,0.109172
2,310,849,0.108458
2,310,849,0.109101
2,310,849,0.110401
2,310,849,0.110492
2,310,849,0.110831
2,310,849,0.114811
2,311,850,0.111931
2,311,850,0.110123
2,311,850,0.110660
2,311,850,0.105543
2,311,850,0.107730
2,311,850,0.109040
2,311,850,0.112077
2,312,851,0.111079
2,312,851,0.108866
2,312,851,0.106881
2,312,851,0.110630
2,312,851,0.108748
2,312,851,0.109545
2,312,851,0.110688
2,313,852,0.110927
2,313,852,0.109593
2,313,852,0.109922
2,313,852,0.107583
2,313,852,0.107790
2,313,852,0.108342
2,313,852,0.113491
2,314,853,0.116982
2,314,853,0.107653
2,314,853,0.112133
2,314,853,0.108709
2,314,853,0.106822
2,314,853,0.106758
2,314,853,0.113128
2,315,854,0.108871
2,315,854,0.108736
2,315,854,0.116966
2,315,854,0.115718
2,315,854,0.108323
2,315,854,0.112004
2,315,854,0.110643
2,316,855,0.111718
2,316,855,0.109114
2,316,855,0.108306
2,316,855,0.110454
2,316,855,0.110866
2,316,855,0.109771
2,316,855,0.114684
2,317,856,0.111905
2,317,856,0.112405
2,317,856,0.112309
2,317,856,0.110352
2,317,856,0.108030
2,317,856,0.105309
2,317,856,0.111225
2,318,857,0.112660
2,318,857,0.111613
2,318,857,0.109669
2,318,857,0.108956
2,318,857,0.108781
2,318,857,0.110113
2,318,857,0.113389
2,319,858,0.110043
2,319,858,0.110114
2,319,858,0.110198
2,319,858,0.112745
2,319,858,0.110249
2,319,858,0.109603
2,319,858,0.109138
2,320,859,0.106388
2,320,859,0.109710
2,320,859,0.111056
2,320,859,0.110532
2,320,859,0.109520
2,320,859,0.110950
2,320,859,0.109275
2,321,860,0.110420
2,321,860,0.108668
2,321,860,0.111748
2,321,860,0.112189
2,321,860,0.113320
2,321,860,0.108426
2,321,860,0.112322
2,322,861,0.108589
2,322,861,0.110701
2,322,861,0.108163
2,322,861,0.111580
2,322,861,0.111078
2,322,861,0.110471
2,322,861,0.113605
2,323,862,0.108412
2,323,862,0.111015
2,323,862,0.110136
2,323,862,0.112296
2,323,862,0.109074
2,323,862,0.111249
2,323,862,0.108884
2,324,863,0.109688
2,324,863,0.111817
2,324,863,0.110141
2,324,863,0.112133
2,324,863,0.110009
2,324,863,0.107766
2,324,863,0.111920
2,325,864,0.109256
2,325,864,0.108732
2,325,864,0.109083
2,325,864,0.109039
2,325,864,0.111540
2,325,864,0.110885
2,325,864,0.111374
2,326,865,0.111952
2,326,865,0.109787
2,326,865,0.107645
2,326,865,0.108815
2,326,865,0.105942
2,326,865,0.107973
2,326,865,0.112940
2,327,866,0.108291
2,327,866,0.112474
2,327,866,0.110785
2,327,866,0.109670
2,327,866,0.109617
2,327,866,0.111378
2,327,866,0.110553
2,328,867,0.110173
2,328,867,0.106665
2,328,867,0.108781
2,328,867,0.109866
2,328,867,0.107712
2,328,867,0.110953
2,328,867,0.108992
2,329,868,0.110469
2,329,868,0.115130
2,329,868,0.108470
2,329,868,0.115894
2,329,868,0.110032
2,329,868,0.111514
2,329,868,0.111244
2,330,869,0.110822
2,330,869,0.107373
2,330,869,0.110127
2,330,869,0.109406
2,330,869,0.109379
2,330,869,0.111144
2,330,869,0.112890
2,331,870,0.107181
2,331,870,0.106417
2,331,870,0.111980
2,331,870,0.108488
2,331,870,0.109781
2,331,870,0.111787
2,331,870,0.109532
2,332,871,0.108681
2,332,871,0.109699
2,332,871,0.109753
2,332,871,0.107605
2,332,871,0.108777
2,332,871,0.115253
2,332,871,0.108695
2,333,872,0.107567
2,333,872,0.109695
2,333,872,0.109211
2,333,872,0.113748
2,333,872,0.111484
2,333,872,0.112625
2,333,872,0.111724
2,334,873,0.107522
2,334,873,0.110132
2,334,873,0.110401
2,334,873,0.108405
2,334,873,0.108045
2,334,873,0.106679
2,334,873,0.112266
2,335,874,0.108896
2,335,874,0.108804
2,335,874,0.111307
2,335,874,0.107970
2,335,874,0.115178
2,335,874,0.115932
2,335,874,0.107340
2,336,875,0.114026
2,336,875,0.109451
2,336,875,0.107751
2,336,875,0.107777
2,336,875,0.108909
2,336,875,0.111288
2,336,875,0.109927
2,337,876,0.108869
2,337,876,0.112278
2,337,876,0.111981
2,337,876,0.110612
2,337,876,0.111676
2,337,876,0.109487
2,337,876,0.109495
2,338,877,0.109013
2,338,877,0.109072
2,338,877,0.110901
2,338,877,0.110144
2,338,877,0.109064
2,338,877,0.110679
2,338,877,0.109134
2,339,878,0.110249
2,339,878,0.115616
2,339,878,0.114685
2,339,878,0.108938
2,339,878,0.109686
2,339,878,0.108760
2,339,878,0.107778
2,340,879,0.110630
2,340,879,0.111462
2,340,879,0.109785
2,340,879,0.108806
2,340,879,0.108376
2,340,879,0.109138
2,340,879,0.108463
2,341,880,0.109172
2,341,880,0.108834
2,341,880,0.110886
2,341,880,0.107925
2,341,880,0.110170
2,341,880,0.109091
2,341,880,0.106399
2,342,881,0.107216
2,342,881,0.109532
2,342,881,0.107068
2,342,881,0.108252
2,342,881,0.108881
2,342,881,0.109608
2,342,881,0.110151
2,343,882,0.107852
2,343,882,0.109124
2,343,882,0.108065
2,343,882,0.108812
2,343,882,0.115014
2,343,882,0.107015
2,343,882,0.111661
2,344,883,0.117969
2,344,883,0.114119
2,344,883,0.108591
2,344,883,0.109887
2,344,883,0.110590
2,344,883,0.109889
2,344,883,0.114909
2,345,884,0.111234
2,345,884,0.108908
2,345,884,0.107342
2,345,884,0.110439
2,345,884,0.108877
2,345,884,0.109520
2,345,884,0.107971
2,346,885,0.111276
2,346,885,0.109151
2,346,885,0.110339
2,346,885,0.108696
2,346,885,0.108026
2,346,885,0.111297
2,346,885,0.110447
2,347,886,0.108469
2,347,886,0.107586
2,347,886,0.111562
2,347,886,0.107855
2,347,886,0.111742
2,347,886,0.111729
2,347,886,0.110747
2,348,887,0.106336
2,348,887,0.110781
2,348,887,0.109277
2,348,887,0.110145
2,348,887,0.109834
2,348,887,0.108658
2,348,887,0.111040
2,349,888,0.106632
2,349,888,0.115038
2,349,888,0.111331
2,349,888,0.111050
2,349,888,0.108474
2,349,888,0.110127
2,349,888,0.108902
2,350,889,0.113525
2,350,889,0.110711
2,350,889,0.106666
2,350,889,0.107113
2,350,889,0.110688
2,350,889,0.110637
2,350,889,0.109663
2,351,890,0.110637
2,351,890,0.107840
2,351,890,0.108624
2,351,890,0.107754
2,351,890,0.110820
2,351,890,0.114789
2,351,890,0.110978
2,352,891,0.110812
2,352,891,0.108121
2,352,891,0.109578
2,352,891,0.108987
2,352,891,0.110287
2,352,891,0.110362
2,352,891,0.109162
2,353,892,0.116368
2,353,892,0.113302
2,353,892,0.111981
2,353,892,0.108479
2,353,892,0.108970
2,353,892,0.114173
2,353,892,0.112469
2,354,893,0.116373
2,354,893,0.109161
2,354,893,0.108512
2,354,893,0.110698
2,354,893,0.115615
2,354,893,0.109945
2,354,893,0.110289
2,355,894,0.111052
2,355,894,0.110701
2,355,894,0.111295
2,355,894,0.115784
2,355,894,0.112309
2,355,894,0.113824
2,355,894,0.108858
2,356,895,0.114284
2,356,895,0.111840
2,356,895,0.111943
2,356,895,0.107945
2,356,895,0.115209
2,356,895,0.110236
2,356,895,0.110072
2,357,896,0.114128
2,357,896,0.112220
2,357,896,0.110343
2,357,896,0.114113
2,357,896,0.112081
2,357,896,0.109878
2,357,896,0.109105
2,358,897,0.109125
2,358,897,0.108013
2,358,897,0.117313
2,358,897,0.112975
2,358,897,0.108234
2,358,897,0.108182
2,358,897,0.110871
2,359,898,0.110910
2,359,898,0.112188
2,359,898,0.112451
2,359,898,0.110098
2,359,898,0.108815
2,359,898,0.107546
2,359,898,0.112084
2,360,899,0.112568
2,360,899,0.110608
2,360,899,0.114323
2,360,899,0.110757
2,360,899,0.109024
2,360,899,0.108527
2,360,899,0.106256
2,361,900,0.109413
2,361,900,0.110669
2,361,900,0.109425
2,361,900,0.106298
2,361,900,0.107255
2,361,900,0.111534
2,361,900,0.112291
2,362,901,0.109247
2,362,901,0.107566
2,362,901,0.113939
2,362,901,0.111925
2,362,901,0.109622
2,362,901,0.109323
2,362,901,0.106180
2,363,902,0.109839
2,363,902,0.110856
2,363,902,0.109307
2,363,902,0.108382
2,363,902,0.107235
2,363,902,0.107708
2,363,902,0.109143
2,364,903,0.112513
2,364,903,0.108903
2,364,903,0.110818
2,364,903,0.109371
2,364,903,0.111499
2,364,903,0.109397
2,364,903,0.109082
2,365,904,0.111615
2,365,904,0.117051
2,365,904,0.108529
2,365,904,0.109290
2,365,904,0.109259
2,365,904,0.108989
2,365,904,0.108764
2,366,905,0.109418
2,366,905,0.115209
2,366,905,0.109576
2,366,905,0.107942
2,366,905,0.107805
2,366,905,0.109246
2,366,905,0.107452
2,367,906,0.108229
2,367,906,0.110232
2,367,906,0.107776
2,367,906,0.109433
2,367,906,0.111186
2,367,906,0.108940
2,367,906,0.113758
2,368,907,0.111502
2,368,907,0.112698
2,368,907,0.108971
2,368,907,0.110267
2,368,907,0.109882
2,368,907,0.111460
2,368,907,0.110551
2,369,908,0.109894
2,369,908,0.109538
2,369,908,0.110617
2,369,908,0.110214
2,369,908,0.109069
2,369,908,0.110745
2,369,908,0.113297
2,370,909,0.112059
2,370,909,0.113357
2,370,909,0.109405
2,370,909,0.108767
2,370,909,0.106560
2,370,909,0.108943
2,370,909,0.112318
2,371,910,0.110576
2,371,910,0.109563
2,371,910,0.108254
2,371,910,0.108708
2,371,910,0.109952
2,371,910,0.107962
2,371,910,0.106991
2,372,911,0.111731
2,372,911,0.107723
2,372,911,0.110058
2,372,911,0.110796
2,372,911,0.109891
2,372,911,0.115339
2,372,911,0.109354
2,373,912,0.108595
2,373,912,0.108319
2,373,912,0.113687
2,373,912,0.106727
2,373,912,0.109860
2,373,912,0.107517
2,373,912,0.111366
2,374,913,0.111263
2,374,913,0.110520
2,374,913,0.111400
2,374,913,0.112950
2,374,913,0.112833
2,374,913,0.115613
2,374,913,0.107672
2,375,914,0.111402
2,375,914,0.111834
2,375,914,0.108938
2,375,914,0.109263
2,375,914,0.108314
2,375,914,0.115211
2,375,914,0.108818
2,376,915,0.110693
2,376,915,0.115492
2,376,915,0.111294
2,376,915,0.115654
2,376,915,0.113301
2,376,915,0.116589
2,376,915,0.107026
2,377,916,0.108608
2,377,916,0.110407
2,377,916,0.109880
2,377,916,0.110080
2,377,916,0.114363
2,377,916,0.109952
2,377,916,0.110148
2,378,917,0.112193
2,378,917,0.110502
2,378,917,0.109772
2,378,917,0.109902
2,378,917,0.110036
2,378,917,0.110965
2,378,917,0.108848
2,379,918,0.111537
2,379,918,0.111074
2,379,918,0.111337
2,379,918,0.105701
2,379,918,0.109897
2,379,918,0.109911
2,379,918,0.109656
2,380,919,0.108701
2,380,919,0.112632
2,380,919,0.109635
2,380,919,0.112540
2,380,919,0.109782
2,380,919,0.111401
2,380,919,0.111833
2,381,920,0.108961
2,381,920,0.107413
2,381,920,0.113944
2,381,920,0.111434
2,381,920,0.108783
2,381,920,0.108531
2,381,920,0.107003
2,382,921,0.110159
2,382,921,0.108664
2,382,921,0.111641
2,382,921,0.108255
2,382,921,0.108264
2,382,921,0.111969
2,382,921,0.112151
2,383,922,0.109463
2,383,922,0.109846
2,383,922,0.111689
2,383,922,0.108394
2,383,922,0.110277
2,383,922,0.109858
2,383,922,0.113207
2,384,923,0.107988
2,384,923,0.107768
2,384,923,0.107859
2,384,923,0.108772
2,384,923,0.112444
2,384,923,0.112202
2,384,923,0.115233
2,385,924,0.113620
2,385,924,0.108163
2,385,924,0.109848
2,385,924,0.109262
2,385,924,0.109225
2,385,924,0.107645
2,385,924,0.108945
2,386,925,0.112940
2,386,925,0.110419
2,386,925,0.107135
2,386,925,0.107986
2,386,925,0.110806
2,386,925,0.109040
2,386,925,0.107777
2,387,926,0.115782
2,387,926,0.108869
2,387,926,0.108702
2,387,926,0.110631
2,387,926,0.108235
2,387,926,0.112817
2,387,926,0.111000
2,388,927,0.107293
2,388,927,0.116391
2,388,927,0.112461
2,388,927,0.106487
2,388,927,0.108934
2,388,927,0.109503
2,388,927,0.108896
2,389,928,0.108781
2,389,928,0.108711
2,389,928,0.112131
2,389,928,0.113080
2,389,928,0.106794
2,389,928,0.110324
2,389,928,0.109507
2,390,929,0.109180
2,390,929,0.109972
2,390,929,0.107049
2,390,929,0.113051
2,390,929,0.113271
2,390,929,0.111760
2,390,929,0.106710
2,391,930,0.109926
2,391,930,0.110718
2,391,930,0.109784
2,391,930,0.110319
2,391,930,0.107210
2,391,930,0.111355
2,391,930,0.107861
2,392,931,0.109148
2,392,931,0.111341
2,392,931,0.108079
2,392,931,0.110380
2,392,931,0.111059
2,392,931,0.110040
2,392,931,0.112340
2,393,932,0.112810
2,393,932,0.109678
2,393,932,0.110564
2,393,932,0.107360
2,393,932,0.110497
2,393,932,0.108000
2,393,932,0.109454
2,394,933,0.108804
2,394,933,0.111864
2,394,933,0.108082
2,394,933,0.108126
2,394,933,0.107472
2,394,933,0.111267
2,394,933,0.107992
2,395,934,0.110420
2,395,934,0.108944
2,395,934,0.107346
2,395,934,0.112907
2,395,934,0.108042
2,395,934,0.111009
2,395,934,0.108559
2,396,935,0.109107
2,396,935,0.108647
2,396,935,0.107399
2,396,935,0.108159
2,396,935,0.109517
2,396,935,0.108300
2,396,935,0.111670
2,397,936,0.108734
2,397,936,0.108586
2,397,936,0.114925
2,397,936,0.112227
2,397,936,0.114686
2,397,936,0.108906
2,397,936,0.107534
2,398,937,0.107095
2,398,937,0.111925
2,398,937,0.116445
2,398,937,0.107824
2,398,937,0.111861
2,398,937,0.109457
2,398,937,0.110493
2,399,938,0.109342
2,399,938,0.107449
2,399,938,0.111732
2,399,938,0.109503
2,399,938,0.106347
2,399,938,0.109490
2,399,938,0.105737
2,400,939,0.105788
2,400,939,0.108297
2,400,939,0.108240
2,400,939,0.111280
2,400,939,0.110121
2,400,939,0.113515
2,400,939,0.106326
2,401,940,0.111738
2,401,940,0.110440
2,401,940,0.112008
2,401,940,0.109791
2,401,940,0.109101
2,401,940,0.111283
2,401,940,0.109928
2,402,941,0.109655
2,402,941,0.107688
2,402,941,0.110064
2,402,941,0.107212
2,402,941,0.109292
2,402,941,0.107318
2,402,941,0.111453
2,403,942,0.107469
2,403,942,0.108454
2,403,942,0.106918
2,403,942,0.109799
2,403,942,0.108218
2,403,942,0.109742
2,403,942,0.109807
2,404,943,0.107513
2,404,943,0.115457
2,404,943,0.112388
2,404,943,0.107302
2,404,943,0.111117
2,404,943,0.109828
2,404,943,0.111036
2,405,944,0.115031
2,405,944,0.109148
2,405,944,0.109132
2,405,944,0.106011
2,405,944,0.111528
2,405,944,0.109491
2,405,944,0.107456
2,406,945,0.109711
2,406,945,0.111245
2,406,945,0.111916
2,406,945,0.107762
2,406,945,0.107669
2,406,945,0.109980
2,406,945,0.108632
2,407,946,0.107529
2,407,946,0.108328
2,407,946,0.109501
2,407,946,0.108952
2,407,946,0.111324
2,407,946,0.104975
2,407,946,0.113078
2,408,947,0.109820
2,408,947,0.109449
2,408,947,0.109948
2,408,947,0.111172
2,408,947,0.109978
2,408,947,0.110393
2,408,947,0.108834
2,409,948,0.109658
2,409,948,0.111768
2,409,948,0.108806
2,409,948,0.111568
2,409,948,0.107957
2,409,948,0.109906
2,409,948,0.109943
2,410,949,0.107409
2,410,949,0.109140
2,410,949,0.110013
2,410,949,0.110139
2,410,949,0.110851
2,410,949,0.109334
2,410,949,0.109715
2,411,950,0.109937
2,411,950,0.107359
2,411,950,0.109011
2,411,950,0.112168
2,411,950,0.108167
2,411,950,0.108029
2,411,950,0.110854
2,412,951,0.112060
2,412,951,0.110060
2,412,951,0.108177
2,412,951,0.108451
2,412,951,0.111001
2,412,951,0.110511
2,412,951,0.110206
2,413,952,0.112132
2,413,952,0.111553
2,413,952,0.106565
2,413,952,0.116351
2,413,952,0.108317
2,413,952,0.109729
2,413,952,0.108079
2,414,953,0.108958
2,414,953,0.107378
2,414,953,0.112217
2,414,953,0.107406
2,414,953,0.113217
2,414,953,0.111263
2,414,953,0.110296
2,415,954,0.112607
2,415,954,0.107633
2,415,954,0.110473
2,415,954,0.110684
2,415,954,0.109535
2,415,954,0.107281
2,415,954,0.110600
2,416,955,0.109170
2,416,955,0.113966
2,416,955,0.109631
2,416,955,0.109825
2,416,955,0.107568
2,416,955,0.111145
2,416,955,0.108918
2,417,956,0.110685
2,417,956,0.110508
2,417,956,0.109972
2,417,956,0.116179
2,417,956,0.111828
2,417,956,0.110156
2,417,956,0.106878
2,418,957,0.109681
2,418,957,0.107553
2,418,957,0.107520
2,418,957,0.111124
2,418,957,0.110273
2,418,957,0.109590
2,418,957,0.110226
2,419,958,0.112799
2,419,958,0.109956
2,419,958,0.110382
2,419,958,0.110289
2,419,958,0.108336
2,419,958,0.110347
2,419,958,0.113942
2,420,959,0.114622
2,420,959,0.111407
2,420,959,0.110537
2,420,959,0.111955
2,420,959,0.107743
2,420,959,0.109851
2,420,959,0.110006
2,421,960,0.109571
2,421,960,0.108460
2,421,960,0.107876
2,421,960,0.115372
2,421,960,0.108207
2,421,960,0.107400
2,421,960,0.108908
2,422,961,0.109193
2,422,961,0.106601
2,422,961,0.106835
2,422,961,0.109003
2,422,961,0.108805
2,422,961,0.112267
2,422,961,0.111241
2,423,962,0.110708
2,423,962,0.109360
2,423,962,0.110133
2,423,962,0.112402
2,423,962,0.107797
2,423,962,0.107688
2,423,962,0.112096
2,424,963,0.109000
2,424,963,0.109423
2,424,963,0.110703
2,424,963,0.109747
2,424,963,0.107738
2,424,963,0.108562
2,424,963,0.110863
2,425,964,0.109997
2,425,964,0.109068
2,425,964,0.110622
2,425,964,0.112319
2,425,964,0.114862
2,425,964,0.109013
2,425,964,0.109524
2,426,965,0.108784
2,426,965,0.105181
2,426,965,0.109430
2,426,965,0.108272
2,426,965,0.110775
2,426,965,0.109393
2,426,965,0.109445
2,427,966,0.108900
2,427,966,0.108690
2,427,966,0.108765
2,427,966,0.108448
2,427,966,0.108161
2,427,966,0.109552
2,427,966,0.107017
2,428,967,0.110402
2,428,967,0.112458
2,428,967,0.111199
2,428,967,0.108039
2,428,967,0.113009
2,428,967,0.110663
2,428,967,0.108708
2,429,968,0.107408
2,429,968,0.108838
2,429,968,0.110264
2,429,968,0.112134
2,429,968,0.111285
2,429,968,0.107482
2,429,968,0.111680
2,430,969,0.112410
2,430,969,0.109705
2,430,969,0.108337
2,430,969,0.108184
2,430,969,0.114626
2,430,969,0.117633
2,430,969,0.109290
2,431,970,0.110185
2,431,970,0.112502
2,431,970,0.110330
2,431,970,0.112606
2,431,970,0.107589
2,431,970,0.112930
2,431,970,0.110290
2,432,971,0.116163
2,432,971,0.109443
2,432,971,0.111144
2,432,971,0.108423
2,432,971,0.108474
2,432,971,0.108426
2,432,971,0.110255
2,433,972,0.108502
2,433,972,0.112664
2,433,972,0.111394
2,433,972,0.109810
2,433,972,0.107503
2,433,972,0.107940
2,433,972,0.108226
2,434,973,0.107088
2,434,973,0.108150
2,434,973,0.111094
2,434,973,0.105716
2,434,973,0.108625
2,434,973,0.109703
2,434,973,0.110605
2,435,974,0.107199
2,435,974,0.112218
2,435,974,0.109981
2,435,974,0.107688
2,435,974,0.110898
2,435,974,0.112363
2,435,974,0.109377
2,436,975,0.108608
2,436,975,0.111853
2,436,975,0.111104
2,436,975,0.108407
2,436,975,0.110059
2,436,975,0.108063
2,436,975,0.113427
2,437,976,0.110666
2,437,976,0.110270
2,437,976,0.110008
2,437,976,0.111036
2,437,976,0.112005
2,437,976,0.113776
2,437,976,0.113650
2,438,977,0.110957
2,438,977,0.112083
2,438,977,0.110223
2,438,977,0.111807
2,438,977,0.111443
2,438,977,0.111450
2,438,977,0.110594
2,439,978,0.111097
2,439,978,0.111991
2,439,978,0.109508
2,439,978,0.109394
2,439,978,0.111734
2,439,978,0.113892
2,439,978,0.109752
2,440,979,0.111007
2,440,979,0.113827
2,440,979,0.107878
2,440,979,0.110792
2,440,979,0.110457
2,440,979,0.111163
2,440,979,0.110088
2,441,980,0.110915
2,441,980,0.109360
2,441,980,0.109425
2,441,980,0.112114
2,441,980,0.110875
2,441,980,0.111494
2,441,980,0.110578
2,442,981,0.110650
2,442,981,0.116023
2,442,981,0.108314
2,442,981,0.108508
2,442,981,0.106792
2,442,981,0.111610
2,442,981,0.107057
2,443,982,0.108993
2,443,982,0.110491
2,443,982,0.109402
2,443,982,0.108634
2,443,982,0.115959
2,443,982,0.113123
2,443,982,0.112315
2,444,983,0.109843
2,444,983,0.112966
2,444,983,0.114329
2,444,983,0.107166
2,444,983,0.108119
2,444,983,0.109085
2,444,983,0.108879
2,445,984,0.108459
2,445,984,0.105729
2,445,984,0.110151
2,445,984,0.110071
2,445,984,0.108666
2,445,984,0.107918
2,445,984,0.110031
2,446,985,0.110434
2,446,985,0.108391
2,446,985,0.114423
2,446,985,0.117064
2,446,985,0.108958
2,446,985,0.108234
2,446,985,0.109867
2,447,986,0.109944
2,447,986,0.109360
2,447,986,0.107867
2,447,986,0.112235
2,447,986,0.110793
2,447,986,0.112286
2,447,986,0.108455
2,448,987,0.110760
2,448,987,0.107731
2,448,987,0.110339
2,448,987,0.109065
2,448,987,0.109148
2,448,987,0.110092
2,448,987,0.108153
2,449,988,0.112114
2,449,988,0.110222
2,449,988,0.109520
2,449,988,0.108924
2,449,988,0.108979
2,449,988,0.110857
2,449,988,0.108985
2,450,989,0.110884
2,450,989,0.110316
2,450,989,0.107184
2,450,989,0.109717
2,450,989,0.109997
2,450,989,0.111537
2,450,989,0.112105
2,451,990,0.111517
2,451,990,0.107270
2,451,990,0.107919
2,451,990,0.110804
2,451,990,0.109839
2,451,990,0.109652
2,451,990,0.110652
2,452,991,0.115464
2,452,991,0.109410
2,452,991,0.106845
2,452,991,0.108222
2,452,991,0.109862
2,452,991,0.111155
2,452,991,0.109446
2,453,992,0.115236
2,453,992,0.110170
2,453,992,0.112197
2,453,992,0.110827
2,453,992,0.113489
2,453,992,0.107869
2,453,992,0.108322
2,454,993,0.109076
2,454,993,0.108368
2,454,993,0.111115
2,454,993,0.107476
2,454,993,0.107953
2,454,993,0.105436
2,454,993,0.110435
2,455,994,0.108653
2,455,994,0.111361
2,455,994,0.107957
2,455,994,0.112061
2,455,994,0.107976
2,455,994,0.111560
2,455,994,0.107798
2,456,995,0.114680
2,456,995,0.110091
2,456,995,0.112001
2,456,995,0.110381
2,456,995,0.108144
2,456,995,0.106522
2,456,995,0.107729
2,457,996,0.108262
2,457,996,0.110617
2,457,996,0.109355
2,457,996,0.110401
2,457,996,0.110051
2,457,996,0.108304
2,457,996,0.107759
2,458,997,0.106465
2,458,997,0.107956
2,458,997,0.115338
2,458,997,0.112061
2,458,997,0.112740
2,458,997,0.111179
2,458,997,0.108174
2,459,998,0.111740
2,459,998,0.111159
2,459,998,0.108001
2,459,998,0.106976
2,459,998,0.107282
2,459,998,0.116412
2,459,998,0.114894
2,460,999,0.109879
2,460,999,0.106940
2,460,999,0.110013
2,460,999,0.113140
2,460,999,0.105708
2,460,999,0.109951
2,460,999,0.106863
2,461,1000,0.109649
2,461,1000,0.114690
2,461,1000,0.109549
2,461,1000,0.106781
2,461,1000,0.110846
2,461,1000,0.108040
2,461,1000,0.110090
2,462,1001,0.106814
2,462,1001,0.108095
2,462,1001,0.107178
2,462,1001,0.107106
2,462,1001,0.108746
2,462,1001,0.108143
2,462,1001,0.108631
2,463,1002,0.112551
2,463,1002,0.108813
2,463,1002,0.107906
2,463,1002,0.109091
2,463,1002,0.108643
2,463,1002,0.109286
2,463,1002,0.110739
2,464,1003,0.107878
2,464,1003,0.112904
2,464,1003,0.116536
2,464,1003,0.108053
2,464,1003,0.109681
2,464,1003,0.109970
2,464,1003,0.107822
2,465,1004,0.108857
2,465,1004,0.108340
2,465,1004,0.108714
2,465,1004,0.108843
2,465,1004,0.109332
2,465,1004,0.107811
2,465,1004,0.110610
2,466,1005,0.109546
2,466,1005,0.107489
2,466,1005,0.110198
2,466,1005,0.112422
2,466,1005,0.107531
2,466,1005,0.108389
2,466,1005,0.108805
2,467,1006,0.109520
2,467,1006,0.107167
2,467,1006,0.106575
2,467,1006,0.115852
2,467,1006,0.112075
2,467,1006,0.105978
2,467,1006,0.111486
2,468,1007,0.110753
2,468,1007,0.107271
2,468,1007,0.112776
2,468,1007,0.109606
2,468,1007,0.107984
2,468,1007,0.111584
2,468,1007,0.110678
2,469,1008,0.110868
2,469,1008,0.111839
2,469,1008,0.114975
2,469,1008,0.109240
2,469,1008,0.112371
2,469,1008,0.110090
2,469,1008,0.110363
2,470,1009,0.107625
2,470,1009,0.109276
2,470,1009,0.107887
2,470,1009,0.108771
2,470,1009,0.105951
2,470,1009,0.110208
2,470,1009,0.115140
2,471,1010,0.107229
2,471,1010,0.108737
2,471,1010,0.110313
2,471,1010,0.112942
2,471,1010,0.109882
2,471,1010,0.108469
2,471,1010,0.114044
2,472,1011,0.112047
2,472,1011,0.108373
2,472,1011,0.107606
2,472,1011,0.112788
2,472,1011,0.112508
2,472,1011,0.112536
2,472,1011,0.108333
2,473,1012,0.109858
2,473,1012,0.110074
2,473,1012,0.113694
2,473,1012,0.111847
2,473,1012,0.109535
2,473,1012,0.109420
2,473,1012,0.110457
2,474,1013,0.105809
2,474,1013,0.107053
2,474,1013,0.110368
2,474,1013,0.109620
2,474,1013,0.114382
2,474,1013,0.111586
2,474,1013,0.113553
2,475,1014,0.109217
2,475,1014,0.107838
2,475,1014,0.108988
2,475,1014,0.110681
2,475,1014,0.114324
2,475,1014,0.108155
2,475,1014,0.108456
2,476,1015,0.109207
2,476,1015,0.108156
2,476,1015,0.113225
2,476,1015,0.111817
2,476,1015,0.110520
2,476,1015,0.109437
2,476,1015,0.112062
2,477,1016,0.108592
2,477,1016,0.107045
2,477,1016,0.108632
2,477,1016,0.113162
2,477,1016,0.108236
2,477,1016,0.110467
2,477,1016,0.109909
2,478,1017,0.110926
2,478,1017,0.109803
2,478,1017,0.109494
2,478,1017,0.107852
2,478,1017,0.106535
2,478,1017,0.107932
2,478,1017,0.106411
2,479,1018,0.106224
2,479,1018,0.109715
2,479,1018,0.111619
2,479,1018,0.107190
2,479,1018,0.107661
2,479,1018,0.108316
2,479,1018,0.109772
2,480,1019,0.108283
2,480,1019,0.110978
2,480,1019,0.115246
2,480,1019,0.106335
2,480,1019,0.108393
2,480,1019,0.109655
2,480,1019,0.107434
2,481,1020,0.111018
2,481,1020,0.110690
2,481,1020,0.108338
2,481,1020,0.107980
2,481,1020,0.109132
2,481,1020,0.110062
2,481,1020,0.109138
2,482,1021,0.115105
2,482,1021,0.107708
2,482,1021,0.110466
2,482,1021,0.108871
2,482,1021,0.108750
2,482,1021,0.110818
2,482,1021,0.106671
2,483,1022,0.107245
2,483,1022,0.110119
2,483,1022,0.107353
2,483,1022,0.110190
2,483,1022,0.110488
2,483,1022,0.107252
2,483,1022,0.105712
2,484,1023,0.107103
2,484,1023,0.107174
2,484,1023,0.107704
2,484,1023,0.110454
2,484,1023,0.110234
2,484,1023,0.109101
2,484,1023,0.107978
2,485,1024,0.109153
2,485,1024,0.107895
2,485,1024,0.111579
2,485,1024,0.108517
2,485,1024,0.112150
2,485,1024,0.109455
2,485,1024,0.110620
2,486,1025,0.110812
2,486,1025,0.107432
2,486,1025,0.109751
2,486,1025,0.112063
2,486,1025,0.109739
2,486,1025,0.112328
2,486,1025,0.107825
2,487,1026,0.109185
2,487,1026,0.110153
2,487,1026,0.111434
2,487,1026,0.110697
2,487,1026,0.104017
2,487,1026,0.106600
2,487,1026,0.108478
2,488,1027,0.105869
2,488,1027,0.111656
2,488,1027,0.113540
2,488,1027,0.107205
2,488,1027,0.110685
2,488,1027,0.115466
2,488,1027,0.106458
2,489,1028,0.111063
2,489,1028,0.111532
2,489,1028,0.109111
2,489,1028,0.107327
2,489,1028,0.108620
2,489,1028,0.111606
2,489,1028,0.109488
2,490,1029,0.108246
2,490,1029,0.112122
2,490,1029,0.111404
2,490,1029,0.108846
2,490,1029,0.107454
2,490,1029,0.110868
2,490,1029,0.109062
2,491,1030,0.110000
2,491,1030,0.106991
2,491,1030,0.110214
2,491,1030,0.110362
2,491,1030,0.110923
2,491,1030,0.110138
2,491,1030,0.111452
2,492,1031,0.110085
2,492,1031,0.107532
2,492,1031,0.108646
2,492,1031,0.106487
2,492,1031,0.107864
2,492,1031,0.108525
2,492,1031,0.108850
2,493,1032,0.108550
2,493,1032,0.108034
2,493,1032,0.109741
2,493,1032,0.110246
2,493,1032,0.111155
2,493,1032,0.106912
2,493,1032,0.109284
2,494,1033,0.110847
2,494,1033,0.108967
2,494,1033,0.117247
2,494,1033,0.111592
2,494,1033,0.108387
2,494,1033,0.112812
2,494,1033,0.111749
2,495,1034,0.106943
2,495,1034,0.113222
2,495,1034,0.109463
2,495,1034,0.109640
2,495,1034,0.107752
2,495,1034,0.109505
2,495,1034,0.111292
2,496,1035,0.106504
2,496,1035,0.111561
2,496,1035,0.107733
2,496,1035,0.113577
2,496,1035,0.106261
2,496,1035,0.107780
2,496,1035,0.111386
2,497,1036,0.109357
2,497,1036,0.107656
2,497,1036,0.109152
2,497,1036,0.111520
2,497,1036,0.109034
2,497,1036,0.111055
2,497,1036,0.109505
2,498,1037,0.106768
2,498,1037,0.109502
2,498,1037,0.114617
2,498,1037,0.112718
2,498,1037,0.109650
2,498,1037,0.115965
2,498,1037,0.107670
2,499,1038,0.110871
2,499,1038,0.111684
2,499,1038,0.109310
2,499,1038,0.109341
2,499,1038,0.112098
2,499,1038,0.108962
2,499,1038,0.110697
2,500,1039,0.109543
2,500,1039,0.109094
2,500,1039,0.111881
2,500,1039,0.109533
2,500,1039,0.111465
2,500,1039,0.111403
2,500,1039,0.111628
2,501,1040,0.108083
2,501,1040,0.108016
2,501,1040,0.106801
2,501,1040,0.109469
2,501,1040,0.108657
2,501,1040,0.109467
2,501,1040,0.105744
2,502,1041,0.106435
2,502,1041,0.108027
2,502,1041,0.113616
2,502,1041,0.111558
2,502,1041,0.106827
2,502,1041,0.107599
2,502,1041,0.110599
2,503,1042,0.107013
2,503,1042,0.109075
2,503,1042,0.108805
2,503,1042,0.110599
2,503,1042,0.111401
2,503,1042,0.108485
2,503,1042,0.112477
2,504,1043,0.109954
2,504,1043,0.107775
2,504,1043,0.111439
2,504,1043,0.113494
2,504,1043,0.105447
2,504,1043,0.111371
2,504,1043,0.110951
2,505,1044,0.112272
2,505,1044,0.114784
2,505,1044,0.106680
2,505,1044,0.114697
2,505,1044,0.107734
2,505,1044,0.108015
2,505,1044,0.109951
2,506,1045,0.108275
2,506,1045,0.111042
2,506,1045,0.116345
2,506,1045,0.109739
2,506,1045,0.108376
2,506,1045,0.110022
2,506,1045,0.108839
2,507,1046,0.112587
2,507,1046,0.110105
2,507,1046,0.109850
2,507,1046,0.106155
2,507,1046,0.109306
2,507,1046,0.109667
2,507,1046,0.109966
2,508,1047,0.110060
2,508,1047,0.108834
2,508,1047,0.110821
2,508,1047,0.113033
2,508,1047,0.108374
2,508,1047,0.109101
2,508,1047,0.108253
2,509,1048,0.106659
2,509,1048,0.107840
2,509,1048,0.108627
2,509,1048,0.109254
2,509,1048,0.110783
2,509,1048,0.108122
2,509,1048,0.109700
2,510,1049,0.109974
2,510,1049,0.107701
2,510,1049,0.114268
2,510,1049,0.109366
2,510,1049,0.116606
2,510,1049,0.110366
2,510,1049,0.106454
2,511,1050,0.107712
2,511,1050,0.107438
2,511,1050,0.108241
2,511,1050,0.111026
2,511,1050,0.110320
2,511,1050,0.115159
2,511,1050,0.110104
2,512,1051,0.106495
2,512,1051,0.109477
2,512,1051,0.106860
2,512,1051,0.116480
2,512,1051,0.111509
2,512,1051,0.109012
2,512,1051,0.108650
2,513,1052,0.110277
2,513,1052,0.109380
2,513,1052,0.110329
2,513,1052,0.107102
2,513,1052,0.110371
2,513,1052,0.108871
2,513,1052,0.108514
2,514,1053,0.107075
2,514,1053,0.109533
2,514,1053,0.109380
2,514,1053,0.108483
2,514,1053,0.108013
2,514,1053,0.112721
2,514,1053,0.108254
2,515,1054,0.107058
2,515,1054,0.108944
2,515,1054,0.112011
2,515,1054,0.115217
2,515,1054,0.107717
2,515,1054,0.111260
2,515,1054,0.109757
2,516,1055,0.108690
2,516,1055,0.108434
2,516,1055,0.110995
2,516,1055,0.109470
2,516,1055,0.113319
2,516,1055,0.109582
2,516,1055,0.109529
2,517,1056,0.107871
2,517,1056,0.109422
2,517,1056,0.111107
2,517,1056,0.113195
2,517,1056,0.110535
2,517,1056,0.109873
2,517,1056,0.110402
2,518,1057,0.106957
2,518,1057,0.111267
2,518,1057,0.107633
2,518,1057,0.110119
2,518,1057,0.107257
2,518,1057,0.105972
2,518,1057,0.112202
2,519,1058,0.109345
2,519,1058,0.111881
2,519,1058,0.110518
2,519,1058,0.109813
2,519,1058,0.106757
2,519,1058,0.108860
2,519,1058,0.106749
2,520,1059,0.109343
2,520,1059,0.107883
2,520,1059,0.106807
2,520,1059,0.109982
2,520,1059,0.109628
2,520,1059,0.107076
2,520,1059,0.108604
2,521,1060,0.114137
2,521,1060,0.108619
2,521,1060,0.106481
2,521,1060,0.108056
2,521,1060,0.108967
2,521,1060,0.108699
2,521,1060,0.113643
2,522,1061,0.107843
2,522,1061,0.110559
2,522,1061,0.108833
2,522,1061,0.110390
2,522,1061,0.109898
2,522,1061,0.114859
2,522,1061,0.109388
2,523,1062,0.108197
2,523,1062,0.110940
2,523,1062,0.107168
2,523,1062,0.109914
2,523,1062,0.110165
2,523,1062,0.109028
2,523,1062,0.111043
2,524,1063,0.108061
2,524,1063,0.110744
2,524,1063,0.108050
2,524,1063,0.107104
2,524,1063,0.107102
2,524,1063,0.109582
2,524,1063,0.110056
2,525,1064,0.106616
2,525,1064,0.114065
2,525,1064,0.109817
2,525,1064,0.109496
2,525,1064,0.107473
2,525,1064,0.109490
2,525,1064,0.107957
2,526,1065,0.110821
2,526,1065,0.106319
2,526,1065,0.107697
2,526,1065,0.108793
2,526,1065,0.108766
2,526,1065,0.111213
2,526,1065,0.109274
2,527,1066,0.109065
2,527,1066,0.108038
2,527,1066,0.105773
2,527,1066,0.110254
2,527,1066,0.109053
2,527,1066,0.109622
2,527,1066,0.109193
2,528,1067,0.116422
2,528,1067,0.110568
2,528,1067,0.109555
2,528,1067,0.110601
2,528,1067,0.109962
2,528,1067,0.108025
2,528,1067,0.110180
2,529,1068,0.110054
2,529,1068,0.114953
2,529,1068,0.107015
2,529,1068,0.106870
2,529,1068,0.107867
2,529,1068,0.107939
2,529,1068,0.107409
2,530,1069,0.110133
2,530,1069,0.111021
2,530,1069,0.109265
2,530,1069,0.110281
2,530,1069,0.106672
2,530,1069,0.109640
2,530,1069,0.109648
2,531,1070,0.108958
2,531,1070,0.106142
2,531,1070,0.109270
2,531,1070,0.112359
2,531,1070,0.115287
2,531,1070,0.109487
2,531,1070,0.111081
2,532,1071,0.107433
2,532,1071,0.108098
2,532,1071,0.106071
2,532,1071,0.108776
2,532,1071,0.109879
2,532,1071,0.106969
2,532,1071,0.108301
2,533,1072,0.108191
2,533,1072,0.111443
2,533,1072,0.110842
2,533,1072,0.108042
2,533,1072,0.112785
2,533,1072,0.107474
2,533,1072,0.108552
2,534,1073,0.106246
2,534,1073,0.108476
2,534,1073,0.109565
2,534,1073,0.107833
2,534,1073,0.109890
2,534,1073,0.109701
2,534,1073,0.111308
2,535,1074,0.110290
2,535,1074,0.108638
2,535,1074,0.108651
2,535,1074,0.111055
2,535,1074,0.110102
2,535,1074,0.108230
2,535,1074,0.111904
2,536,1075,0.113765
2,536,1075,0.108703
2,536,1075,0.107880
2,536,1075,0.109871
2,536,1075,0.115425
2,536,1075,0.107391
2,536,1075,0.107444
2,537,1076,0.108713
2,537,1076,0.108867
2,537,1076,0.108164
2,537,1076,0.109698
2,537,1076,0.110771
2,537,1076,0.107337
2,537,1076,0.108530
2,538,1077,0.109984
2,538,1077,0.107750
2,538,1077,0.111441
2,538,1077,0.109143
2,538,1077,0.107915
2,538,1077,0.108502
2,538,1077,0.108708
2,539,1078,0.110154
2,539,1078,0.107326
2,539,1078,0.109076
2,539,1078,0.107721
2,539,1078,0.110533
2,539,1078,0.112244
2,539,1078,0.106599
3,1,1079,0.110454
3,1,1079,0.108609
3,1,1079,0.107587
3,1,1079,0.109457
3,1,1079,0.111756
3,1,1079,0.109406
3,1,1079,0.107950
3,2,1080,0.110942
3,2,1080,0.110990
3,2,1080,0.116359
3,2,1080,0.110638
3,2,1080,0.112129
3,2,1080,0.110627
3,2,1080,0.108200
3,3,1081,0.112232
3,3,1081,0.114514
3,3,1081,0.108070
3,3,1081,0.108171
3,3,1081,0.108462
3,3,1081,0.114810
3,3,1081,0.109145
3,4,1082,0.108409
3,4,1082,0.113398
3,4,1082,0.106890
3,4,1082,0.110343
3,4,1082,0.109011
3,4,1082,0.109956
3,4,1082,0.106277
3,5,1083,0.108273
3,5,1083,0.109581
3,5,1083,0.108184
3,5,1083,0.109295
3,5,1083,0.109509
3,5,1083,0.110918
3,5,1083,0.109383
3,6,1084,0.109606
3,6,1084,0.110011
3,6,1084,0.110826
3,6,1084,0.108483
3,6,1084,0.109533
3,6,1084,0.109345
3,6,1084,0.108749
3,7,1085,0.107770
3,7,1085,0.107990
3,7,1085,0.111368
3,7,1085,0.113050
3,7,1085,0.110927
3,7,1085,0.110985
3,7,1085,0.113478
3,8,1086,0.119847
3,8,1086,0.109123
3,8,1086,0.108651
3,8,1086,0.108289
3,8,1086,0.110626
3,8,1086,0.110609
3,8,1086,0.107549
3,9,1087,0.108323
3,9,1087,0.110927
3,9,1087,0.112601
3,9,1087,0.110924
3,9,1087,0.113834
3,9,1087,0.105792
3,9,1087,0.111046
3,10,1088,0.107556
3,10,1088,0.110983
3,10,1088,0.107661
3,10,1088,0.107264
3,10,1088,0.108626
3,10,1088,0.109934
3,10,1088,0.111375
3,11,1089,0.110152
3,11,1089,0.109763
3,11,1089,0.109192
3,11,1089,0.109980
3,11,1089,0.109872
3,11,1089,0.109168
3,11,1089,0.107759
3,12,1090,0.106579
3,12,1090,0.106015
3,12,1090,0.108099
3,12,1090,0.108996
3,12,1090,0.115920
3,12,1090,0.111479
3,12,1090,0.107324
3,13,1091,0.107223
3,13,1091,0.109908
3,13,1091,0.107698
3,13,1091,0.108390
3,13,1091,0.105605
3,13,1091,0.108751
3,13,1091,0.109605
3,14,1092,0.106759
3,14,1092,0.111539
3,14,1092,0.109877
3,14,1092,0.110787
3,14,1092,0.109112
3,14,1092,0.106885
3,14,1092,0.112206
3,15,1093,0.108198
3,15,1093,0.108288
3,15,1093,0.110152
3,15,1093,0.111154
3,15,1093,0.111302
3,15,1093,0.112415
3,15,1093,0.112110
3,16,1094,0.108436
3,16,1094,0.109270
3,16,1094,0.108820
3,16,1094,0.105671
3,16,1094,0.107629
3,16,1094,0.109436
3,16,1094,0.109160
3,17,1095,0.110892
3,17,1095,0.109211
3,17,1095,0.109532
3,17,1095,0.109651
3,17,1095,0.112567
3,17,1095,0.109868
3,17,1095,0.108938
3,18,1096,0.108230
3,18,1096,0.110332
3,18,1096,0.107406
3,18,1096,0.108870
3,18,1096,0.105498
3,18,1096,0.107887
3,18,1096,0.110836
3,19,1097,0.106265
3,19,1097,0.107960
3,19,1097,0.108575
3,19,1097,0.110659
3,19,1097,0.109475
3,19,1097,0.114831
3,19,1097,0.114165
3,20,1098,0.112932
3,20,1098,0.108219
3,20,1098,0.109878
3,20,1098,0.108458
3,20,1098,0.107189
3,20,1098,0.109423
3,20,1098,0.109343
3,21,1099,0.110051
3,21,1099,0.106711
3,21,1099,0.110014
3,21,1099,0.108329
3,21,1099,0.114208
3,21,1099,0.108656
3,21,1099,0.107191
3,22,1100,0.109443
3,22,1100,0.108455
3,22,1100,0.109179
3,22,1100,0.110278
3,22,1100,0.108751
3,22,1100,0.106867
3,22,1100,0.107486
3,23,1101,0.110680
3,23,1101,0.112031
3,23,1101,0.107613
3,23,1101,0.112828
3,23,1101,0.110509
3,23,1101,0.109438
3,23,1101,0.108964
3,24,1102,0.106315
3,24,1102,0.109783
3,24,1102,0.108132
3,24,1102,0.107616
3,24,1102,0.108753
3,24,1102,0.110307
3,24,1102,0.105305
3,25,1103,0.109960
3,25,1103,0.114414
3,25,1103,0.108387
3,25,1103,0.106782
3,25,1103,0.109511
3,25,1103,0.111030
3,25,1103,0.106847
3,26,1104,0.110862
3,26,1104,0.107036
3,26,1104,0.106575
3,26,1104,0.108223
3,26,1104,0.111092
3,26,1104,0.106558
3,26,1104,0.107926
3,27,1105,0.106863
3,27,1105,0.109001
3,27,1105,0.107876
3,27,1105,0.111509
3,27,1105,0.109152
3,27,1105,0.106529
3,27,1105,0.109333
3,28,1106,0.110809
3,28,1106,0.112182
3,28,1106,0.110920
3,28,1106,0.110897
3,28,1106,0.107212
3,28,1106,0.106424
3,28,1106,0.110403
3,29,1107,0.110460
3,29,1107,0.111722
3,29,1107,0.109542
3,29,1107,0.112704
3,29,1107,0.110689
3,29,1107,0.106222
3,29,1107,0.108062
3,30,1108,0.106503
3,30,1108,0.112266
3,30,1108,0.108057
3,30,1108,0.106400
3,30,1108,0.113035
3,30,1108,0.109527
3,30,1108,0.107756
3,31,1109,0.108348
3,31,1109,0.108937
3,31,1109,0.108777
3,31,1109,0.106781
3,31,1109,0.109957
3,31,1109,0.106514
3,31,1109,0.105408
3,32,1110,0.109930
3,32,1110,0.107601
3,32,1110,0.106740
3,32,1110,0.109090
3,32,1110,0.108850
3,32,1110,0.108548
3,32,1110,0.110519
3,33,1111,0.108305
3,33,1111,0.109955
3,33,1111,0.106966
3,33,1111,0.108030
3,33,1111,0.109237
3,33,1111,0.111742
3,33,1111,0.107512
3,34,1112,0.108892
3,34,1112,0.108744
3,34,1112,0.110450
3,34,1112,0.107339
3,34,1112,0.105926
3,34,1112,0.108722
3,34,1112,0.111426
3,35,1113,0.112931
3,35,1113,0.107092
3,35,1113,0.108499
3,35,1113,0.109128
3,35,1113,0.110388
3,35,1113,0.106290
3,35,1113,0.109011
3,36,1114,0.109312
3,36,1114,0.107684
3,36,1114,0.108273
3,36,1114,0.111989
3,36,1114,0.108218
3,36,1114,0.106112
3,36,1114,0.107998
3,37,1115,0.108284
3,37,1115,0.111403
3,37,1115,0.109276
3,37,1115,0.110652
3,37,1115,0.109765
3,37,1115,0.107312
3,37,1115,0.112935
3,38,1116,0.108025
3,38,1116,0.111287
3,38,1116,0.109215
3,38,1116,0.108850
3,38,1116,0.110058
3,38,1116,0.112950
3,38,1116,0.115385
3,39,1117,0.112272
3,39,1117,0.111302
3,39,1117,0.105239
3,39,1117,0.112032
3,39,1117,0.107537
3,39,1117,0.108521
3,39,1117,0.107361
3,40,1118,0.109914
3,40,1118,0.106773
3,40,1118,0.111856
3,40,1118,0.109916
3,40,1118,0.109971
3,40,1118,0.113187
3,40,1118,0.111602
3,41,1119,0.107463
3,41,1119,0.108318
3,41,1119,0.108738
3,41,1119,0.109120
3,41,1119,0.110837
3,41,1119,0.110544
3,41,1119,0.110161
3,42,1120,0.110772
3,42,1120,0.109292
3,42,1120,0.110281
3,42,1120,0.109177
3,42,1120,0.110970
3,42,1120,0.112516
3,42,1120,0.115111
3,43,1121,0.109216
3,43,1121,0.109935
3,43,1121,0.108938
3,43,1121,0.112771
3,43,1121,0.107849
3,43,1121,0.108028
3,43,1121,0.108650
3,44,1122,0.108957
3,44,1122,0.107055
3,44,1122,0.108094
3,44,1122,0.106717
3,44,1122,0.108932
3,44,1122,0.106911
3,44,1122,0.107528
3,45,1123,0.109859
3,45,1123,0.109747
3,45,1123,0.107989
3,45,1123,0.111369
3,45,1123,0.109415
3,45,1123,0.107258
3,45,1123,0.109325
3,46,1124,0.106818
3,46,1124,0.110051
3,46,1124,0.109029
3,46,1124,0.111077
3,46,1124,0.107652
3,46,1124,0.106836
3,46,1124,0.110006
3,47,1125,0.111519
3,47,1125,0.107893
3,47,1125,0.114273
3,47,1125,0.112250
3,47,1125,0.106802
3,47,1125,0.109523
3,47,1125,0.107622
3,48,1126,0.111295
3,48,1126,0.110507
3,48,1126,0.109873
3,48,1126,0.103925
3,48,1126,0.109546
3,48,1126,0.111857
3,48,1126,0.109157
3,49,1127,0.106262
3,49,1127,0.109296
3,49,1127,0.107481
3,49,1127,0.109271
3,49,1127,0.107515
3,49,1127,0.109582
3,49,1127,0.109103
3,50,1128,0.110438
3,50,1128,0.107768
3,50,1128,0.107759
3,50,1128,0.108672
3,50,1128,0.109822
3,50,1128,0.112671
3,50,1128,0.107667
3,51,1129,0.106957
3,51,1129,0.109796
3,51,1129,0.109872
3,51,1129,0.109576
3,51,1129,0.109348
3,51,1129,0.109141
3,51,1129,0.107532
3,52,1130,0.109782
3,52,1130,0.109887
3,52,1130,0.108531
3,52,1130,0.108047
3,52,1130,0.106502
3,52,1130,0.107677
3,52,1130,0.109576
3,53,1131,0.107593
3,53,1131,0.108089
3,53,1131,0.107084
3,53,1131,0.110791
3,53,1131,0.106026
3,53,1131,0.109814
3,53,1131,0.107245
3,54,1132,0.110361
3,54,1132,0.108887
3,54,1132,0.107795
3,54,1132,0.108963
3,54,1132,0.107643
3,54,1132,0.108399
3,54,1132,0.109785
3,55,1133,0.109478
3,55,1133,0.111013
3,55,1133,0.110200
3,55,1133,0.108017
3,55,1133,0.109717
3,55,1133,0.107492
3,55,1133,0.108400
3,56,1134,0.109212
3,56,1134,0.111039
3,56,1134,0.113708
3,56,1134,0.108561
3,56,1134,0.114469
3,56,1134,0.110567
3,56,1134,0.109270
3,57,1135,0.109914
3,57,1135,0.107657
3,57,1135,0.106385
3,57,1135,0.106811
3,57,1135,0.108731
3,57,1135,0.108374
3,57,1135,0.108918
3,58,1136,0.105302
3,58,1136,0.106588
3,58,1136,0.108893
3,58,1136,0.108812
3,58,1136,0.113867
3,58,1136,0.110394
3,58,1136,0.108746
3,59,1137,0.106337
3,59,1137,0.110069
3,59,1137,0.107795
3,59,1137,0.107159
3,59,1137,0.107860
3,59,1137,0.110634
3,59,1137,0.110272
3,60,1138,0.109676
3,60,1138,0.107954
3,60,1138,0.108042
3,60,1138,0.113359
3,60,1138,0.111233
3,60,1138,0.110256
3,60,1138,0.109180
3,61,1139,0.107491
3,61,1139,0.110322
3,61,1139,0.108377
3,61,1139,0.106864
3,61,1139,0.109268
3,61,1139,0.107950
3,61,1139,0.114067
3,62,1140,0.107157
3,62,1140,0.107356
3,62,1140,0.111509
3,62,1140,0.115577
3,62,1140,0.108274
3,62,1140,0.109825
3,62,1140,0.108400
3,63,1141,0.112430
3,63,1141,0.107877
3,63,1141,0.109821
3,63,1141,0.108582
3,63,1141,0.106238
3,63,1141,0.110896
3,63,1141,0.111239
3,64,1142,0.113443
3,64,1142,0.112213
3,64,1142,0.111315
3,64,1142,0.107596
3,64,1142,0.107465
3,64,1142,0.107616
3,64,1142,0.108766
3,65,1143,0.109525
3,65,1143,0.109184
3,65,1143,0.110390
3,65,1143,0.107162
3,65,1143,0.112198
3,65,1143,0.109767
3,65,1143,0.108484
3,66,1144,0.111251
3,66,1144,0.109906
3,66,1144,0.109856
3,66,1144,0.109736
3,66,1144,0.110006
3,66,1144,0.109086
3,66,1144,0.108039
3,67,1145,0.110288
3,67,1145,0.107483
3,67,1145,0.109994
3,67,1145,0.108640
3,67,1145,0.105890
3,67,1145,0.106265
3,67,1145,0.110127
3,68,1146,0.109547
3,68,1146,0.110407
3,68,1146,0.108958
3,68,1146,0.107248
3,68,1146,0.110117
3,68,1146,0.108950
3,68,1146,0.111691
3,69,1147,0.108393
3,69,1147,0.111565
3,69,1147,0.108685
3,69,1147,0.110759
3,69,1147,0.111043
3,69,1147,0.106734
3,69,1147,0.114309
3,70,1148,0.110496
3,70,1148,0.110266
3,70,1148,0.109406
3,70,1148,0.108423
3,70,1148,0.107512
3,70,1148,0.107431
3,70,1148,0.107350
3,71,1149,0.110713
3,71,1149,0.106766
3,71,1149,0.111202
3,71,1149,0.108729
3,71,1149,0.109290
3,71,1149,0.108531
3,71,1149,0.106785
3,72,1150,0.107246
3,72,1150,0.108911
3,72,1150,0.109521
3,72,1150,0.109517
3,72,1150,0.109836
3,72,1150,0.107696
3,72,1150,0.114765
3,73,1151,0.109258
3,73,1151,0.109132
3,73,1151,0.112801
3,73,1151,0.107998
3,73,1151,0.116687
3,73,1151,0.107757
3,73,1151,0.108576
3,74,1152,0.109810
3,74,1152,0.111163
3,74,1152,0.110697
3,74,1152,0.108669
3,74,1152,0.108817
3,74,1152,0.110729
3,74,1152,0.107959
3,75,1153,0.110442
3,75,1153,0.111308
3,75,1153,0.115084
3,75,1153,0.108841
3,75,1153,0.110936
3,75,1153,0.107582
3,75,1153,0.111237
3,76,1154,0.110626
3,76,1154,0.107865
3,76,1154,0.107699
3,76,1154,0.108478
3,76,1154,0.108087
3,76,1154,0.106980
3,76,1154,0.106763
3,77,1155,0.108028
3,77,1155,0.111004
3,77,1155,0.108873
3,77,1155,0.109356
3,77,1155,0.110072
3,77,1155,0.109949
3,77,1155,0.107949
3,78,1156,0.112714
3,78,1156,0.109313
3,78,1156,0.114430
3,78,1156,0.109956
3,78,1156,0.108557
3,78,1156,0.109496
3,78,1156,0.108806
3,79,1157,0.109230
3,79,1157,0.109291
3,79,1157,0.107755
3,79,1157,0.110045
3,79,1157,0.108824
3,79,1157,0.112426
3,79,1157,0.107931
3,80,1158,0.116225
3,80,1158,0.109279
3,80,1158,0.108947
3,80,1158,0.112106
3,80,1158,0.108589
3,80,1158,0.107246
3,80,1158,0.107611
3,81,1159,0.107610
3,81,1159,0.109919
3,81,1159,0.109459
3,81,1159,0.107109
3,81,1159,0.109200
3,81,1159,0.113533
3,81,1159,0.111050
3,82,1160,0.111621
3,82,1160,0.115106
3,82,1160,0.112007
3,82,1160,0.107827
3,82,1160,0.106884
3,82,1160,0.111327
3,82,1160,0.111324
3,83,1161,0.110873
3,83,1161,0.111768
3,83,1161,0.108157
3,83,1161,0.106914
3,83,1161,0.112105
3,83,1161,0.108866
3,83,1161,0.110243
3,84,1162,0.109123
3,84,1162,0.109729
3,84,1162,0.107201
3,84,1162,0.109568
3,84,1162,0.110560
3,84,1162,0.105028
3,84,1162,0.109065
3,85,1163,0.115864
3,85,1163,0.107748
3,85,1163,0.107506
3,85,1163,0.109679
3,85,1163,0.108964
3,85,1163,0.107038
3,85,1163,0.107969
3,86,1164,0.109671
3,86,1164,0.108065
3,86,1164,0.107254
3,86,1164,0.107089
3,86,1164,0.106737
3,86,1164,0.113191
3,86,1164,0.111332
3,87,1165,0.110750
3,87,1165,0.110385
3,87,1165,0.110321
3,87,1165,0.109701
3,87,1165,0.108411
3,87,1165,0.110183
3,87,1165,0.107848
3,88,1166,0.110710
3,88,1166,0.105494
3,88,1166,0.110602
3,88,1166,0.106988
3,88,1166,0.107974
3,88,1166,0.107224
3,88,1166,0.108890
3,89,1167,0.110326
3,89,1167,0.109698
3,89,1167,0.109130
3,89,1167,0.113620
3,89,1167,0.108900
3,89,1167,0.110082
3,89,1167,0.109516
3,90,1168,0.111569
3,90,1168,0.107212
3,90,1168,0.109722
3,90,1168,0.108411
3,90,1168,0.105767
3,90,1168,0.107797
3,90,1168,0.109371
3,91,1169,0.106923
3,91,1169,0.109168
3,91,1169,0.107331
3,91,1169,0.110383
3,91,1169,0.110329
3,91,1169,0.111404
3,91,1169,0.110360
3,92,1170,0.109720
3,92,1170,0.107757
3,92,1170,0.105715
3,92,1170,0.107319
3,92,1170,0.107299
3,92,1170,0.109025
3,92,1170,0.108284
3,93,1171,0.108962
3,93,1171,0.110375
3,93,1171,0.106804
3,93,1171,0.110574
3,93,1171,0.107359
3,93,1171,0.107601
3,93,1171,0.109515
3,94,1172,0.109960
3,94,1172,0.110530
3,94,1172,0.107980
3,94,1172,0.111051
3,94,1172,0.105764
3,94,1172,0.108939
3,94,1172,0.107505
3,95,1173,0.109068
3,95,1173,0.108075
3,95,1173,0.108523
3,95,1173,0.107200
3,95,1173,0.106765
3,95,1173,0.108323
3,95,1173,0.109115
3,96,1174,0.107236
3,96,1174,0.107914
3,96,1174,0.109886
3,96,1174,0.108428
3,96,1174,0.106334
3,96,1174,0.109512
3,96,1174,0.108636
3,97,1175,0.109071
3,97,1175,0.114742
3,97,1175,0.110179
3,97,1175,0.109085
3,97,1175,0.109194
3,97,1175,0.111950
3,97,1175,0.107945
3,98,1176,0.109164
3,98,1176,0.112734
3,98,1176,0.107574
3,98,1176,0.108866
3,98,1176,0.109356
3,98,1176,0.109907
3,98,1176,0.110607
3,99,1177,0.108463
3,99,1177,0.108695
3,99,1177,0.108640
3,99,1177,0.106831
3,99,1177,0.111245
3,99,1177,0.111023
3,99,1177,0.111230
3,100,1178,0.107996
3,100,1178,0.108344
3,100,1178,0.111296
3,100,1178,0.110801
3,100,1178,0.105955
3,100,1178,0.110612
3,100,1178,0.112918
3,101,1179,0.108197
3,101,1179,0.107839
3,101,1179,0.111222
3,101,1179,0.110330
3,101,1179,0.107668
3,101,1179,0.111311
3,101,1179,0.117973
3,102,1180,0.109572
3,102,1180,0.110858
3,102,1180,0.108087
3,102,1180,0.108534
3,102,1180,0.108275
3,102,1180,0.105451
3,102,1180,0.113193
3,103,1181,0.109945
3,103,1181,0.114412
3,103,1181,0.106338
3,103,1181,0.107822
3,103,1181,0.110240
3,103,1181,0.109527
3,103,1181,0.109658
3,104,1182,0.111216
3,104,1182,0.110189
3,104,1182,0.108343
3,104,1182,0.107355
3,104,1182,0.112591
3,104,1182,0.108547
3,104,1182,0.108820
3,105,1183,0.108544
3,105,1183,0.109086
3,105,1183,0.109930
3,105,1183,0.107901
3,105,1183,0.108728
3,105,1183,0.109265
3,105,1183,0.113324
3,106,1184,0.108223
3,106,1184,0.111696
3,106,1184,0.111305
3,106,1184,0.110260
3,106,1184,0.111287
3,106,1184,0.109329
3,106,1184,0.106077
3,107,1185,0.107894
3,107,1185,0.109749
3,107,1185,0.111092
3,107,1185,0.108954
3,107,1185,0.109722
3,107,1185,0.107938
3,107,1185,0.109309
3,108,1186,0.108891
3,108,1186,0.108573
3,108,1186,0.108332
3,108,1186,0.105820
3,108,1186,0.110083
3,108,1186,0.109282
3,108,1186,0.112334
3,109,1187,0.107728
3,109,1187,0.105967
3,109,1187,0.107528
3,109,1187,0.109014
3,109,1187,0.109919
3,109,1187,0.109578
3,109,1187,0.111940
3,110,1188,0.109842
3,110,1188,0.113670
3,110,1188,0.110973
3,110,1188,0.106506
3,110,1188,0.110248
3,110,1188,0.109311
3,110,1188,0.112242
3,111,1189,0.109895
3,111,1189,0.108206
3,111,1189,0.109052
3,111,1189,0.109374
3,111,1189,0.109830
3,111,1189,0.109473
3,111,1189,0.111727
3,112,1190,0.106214
3,112,1190,0.110832
3,112,1190,0.110044
3,112,1190,0.110408
3,112,1190,0.109018
3,112,1190,0.106082
3,112,1190,0.109225
3,113,1191,0.106708
3,113,1191,0.110260
3,113,1191,0.108796
3,113,1191,0.110396
3,113,1191,0.113439
3,113,1191,0.107230
3,113,1191,0.109425
3,114,1192,0.109019
3,114,1192,0.107403
3,114,1192,0.106900
3,114,1192,0.108882
3,114,1192,0.110495
3,114,1192,0.109247
3,114,1192,0.109681
3,115,1193,0.112622
3,115,1193,0.114099
3,115,1193,0.109748
3,115,1193,0.108978
3,115,1193,0.110623
3,115,1193,0.108485
3,115,1193,0.105937
3,116,1194,0.105201
3,116,1194,0.114724
3,116,1194,0.106815
3,116,1194,0.107970
3,116,1194,0.108176
3,116,1194,0.107905
3,116,1194,0.109350
3,117,1195,0.107400
3,117,1195,0.107973
3,117,1195,0.107050
3,117,1195,0.107721
3,117,1195,0.107594
3,117,1195,0.107700
3,117,1195,0.107696
3,118,1196,0.108632
3,118,1196,0.108950
3,118,1196,0.110181
3,118,1196,0.105781
3,118,1196,0.111191
3,118,1196,0.109602
3,118,1196,0.105803
3,119,1197,0.112907
3,119,1197,0.105327
3,119,1197,0.105396
3,119,1197,0.110718
3,119,1197,0.110450
3,119,1197,0.108457
3,119,1197,0.114556
3,120,1198,0.107668
3,120,1198,0.108913
3,120,1198,0.108630
3,120,1198,0.111497
3,120,1198,0.110118
3,120,1198,0.108271
3,120,1198,0.111019
3,121,1199,0.110304
3,121,1199,0.107466
3,121,1199,0.106857
3,121,1199,0.105958
3,121,1199,0.107866
3,121,1199,0.108232
3,121,1199,0.109139
3,122,1200,0.106397
3,122,1200,0.109230
3,122,1200,0.107490
3,122,1200,0.108875
3,122,1200,0.106352
3,122,1200,0.110325
3,122,1200,0.110027
3,123,1201,0.114124
3,123,1201,0.107459
3,123,1201,0.109145
3,123,1201,0.106981
3,123,1201,0.109518
3,123,1201,0.106938
3,123,1201,0.109801
3,124,1202,0.110673
3,124,1202,0.108362
3,124,1202,0.109336
3,124,1202,0.108517
3,124,1202,0.114192
3,124,1202,0.107493
3,124,1202,0.110838
3,125,1203,0.110499
3,125,1203,0.105214
3,125,1203,0.108461
3,125,1203,0.109341
3,125,1203,0.109561
3,125,1203,0.114160
3,125,1203,0.113513
3,126,1204,0.108401
3,126,1204,0.109602
3,126,1204,0.107707
3,126,1204,0.106800
3,126,1204,0.111537
3,126,1204,0.109312
3,126,1204,0.106661
3,127,1205,0.110652
3,127,1205,0.106730
3,127,1205,0.108110
3,127,1205,0.110462
3,127,1205,0.105881
3,127,1205,0.110771
3,127,1205,0.109219
3,128,1206,0.108247
3,128,1206,0.109834
3,128,1206,0.109521
3,128,1206,0.107506
3,128,1206,0.108225
3,128,1206,0.108788
3,128,1206,0.109492
3,129,1207,0.111668
3,129,1207,0.108527
3,129,1207,0.111451
3,129,1207,0.110146
3,129,1207,0.110146
3,129,1207,0.108181
3,129,1207,0.105809
3,130,1208,0.109514
3,130,1208,0.108907
3,130,1208,0.109068
3,130,1208,0.106977
3,130,1208,0.108192
3,130,1208,0.106720
3,130,1208,0.109799
3,131,1209,0.107795
3,131,1209,0.108991
3,131,1209,0.109794
3,131,1209,0.110357
3,131,1209,0.108114
3,131,1209,0.107657
3,131,1209,0.107274
3,132,1210,0.106750
3,132,1210,0.106339
3,132,1210,0.108151
3,132,1210,0.108760
3,132,1210,0.109496
3,132,1210,0.110940
3,132,1210,0.105561
3,133,1211,0.111972
3,133,1211,0.109155
3,133,1211,0.106751
3,133,1211,0.108629
3,133,1211,0.107199
3,133,1211,0.107589
3,133,1211,0.110415
3,134,1212,0.107962
3,134,1212,0.110475
3,134,1212,0.110936
3,134,1212,0.110908
3,134,1212,0.112338
3,134,1212,0.110628
3,134,1212,0.110363
3,135,1213,0.108882
3,135,1213,0.108147
3,135,1213,0.107909
3,135,1213,0.107180
3,135,1213,0.109956
3,135,1213,0.111613
3,135,1213,0.107021
3,136,1214,0.106197
3,136,1214,0.111983
3,136,1214,0.109184
3,136,1214,0.110369
3,136,1214,0.108824
3,136,1214,0.110263
3,136,1214,0.109104
3,137,1215,0.108631
3,137,1215,0.108445
3,137,1215,0.106310
3,137,1215,0.110736
3,137,1215,0.106615
3,137,1215,0.109140
3,137,1215,0.108306
3,138,1216,0.109405
3,138,1216,0.108532
3,138,1216,0.108430
3,138,1216,0.108291
3,138,1216,0.109319
3,138,1216,0.107726
3,138,1216,0.104692
3,139,1217,0.108630
3,139,1217,0.112592
3,139,1217,0.109172
3,139,1217,0.107523
3,139,1217,0.111565
3,139,1217,0.108497
3,139,1217,0.107476
3,140,1218,0.107061
3,140,1218,0.109905
3,140,1218,0.109264
3,140,1218,0.109333
3,140,1218,0.107003
3,140,1218,0.111525
3,140,1218,0.109288
3,141,1219,0.108906
3,141,1219,0.111222
3,141,1219,0.111614
3,141,1219,0.107030
3,141,1219,0.107883
3,141,1219,0.108326
3,141,1219,0.108206
3,142,1220,0.107171
3,142,1220,0.107252
3,142,1220,0.113090
3,142,1220,0.108817
3,142,1220,0.108048
3,142,1220,0.109188
3,142,1220,0.105176
3,143,1221,0.107324
3,143,1221,0.113522
3,143,1221,0.108325
3,143,1221,0.110584
3,143,1221,0.111118
3,143,1221,0.108731
3,143,1221,0.108659
3,144,1222,0.111722
3,144,1222,0.108030
3,144,1222,0.110102
3,144,1222,0.108219
3,144,1222,0.108572
3,144,1222,0.108078
3,144,1222,0.107811
3,145,1223,0.108699
3,145,1223,0.107328
3,145,1223,0.111413
3,145,1223,0.108103
3,145,1223,0.112487
3,145,1223,0.107910
3,145,1223,0.114294
3,146,1224,0.114631
3,146,1224,0.108511
3,146,1224,0.110516
3,146,1224,0.109251
3,146,1224,0.108518
3,146,1224,0.105758
3,146,1224,0.108377
3,147,1225,0.107194
3,147,1225,0.108639
3,147,1225,0.110799
3,147,1225,0.112297
3,147,1225,0.109023
3,147,1225,0.108374
3,147,1225,0.111658
3,148,1226,0.108880
3,148,1226,0.111971
3,148,1226,0.112116
3,148,1226,0.107472
3,148,1226,0.109680
3,148,1226,0.108808
3,148,1226,0.109489
3,149,1227,0.108489
3,149,1227,0.109252
3,149,1227,0.105855
3,149,1227,0.107952
3,149,1227,0.109487
3,149,1227,0.109159
3,149,1227,0.107678
3,150,1228,0.115042
3,150,1228,0.107983
3,150,1228,0.109709
3,150,1228,0.104868
3,150,1228,0.108005
3,150,1228,0.111078
3,150,1228,0.109846
3,151,1229,0.114393
3,151,1229,0.107279
3,151,1229,0.108174
3,151,1229,0.110231
3,151,1229,0.109370
3,151,1229,0.108489
3,151,1229,0.107468
3,152,1230,0.107789
3,152,1230,0.108394
3,152,1230,0.112060
3,152,1230,0.110061
3,152,1230,0.109193
3,152,1230,0.108814
3,152,1230,0.111734
3,153,1231,0.111608
3,153,1231,0.109140
3,153,1231,0.108720
3,153,1231,0.109773
3,153,1231,0.108017
3,153,1231,0.110183
3,153,1231,0.109005
3,154,1232,0.109409
3,154,1232,0.110351
3,154,1232,0.107935
3,154,1232,0.109309
3,154,1232,0.111497
3,154,1232,0.110337
3,154,1232,0.112240
3,155,1233,0.108964
3,155,1233,0.112425
3,155,1233,0.109457
3,155,1233,0.108713
3,155,1233,0.110236
3,155,1233,0.109013
3,155,1233,0.112372
3,156,1234,0.109249
3,156,1234,0.108198
3,156,1234,0.108224
3,156,1234,0.109030
3,156,1234,0.106721
3,156,1234,0.117056
3,156,1234,0.110233
3,157,1235,0.105180
3,157,1235,0.106224
3,157,1235,0.107283
3,157,1235,0.110919
3,157,1235,0.107886
3,157,1235,0.110316
3,157,1235,0.107712
3,158,1236,0.110852
3,158,1236,0.109779
3,158,1236,0.106057
3,158,1236,0.107853
3,158,1236,0.115127
3,158,1236,0.112329
3,158,1236,0.112846
3,159,1237,0.110265
3,159,1237,0.116489
3,159,1237,0.109080
3,159,1237,0.106754
3,159,1237,0.108651
3,159,1237,0.107047
3,159,1237,0.108591
3,160,1238,0.112708
3,160,1238,0.107624
3,160,1238,0.110989
3,160,1238,0.110213
3,160,1238,0.106922
3,160,1238,0.110902
3,160,1238,0.113272
3,161,1239,0.109204
3,161,1239,0.110804
3,161,1239,0.108684
3,161,1239,0.106781
3,161,1239,0.111603
3,161,1239,0.107185
3,161,1239,0.106644
3,162,1240,0.107543
3,162,1240,0.111195
3,162,1240,0.107028
3,162,1240,0.106985
3,162,1240,0.106166
3,162,1240,0.110318
3,162,1240,0.108301
3,163,1241,0.111560
3,163,1241,0.110852
3,163,1241,0.110531
3,163,1241,0.109667
3,163,1241,0.106870
3,163,1241,0.108139
3,163,1241,0.106951
3,164,1242,0.112136
3,164,1242,0.108636
3,164,1242,0.106405
3,164,1242,0.110446
3,164,1242,0.110914
3,164,1242,0.111981
3,164,1242,0.105665
3,165,1243,0.109426
3,165,1243,0.110119
3,165,1243,0.108679
3,165,1243,0.112816
3,165,1243,0.109382
3,165,1243,0.108608
3,165,1243,0.108513
3,166,1244,0.108863
3,166,1244,0.107592
3,166,1244,0.110540
3,166,1244,0.109713
3,166,1244,0.110654
3,166,1244,0.106455
3,166,1244,0.106100
3,167,1245,0.110237
3,167,1245,0.107261
3,167,1245,0.112761
3,167,1245,0.108809
3,167,1245,0.107294
3,167,1245,0.108388
3,167,1245,0.109906
3,168,1246,0.107429
3,168,1246,0.108298
3,168,1246,0.107553
3,168,1246,0.108729
3,168,1246,0.109178
3,168,1246,0.104933
3,168,1246,0.108554
3,169,1247,0.107683
3,169,1247,0.110742
3,169,1247,0.114097
3,169,1247,0.109828
3,169,1247,0.110760
3,169,1247,0.106999
3,169,1247,0.106456
3,170,1248,0.108524
3,170,1248,0.108979
3,170,1248,0.106449
3,170,1248,0.106559
3,170,1248,0.108384
3,170,1248,0.107982
3,170,1248,0.107434
3,171,1249,0.106357
3,171,1249,0.106684
3,171,1249,0.107751
3,171,1249,0.106820
3,171,1249,0.109322
3,171,1249,0.108519
3,171,1249,0.106408
3,172,1250,0.108340
3,172,1250,0.109344
3,172,1250,0.108536
3,172,1250,0.109044
3,172,1250,0.107764
3,172,1250,0.106814
3,172,1250,0.109741
3,173,1251,0.107685
3,173,1251,0.108959
3,173,1251,0.108856
3,173,1251,0.108708
3,173,1251,0.112259
3,173,1251,0.108824
3,173,1251,0.108607
3,174,1252,0.108438
3,174,1252,0.107755
3,174,1252,0.111722
3,174,1252,0.110246
3,174,1252,0.108817
3,174,1252,0.106984
3,174,1252,0.111390
3,175,1253,0.106644
3,175,1253,0.106845
3,175,1253,0.108266
3,175,1253,0.107751
3,175,1253,0.111243
3,175,1253,0.106131
3,175,1253,0.109217
3,176,1254,0.109383
3,176,1254,0.107653
3,176,1254,0.107033
3,176,1254,0.108100
3,176,1254,0.110276
3,176,1254,0.108027
3,176,1254,0.110588
3,177,1255,0.108507
3,177,1255,0.108738
3,177,1255,0.110136
3,177,1255,0.105653
3,177,1255,0.107915
3,177,1255,0.111950
3,177,1255,0.107807
3,178,1256,0.111232
3,178,1256,0.114045
3,178,1256,0.106166
3,178,1256,0.108438
3,178,1256,0.107597
3,178,1256,0.109214
3,178,1256,0.108637
3,179,1257,0.106699
3,179,1257,0.111432
3,179,1257,0.106964
3,179,1257,0.108217
3,179,1257,0.107955
3,179,1257,0.106278
3,179,1257,0.108763
3,180,1258,0.107972
3,180,1258,0.110106
3,180,1258,0.106225
3,180,1258,0.110060
3,180,1258,0.109726
3,180,1258,0.106326
3,180,1258,0.109534
3,181,1259,0.110104
3,181,1259,0.110690
3,181,1259,0.108222
3,181,1259,0.110135
3,181,1259,0.107526
3,181,1259,0.108126
3,181,1259,0.107302
3,182,1260,0.108987
3,182,1260,0.110503
3,182,1260,0.117164
3,182,1260,0.109322
3,182,1260,0.109530
3,182,1260,0.109222
3,182,1260,0.108660
3,183,1261,0.110293
3,183,1261,0.107254
3,183,1261,0.108070
3,183,1261,0.110996
3,183,1261,0.110287
3,183,1261,0.108432
3,183,1261,0.105717
3,184,1262,0.108518
3,184,1262,0.110014
3,184,1262,0.106128
3,184,1262,0.106771
3,184,1262,0.107570
3,184,1262,0.108186
3,184,1262,0.109496
3,185,1263,0.111918
3,185,1263,0.108764
3,185,1263,0.107508
3,185,1263,0.107822
3,185,1263,0.107532
3,185,1263,0.108334
3,185,1263,0.109260
3,186,1264,0.107386
3,186,1264,0.110753
3,186,1264,0.109622
3,186,1264,0.108176
3,186,1264,0.106854
3,186,1264,0.109048
3,186,1264,0.113976
3,187,1265,0.109603
3,187,1265,0.110291
3,187,1265,0.107743
3,187,1265,0.107007
3,187,1265,0.108446
3,187,1265,0.109344
3,187,1265,0.105573
3,188,1266,0.110240
3,188,1266,0.107482
3,188,1266,0.107923
3,188,1266,0.110289
3,188,1266,0.112124
3,188,1266,0.109704
3,188,1266,0.108267
3,189,1267,0.115532
3,189,1267,0.109523
3,189,1267,0.111692
3,189,1267,0.114557
3,189,1267,0.104631
3,189,1267,0.111682
3,189,1267,0.110404
3,190,1268,0.108973
3,190,1268,0.107671
3,190,1268,0.108898
3,190,1268,0.104644
3,190,1268,0.109347
3,190,1268,0.109824
3,190,1268,0.107613
3,191,1269,0.105647
3,191,1269,0.108006
3,191,1269,0.109363
3,191,1269,0.106318
3,191,1269,0.106591
3,191,1269,0.112273
3,191,1269,0.109363
3,192,1270,0.110597
3,192,1270,0.107874
3,192,1270,0.110605
3,192,1270,0.106537
3,192,1270,0.106200
3,192,1270,0.107628
3,192,1270,0.109092
3,193,1271,0.105958
3,193,1271,0.110118
3,193,1271,0.107284
3,193,1271,0.113609
3,193,1271,0.106039
3,193,1271,0.109317
3,193,1271,0.109329
3,194,1272,0.106352
3,194,1272,0.107735
3,194,1272,0.109879
3,194,1272,0.110679
3,194,1272,0.109835
3,194,1272,0.107814
3,194,1272,0.107931
3,195,1273,0.106019
3,195,1273,0.107356
3,195,1273,0.110164
3,195,1273,0.109488
3,195,1273,0.112304
3,195,1273,0.106625
3,195,1273,0.108238
3,196,1274,0.108618
3,196,1274,0.110658
3,196,1274,0.105572
3,196,1274,0.108437
3,196,1274,0.108557
3,196,1274,0.111281
3,196,1274,0.110620
3,197,1275,0.111430
3,197,1275,0.114800
3,197,1275,0.108396
3,197,1275,0.110736
3,197,1275,0.110075
3,197,1275,0.107501
3,197,1275,0.108258
3,198,1276,0.109836
3,198,1276,0.107676
3,198,1276,0.108460
3,198,1276,0.109126
3,198,1276,0.112641
3,198,1276,0.103596
3,198,1276,0.108370
3,199,1277,0.110648
3,199,1277,0.108233
3,199,1277,0.111268
3,199,1277,0.108936
3,199,1277,0.105607
3,199,1277,0.108951
3,199,1277,0.108295
3,200,1278,0.112122
3,200,1278,0.111685
3,200,1278,0.107598
3,200,1278,0.108663
3,200,1278,0.109152
3,200,1278,0.111921
3,200,1278,0.112647
3,201,1279,0.109661
3,201,1279,0.106389
3,201,1279,0.107894
3,201,1279,0.109066
3,201,1279,0.107116
3,201,1279,0.108317
3,201,1279,0.106825
3,202,1280,0.107956
3,202,1280,0.111416
3,202,1280,0.109609
3,202,1280,0.111875
3,202,1280,0.107564
3,202,1280,0.109077
3,202,1280,0.108842
3,203,1281,0.108445
3,203,1281,0.107960
3,203,1281,0.108052
3,203,1281,0.107625
3,203,1281,0.111663
3,203,1281,0.105431
3,203,1281,0.111026
3,204,1282,0.106381
3,204,1282,0.109044
3,204,1282,0.108438
3,204,1282,0.108328
3,204,1282,0.107852
3,204,1282,0.110461
3,204,1282,0.107361
3,205,1283,0.108556
3,205,1283,0.106539
3,205,1283,0.116049
3,205,1283,0.106863
3,205,1283,0.106778
3,205,1283,0.111263
3,205,1283,0.112025
3,206,1284,0.107984
3,206,1284,0.108600
3,206,1284,0.106179
3,206,1284,0.106949
3,206,1284,0.108871
3,206,1284,0.109350
3,206,1284,0.110491
3,207,1285,0.109055
3,207,1285,0.113015
3,207,1285,0.111982
3,207,1285,0.107602
3,207,1285,0.110798
3,207,1285,0.110435
3,207,1285,0.111842
3,208,1286,0.111796
3,208,1286,0.112383
3,208,1286,0.108804
3,208,1286,0.112805
3,208,1286,0.108634
3,208,1286,0.112033
3,208,1286,0.108833
3,209,1287,0.107704
3,209,1287,0.112722
3,209,1287,0.105833
3,209,1287,0.106875
3,209,1287,0.108126
3,209,1287,0.110461
3,209,1287,0.106337
3,210,1288,0.104689
3,210,1288,0.109100
3,210,1288,0.109965
3,210,1288,0.108491
3,210,1288,0.108719
3,210,1288,0.105713
3,210,1288,0.109225
3,211,1289,0.110368
3,211,1289,0.106804
3,211,1289,0.111893
3,211,1289,0.109674
3,211,1289,0.107111
3,211,1289,0.110288
3,211,1289,0.110184
3,212,1290,0.107684
3,212,1290,0.106223
3,212,1290,0.106817
3,212,1290,0.110723
3,212,1290,0.108353
3,212,1290,0.110402
3,212,1290,0.110531
3,213,1291,0.105584
3,213,1291,0.113208
3,213,1291,0.110820
3,213,1291,0.108135
3,213,1291,0.107337
3,213,1291,0.108745
3,213,1291,0.107191
3,214,1292,0.107925
3,214,1292,0.106026
3,214,1292,0.108245
3,214,1292,0.115716
3,214,1292,0.111536
3,214,1292,0.109281
3,214,1292,0.109036
3,215,1293,0.111450
3,215,1293,0.108668
3,215,1293,0.110379
3,215,1293,0.105514
3,215,1293,0.108547
3,215,1293,0.108764
3,215,1293,0.108971
3,216,1294,0.107322
3,216,1294,0.106683
3,216,1294,0.107543
3,216,1294,0.113663
3,216,1294,0.109110
3,216,1294,0.110914
3,216,1294,0.110235
3,217,1295,0.108082
3,217,1295,0.107983
3,217,1295,0.110895
3,217,1295,0.106878
3,217,1295,0.109160
3,217,1295,0.110714
3,217,1295,0.110149
3,218,1296,0.107425
3,218,1296,0.104522
3,218,1296,0.108255
3,218,1296,0.109604
3,218,1296,0.107168
3,218,1296,0.107891
3,218,1296,0.108328
3,219,1297,0.106415
3,219,1297,0.108331
3,219,1297,0.114877
3,219,1297,0.111088
3,219,1297,0.108098
3,219,1297,0.108051
3,219,1297,0.108945
3,220,1298,0.108831
3,220,1298,0.105436
3,220,1298,0.108130
3,220,1298,0.106149
3,220,1298,0.110296
3,220,1298,0.106550
3,220,1298,0.106994
3,221,1299,0.108517
3,221,1299,0.112491
3,221,1299,0.106914
3,221,1299,0.113292
3,221,1299,0.105093
3,221,1299,0.106343
3,221,1299,0.109760
3,222,1300,0.107128
3,222,1300,0.111945
3,222,1300,0.109094
3,222,1300,0.104851
3,222,1300,0.109250
3,222,1300,0.108075
3,222,1300,0.108234
3,223,1301,0.106270
3,223,1301,0.108586
3,223,1301,0.106865
3,223,1301,0.107439
3,223,1301,0.109852
3,223,1301,0.109244
3,223,1301,0.110993
3,224,1302,0.107930
3,224,1302,0.107344
3,224,1302,0.106584
3,224,1302,0.105834
3,224,1302,0.109647
3,224,1302,0.109354
3,224,1302,0.115239
3,225,1303,0.106743
3,225,1303,0.108098
3,225,1303,0.108087
3,225,1303,0.105225
3,225,1303,0.107457
3,225,1303,0.109464
3,225,1303,0.106853
3,226,1304,0.109679
3,226,1304,0.105914
3,226,1304,0.106220
3,226,1304,0.111026
3,226,1304,0.109594
3,226,1304,0.110148
3,226,1304,0.110035
3,227,1305,0.108653
3,227,1305,0.106146
3,227,1305,0.111354
3,227,1305,0.104061
3,227,1305,0.109386
3,227,1305,0.107755
3,227,1305,0.107782
3,228,1306,0.107412
3,228,1306,0.111623
3,228,1306,0.106898
3,228,1306,0.109526
3,228,1306,0.108887
3,228,1306,0.108029
3,228,1306,0.107494
3,229,1307,0.112972
3,229,1307,0.106477
3,229,1307,0.107796
3,229,1307,0.107013
3,229,1307,0.107560
3,229,1307,0.107011
3,229,1307,0.109612
3,230,1308,0.112150
3,230,1308,0.106318
3,230,1308,0.109635
3,230,1308,0.108843
3,230,1308,0.108797
3,230,1308,0.103992
3,230,1308,0.110861
3,231,1309,0.110497
3,231,1309,0.106820
3,231,1309,0.109920
3,231,1309,0.105703
3,231,1309,0.105677
3,231,1309,0.112654
3,231,1309,0.107617
3,232,1310,0.112738
3,232,1310,0.105516
3,232,1310,0.111042
3,232,1310,0.106110
3,232,1310,0.106925
3,232,1310,0.105936
3,232,1310,0.110402
3,233,1311,0.106304
3,233,1311,0.112566
3,233,1311,0.108069
3,233,1311,0.110202
3,233,1311,0.110020
3,233,1311,0.111368
3,233,1311,0.113117
3,234,1312,0.108507
3,234,1312,0.109533
3,234,1312,0.108688
3,234,1312,0.106123
3,234,1312,0.113443
3,234,1312,0.106512
3,234,1312,0.108080
3,235,1313,0.109765
3,235,1313,0.108473
3,235,1313,0.110323
3,235,1313,0.108327
3,235,1313,0.106331
3,235,1313,0.107808
3,235,1313,0.109496
3,236,1314,0.108435
3,236,1314,0.107097
3,236,1314,0.106840
3,236,1314,0.105685
3,236,1314,0.108924
3,236,1314,0.110651
3,236,1314,0.110120
3,237,1315,0.109725
3,237,1315,0.106517
3,237,1315,0.107882
3,237,1315,0.108850
3,237,1315,0.108884
3,237,1315,0.109700
3,237,1315,0.107201
3,238,1316,0.109778
3,238,1316,0.112766
3,238,1316,0.106290
3,238,1316,0.107875
3,238,1316,0.110503
3,238,1316,0.105910
3,238,1316,0.112372
3,239,1317,0.106527
3,239,1317,0.106657
3,239,1317,0.106594
3,239,1317,0.108255
3,239,1317,0.109136
3,239,1317,0.105044
3,239,1317,0.107012
3,240,1318,0.108034
3,240,1318,0.108216
3,240,1318,0.110006
3,240,1318,0.110001
3,240,1318,0.107276
3,240,1318,0.109111
3,240,1318,0.110593
3,241,1319,0.106077
3,241,1319,0.107042
3,241,1319,0.108490
3,241,1319,0.107540
3,241,1319,0.106842
3,241,1319,0.107511
3,241,1319,0.108994
3,242,1320,0.108499
3,242,1320,0.107040
3,242,1320,0.105468
3,242,1320,0.106138
3,242,1320,0.109163
3,242,1320,0.106528
3,242,1320,0.106941
3,243,1321,0.108474
3,243,1321,0.110684
3,243,1321,0.105173
3,243,1321,0.109415
3,243,1321,0.111452
3,243,1321,0.105869
3,243,1321,0.108556
3,244,1322,0.106076
3,244,1322,0.105399
3,244,1322,0.109462
3,244,1322,0.108580
3,244,1322,0.111427
3,244,1322,0.108845
3,244,1322,0.106991
3,245,1323,0.105545
3,245,1323,0.109964
3,245,1323,0.104601
3,245,1323,0.105895
3,245,1323,0.107385
3,245,1323,0.108214
3,245,1323,0.108048
3,246,1324,0.107930
3,246,1324,0.109200
3,246,1324,0.109481
3,246,1324,0.112394
3,246,1324,0.107602
3,246,1324,0.104722
3,246,1324,0.107956
3,247,1325,0.108004
3,247,1325,0.108832
3,247,1325,0.106828
3,247,1325,0.107207
3,247,1325,0.105724
3,247,1325,0.107694
3,247,1325,0.104642
3,248,1326,0.109793
3,248,1326,0.109478
3,248,1326,0.110735
3,248,1326,0.108011
3,248,1326,0.104232
3,248,1326,0.107767
3,248,1326,0.110650
3,249,1327,0.106465
3,249,1327,0.109886
3,249,1327,0.107976
3,249,1327,0.111320
3,249,1327,0.107334
3,249,1327,0.109532
3,249,1327,0.112090
3,250,1328,0.114048
3,250,1328,0.106380
3,250,1328,0.105900
3,250,1328,0.110260
3,250,1328,0.112023
3,250,1328,0.111046
3,250,1328,0.114237
3,251,1329,0.115229
3,251,1329,0.107256
3,251,1329,0.109132
3,251,1329,0.109584
3,251,1329,0.114687
3,251,1329,0.107369
3,251,1329,0.110071
3,252,1330,0.109326
3,252,1330,0.107815
3,252,1330,0.107163
3,252,1330,0.110627
3,252,1330,0.111056
3,252,1330,0.106307
3,252,1330,0.110212
3,253,1331,0.107874
3,253,1331,0.110240
3,253,1331,0.107634
3,253,1331,0.105492
3,253,1331,0.110688
3,253,1331,0.105624
3,253,1331,0.109450
3,254,1332,0.110402
3,254,1332,0.108544
3,254,1332,0.108287
3,254,1332,0.111194
3,254,1332,0.115044
3,254,1332,0.106446
3,254,1332,0.105406
3,255,1333,0.109448
3,255,1333,0.106214
3,255,1333,0.108809
3,255,1333,0.107236
3,255,1333,0.111561
3,255,1333,0.106215
3,255,1333,0.105632
3,256,1334,0.109965
3,256,1334,0.111737
3,256,1334,0.109302
3,256,1334,0.110431
3,256,1334,0.108195
3,256,1334,0.110647
3,256,1334,0.108434
3,257,1335,0.106654
3,257,1335,0.107162
3,257,1335,0.109440
3,257,1335,0.111918
3,257,1335,0.114321
3,257,1335,0.105283
3,257,1335,0.108458
3,258,1336,0.107734
3,258,1336,0.111312
3,258,1336,0.106641
3,258,1336,0.110340
3,258,1336,0.108996
3,258,1336,0.111425
3,258,1336,0.106055
3,259,1337,0.107715
3,259,1337,0.106596
3,259,1337,0.108730
3,259,1337,0.106328
3,259,1337,0.112285
3,259,1337,0.109453
3,259,1337,0.109975
3,260,1338,0.106217
3,260,1338,0.107020
3,260,1338,0.107952
3,260,1338,0.111907
3,260,1338,0.109183
3,260,1338,0.110188
3,260,1338,0.113018
3,261,1339,0.106851
3,261,1339,0.116696
3,261,1339,0.110574
3,261,1339,0.109678
3,261,1339,0.107837
3,261,1339,0.107625
3,261,1339,0.108015
3,262,1340,0.109248
3,262,1340,0.110325
3,262,1340,0.106599
3,262,1340,0.106218
3,262,1340,0.109481
3,262,1340,0.112174
3,262,1340,0.109654
3,263,1341,0.105700
3,263,1341,0.108323
3,263,1341,0.107912
3,263,1341,0.108846
3,263,1341,0.115235
3,263,1341,0.109167
3,263,1341,0.108763
3,264,1342,0.111344
3,264,1342,0.110920
3,264,1342,0.107139
3,264,1342,0.113199
3,264,1342,0.110718
3,264,1342,0.106961
3,264,1342,0.109180
3,265,1343,0.106929
3,265,1343,0.109515
3,265,1343,0.110952
3,265,1343,0.105906
3,265,1343,0.114221
3,265,1343,0.109435
3,265,1343,0.114141
3,266,1344,0.112947
3,266,1344,0.108430
3,266,1344,0.112829
3,266,1344,0.113735
3,266,1344,0.105509
3,266,1344,0.110286
3,266,1344,0.109007
3,267,1345,0.106639
3,267,1345,0.109098
3,267,1345,0.111930
3,267,1345,0.109486
3,267,1345,0.109672
3,267,1345,0.107306
3,267,1345,0.116977
3,268,1346,0.109293
3,268,1346,0.112749
3,268,1346,0.108521
3,268,1346,0.109897
3,268,1346,0.107168
3,268,1346,0.113664
3,268,1346,0.110899
3,269,1347,0.107189
3,269,1347,0.108762
3,269,1347,0.109162
3,269,1347,0.107853
3,269,1347,0.108355
3,269,1347,0.109803
3,269,1347,0.108174
3,270,1348,0.113932
3,270,1348,0.111224
3,270,1348,0.110656
3,270,1348,0.111925
3,270,1348,0.106896
3,270,1348,0.115286
3,270,1348,0.111609
3,271,1349,0.105900
3,271,1349,0.107679
3,271,1349,0.107611
3,271,1349,0.108209
3,271,1349,0.108071
3,271,1349,0.108775
3,271,1349,0.109389
3,272,1350,0.109219
3,272,1350,0.110749
3,272,1350,0.107442
3,272,1350,0.109304
3,272,1350,0.105377
3,272,1350,0.111076
3,272,1350,0.109597
3,273,1351,0.111384
3,273,1351,0.107515
3,273,1351,0.109345
3,273,1351,0.105241
3,273,1351,0.108405
3,273,1351,0.109691
3,273,1351,0.108698
3,274,1352,0.109833
3,274,1352,0.111830
3,274,1352,0.109476
3,274,1352,0.106117
3,274,1352,0.109576
3,274,1352,0.107908
3,274,1352,0.107679
3,275,1353,0.108040
3,275,1353,0.108408
3,275,1353,0.109186
3,275,1353,0.107412
3,275,1353,0.108212
3,275,1353,0.104325
3,275,1353,0.109323
3,276,1354,0.113578
3,276,1354,0.109589
3,276,1354,0.107957
3,276,1354,0.111953
3,276,1354,0.110184
3,276,1354,0.109227
3,276,1354,0.106972
3,277,1355,0.104697
3,277,1355,0.106492
3,277,1355,0.112399
3,277,1355,0.105991
3,277,1355,0.106401
3,277,1355,0.111851
3,277,1355,0.106752
3,278,1356,0.109334
3,278,1356,0.108206
3,278,1356,0.110148
3,278,1356,0.108369
3,278,1356,0.107132
3,278,1356,0.104176
3,278,1356,0.107425
3,279,1357,0.107741
3,279,1357,0.109563
3,279,1357,0.108289
3,279,1357,0.106567
3,279,1357,0.109186
3,279,1357,0.111454
3,279,1357,0.108781
3,280,1358,0.112695
3,280,1358,0.110445
3,280,1358,0.106258
3,280,1358,0.111541
3,280,1358,0.106960
3,280,1358,0.109147
3,280,1358,0.109857
3,281,1359,0.110138
3,281,1359,0.107485
3,281,1359,0.109383
3,281,1359,0.112576
3,281,1359,0.108732
3,281,1359,0.109253
3,281,1359,0.111253
3,282,1360,0.107883
3,282,1360,0.105863
3,282,1360,0.112065
3,282,1360,0.108908
3,282,1360,0.109912
3,282,1360,0.106072
3,282,1360,0.107010
3,283,1361,0.107245
3,283,1361,0.111231
3,283,1361,0.109665
3,283,1361,0.110372
3,283,1361,0.115568
3,283,1361,0.106793
3,283,1361,0.109589
3,284,1362,0.107632
3,284,1362,0.110389
3,284,1362,0.106562
3,284,1362,0.113381
3,284,1362,0.108599
3,284,1362,0.109742
3,284,1362,0.107646
3,285,1363,0.107403
3,285,1363,0.109859
3,285,1363,0.108528
3,285,1363,0.109018
3,285,1363,0.108957
3,285,1363,0.107500
3,285,1363,0.108018
3,286,1364,0.109704
3,286,1364,0.107171
3,286,1364,0.108235
3,286,1364,0.107425
3,286,1364,0.111014
3,286,1364,0.108766
3,286,1364,0.110561
3,287,1365,0.111858
3,287,1365,0.108177
3,287,1365,0.108039
3,287,1365,0.109280
3,287,1365,0.108076
3,287,1365,0.107538
3,287,1365,0.110923
3,288,1366,0.113954
3,288,1366,0.108886
3,288,1366,0.106217
3,288,1366,0.108389
3,288,1366,0.110267
3,288,1366,0.109360
3,288,1366,0.112872
3,289,1367,0.110830
3,289,1367,0.109008
3,289,1367,0.105888
3,289,1367,0.107902
3,289,1367,0.106952
3,289,1367,0.109379
3,289,1367,0.106513
3,290,1368,0.108590
3,290,1368,0.105811
3,290,1368,0.109216
3,290,1368,0.108669
3,290,1368,0.111046
3,290,1368,0.112893
3,290,1368,0.109580
3,291,1369,0.106952
3,291,1369,0.108212
3,291,1369,0.110293
3,291,1369,0.105576
3,291,1369,0.108383
3,291,1369,0.113687
3,291,1369,0.108292
3,292,1370,0.107111
3,292,1370,0.109041
3,292,1370,0.107906
3,292,1370,0.110639
3,292,1370,0.110686
3,292,1370,0.110831
3,292,1370,0.110742
3,293,1371,0.107793
3,293,1371,0.108013
3,293,1371,0.108123
3,293,1371,0.105060
3,293,1371,0.112998
3,293,1371,0.107050
3,293,1371,0.109044
3,294,1372,0.108133
3,294,1372,0.108015
3,294,1372,0.109249
3,294,1372,0.113363
3,294,1372,0.108174
3,294,1372,0.108773
3,294,1372,0.109880
3,295,1373,0.108861
3,295,1373,0.107749
3,295,1373,0.107113
3,295,1373,0.107611
3,295,1373,0.108494
3,295,1373,0.109803
3,295,1373,0.113596
3,296,1374,0.109117
3,296,1374,0.105572
3,296,1374,0.110977
3,296,1374,0.107128
3,296,1374,0.108388
3,296,1374,0.104046
3,296,1374,0.108102
3,297,1375,0.110524
3,297,1375,0.110925
3,297,1375,0.108245
3,297,1375,0.114094
3,297,1375,0.108469
3,297,1375,0.114811
3,297,1375,0.110424
3,298,1376,0.104771
3,298,1376,0.111467
3,298,1376,0.107085
3,298,1376,0.106408
3,298,1376,0.107825
3,298,1376,0.106226
3,298,1376,0.107515
3,299,1377,0.110166
3,299,1377,0.108612
3,299,1377,0.107649
3,299,1377,0.111463
3,299,1377,0.107397
3,299,1377,0.106078
3,299,1377,0.108606
3,300,1378,0.109854
3,300,1378,0.113215
3,300,1378,0.113138
3,300,1378,0.110385
3,300,1378,0.109054
3,300,1378,0.109360
3,300,1378,0.106199
3,301,1379,0.108057
3,301,1379,0.108497
3,301,1379,0.107813
3,301,1379,0.105703
3,301,1379,0.106739
3,301,1379,0.109067
3,301,1379,0.108211
3,302,1380,0.107766
3,302,1380,0.107835
3,302,1380,0.107928
3,302,1380,0.109082
3,302,1380,0.109169
3,302,1380,0.107766
3,302,1380,0.111740
3,303,1381,0.107893
3,303,1381,0.111919
3,303,1381,0.109752
3,303,1381,0.108234
3,303,1381,0.113225
3,303,1381,0.107952
3,303,1381,0.108566
3,304,1382,0.109967
3,304,1382,0.105919
3,304,1382,0.110155
3,304,1382,0.105057
3,304,1382,0.116197
3,304,1382,0.107825
3,304,1382,0.108771
3,305,1383,0.107285
3,305,1383,0.109777
3,305,1383,0.110140
3,305,1383,0.109449
3,305,1383,0.110395
3,305,1383,0.109116
3,305,1383,0.107695
3,306,1384,0.109748
3,306,1384,0.117618
3,306,1384,0.110332
3,306,1384,0.105994
3,306,1384,0.109231
3,306,1384,0.107592
3,306,1384,0.108477
3,307,1385,0.108542
3,307,1385,0.109700
3,307,1385,0.109136
3,307,1385,0.107238
3,307,1385,0.112519
3,307,1385,0.107632
3,307,1385,0.108022
3,308,1386,0.105820
3,308,1386,0.110188
3,308,1386,0.105341
3,308,1386,0.107242
3,308,1386,0.106779
3,308,1386,0.106860
3,308,1386,0.106252
3,309,1387,0.110348
3,309,1387,0.108874
3,309,1387,0.108958
3,309,1387,0.107861
3,309,1387,0.112210
3,309,1387,0.110073
3,309,1387,0.107730
3,310,1388,0.113753
3,310,1388,0.107147
3,310,1388,0.109211
3,310,1388,0.105054
3,310,1388,0.107167
3,310,1388,0.108643
3,310,1388,0.105860
3,311,1389,0.107381
3,311,1389,0.111556
3,311,1389,0.108694
3,311,1389,0.110530
3,311,1389,0.108437
3,311,1389,0.109762
3,311,1389,0.106432
3,312,1390,0.112817
3,312,1390,0.107883
3,312,1390,0.111303
3,312,1390,0.112673
3,312,1390,0.109438
3,312,1390,0.106982
3,312,1390,0.109726
3,313,1391,0.110340
3,313,1391,0.111683
3,313,1391,0.109143
3,313,1391,0.107591
3,313,1391,0.110284
3,313,1391,0.107776
3,313,1391,0.108776
3,314,1392,0.106745
3,314,1392,0.108888
3,314,1392,0.105365
3,314,1392,0.114195
3,314,1392,0.105574
3,314,1392,0.108344
3,314,1392,0.109088
3,315,1393,0.110799
3,315,1393,0.108595
3,315,1393,0.110014
3,315,1393,0.107174
3,315,1393,0.107859
3,315,1393,0.109509
3,315,1393,0.107185
3,316,1394,0.107238
3,316,1394,0.110558
3,316,1394,0.110154
3,316,1394,0.109009
3,316,1394,0.107912
3,316,1394,0.111875
3,316,1394,0.110989
3,317,1395,0.109251
3,317,1395,0.110399
3,317,1395,0.109864
3,317,1395,0.108892
3,317,1395,0.107429
3,317,1395,0.111254
3,317,1395,0.106694
3,318,1396,0.108949
3,318,1396,0.109927
3,318,1396,0.105255
3,318,1396,0.112994
3,318,1396,0.108124
3,318,1396,0.107295
3,318,1396,0.106807
3,319,1397,0.108154
3,319,1397,0.105888
3,319,1397,0.107618
3,319,1397,0.107196
3,319,1397,0.105706
3,319,1397,0.111415
3,319,1397,0.106885
3,320,1398,0.106628
3,320,1398,0.110652
3,320,1398,0.105873
3,320,1398,0.111222
3,320,1398,0.106645
3,320,1398,0.108366
3,320,1398,0.110138
3,321,1399,0.109293
3,321,1399,0.110793
3,321,1399,0.112151
3,321,1399,0.107125
3,321,1399,0.105327
3,321,1399,0.108884
3,321,1399,0.109894
3,322,1400,0.107929
3,322,1400,0.107136
3,322,1400,0.108129
3,322,1400,0.110306
3,322,1400,0.107749
3,322,1400,0.109732
3,322,1400,0.108613
3,323,1401,0.106994
3,323,1401,0.113691
3,323,1401,0.109028
3,323,1401,0.111769
3,323,1401,0.108574
3,323,1401,0.105214
3,323,1401,0.104883
3,324,1402,0.110117
3,324,1402,0.108305
3,324,1402,0.115337
3,324,1402,0.111885
3,324,1402,0.108443
3,324,1402,0.109597
3,324,1402,0.112177
3,325,1403,0.108952
3,325,1403,0.109836
3,325,1403,0.110420
3,325,1403,0.106588
3,325,1403,0.106155
3,325,1403,0.109583
3,325,1403,0.107703
3,326,1404,0.111467
3,326,1404,0.109882
3,326,1404,0.108161
3,326,1404,0.108744
3,326,1404,0.107684
3,326,1404,0.108930
3,326,1404,0.106781
3,327,1405,0.106104
3,327,1405,0.106348
3,327,1405,0.114099
3,327,1405,0.107576
3,327,1405,0.109460
3,327,1405,0.111939
3,327,1405,0.106038
3,328,1406,0.107223
3,328,1406,0.106238
3,328,1406,0.110055
3,328,1406,0.106662
3,328,1406,0.111662
3,328,1406,0.109351
3,328,1406,0.105805
3,329,1407,0.109055
3,329,1407,0.111818
3,329,1407,0.108465
3,329,1407,0.107945
3,329,1407,0.105919
3,329,1407,0.107809
3,329,1407,0.106843
3,330,1408,0.107347
3,330,1408,0.108372
3,330,1408,0.112713
3,330,1408,0.108236
3,330,1408,0.110794
3,330,1408,0.109384
3,330,1408,0.109184
3,331,1409,0.108333
3,331,1409,0.107341
3,331,1409,0.110627
3,331,1409,0.107952
3,331,1409,0.111501
3,331,1409,0.109756
3,331,1409,0.107166
3,332,1410,0.109165
3,332,1410,0.108594
3,332,1410,0.106165
3,332,1410,0.105395
3,332,1410,0.105597
3,332,1410,0.114560
3,332,1410,0.107600
3,333,1411,0.109634
3,333,1411,0.113066
3,333,1411,0.110183
3,333,1411,0.104686
3,333,1411,0.107016
3,333,1411,0.108308
3,333,1411,0.107733
3,334,1412,0.111854
3,334,1412,0.109860
3,334,1412,0.107684
3,334,1412,0.109503
3,334,1412,0.106571
3,334,1412,0.108328
3,334,1412,0.106510
3,335,1413,0.107673
3,335,1413,0.114208
3,335,1413,0.108090
3,335,1413,0.112731
3,335,1413,0.107705
3,335,1413,0.111275
3,335,1413,0.107844
3,336,1414,0.111965
3,336,1414,0.109519
3,336,1414,0.109051
3,336,1414,0.107720
3,336,1414,0.106707
3,336,1414,0.110556
3,336,1414,0.107242
3,337,1415,0.106836
3,337,1415,0.107066
3,337,1415,0.107433
3,337,1415,0.105337
3,337,1415,0.108411
3,337,1415,0.112945
3,337,1415,0.105908
3,338,1416,0.109716
3,338,1416,0.106395
3,338,1416,0.107446
3,338,1416,0.113038
3,338,1416,0.108405
3,338,1416,0.108699
3,338,1416,0.106349
3,339,1417,0.110634
3,339,1417,0.112963
3,339,1417,0.106264
3,339,1417,0.111709
3,339,1417,0.106781
3,339,1417,0.106446
3,339,1417,0.109267
3,340,1418,0.110010
3,340,1418,0.109415
3,340,1418,0.108741
3,340,1418,0.106377
3,340,1418,0.107708
3,340,1418,0.108731
3,340,1418,0.112980
3,341,1419,0.106543
3,341,1419,0.108020
3,341,1419,0.107383
3,341,1419,0.110044
3,341,1419,0.108062
3,341,1419,0.109305
3,341,1419,0.110186
3,342,1420,0.109170
3,342,1420,0.107930
3,342,1420,0.107637
3,342,1420,0.107836
3,342,1420,0.107671
3,342,1420,0.106318
3,342,1420,0.109089
3,343,1421,0.107594
3,343,1421,0.107812
3,343,1421,0.106187
3,343,1421,0.107478
3,343,1421,0.113670
3,343,1421,0.108580
3,343,1421,0.107236
3,344,1422,0.106717
3,344,1422,0.107252
3,344,1422,0.107414
3,344,1422,0.109799
3,344,1422,0.110005
3,344,1422,0.105739
3,344,1422,0.109880
3,345,1423,0.111295
3,345,1423,0.114674
3,345,1423,0.105592
3,345,1423,0.106231
3,345,1423,0.110663
3,345,1423,0.109761
3,345,1423,0.108150
3,346,1424,0.107050
3,346,1424,0.107945
3,346,1424,0.106582
3,346,1424,0.108651
3,346,1424,0.105784
3,346,1424,0.110468
3,346,1424,0.108585
3,347,1425,0.107685
3,347,1425,0.109425
3,347,1425,0.108036
3,347,1425,0.108227
3,347,1425,0.108590
3,347,1425,0.105809
3,347,1425,0.104657
3,348,1426,0.106920
3,348,1426,0.106127
3,348,1426,0.109748
3,348,1426,0.113260
3,348,1426,0.108629
3,348,1426,0.108632
3,348,1426,0.106834
3,349,1427,0.114217
3,349,1427,0.113227
3,349,1427,0.107044
3,349,1427,0.106875
3,349,1427,0.107350
3,349,1427,0.110108
3,349,1427,0.110219
3,350,1428,0.107837
3,350,1428,0.107768
3,350,1428,0.109852
3,350,1428,0.110842
3,350,1428,0.110185
3,350,1428,0.107874
3,350,1428,0.108638
3,351,1429,0.109422
3,351,1429,0.105276
3,351,1429,0.109297
3,351,1429,0.107245
3,351,1429,0.109681
3,351,1429,0.105698
3,351,1429,0.105353
3,352,1430,0.107741
3,352,1430,0.108871
3,352,1430,0.107522
3,352,1430,0.106165
3,352,1430,0.107881
3,352,1430,0.108325
3,352,1430,0.110216
3,353,1431,0.111529
3,353,1431,0.108823
3,353,1431,0.107263
3,353,1431,0.115607
3,353,1431,0.108858
3,353,1431,0.105536
3,353,1431,0.106217
3,354,1432,0.106888
3,354,1432,0.107889
3,354,1432,0.105691
3,354,1432,0.109464
3,354,1432,0.106320
3,354,1432,0.107488
3,354,1432,0.107378
3,355,1433,0.109253
3,355,1433,0.115130
3,355,1433,0.110967
3,355,1433,0.106446
3,355,1433,0.107834
3,355,1433,0.109569
3,355,1433,0.107987
3,356,1434,0.107093
3,356,1434,0.105675
3,356,1434,0.107840
3,356,1434,0.108580
3,356,1434,0.111162
3,356,1434,0.108259
3,356,1434,0.107471
3,357,1435,0.106580
3,357,1435,0.105975
3,357,1435,0.111280
3,357,1435,0.107747
3,357,1435,0.110937
3,357,1435,0.107833
3,357,1435,0.110493
3,358,1436,0.108022
3,358,1436,0.110294
3,358,1436,0.107962
3,358,1436,0.105696
3,358,1436,0.106819
3,358,1436,0.106578
3,358,1436,0.110037
3,359,1437,0.108586
3,359,1437,0.109329
3,359,1437,0.108110
3,359,1437,0.109666
3,359,1437,0.104666
3,359,1437,0.108706
3,359,1437,0.109221
3,360,1438,0.111334
3,360,1438,0.108165
3,360,1438,0.108568
3,360,1438,0.105822
3,360,1438,0.107332
3,360,1438,0.109113
3,360,1438,0.106555
3,361,1439,0.105556
3,361,1439,0.109336
3,361,1439,0.109097
3,361,1439,0.114243
3,361,1439,0.108473
3,361,1439,0.109133
3,361,1439,0.110677
3,362,1440,0.109227
3,362,1440,0.111922
3,362,1440,0.106441
3,362,1440,0.107878
3,362,1440,0.109514
3,362,1440,0.107872
3,362,1440,0.112503
3,363,1441,0.108653
3,363,1441,0.105605
3,363,1441,0.107672
3,363,1441,0.108693
3,363,1441,0.109544
3,363,1441,0.107139
3,363,1441,0.107471
3,364,1442,0.113874
3,364,1442,0.112785
3,364,1442,0.107143
3,364,1442,0.104824
3,364,1442,0.107659
3,364,1442,0.111709
3,364,1442,0.108602
3,365,1443,0.107375
3,365,1443,0.106636
3,365,1443,0.107981
3,365,1443,0.110281
3,365,1443,0.106953
3,365,1443,0.112574
3,365,1443,0.108288
3,366,1444,0.107832
3,366,1444,0.106214
3,366,1444,0.108551
3,366,1444,0.107686
3,366,1444,0.108624
3,366,1444,0.107242
3,366,1444,0.109871
3,367,1445,0.109243
3,367,1445,0.107349
3,367,1445,0.109124
3,367,1445,0.108912
3,367,1445,0.112445
3,367,1445,0.107320
3,367,1445,0.112464
3,368,1446,0.107829
3,368,1446,0.108835
3,368,1446,0.108577
3,368,1446,0.107679
3,368,1446,0.108724
3,368,1446,0.108568
3,368,1446,0.107659
3,369,1447,0.114443
3,369,1447,0.108558
3,369,1447,0.106444
3,369,1447,0.107611
3,369,1447,0.108530
3,369,1447,0.115868
3,369,1447,0.107656
3,370,1448,0.108338
3,370,1448,0.108444
3,370,1448,0.106074
3,370,1448,0.106833
3,370,1448,0.108751
3,370,1448,0.107127
3,370,1448,0.105672
3,371,1449,0.108537
3,371,1449,0.106871
3,371,1449,0.106183
3,371,1449,0.109317
3,371,1449,0.107833
3,371,1449,0.111009
3,371,1449,0.108436
3,372,1450,0.110224
3,372,1450,0.105905
3,372,1450,0.107299
3,372,1450,0.109028
3,372,1450,0.110226
3,372,1450,0.109496
3,372,1450,0.111458
3,373,1451,0.112165
3,373,1451,0.108427
3,373,1451,0.108452
3,373,1451,0.107915
3,373,1451,0.113349
3,373,1451,0.108517
3,373,1451,0.109324
3,374,1452,0.106921
3,374,1452,0.108279
3,374,1452,0.109556
3,374,1452,0.107025
3,374,1452,0.113443
3,374,1452,0.108840
3,374,1452,0.106675
3,375,1453,0.109472
3,375,1453,0.107245
3,375,1453,0.106671
3,375,1453,0.108374
3,375,1453,0.108459
3,375,1453,0.107931
3,375,1453,0.109281
3,376,1454,0.108687
3,376,1454,0.108292
3,376,1454,0.114543
3,376,1454,0.109381
3,376,1454,0.108087
3,376,1454,0.104596
3,376,1454,0.109310
3,377,1455,0.111138
3,377,1455,0.108486
3,377,1455,0.111504
3,377,1455,0.105070
3,377,1455,0.110136
3,377,1455,0.107650
3,377,1455,0.107326
3,378,1456,0.110718
3,378,1456,0.108614
3,378,1456,0.104631
3,378,1456,0.108054
3,378,1456,0.107751
3,378,1456,0.110122
3,378,1456,0.109734
3,379,1457,0.108057
3,379,1457,0.105807
3,379,1457,0.107148
3,379,1457,0.105939
3,379,1457,0.107917
3,379,1457,0.109682
3,379,1457,0.113539
3,380,1458,0.105190
3,380,1458,0.106422
3,380,1458,0.107264
3,380,1458,0.107262
3,380,1458,0.114415
3,380,1458,0.111881
3,380,1458,0.105454
3,381,1459,0.107437
3,381,1459,0.111571
3,381,1459,0.109391
3,381,1459,0.110504
3,381,1459,0.108054
3,381,1459,0.107179
3,381,1459,0.110025
3,382,1460,0.110720
3,382,1460,0.107692
3,382,1460,0.110942
3,382,1460,0.105347
3,382,1460,0.106713
3,382,1460,0.105428
3,382,1460,0.110591
3,383,1461,0.112848
3,383,1461,0.110709
3,383,1461,0.106521
3,383,1461,0.106683
3,383,1461,0.107676
3,383,1461,0.110657
3,383,1461,0.109750
3,384,1462,0.107558
3,384,1462,0.109913
3,384,1462,0.107590
3,384,1462,0.104472
3,384,1462,0.109666
3,384,1462,0.107453
3,384,1462,0.108756
3,385,1463,0.108138
3,385,1463,0.109139
3,385,1463,0.107373
3,385,1463,0.105902
3,385,1463,0.110259
3,385,1463,0.106347
3,385,1463,0.108087
3,386,1464,0.106133
3,386,1464,0.111385
3,386,1464,0.107675
3,386,1464,0.108068
3,386,1464,0.113689
3,386,1464,0.110051
3,386,1464,0.108043
3,387,1465,0.109410
3,387,1465,0.108667
3,387,1465,0.105031
3,387,1465,0.108249
3,387,1465,0.110393
3,387,1465,0.108349
3,387,1465,0.107720
3,388,1466,0.106135
3,388,1466,0.105471
3,388,1466,0.109269
3,388,1466,0.109361
3,388,1466,0.109486
3,388,1466,0.107796
3,388,1466,0.107365
3,389,1467,0.111136
3,389,1467,0.112017
3,389,1467,0.112159
3,389,1467,0.105358
3,389,1467,0.109260
3,389,1467,0.106883
3,389,1467,0.111203
3,390,1468,0.110720
3,390,1468,0.108978
3,390,1468,0.105031
3,390,1468,0.107242
3,390,1468,0.107643
3,390,1468,0.106268
3,390,1468,0.111237
3,391,1469,0.106446
3,391,1469,0.108481
3,391,1469,0.111576
3,391,1469,0.108281
3,391,1469,0.105236
3,391,1469,0.105847
3,391,1469,0.108839
3,392,1470,0.107011
3,392,1470,0.113963
3,392,1470,0.108292
3,392,1470,0.110510
3,392,1470,0.108926
3,392,1470,0.106651
3,392,1470,0.108062
3,393,1471,0.105466
3,393,1471,0.109277
3,393,1471,0.107506
3,393,1471,0.108192
3,393,1471,0.107654
3,393,1471,0.110195
3,393,1471,0.108074
3,394,1472,0.105688
3,394,1472,0.106613
3,394,1472,0.107202
3,394,1472,0.108020
3,394,1472,0.107690
3,394,1472,0.108103
3,394,1472,0.108779
3,395,1473,0.106110
3,395,1473,0.109650
3,395,1473,0.113333
3,395,1473,0.113331
3,395,1473,0.108796
3,395,1473,0.106796
3,395,1473,0.108639
3,396,1474,0.108470
3,396,1474,0.107488
3,396,1474,0.111205
3,396,1474,0.111016
3,396,1474,0.108837
3,396,1474,0.110326
3,396,1474,0.109231
3,397,1475,0.105795
3,397,1475,0.111130
3,397,1475,0.107802
3,397,1475,0.107527
3,397,1475,0.105237
3,397,1475,0.110193
3,397,1475,0.107598
3,398,1476,0.107846
3,398,1476,0.109189
3,398,1476,0.104658
3,398,1476,0.113381
3,398,1476,0.108593
3,398,1476,0.105022
3,398,1476,0.108277
3,399,1477,0.109502
3,399,1477,0.112570
3,399,1477,0.111403
3,399,1477,0.107566
3,399,1477,0.109945
3,399,1477,0.107316
3,399,1477,0.108324
3,400,1478,0.107856
3,400,1478,0.107261
3,400,1478,0.109920
3,400,1478,0.107998
3,400,1478,0.107656
3,400,1478,0.106247
3,400,1478,0.106139
3,401,1479,0.106493
3,401,1479,0.108116
3,401,1479,0.104065
3,401,1479,0.108890
3,401,1479,0.108036
3,401,1479,0.108345
3,401,1479,0.105468
3,402,1480,0.109213
3,402,1480,0.109675
3,402,1480,0.106863
3,402,1480,0.110552
3,402,1480,0.108029
3,402,1480,0.109785
3,402,1480,0.106160
3,403,1481,0.110179
3,403,1481,0.107976
3,403,1481,0.108696
3,403,1481,0.109112
3,403,1481,0.105204
3,403,1481,0.108437
3,403,1481,0.107044
3,404,1482,0.108640
3,404,1482,0.108921
3,404,1482,0.111657
3,404,1482,0.107919
3,404,1482,0.110453
3,404,1482,0.108369
3,404,1482,0.108509
3,405,1483,0.107685
3,405,1483,0.107951
3,405,1483,0.107273
3,405,1483,0.110523
3,405,1483,0.111152
3,405,1483,0.109982
3,405,1483,0.109586
3,406,1484,0.107260
3,406,1484,0.106890
3,406,1484,0.108496
3,406,1484,0.108305
3,406,1484,0.111410
3,406,1484,0.111094
3,406,1484,0.107830
3,407,1485,0.106997
3,407,1485,0.111275
3,407,1485,0.107895
3,407,1485,0.108977
3,407,1485,0.107914
3,407,1485,0.109633
3,407,1485,0.110729
3,408,1486,0.109107
3,408,1486,0.111645
3,408,1486,0.108983
3,408,1486,0.112457
3,408,1486,0.110427
3,408,1486,0.107616
3,408,1486,0.110512
3,409,1487,0.108318
3,409,1487,0.106713
3,409,1487,0.108314
3,409,1487,0.107471
3,409,1487,0.107603
3,409,1487,0.105520
3,409,1487,0.107677
3,410,1488,0.108151
3,410,1488,0.108082
3,410,1488,0.109048
3,410,1488,0.105577
3,410,1488,0.108987
3,410,1488,0.114905
3,410,1488,0.113023
3,411,1489,0.108446
3,411,1489,0.107947
3,411,1489,0.107779
3,411,1489,0.109752
3,411,1489,0.107957
3,411,1489,0.108508
3,411,1489,0.105954
3,412,1490,0.107834
3,412,1490,0.104808
3,412,1490,0.112513
3,412,1490,0.105598
3,412,1490,0.109511
3,412,1490,0.107754
3,412,1490,0.105309
3,413,1491,0.108687
3,413,1491,0.106440
3,413,1491,0.107828
3,413,1491,0.110899
3,413,1491,0.108033
3,413,1491,0.108330
3,413,1491,0.107150
3,414,1492,0.104760
3,414,1492,0.109696
3,414,1492,0.109587
3,414,1492,0.106478
3,414,1492,0.106650
3,414,1492,0.106506
3,414,1492,0.112845
3,415,1493,0.107363
3,415,1493,0.106699
3,415,1493,0.107715
3,415,1493,0.107585
3,415,1493,0.105947
3,415,1493,0.113028
3,415,1493,0.107059
3,416,1494,0.105650
3,416,1494,0.106568
3,416,1494,0.106177
3,416,1494,0.107366
3,416,1494,0.105576
3,416,1494,0.112818
3,416,1494,0.105911
3,417,1495,0.113062
3,417,1495,0.110198
3,417,1495,0.107677
3,417,1495,0.106120
3,417,1495,0.107833
3,417,1495,0.106511
3,417,1495,0.107391
3,418,1496,0.107692
3,418,1496,0.110336
3,418,1496,0.107113
3,418,1496,0.112187
3,418,1496,0.107153
3,418,1496,0.108810
3,418,1496,0.108658
3,419,1497,0.108604
3,419,1497,0.107820
3,419,1497,0.113061
3,419,1497,0.107416
3,419,1497,0.107329
3,419,1497,0.106460
3,419,1497,0.107881
3,420,1498,0.115465
3,420,1498,0.107725
3,420,1498,0.106954
3,420,1498,0.109828
3,420,1498,0.108590
3,420,1498,0.107699
3,420,1498,0.105121
3,421,1499,0.108350
3,421,1499,0.104433
3,421,1499,0.109967
3,421,1499,0.106175
3,421,1499,0.106164
3,421,1499,0.112139
3,421,1499,0.108106
3,422,1500,0.112472
3,422,1500,0.105463
3,422,1500,0.108643
3,422,1500,0.111714
3,422,1500,0.107913
3,422,1500,0.110777
3,422,1500,0.105640
3,423,1501,0.110089
3,423,1501,0.110712
3,423,1501,0.108798
3,423,1501,0.109061
3,423,1501,0.112222
3,423,1501,0.108497
3,423,1501,0.108803
3,424,1502,0.110961
3,424,1502,0.108177
3,424,1502,0.108831
3,424,1502,0.106485
3,424,1502,0.109149
3,424,1502,0.108393
3,424,1502,0.108327
3,425,1503,0.111089
3,425,1503,0.115885
3,425,1503,0.109731
3,425,1503,0.109054
3,425,1503,0.111062
3,425,1503,0.105600
3,425,1503,0.107466
3,426,1504,0.110130
3,426,1504,0.104948
3,426,1504,0.108629
3,426,1504,0.106369
3,426,1504,0.110356
3,426,1504,0.108600
3,426,1504,0.108240
3,427,1505,0.109428
3,427,1505,0.111815
3,427,1505,0.110191
3,427,1505,0.107551
3,427,1505,0.109154
3,427,1505,0.110523
3,427,1505,0.107690
3,428,1506,0.107954
3,428,1506,0.109088
3,428,1506,0.109808
3,428,1506,0.110831
3,428,1506,0.108275
3,428,1506,0.106532
3,428,1506,0.109103
3,429,1507,0.107181
3,429,1507,0.111343
3,429,1507,0.108768
3,429,1507,0.108251
3,429,1507,0.107873
3,429,1507,0.104816
3,429,1507,0.107454
3,430,1508,0.108487
3,430,1508,0.107574
3,430,1508,0.107027
3,430,1508,0.108246
3,430,1508,0.107046
3,430,1508,0.108088
3,430,1508,0.110934
3,431,1509,0.114468
3,431,1509,0.106678
3,431,1509,0.109185
3,431,1509,0.103990
3,431,1509,0.109139
3,431,1509,0.113417
3,431,1509,0.106427
3,432,1510,0.110691
3,432,1510,0.110695
3,432,1510,0.110949
3,432,1510,0.107320
3,432,1510,0.111450
3,432,1510,0.106749
3,432,1510,0.109471
3,433,1511,0.108389
3,433,1511,0.107639
3,433,1511,0.106119
3,433,1511,0.111263
3,433,1511,0.108199
3,433,1511,0.109948
3,433,1511,0.108752
3,434,1512,0.108519
3,434,1512,0.109464
3,434,1512,0.109131
3,434,1512,0.107225
3,434,1512,0.114157
3,434,1512,0.106993
3,434,1512,0.106665
3,435,1513,0.106140
3,435,1513,0.108120
3,435,1513,0.106198
3,435,1513,0.106529
3,435,1513,0.105583
3,435,1513,0.105925
3,435,1513,0.116401
3,436,1514,0.104818
3,436,1514,0.106023
3,436,1514,0.108269
3,436,1514,0.107139
3,436,1514,0.103573
3,436,1514,0.107290
3,436,1514,0.107781
3,437,1515,0.108738
3,437,1515,0.105415
3,437,1515,0.107597
3,437,1515,0.109663
3,437,1515,0.108468
3,437,1515,0.106162
3,437,1515,0.111152
3,438,1516,0.108542
3,438,1516,0.105736
3,438,1516,0.111813
3,438,1516,0.105775
3,438,1516,0.108444
3,438,1516,0.107701
3,438,1516,0.108614
3,439,1517,0.106164
3,439,1517,0.108647
3,439,1517,0.108978
3,439,1517,0.107329
3,439,1517,0.108350
3,439,1517,0.106016
3,439,1517,0.105043
3,440,1518,0.108487
3,440,1518,0.105773
3,440,1518,0.111125
3,440,1518,0.110483
3,440,1518,0.107426
3,440,1518,0.107656
3,440,1518,0.109860
3,441,1519,0.107748
3,441,1519,0.106841
3,441,1519,0.110609
3,441,1519,0.108997
3,441,1519,0.106363
3,441,1519,0.108271
3,441,1519,0.108269
3,442,1520,0.106725
3,442,1520,0.107756
3,442,1520,0.108214
3,442,1520,0.107724
3,442,1520,0.107158
3,442,1520,0.107094
3,442,1520,0.108149
3,443,1521,0.107736
3,443,1521,0.111714
3,443,1521,0.111137
3,443,1521,0.106847
3,443,1521,0.111044
3,443,1521,0.114202
3,443,1521,0.109071
3,444,1522,0.106846
3,444,1522,0.107669
3,444,1522,0.108809
3,444,1522,0.108685
3,444,1522,0.107262
3,444,1522,0.107893
3,444,1522,0.108119
3,445,1523,0.108008
3,445,1523,0.108199
3,445,1523,0.109642
3,445,1523,0.105757
3,445,1523,0.108678
3,445,1523,0.108724
3,445,1523,0.107838
3,446,1524,0.106776
3,446,1524,0.105733
3,446,1524,0.107761
3,446,1524,0.108520
3,446,1524,0.106690
3,446,1524,0.108542
3,446,1524,0.108706
3,447,1525,0.108321
3,447,1525,0.108219
3,447,1525,0.109601
3,447,1525,0.110943
3,447,1525,0.104824
3,447,1525,0.108329
3,447,1525,0.107860
3,448,1526,0.110811
3,448,1526,0.109210
3,448,1526,0.104870
3,448,1526,0.106477
3,448,1526,0.109265
3,448,1526,0.108087
3,448,1526,0.112588
3,449,1527,0.106577
3,449,1527,0.110011
3,449,1527,0.106225
3,449,1527,0.115909
3,449,1527,0.106814
3,449,1527,0.109117
3,449,1527,0.107278
3,450,1528,0.107372
3,450,1528,0.106223
3,450,1528,0.106958
3,450,1528,0.107146
3,450,1528,0.107430
3,450,1528,0.113049
3,450,1528,0.113230
3,451,1529,0.106288
3,451,1529,0.107413
3,451,1529,0.108726
3,451,1529,0.110531
3,451,1529,0.109317
3,451,1529,0.107921
3,451,1529,0.109313
3,452,1530,0.105446
3,452,1530,0.106637
3,452,1530,0.108054
3,452,1530,0.108000
3,452,1530,0.107208
3,452,1530,0.107366
3,452,1530,0.105837
3,453,1531,0.109138
3,453,1531,0.113684
3,453,1531,0.107293
3,453,1531,0.107171
3,453,1531,0.111916
3,453,1531,0.108805
3,453,1531,0.108034
3,454,1532,0.108190
3,454,1532,0.108605
3,454,1532,0.109384
3,454,1532,0.109159
3,454,1532,0.106415
3,454,1532,0.107769
3,454,1532,0.108952
3,455,1533,0.106652
3,455,1533,0.108778
3,455,1533,0.105756
3,455,1533,0.113673
3,455,1533,0.110483
3,455,1533,0.109471
3,455,1533,0.111157
3,456,1534,0.110405
3,456,1534,0.108361
3,456,1534,0.110225
3,456,1534,0.106660
3,456,1534,0.107594
3,456,1534,0.106567
3,456,1534,0.107838
3,457,1535,0.105842
3,457,1535,0.105916
3,457,1535,0.105488
3,457,1535,0.106181
3,457,1535,0.111013
3,457,1535,0.106606
3,457,1535,0.109284
3,458,1536,0.107555
3,458,1536,0.106973
3,458,1536,0.108865
3,458,1536,0.106189
3,458,1536,0.106809
3,458,1536,0.106051
3,458,1536,0.106790
3,459,1537,0.109832
3,459,1537,0.106727
3,459,1537,0.110754
3,459,1537,0.111260
3,459,1537,0.110228
3,459,1537,0.109791
3,459,1537,0.105980
3,460,1538,0.107831
3,460,1538,0.109542
3,460,1538,0.109970
3,460,1538,0.108106
3,460,1538,0.107808
3,460,1538,0.108431
3,460,1538,0.110579
3,461,1539,0.110398
3,461,1539,0.108731
3,461,1539,0.107791
3,461,1539,0.107624
3,461,1539,0.114963
3,461,1539,0.113068
3,461,1539,0.111457
3,462,1540,0.106921
3,462,1540,0.109461
3,462,1540,0.111405
3,462,1540,0.105966
3,462,1540,0.109560
3,462,1540,0.105964
3,462,1540,0.103811
3,463,1541,0.112415
3,463,1541,0.105767
3,463,1541,0.108410
3,463,1541,0.109237
3,463,1541,0.106433
3,463,1541,0.108950
3,463,1541,0.108608
3,464,1542,0.109044
3,464,1542,0.108720
3,464,1542,0.105447
3,464,1542,0.109317
3,464,1542,0.107299
3,464,1542,0.106233
3,464,1542,0.109046
3,465,1543,0.109670
3,465,1543,0.107585
3,465,1543,0.108938
3,465,1543,0.109340
3,465,1543,0.108695
3,465,1543,0.109117
3,465,1543,0.109638
3,466,1544,0.108334
3,466,1544,0.105619
3,466,1544,0.113933
3,466,1544,0.111290
3,466,1544,0.109066
3,466,1544,0.110472
3,466,1544,0.108833
3,467,1545,0.109893
3,467,1545,0.111858
3,467,1545,0.109103
3,467,1545,0.107302
3,467,1545,0.108619
3,467,1545,0.107228
3,467,1545,0.108092
3,468,1546,0.109563
3,468,1546,0.108247
3,468,1546,0.107758
3,468,1546,0.106460
3,468,1546,0.109325
3,468,1546,0.107091
3,468,1546,0.114233
3,469,1547,0.106563
3,469,1547,0.107232
3,469,1547,0.108164
3,469,1547,0.107765
3,469,1547,0.110060
3,469,1547,0.107352
3,469,1547,0.108198
3,470,1548,0.110403
3,470,1548,0.105967
3,470,1548,0.105801
3,470,1548,0.110327
3,470,1548,0.107320
3,470,1548,0.106963
3,470,1548,0.109104
3,471,1549,0.108652
3,471,1549,0.108618
3,471,1549,0.109354
3,471,1549,0.107742
3,471,1549,0.113535
3,471,1549,0.113575
3,471,1549,0.110223
3,472,1550,0.107466
3,472,1550,0.112538
3,472,1550,0.108375
3,472,1550,0.106778
3,472,1550,0.107947
3,472,1550,0.110334
3,472,1550,0.108336
3,473,1551,0.104305
3,473,1551,0.108672
3,473,1551,0.109768
3,473,1551,0.107927
3,473,1551,0.108905
3,473,1551,0.109594
3,473,1551,0.108357
3,474,1552,0.107997
3,474,1552,0.106653
3,474,1552,0.113619
3,474,1552,0.110244
3,474,1552,0.109136
3,474,1552,0.108161
3,474,1552,0.107006
3,475,1553,0.108020
3,475,1553,0.109748
3,475,1553,0.111955
3,475,1553,0.107551
3,475,1553,0.106570
3,475,1553,0.107128
3,475,1553,0.107705
3,476,1554,0.108517
3,476,1554,0.112603
3,476,1554,0.108143
3,476,1554,0.108090
3,476,1554,0.108575
3,476,1554,0.105638
3,476,1554,0.112886
3,477,1555,0.107567
3,477,1555,0.108862
3,477,1555,0.110802
3,477,1555,0.109157
3,477,1555,0.109648
3,477,1555,0.108357
3,477,1555,0.113248
3,478,1556,0.107470
3,478,1556,0.106858
3,478,1556,0.110451
3,478,1556,0.110969
3,478,1556,0.106190
3,478,1556,0.107641
3,478,1556,0.106821
3,479,1557,0.109318
3,479,1557,0.112494
3,479,1557,0.108472
3,479,1557,0.110556
3,479,1557,0.110525
3,479,1557,0.106527
3,479,1557,0.109883
3,480,1558,0.106364
3,480,1558,0.106790
3,480,1558,0.106629
3,480,1558,0.107304
3,480,1558,0.108485
3,480,1558,0.110167
3,480,1558,0.107906
3,481,1559,0.107346
3,481,1559,0.109460
3,481,1559,0.110190
3,481,1559,0.105469
3,481,1559,0.105760
3,481,1559,0.110633
3,481,1559,0.109143
3,482,1560,0.108298
3,482,1560,0.107737
3,482,1560,0.109567
3,482,1560,0.105876
3,482,1560,0.106605
3,482,1560,0.111100
3,482,1560,0.110354
3,483,1561,0.107266
3,483,1561,0.109127
3,483,1561,0.106592
3,483,1561,0.108247
3,483,1561,0.108421
3,483,1561,0.105790
3,483,1561,0.108078
3,484,1562,0.109013
3,484,1562,0.108668
3,484,1562,0.109600
3,484,1562,0.108973
3,484,1562,0.105559
3,484,1562,0.108919
3,484,1562,0.107694
3,485,1563,0.106695
3,485,1563,0.103858
3,485,1563,0.108863
3,485,1563,0.110227
3,485,1563,0.111978
3,485,1563,0.108451
3,485,1563,0.108547
3,486,1564,0.109662
3,486,1564,0.110797
3,486,1564,0.104948
3,486,1564,0.106148
3,486,1564,0.109032
3,486,1564,0.107565
3,486,1564,0.110108
3,487,1565,0.114584
3,487,1565,0.106156
3,487,1565,0.107036
3,487,1565,0.110887
3,487,1565,0.106688
3,487,1565,0.107475
3,487,1565,0.114453
3,488,1566,0.109807
3,488,1566,0.106309
3,488,1566,0.108087
3,488,1566,0.107019
3,488,1566,0.108785
3,488,1566,0.105836
3,488,1566,0.105977
3,489,1567,0.109492
3,489,1567,0.106757
3,489,1567,0.108159
3,489,1567,0.107750
3,489,1567,0.107475
3,489,1567,0.105708
3,489,1567,0.107073
3,490,1568,0.107237
3,490,1568,0.107231
3,490,1568,0.109663
3,490,1568,0.107210
3,490,1568,0.104916
3,490,1568,0.109049
3,490,1568,0.106575
3,491,1569,0.105104
3,491,1569,0.106131
3,491,1569,0.106172
3,491,1569,0.108889
3,491,1569,0.110596
3,491,1569,0.108024
3,491,1569,0.110084
3,492,1570,0.111970
3,492,1570,0.109442
3,492,1570,0.107853
3,492,1570,0.107173
3,492,1570,0.108602
3,492,1570,0.110763
3,492,1570,0.108025
3,493,1571,0.106091
3,493,1571,0.106311
3,493,1571,0.109632
3,493,1571,0.107617
3,493,1571,0.105486
3,493,1571,0.113036
3,493,1571,0.108215
3,494,1572,0.109236
3,494,1572,0.109425
3,494,1572,0.108199
3,494,1572,0.107210
3,494,1572,0.109053
3,494,1572,0.104425
3,494,1572,0.106144
3,495,1573,0.106799
3,495,1573,0.106584
3,495,1573,0.106204
3,495,1573,0.106033
3,495,1573,0.106140
3,495,1573,0.107770
3,495,1573,0.108202
3,496,1574,0.106011
3,496,1574,0.108029
3,496,1574,0.108579
3,496,1574,0.107679
3,496,1574,0.108085
3,496,1574,0.109040
3,496,1574,0.106532
3,497,1575,0.109367
3,497,1575,0.109744
3,497,1575,0.106135
3,497,1575,0.106325
3,497,1575,0.107315
3,497,1575,0.106111
3,497,1575,0.111672
3,498,1576,0.108328
3,498,1576,0.109062
3,498,1576,0.108597
3,498,1576,0.108413
3,498,1576,0.108503
3,498,1576,0.108252
3,498,1576,0.105453
3,499,1577,0.110555
3,499,1577,0.107700
3,499,1577,0.107716
3,499,1577,0.106467
3,499,1577,0.109987
3,499,1577,0.104313
3,499,1577,0.106910
3,500,1578,0.105922
3,500,1578,0.108609
3,500,1578,0.108163
3,500,1578,0.113973
3,500,1578,0.108275
3,500,1578,0.108081
3,500,1578,0.107544
3,501,1579,0.106208
3,501,1579,0.114653
3,501,1579,0.107643
3,501,1579,0.105833
3,501,1579,0.106873
3,501,1579,0.108039
3,501,1579,0.108950
3,502,1580,0.108920
3,502,1580,0.107078
3,502,1580,0.109077
3,502,1580,0.109581
3,502,1580,0.104891
3,502,1580,0.107388
3,502,1580,0.111581
3,503,1581,0.104834
3,503,1581,0.108873
3,503,1581,0.110711
3,503,1581,0.109824
3,503,1581,0.110400
3,503,1581,0.107837
3,503,1581,0.107546
3,504,1582,0.107225
3,504,1582,0.108325
3,504,1582,0.111514
3,504,1582,0.106339
3,504,1582,0.106612
3,504,1582,0.108010
3,504,1582,0.109908
3,505,1583,0.108382
3,505,1583,0.106082
3,505,1583,0.107139
3,505,1583,0.109010
3,505,1583,0.113045
3,505,1583,0.105996
3,505,1583,0.106096
3,506,1584,0.109008
3,506,1584,0.106452
3,506,1584,0.107369
3,506,1584,0.107959
3,506,1584,0.106728
3,506,1584,0.106431
3,506,1584,0.107738
3,507,1585,0.108053
3,507,1585,0.109824
3,507,1585,0.107520
3,507,1585,0.109071
3,507,1585,0.108502
3,507,1585,0.106578
3,507,1585,0.109394
3,508,1586,0.110542
3,508,1586,0.109647
3,508,1586,0.109295
3,508,1586,0.107277
3,508,1586,0.107060
3,508,1586,0.107986
3,508,1586,0.116135
3,509,1587,0.105671
3,509,1587,0.106403
3,509,1587,0.107841
3,509,1587,0.107860
3,509,1587,0.111867
3,509,1587,0.107507
3,509,1587,0.110544
3,510,1588,0.105103
3,510,1588,0.110755
3,510,1588,0.110155
3,510,1588,0.108783
3,510,1588,0.106858
3,510,1588,0.110658
3,510,1588,0.107175
3,511,1589,0.107112
3,511,1589,0.107819
3,511,1589,0.109637
3,511,1589,0.106170
3,511,1589,0.109119
3,511,1589,0.108879
3,511,1589,0.104106
3,512,1590,0.111098
3,512,1590,0.107452
3,512,1590,0.110682
3,512,1590,0.107704
3,512,1590,0.108868
3,512,1590,0.104549
3,512,1590,0.108845
3,513,1591,0.108465
3,513,1591,0.109196
3,513,1591,0.111396
3,513,1591,0.111310
3,513,1591,0.107212
3,513,1591,0.111644
3,513,1591,0.107012
3,514,1592,0.106756
3,514,1592,0.107713
3,514,1592,0.107085
3,514,1592,0.108640
3,514,1592,0.106101
3,514,1592,0.105863
3,514,1592,0.108253
3,515,1593,0.107757
3,515,1593,0.106150
3,515,1593,0.107333
3,515,1593,0.110155
3,515,1593,0.108228
3,515,1593,0.105742
3,515,1593,0.113538
3,516,1594,0.108046
3,516,1594,0.109524
3,516,1594,0.108655
3,516,1594,0.105373
3,516,1594,0.107097
3,516,1594,0.108949
3,516,1594,0.107201
3,517,1595,0.107303
3,517,1595,0.108405
3,517,1595,0.105761
3,517,1595,0.106170
3,517,1595,0.109574
3,517,1595,0.106875
3,517,1595,0.109757
3,518,1596,0.108381
3,518,1596,0.109175
3,518,1596,0.107384
3,518,1596,0.103416
3,518,1596,0.107999
3,518,1596,0.108788
3,518,1596,0.107166
3,519,1597,0.107900
3,519,1597,0.108369
3,519,1597,0.106507
3,519,1597,0.107615
3,519,1597,0.105541
3,519,1597,0.104197
3,519,1597,0.106899
3,520,1598,0.111375
3,520,1598,0.107305
3,520,1598,0.112663
3,520,1598,0.108170
3,520,1598,0.106454
3,520,1598,0.111536
3,520,1598,0.106619
3,521,1599,0.109027
3,521,1599,0.107753
3,521,1599,0.107721
3,521,1599,0.106364
3,521,1599,0.112670
3,521,1599,0.109637
3,521,1599,0.107593
3,522,1600,0.111238
3,522,1600,0.108575
3,522,1600,0.107254
3,522,1600,0.106728
3,522,1600,0.107343
3,522,1600,0.105163
3,522,1600,0.110097
3,523,1601,0.109891
3,523,1601,0.107193
3,523,1601,0.107961
3,523,1601,0.107344
3,523,1601,0.109103
3,523,1601,0.108118
3,523,1601,0.107740
3,524,1602,0.107472
3,524,1602,0.108638
3,524,1602,0.109156
3,524,1602,0.108329
3,524,1602,0.107743
3,524,1602,0.106462
3,524,1602,0.109150
3,525,1603,0.105508
3,525,1603,0.112305
3,525,1603,0.106155
3,525,1603,0.106196
3,525,1603,0.105760
3,525,1603,0.107138
3,525,1603,0.112442
3,526,1604,0.106268
3,526,1604,0.107643
3,526,1604,0.111490
3,526,1604,0.107037
3,526,1604,0.107380
3,526,1604,0.109202
3,526,1604,0.107317
3,527,1605,0.105696
3,527,1605,0.112173
3,527,1605,0.109514
3,527,1605,0.108089
3,527,1605,0.109247
3,527,1605,0.104699
3,527,1605,0.108809
3,528,1606,0.105221
3,528,1606,0.107274
3,528,1606,0.108859
3,528,1606,0.107145
3,528,1606,0.109674
3,528,1606,0.111389
3,528,1606,0.107491
3,529,1607,0.105652
3,529,1607,0.107989
3,529,1607,0.106231
3,529,1607,0.106848
3,529,1607,0.108161
3,529,1607,0.109983
3,529,1607,0.112386
3,530,1608,0.105571
3,530,1608,0.108760
3,530,1608,0.107032
3,530,1608,0.106920
3,530,1608,0.112818
3,530,1608,0.109777
3,530,1608,0.106746
3,531,1609,0.107232
3,531,1609,0.104208
3,531,1609,0.109931
3,531,1609,0.105480
3,531,1609,0.108480
3,531,1609,0.106787
3,531,1609,0.107307
3,532,1610,0.107991
3,532,1610,0.106296
3,532,1610,0.109059
3,532,1610,0.108786
3,532,1610,0.107981
3,532,1610,0.102842
3,532,1610,0.109091
3,533,1611,0.106626
3,533,1611,0.105444
3,533,1611,0.108566
3,533,1611,0.107219
3,533,1611,0.108106
3,533,1611,0.109634
3,533,1611,0.104959
3,534,1612,0.106078
3,534,1612,0.105603
3,534,1612,0.106412
3,534,1612,0.106446
3,534,1612,0.110146
3,534,1612,0.105292
3,534,1612,0.109514
3,535,1613,0.108725
3,535,1613,0.111475
3,535,1613,0.110441
3,535,1613,0.107055
3,535,1613,0.108214
3,535,1613,0.110600
3,535,1613,0.108203
3,536,1614,0.107526
3,536,1614,0.106720
3,536,1614,0.105670
3,536,1614,0.107348
3,536,1614,0.111933
3,536,1614,0.107214
3,536,1614,0.105764
3,537,1615,0.108769
3,537,1615,0.105930
3,537,1615,0.105601
3,537,1615,0.106157
3,537,1615,0.106957
3,537,1615,0.110361
3,537,1615,0.109793
3,538,1616,0.109682
3,538,1616,0.103559
3,538,1616,0.108198
3,538,1616,0.111385
3,538,1616,0.115071
3,538,1616,0.108894
3,538,1616,0.107138
3,539,1617,0.111446
3,539,1617,0.111087
3,539,1617,0.109881
3,539,1617,0.107223
3,539,1617,0.107154
3,539,1617,0.107151
3,539,1617,0.106196
4,1,1618,0.108295
4,1,1618,0.107528
4,1,1618,0.108071
4,1,1618,0.106802
4,1,1618,0.109113
4,1,1618,0.104574
4,1,1618,0.109308
4,2,1619,0.106233
4,2,1619,0.112185
4,2,1619,0.105560
4,2,1619,0.106374
4,2,1619,0.109937
4,2,1619,0.107727
4,2,1619,0.110558
4,3,1620,0.106905
4,3,1620,0.109461
4,3,1620,0.110516
4,3,1620,0.107576
4,3,1620,0.109229
4,3,1620,0.107370
4,3,1620,0.107819
4,4,1621,0.105801
4,4,1621,0.110533
4,4,1621,0.106196
4,4,1621,0.107792
4,4,1621,0.107368
4,4,1621,0.110999
4,4,1621,0.104227
4,5,1622,0.108669
4,5,1622,0.108338
4,5,1622,0.109959
4,5,1622,0.106206
4,5,1622,0.105973
4,5,1622,0.108391
4,5,1622,0.111899
4,6,1623,0.109515
4,6,1623,0.108505
4,6,1623,0.108506
4,6,1623,0.106505
4,6,1623,0.107141
4,6,1623,0.106686
4,6,1623,0.107780
4,7,1624,0.106671
4,7,1624,0.112383
4,7,1624,0.108800
4,7,1624,0.104874
4,7,1624,0.111203
4,7,1624,0.107127
4,7,1624,0.106766
4,8,1625,0.110289
4,8,1625,0.109558
4,8,1625,0.108524
4,8,1625,0.108639
4,8,1625,0.109365
4,8,1625,0.107704
4,8,1625,0.107748
4,9,1626,0.104767
4,9,1626,0.108903
4,9,1626,0.110732
4,9,1626,0.108792
4,9,1626,0.109110
4,9,1626,0.107202
4,9,1626,0.106763
4,10,1627,0.107028
4,10,1627,0.107771
4,10,1627,0.108189
4,10,1627,0.110690
4,10,1627,0.116351
4,10,1627,0.106981
4,10,1627,0.111961
4,11,1628,0.106904
4,11,1628,0.106058
4,11,1628,0.106930
4,11,1628,0.108394
4,11,1628,0.107593
4,11,1628,0.108245
4,11,1628,0.106158
4,12,1629,0.110012
4,12,1629,0.111505
4,12,1629,0.105460
4,12,1629,0.108036
4,12,1629,0.107832
4,12,1629,0.105159
4,12,1629,0.109009
4,13,1630,0.107352
4,13,1630,0.108194
4,13,1630,0.108153
4,13,1630,0.105874
4,13,1630,0.106102
4,13,1630,0.106492
4,13,1630,0.110750
4,14,1631,0.106956
4,14,1631,0.107529
4,14,1631,0.107388
4,14,1631,0.106261
4,14,1631,0.105914
4,14,1631,0.107646
4,14,1631,0.107096
4,15,1632,0.109761
4,15,1632,0.105540
4,15,1632,0.111808
4,15,1632,0.106322
4,15,1632,0.107289
4,15,1632,0.115194
4,15,1632,0.107385
4,16,1633,0.106400
4,16,1633,0.107471
4,16,1633,0.108877
4,16,1633,0.106106
4,16,1633,0.108354
4,16,1633,0.107332
4,16,1633,0.108928
4,17,1634,0.106544
4,17,1634,0.108930
4,17,1634,0.105301
4,17,1634,0.106908
4,17,1634,0.107696
4,17,1634,0.108822
4,17,1634,0.108778
4,18,1635,0.109549
4,18,1635,0.108358
4,18,1635,0.106499
4,18,1635,0.109915
4,18,1635,0.110432
4,18,1635,0.108789
4,18,1635,0.106109
4,19,1636,0.111452
4,19,1636,0.108270
4,19,1636,0.106834
4,19,1636,0.109454
4,19,1636,0.110093
4,19,1636,0.109845
4,19,1636,0.104553
4,20,1637,0.107998
4,20,1637,0.109802
4,20,1637,0.109579
4,20,1637,0.106115
4,20,1637,0.109637
4,20,1637,0.109424
4,20,1637,0.108897
4,21,1638,0.106354
4,21,1638,0.104024
4,21,1638,0.110793
4,21,1638,0.109536
4,21,1638,0.108156
4,21,1638,0.107993
4,21,1638,0.107438
4,22,1639,0.107153
4,22,1639,0.110442
4,22,1639,0.105973
4,22,1639,0.110355
4,22,1639,0.107003
4,22,1639,0.112897
4,22,1639,0.105461
4,23,1640,0.107362
4,23,1640,0.104954
4,23,1640,0.107399
4,23,1640,0.108426
4,23,1640,0.106538
4,23,1640,0.110658
4,23,1640,0.110249
4,24,1641,0.111636
4,24,1641,0.107191
4,24,1641,0.105475
4,24,1641,0.109574
4,24,1641,0.110441
4,24,1641,0.109528
4,24,1641,0.109529
4,25,1642,0.108038
4,25,1642,0.108787
4,25,1642,0.110566
4,25,1642,0.109292
4,25,1642,0.104784
4,25,1642,0.105114
4,25,1642,0.108965
4,26,1643,0.107828
4,26,1643,0.106393
4,26,1643,0.109646
4,26,1643,0.109549
4,26,1643,0.106174
4,26,1643,0.110126
4,26,1643,0.106314
4,27,1644,0.107825
4,27,1644,0.106881
4,27,1644,0.105231
4,27,1644,0.108733
4,27,1644,0.108219
4,27,1644,0.108399
4,27,1644,0.106901
4,28,1645,0.112080
4,28,1645,0.113532
4,28,1645,0.107532
4,28,1645,0.105347
4,28,1645,0.108145
4,28,1645,0.104714
4,28,1645,0.109214
4,29,1646,0.107246
4,29,1646,0.108999
4,29,1646,0.109581
4,29,1646,0.110097
4,29,1646,0.105480
4,29,1646,0.109413
4,29,1646,0.104447
4,30,1647,0.105776
4,30,1647,0.106144
4,30,1647,0.110232
4,30,1647,0.109710
4,30,1647,0.109375
4,30,1647,0.108569
4,30,1647,0.111159
4,31,1648,0.110720
4,31,1648,0.108263
4,31,1648,0.110562
4,31,1648,0.104975
4,31,1648,0.108400
4,31,1648,0.108677
4,31,1648,0.106951
4,32,1649,0.110967
4,32,1649,0.108192
4,32,1649,0.111512
4,32,1649,0.107647
4,32,1649,0.104284
4,32,1649,0.105432
4,32,1649,0.110525
4,33,1650,0.109789
4,33,1650,0.109198
4,33,1650,0.106220
4,33,1650,0.111247
4,33,1650,0.108986
4,33,1650,0.108181
4,33,1650,0.105769
4,34,1651,0.105044
4,34,1651,0.108354
4,34,1651,0.105579
4,34,1651,0.107472
4,34,1651,0.109365
4,34,1651,0.105475
4,34,1651,0.109845
4,35,1652,0.107683
4,35,1652,0.106902
4,35,1652,0.107133
4,35,1652,0.107482
4,35,1652,0.105232
4,35,1652,0.106589
4,35,1652,0.106851
4,36,1653,0.107941
4,36,1653,0.110313
4,36,1653,0.106267
4,36,1653,0.106823
4,36,1653,0.109333
4,36,1653,0.106950
4,36,1653,0.108114
4,37,1654,0.107288
4,37,1654,0.109480
4,37,1654,0.110206
4,37,1654,0.108441
4,37,1654,0.109102
4,37,1654,0.107914
4,37,1654,0.113229
4,38,1655,0.110047
4,38,1655,0.110193
4,38,1655,0.107190
4,38,1655,0.107715
4,38,1655,0.107304
4,38,1655,0.109724
4,38,1655,0.107331
4,39,1656,0.109070
4,39,1656,0.107619
4,39,1656,0.110322
4,39,1656,0.108926
4,39,1656,0.106736
4,39,1656,0.110469
4,39,1656,0.108232
4,40,1657,0.109026
4,40,1657,0.105372
4,40,1657,0.108048
4,40,1657,0.108563
4,40,1657,0.107370
4,40,1657,0.107576
4,40,1657,0.105294
4,41,1658,0.106790
4,41,1658,0.112265
4,41,1658,0.106663
4,41,1658,0.111024
4,41,1658,0.108829
4,41,1658,0.107494
4,41,1658,0.110626
4,42,1659,0.106932
4,42,1659,0.107582
4,42,1659,0.106035
4,42,1659,0.107590
4,42,1659,0.108631
4,42,1659,0.106688
4,42,1659,0.107254
4,43,1660,0.108582
4,43,1660,0.107820
4,43,1660,0.110006
4,43,1660,0.108424
4,43,1660,0.108178
4,43,1660,0.109673
4,43,1660,0.106405
4,44,1661,0.112792
4,44,1661,0.109417
4,44,1661,0.112369
4,44,1661,0.109653
4,44,1661,0.107663
4,44,1661,0.105938
4,44,1661,0.106989
4,45,1662,0.108466
4,45,1662,0.106355
4,45,1662,0.105827
4,45,1662,0.106782
4,45,1662,0.107403
4,45,1662,0.110659
4,45,1662,0.108221
4,46,1663,0.106719
4,46,1663,0.109126
4,46,1663,0.110496
4,46,1663,0.107668
4,46,1663,0.106656
4,46,1663,0.107368
4,46,1663,0.108299
4,47,1664,0.107875
4,47,1664,0.108877
4,47,1664,0.110109
4,47,1664,0.105264
4,47,1664,0.108897
4,47,1664,0.104386
4,47,1664,0.105333
4,48,1665,0.108273
4,48,1665,0.106230
4,48,1665,0.107880
4,48,1665,0.110575
4,48,1665,0.107475
4,48,1665,0.106687
4,48,1665,0.107402
4,49,1666,0.102731
4,49,1666,0.104800
4,49,1666,0.110301
4,49,1666,0.105227
4,49,1666,0.106769
4,49,1666,0.106745
4,49,1666,0.108146
4,50,1667,0.109515
4,50,1667,0.110208
4,50,1667,0.105918
4,50,1667,0.108938
4,50,1667,0.107864
4,50,1667,0.109265
4,50,1667,0.108101
4,51,1668,0.106652
4,51,1668,0.108789
4,51,1668,0.105763
4,51,1668,0.107776
4,51,1668,0.108226
4,51,1668,0.106390
4,51,1668,0.108667
4,52,1669,0.109729
4,52,1669,0.107724
4,52,1669,0.107737
4,52,1669,0.109701
4,52,1669,0.107400
4,52,1669,0.106757
4,52,1669,0.109659
4,53,1670,0.106931
4,53,1670,0.107924
4,53,1670,0.106446
4,53,1670,0.106427
4,53,1670,0.108166
4,53,1670,0.113332
4,53,1670,0.107151
4,54,1671,0.108116
4,54,1671,0.107042
4,54,1671,0.105826
4,54,1671,0.104681
4,54,1671,0.109052
4,54,1671,0.110941
4,54,1671,0.108682
4,55,1672,0.106400
4,55,1672,0.108563
4,55,1672,0.107129
4,55,1672,0.108139
4,55,1672,0.107450
4,55,1672,0.107170
4,55,1672,0.107326
4,56,1673,0.109078
4,56,1673,0.107753
4,56,1673,0.108164
4,56,1673,0.107989
4,56,1673,0.107538
4,56,1673,0.109756
4,56,1673,0.112751
4,57,1674,0.104846
4,57,1674,0.107402
4,57,1674,0.109992
4,57,1674,0.109326
4,57,1674,0.108444
4,57,1674,0.110547
4,57,1674,0.105764
4,58,1675,0.111652
4,58,1675,0.108663
4,58,1675,0.108173
4,58,1675,0.105815
4,58,1675,0.109553
4,58,1675,0.107604
4,58,1675,0.112925
4,59,1676,0.106636
4,59,1676,0.107757
4,59,1676,0.104810
4,59,1676,0.106255
4,59,1676,0.104701
4,59,1676,0.107468
4,59,1676,0.108191
4,60,1677,0.107458
4,60,1677,0.106133
4,60,1677,0.106038
4,60,1677,0.107842
4,60,1677,0.104621
4,60,1677,0.105318
4,60,1677,0.107786
4,61,1678,0.108644
4,61,1678,0.104906
4,61,1678,0.113753
4,61,1678,0.107190
4,61,1678,0.106975
4,61,1678,0.110472
4,61,1678,0.109128
4,62,1679,0.109265
4,62,1679,0.104592
4,62,1679,0.109612
4,62,1679,0.107731
4,62,1679,0.107019
4,62,1679,0.105611
4,62,1679,0.106540
4,63,1680,0.107649
4,63,1680,0.108321
4,63,1680,0.106361
4,63,1680,0.104976
4,63,1680,0.108096
4,63,1680,0.109991
4,63,1680,0.110678
4,64,1681,0.106644
4,64,1681,0.109315
4,64,1681,0.108696
4,64,1681,0.105749
4,64,1681,0.115566
4,64,1681,0.109125
4,64,1681,0.104874
4,65,1682,0.107955
4,65,1682,0.108004
4,65,1682,0.113515
4,65,1682,0.107651
4,65,1682,0.106889
4,65,1682,0.108772
4,65,1682,0.110572
4,66,1683,0.106223
4,66,1683,0.106370
4,66,1683,0.106144
4,66,1683,0.107137
4,66,1683,0.106297
4,66,1683,0.106996
4,66,1683,0.113356
4,67,1684,0.109152
4,67,1684,0.107974
4,67,1684,0.110549
4,67,1684,0.114615
4,67,1684,0.106790
4,67,1684,0.107636
4,67,1684,0.108800
4,68,1685,0.107065
4,68,1685,0.107531
4,68,1685,0.104893
4,68,1685,0.110658
4,68,1685,0.108858
4,68,1685,0.106052
4,68,1685,0.105799
4,69,1686,0.105175
4,69,1686,0.107214
4,69,1686,0.106132
4,69,1686,0.106825
4,69,1686,0.107627
4,69,1686,0.107088
4,69,1686,0.106824
4,70,1687,0.107339
4,70,1687,0.106223
4,70,1687,0.107662
4,70,1687,0.109498
4,70,1687,0.105770
4,70,1687,0.106685
4,70,1687,0.109033
4,71,1688,0.106896
4,71,1688,0.109303
4,71,1688,0.108507
4,71,1688,0.109404
4,71,1688,0.105422
4,71,1688,0.105121
4,71,1688,0.107990
4,72,1689,0.108309
4,72,1689,0.109610
4,72,1689,0.108019
4,72,1689,0.105583
4,72,1689,0.109599
4,72,1689,0.109641
4,72,1689,0.108071
4,73,1690,0.107635
4,73,1690,0.112475
4,73,1690,0.106393
4,73,1690,0.112857
4,73,1690,0.106960
4,73,1690,0.106944
4,73,1690,0.106682
4,74,1691,0.105657
4,74,1691,0.107800
4,74,1691,0.107619
4,74,1691,0.111041
4,74,1691,0.108092
4,74,1691,0.104273
4,74,1691,0.106529
4,75,1692,0.106878
4,75,1692,0.106041
4,75,1692,0.107447
4,75,1692,0.108100
4,75,1692,0.108864
4,75,1692,0.108296
4,75,1692,0.104758
4,76,1693,0.109350
4,76,1693,0.107995
4,76,1693,0.105295
4,76,1693,0.106816
4,76,1693,0.105283
4,76,1693,0.107458
4,76,1693,0.106949
4,77,1694,0.106931
4,77,1694,0.105673
4,77,1694,0.107724
4,77,1694,0.111083
4,77,1694,0.107788
4,77,1694,0.106825
4,77,1694,0.110198
4,78,1695,0.102522
4,78,1695,0.107718
4,78,1695,0.108230
4,78,1695,0.107077
4,78,1695,0.106989
4,78,1695,0.105245
4,78,1695,0.106666
4,79,1696,0.107001
4,79,1696,0.106665
4,79,1696,0.108053
4,79,1696,0.108785
4,79,1696,0.108006
4,79,1696,0.109860
4,79,1696,0.105350
4,80,1697,0.106966
4,80,1697,0.107967
4,80,1697,0.109848
4,80,1697,0.109951
4,80,1697,0.113858
4,80,1697,0.110483
4,80,1697,0.105025
4,81,1698,0.105813
4,81,1698,0.107519
4,81,1698,0.113217
4,81,1698,0.104503
4,81,1698,0.109204
4,81,1698,0.106283
4,81,1698,0.106696
4,82,1699,0.106892
4,82,1699,0.116528
4,82,1699,0.110214
4,82,1699,0.108100
4,82,1699,0.108678
4,82,1699,0.111386
4,82,1699,0.111003
4,83,1700,0.111816
4,83,1700,0.106803
4,83,1700,0.104371
4,83,1700,0.103942
4,83,1700,0.105784
4,83,1700,0.107988
4,83,1700,0.107837
4,84,1701,0.106617
4,84,1701,0.107030
4,84,1701,0.107100
4,84,1701,0.108387
4,84,1701,0.106816
4,84,1701,0.108854
4,84,1701,0.108719
4,85,1702,0.109409
4,85,1702,0.108728
4,85,1702,0.107477
4,85,1702,0.109679
4,85,1702,0.111604
4,85,1702,0.107754
4,85,1702,0.107280
4,86,1703,0.105983
4,86,1703,0.105386
4,86,1703,0.110413
4,86,1703,0.104584
4,86,1703,0.107854
4,86,1703,0.111089
4,86,1703,0.105125
4,87,1704,0.105188
4,87,1704,0.111264
4,87,1704,0.106868
4,87,1704,0.105304
4,87,1704,0.108682
4,87,1704,0.109381
4,87,1704,0.108955
4,88,1705,0.107159
4,88,1705,0.104971
4,88,1705,0.109381
4,88,1705,0.109414
4,88,1705,0.109267
4,88,1705,0.110063
4,88,1705,0.105399
4,89,1706,0.109719
4,89,1706,0.110429
4,89,1706,0.108715
4,89,1706,0.105589
4,89,1706,0.112768
4,89,1706,0.108512
4,89,1706,0.106437
4,90,1707,0.109093
4,90,1707,0.108090
4,90,1707,0.107187
4,90,1707,0.107168
4,90,1707,0.107423
4,90,1707,0.108535
4,90,1707,0.109589
4,91,1708,0.107497
4,91,1708,0.107713
4,91,1708,0.104106
4,91,1708,0.111971
4,91,1708,0.108380
4,91,1708,0.106956
4,91,1708,0.105856
4,92,1709,0.105142
4,92,1709,0.108740
4,92,1709,0.114328
4,92,1709,0.109725
4,92,1709,0.108297
4,92,1709,0.108392
4,92,1709,0.110737
4,93,1710,0.107150
4,93,1710,0.111781
4,93,1710,0.112296
4,93,1710,0.106495
4,93,1710,0.115479
4,93,1710,0.109105
4,93,1710,0.110737
4,94,1711,0.109914
4,94,1711,0.107565
4,94,1711,0.113119
4,94,1711,0.106927
4,94,1711,0.110583
4,94,1711,0.108959
4,94,1711,0.111339
4,95,1712,0.108426
4,95,1712,0.112425
4,95,1712,0.108323
4,95,1712,0.110309
4,95,1712,0.107774
4,95,1712,0.107444
4,95,1712,0.106129
4,96,1713,0.106705
4,96,1713,0.106972
4,96,1713,0.112827
4,96,1713,0.106438
4,96,1713,0.106677
4,96,1713,0.109671
4,96,1713,0.112076
4,97,1714,0.106081
4,97,1714,0.109645
4,97,1714,0.106944
4,97,1714,0.108078
4,97,1714,0.105932
4,97,1714,0.107001
4,97,1714,0.104268
4,98,1715,0.107424
4,98,1715,0.111243
4,98,1715,0.107936
4,98,1715,0.108152
4,98,1715,0.108994
4,98,1715,0.107254
4,98,1715,0.108788
4,99,1716,0.110051
4,99,1716,0.109955
4,99,1716,0.106505
4,99,1716,0.109779
4,99,1716,0.108453
4,99,1716,0.112174
4,99,1716,0.106980
4,100,1717,0.106860
4,100,1717,0.108438
4,100,1717,0.109293
4,100,1717,0.108817
4,100,1717,0.110211
4,100,1717,0.106918
4,100,1717,0.107308
4,101,1718,0.106127
4,101,1718,0.109668
4,101,1718,0.108915
4,101,1718,0.110419
4,101,1718,0.104819
4,101,1718,0.109012
4,101,1718,0.111259
4,102,1719,0.109628
4,102,1719,0.106819
4,102,1719,0.104566
4,102,1719,0.109002
4,102,1719,0.108276
4,102,1719,0.108513
4,102,1719,0.107658
4,103,1720,0.106341
4,103,1720,0.106488
4,103,1720,0.107292
4,103,1720,0.108093
4,103,1720,0.106658
4,103,1720,0.106478
4,103,1720,0.105152
4,104,1721,0.110996
4,104,1721,0.105764
4,104,1721,0.106579
4,104,1721,0.109597
4,104,1721,0.107889
4,104,1721,0.112623
4,104,1721,0.105612
4,105,1722,0.105643
4,105,1722,0.106932
4,105,1722,0.105395
4,105,1722,0.106694
4,105,1722,0.108705
4,105,1722,0.108787
4,105,1722,0.112816
4,106,1723,0.108755
4,106,1723,0.105459
4,106,1723,0.108783
4,106,1723,0.112785
4,106,1723,0.111853
4,106,1723,0.107043
4,106,1723,0.111799
4,107,1724,0.106253
4,107,1724,0.109073
4,107,1724,0.108037
4,107,1724,0.108059
4,107,1724,0.107712
4,107,1724,0.107979
4,107,1724,0.112485
4,108,1725,0.108115
4,108,1725,0.105148
4,108,1725,0.110539
4,108,1725,0.104719
4,108,1725,0.108252
4,108,1725,0.110996
4,108,1725,0.108874
4,109,1726,0.110967
4,109,1726,0.107386
4,109,1726,0.105701
4,109,1726,0.106836
4,109,1726,0.114292
4,109,1726,0.107298
4,109,1726,0.110584
4,110,1727,0.107422
4,110,1727,0.109171
4,110,1727,0.108507
4,110,1727,0.114117
4,110,1727,0.105700
4,110,1727,0.106706
4,110,1727,0.104827
4,111,1728,0.109829
4,111,1728,0.106733
4,111,1728,0.107640
4,111,1728,0.108090
4,111,1728,0.106530
4,111,1728,0.109931
4,111,1728,0.106273
4,112,1729,0.107665
4,112,1729,0.105898
4,112,1729,0.110549
4,112,1729,0.106895
4,112,1729,0.114450
4,112,1729,0.107543
4,112,1729,0.104386
4,113,1730,0.108535
4,113,1730,0.109695
4,113,1730,0.108036
4,113,1730,0.107392
4,113,1730,0.107571
4,113,1730,0.105753
4,113,1730,0.107024
4,114,1731,0.108121
4,114,1731,0.106428
4,114,1731,0.106909
4,114,1731,0.111604
4,114,1731,0.106072
4,114,1731,0.107096
4,114,1731,0.111076
4,115,1732,0.111151
4,115,1732,0.106889
4,115,1732,0.105272
4,115,1732,0.104331
4,115,1732,0.110579
4,115,1732,0.107799
4,115,1732,0.107700
4,116,1733,0.105872
4,116,1733,0.105003
4,116,1733,0.107624
4,116,1733,0.107834
4,116,1733,0.106607
4,116,1733,0.105196
4,116,1733,0.113524
4,117,1734,0.108040
4,117,1734,0.109612
4,117,1734,0.104980
4,117,1734,0.108776
4,117,1734,0.107990
4,117,1734,0.107114
4,117,1734,0.107880
4,118,1735,0.105199
4,118,1735,0.111718
4,118,1735,0.105308
4,118,1735,0.109790
4,118,1735,0.105223
4,118,1735,0.115407
4,118,1735,0.108121
4,119,1736,0.106372
4,119,1736,0.105238
4,119,1736,0.109300
4,119,1736,0.106539
4,119,1736,0.107688
4,119,1736,0.106389
4,119,1736,0.108257
4,120,1737,0.107730
4,120,1737,0.106486
4,120,1737,0.108507
4,120,1737,0.107955
4,120,1737,0.113908
4,120,1737,0.106558
4,120,1737,0.108545
4,121,1738,0.107206
4,121,1738,0.106228
4,121,1738,0.105277
4,121,1738,0.107414
4,121,1738,0.109794
4,121,1738,0.108011
4,121,1738,0.108528
4,122,1739,0.108521
4,122,1739,0.107024
4,122,1739,0.106712
4,122,1739,0.106969
4,122,1739,0.110413
4,122,1739,0.105250
4,122,1739,0.108187
4,123,1740,0.110283
4,123,1740,0.107540
4,123,1740,0.108262
4,123,1740,0.111251
4,123,1740,0.109586
4,123,1740,0.108120
4,123,1740,0.105255
4,124,1741,0.108269
4,124,1741,0.108168
4,124,1741,0.107475
4,124,1741,0.105496
4,124,1741,0.108209
4,124,1741,0.110787
4,124,1741,0.107277
4,125,1742,0.104091
4,125,1742,0.111717
4,125,1742,0.107765
4,125,1742,0.109015
4,125,1742,0.106090
4,125,1742,0.109667
4,125,1742,0.108065
4,126,1743,0.105717
4,126,1743,0.107764
4,126,1743,0.106796
4,126,1743,0.106784
4,126,1743,0.107368
4,126,1743,0.107723
4,126,1743,0.109256
4,127,1744,0.107819
4,127,1744,0.107550
4,127,1744,0.107376
4,127,1744,0.109229
4,127,1744,0.105864
4,127,1744,0.108310
4,127,1744,0.107466
4,128,1745,0.104453
4,128,1745,0.107515
4,128,1745,0.112586
4,128,1745,0.105193
4,128,1745,0.105304
4,128,1745,0.109571
4,128,1745,0.106899
4,129,1746,0.110858
4,129,1746,0.109977
4,129,1746,0.108306
4,129,1746,0.106464
4,129,1746,0.106428
4,129,1746,0.109210
4,129,1746,0.108365
4,130,1747,0.107298
4,130,1747,0.108780
4,130,1747,0.113352
4,130,1747,0.106637
4,130,1747,0.108845
4,130,1747,0.107227
4,130,1747,0.114031
4,131,1748,0.106157
4,131,1748,0.107252
4,131,1748,0.109003
4,131,1748,0.108254
4,131,1748,0.107843
4,131,1748,0.109980
4,131,1748,0.111548
4,132,1749,0.107635
4,132,1749,0.107815
4,132,1749,0.108015
4,132,1749,0.107451
4,132,1749,0.108445
4,132,1749,0.109259
4,132,1749,0.109827
4,133,1750,0.112467
4,133,1750,0.108745
4,133,1750,0.108997
4,133,1750,0.107050
4,133,1750,0.106888
4,133,1750,0.106554
4,133,1750,0.107232
4,134,1751,0.109255
4,134,1751,0.107864
4,134,1751,0.111943
4,134,1751,0.109384
4,134,1751,0.107523
4,134,1751,0.106523
4,134,1751,0.106856
4,135,1752,0.110479
4,135,1752,0.107567
4,135,1752,0.107357
4,135,1752,0.107929
4,135,1752,0.109171
4,135,1752,0.108860
4,135,1752,0.109073
4,136,1753,0.108020
4,136,1753,0.106562
4,136,1753,0.107764
4,136,1753,0.105890
4,136,1753,0.106455
4,136,1753,0.111783
4,136,1753,0.106019
4,137,1754,0.108025
4,137,1754,0.107369
4,137,1754,0.107730
4,137,1754,0.111896
4,137,1754,0.105630
4,137,1754,0.107320
4,137,1754,0.109291
4,138,1755,0.109193
4,138,1755,0.103551
4,138,1755,0.106560
4,138,1755,0.104900
4,138,1755,0.107762
4,138,1755,0.108076
4,138,1755,0.106231
4,139,1756,0.110589
4,139,1756,0.107778
4,139,1756,0.108361
4,139,1756,0.108612
4,139,1756,0.108657
4,139,1756,0.107789
4,139,1756,0.105570
4,140,1757,0.106296
4,140,1757,0.104931
4,140,1757,0.108475
4,140,1757,0.106533
4,140,1757,0.109510
4,140,1757,0.107343
4,140,1757,0.108299
4,141,1758,0.109529
4,141,1758,0.106620
4,141,1758,0.105218
4,141,1758,0.107215
4,141,1758,0.107477
4,141,1758,0.106011
4,141,1758,0.106198
4,142,1759,0.104623
4,142,1759,0.109882
4,142,1759,0.106410
4,142,1759,0.109509
4,142,1759,0.104959
4,142,1759,0.107996
4,142,1759,0.106195
4,143,1760,0.109734
4,143,1760,0.106745
4,143,1760,0.113664
4,143,1760,0.105582
4,143,1760,0.106002
4,143,1760,0.107676
4,143,1760,0.105687
4,144,1761,0.107363
4,144,1761,0.107948
4,144,1761,0.107039
4,144,1761,0.107270
4,144,1761,0.106844
4,144,1761,0.106349
4,144,1761,0.108299
4,145,1762,0.103301
4,145,1762,0.107776
4,145,1762,0.108596
4,145,1762,0.110099
4,145,1762,0.106133
4,145,1762,0.104082
4,145,1762,0.110016
4,146,1763,0.107671
4,146,1763,0.108107
4,146,1763,0.107927
4,146,1763,0.111832
4,146,1763,0.104259
4,146,1763,0.109437
4,146,1763,0.107968
4,147,1764,0.106951
4,147,1764,0.105971
4,147,1764,0.106245
4,147,1764,0.107425
4,147,1764,0.106380
4,147,1764,0.106094
4,147,1764,0.107166
4,148,1765,0.108039
4,148,1765,0.106898
4,148,1765,0.105726
4,148,1765,0.108023
4,148,1765,0.114339
4,148,1765,0.107778
4,148,1765,0.110340
4,149,1766,0.105733
4,149,1766,0.105806
4,149,1766,0.108231
4,149,1766,0.109890
4,149,1766,0.108378
4,149,1766,0.108373
4,149,1766,0.111507
4,150,1767,0.106954
4,150,1767,0.109689
4,150,1767,0.107008
4,150,1767,0.107032
4,150,1767,0.106934
4,150,1767,0.104720
4,150,1767,0.105540
4,151,1768,0.110708
4,151,1768,0.108005
4,151,1768,0.107317
4,151,1768,0.106502
4,151,1768,0.108261
4,151,1768,0.109356
4,151,1768,0.107928
4,152,1769,0.106488
4,152,1769,0.106450
4,152,1769,0.106620
4,152,1769,0.108935
4,152,1769,0.105753
4,152,1769,0.110751
4,152,1769,0.109148
4,153,1770,0.108128
4,153,1770,0.104859
4,153,1770,0.106780
4,153,1770,0.106996
4,153,1770,0.108189
4,153,1770,0.108037
4,153,1770,0.106901
4,154,1771,0.107759
4,154,1771,0.109101
4,154,1771,0.109254
4,154,1771,0.103146
4,154,1771,0.108679
4,154,1771,0.107195
4,154,1771,0.107576
4,155,1772,0.107555
4,155,1772,0.106764
4,155,1772,0.108288
4,155,1772,0.107489
4,155,1772,0.107454
4,155,1772,0.107533
4,155,1772,0.108090
4,156,1773,0.106569
4,156,1773,0.110009
4,156,1773,0.106430
4,156,1773,0.104532
4,156,1773,0.110201
4,156,1773,0.109716
4,156,1773,0.106977
4,157,1774,0.108882
4,157,1774,0.105053
4,157,1774,0.106465
4,157,1774,0.110740
4,157,1774,0.107327
4,157,1774,0.105480
4,157,1774,0.106522
4,158,1775,0.105412
4,158,1775,0.105496
4,158,1775,0.106504
4,158,1775,0.104508
4,158,1775,0.108870
4,158,1775,0.113384
4,158,1775,0.107430
4,159,1776,0.107166
4,159,1776,0.107168
4,159,1776,0.108801
4,159,1776,0.106982
4,159,1776,0.109592
4,159,1776,0.113046
4,159,1776,0.107146
4,160,1777,0.104701
4,160,1777,0.106018
4,160,1777,0.107630
4,160,1777,0.108836
4,160,1777,0.105269
4,160,1777,0.107106
4,160,1777,0.109437
4,161,1778,0.107856
4,161,1778,0.106185
4,161,1778,0.110129
4,161,1778,0.109792
4,161,1778,0.107950
4,161,1778,0.106324
4,161,1778,0.105135
4,162,1779,0.106676
4,162,1779,0.108083
4,162,1779,0.105892
4,162,1779,0.107753
4,162,1779,0.107998
4,162,1779,0.105739
4,162,1779,0.107768
4,163,1780,0.104726
4,163,1780,0.109567
4,163,1780,0.106419
4,163,1780,0.104420
4,163,1780,0.106653
4,163,1780,0.107210
4,163,1780,0.106913
4,164,1781,0.108128
4,164,1781,0.113027
4,164,1781,0.104942
4,164,1781,0.108394
4,164,1781,0.108409
4,164,1781,0.104271
4,164,1781,0.106956
4,165,1782,0.108897
4,165,1782,0.110967
4,165,1782,0.105443
4,165,1782,0.107981
4,165,1782,0.108411
4,165,1782,0.110002
4,165,1782,0.107616
4,166,1783,0.106860
4,166,1783,0.109904
4,166,1783,0.109348
4,166,1783,0.106517
4,166,1783,0.103948
4,166,1783,0.106315
4,166,1783,0.110819
4,167,1784,0.107821
4,167,1784,0.104914
4,167,1784,0.108168
4,167,1784,0.106675
4,167,1784,0.106986
4,167,1784,0.103460
4,167,1784,0.109104
4,168,1785,0.109178
4,168,1785,0.114077
4,168,1785,0.105331
4,168,1785,0.110627
4,168,1785,0.106794
4,168,1785,0.107970
4,168,1785,0.108002
4,169,1786,0.106185
4,169,1786,0.106290
4,169,1786,0.104179
4,169,1786,0.106677
4,169,1786,0.106770
4,169,1786,0.108965
4,169,1786,0.108040
4,170,1787,0.106995
4,170,1787,0.105602
4,170,1787,0.106982
4,170,1787,0.107592
4,170,1787,0.106548
4,170,1787,0.107052
4,170,1787,0.105418
4,171,1788,0.107870
4,171,1788,0.109237
4,171,1788,0.107111
4,171,1788,0.105170
4,171,1788,0.107899
4,171,1788,0.106769
4,171,1788,0.108880
4,172,1789,0.108784
4,172,1789,0.104175
4,172,1789,0.107589
4,172,1789,0.107982
4,172,1789,0.107943
4,172,1789,0.108952
4,172,1789,0.106367
4,173,1790,0.105896
4,173,1790,0.105081
4,173,1790,0.106569
4,173,1790,0.116050
4,173,1790,0.109765
4,173,1790,0.106971
4,173,1790,0.102954
4,174,1791,0.108480
4,174,1791,0.105023
4,174,1791,0.106669
4,174,1791,0.112775
4,174,1791,0.104863
4,174,1791,0.107596
4,174,1791,0.106269
4,175,1792,0.107198
4,175,1792,0.110547
4,175,1792,0.106343
4,175,1792,0.109013
4,175,1792,0.106521
4,175,1792,0.108195
4,175,1792,0.108186
4,176,1793,0.115131
4,176,1793,0.109589
4,176,1793,0.108335
4,176,1793,0.105163
4,176,1793,0.107072
4,176,1793,0.107245
4,176,1793,0.105620
4,177,1794,0.106656
4,177,1794,0.109615
4,177,1794,0.114501
4,177,1794,0.106569
4,177,1794,0.106577
4,177,1794,0.104870
4,177,1794,0.108065
4,178,1795,0.108825
4,178,1795,0.108317
4,178,1795,0.107151
4,178,1795,0.106253
4,178,1795,0.108906
4,178,1795,0.105188
4,178,1795,0.107388
4,179,1796,0.104176
4,179,1796,0.106556
4,179,1796,0.105786
4,179,1796,0.106936
4,179,1796,0.105681
4,179,1796,0.110270
4,179,1796,0.107813
4,180,1797,0.106504
4,180,1797,0.109554
4,180,1797,0.108097
4,180,1797,0.112015
4,180,1797,0.110589
4,180,1797,0.107438
4,180,1797,0.107229
4,181,1798,0.108670
4,181,1798,0.105542
4,181,1798,0.107997
4,181,1798,0.115606
4,181,1798,0.105580
4,181,1798,0.105806
4,181,1798,0.106523
4,182,1799,0.106469
4,182,1799,0.107945
4,182,1799,0.108936
4,182,1799,0.111010
4,182,1799,0.108250
4,182,1799,0.107045
4,182,1799,0.107693
4,183,1800,0.106346
4,183,1800,0.105292
4,183,1800,0.105126
4,183,1800,0.107207
4,183,1800,0.107501
4,183,1800,0.104777
4,183,1800,0.107149
4,184,1801,0.106217
4,184,1801,0.105215
4,184,1801,0.108275
4,184,1801,0.108784
4,184,1801,0.108294
4,184,1801,0.109343
4,184,1801,0.107654
4,185,1802,0.109356
4,185,1802,0.106330
4,185,1802,0.111007
4,185,1802,0.114118
4,185,1802,0.108879
4,185,1802,0.107851
4,185,1802,0.105331
4,186,1803,0.107559
4,186,1803,0.108354
4,186,1803,0.106014
4,186,1803,0.106123
4,186,1803,0.106925
4,186,1803,0.109535
4,186,1803,0.107448
4,187,1804,0.109284
4,187,1804,0.106869
4,187,1804,0.115250
4,187,1804,0.106312
4,187,1804,0.104075
4,187,1804,0.105627
4,187,1804,0.107827
4,188,1805,0.109457
4,188,1805,0.110825
4,188,1805,0.110156
4,188,1805,0.107214
4,188,1805,0.105905
4,188,1805,0.114784
4,188,1805,0.110425
4,189,1806,0.111296
4,189,1806,0.107420
4,189,1806,0.111312
4,189,1806,0.104984
4,189,1806,0.106636
4,189,1806,0.108825
4,189,1806,0.107179
4,190,1807,0.108275
4,190,1807,0.109241
4,190,1807,0.104566
4,190,1807,0.105716
4,190,1807,0.108655
4,190,1807,0.106263
4,190,1807,0.106211
4,191,1808,0.106728
4,191,1808,0.107831
4,191,1808,0.111347
4,191,1808,0.105522
4,191,1808,0.105608
4,191,1808,0.106853
4,191,1808,0.108625
4,192,1809,0.111819
4,192,1809,0.106456
4,192,1809,0.108250
4,192,1809,0.108989
4,192,1809,0.106897
4,192,1809,0.111140
4,192,1809,0.107980
4,193,1810,0.106755
4,193,1810,0.104479
4,193,1810,0.105046
4,193,1810,0.106195
4,193,1810,0.108655
4,193,1810,0.108038
4,193,1810,0.110604
4,194,1811,0.107573
4,194,1811,0.106775
4,194,1811,0.105568
4,194,1811,0.109859
4,194,1811,0.111602
4,194,1811,0.108990
4,194,1811,0.109282
4,195,1812,0.106224
4,195,1812,0.110659
4,195,1812,0.112871
4,195,1812,0.110181
4,195,1812,0.107431
4,195,1812,0.106257
4,195,1812,0.106981
4,196,1813,0.105965
4,196,1813,0.109025
4,196,1813,0.107400
4,196,1813,0.105556
4,196,1813,0.106900
4,196,1813,0.106027
4,196,1813,0.107186
4,197,1814,0.113847
4,197,1814,0.108729
4,197,1814,0.107915
4,197,1814,0.109785
4,197,1814,0.108308
4,197,1814,0.106670
4,197,1814,0.108178
4,198,1815,0.109289
4,198,1815,0.106275
4,198,1815,0.107335
4,198,1815,0.106078
4,198,1815,0.107679
4,198,1815,0.108983
4,198,1815,0.106254
4,199,1816,0.106292
4,199,1816,0.105269
4,199,1816,0.106261
4,199,1816,0.104239
4,199,1816,0.114918
4,199,1816,0.110788
4,199,1816,0.108256
4,200,1817,0.104646
4,200,1817,0.108109
4,200,1817,0.105735
4,200,1817,0.107166
4,200,1817,0.105874
4,200,1817,0.110907
4,200,1817,0.108059
4,201,1818,0.108121
4,201,1818,0.108596
4,201,1818,0.105594
4,201,1818,0.104962
4,201,1818,0.106382
4,201,1818,0.105922
4,201,1818,0.104882
4,202,1819,0.106019
4,202,1819,0.107119
4,202,1819,0.108319
4,202,1819,0.107002
4,202,1819,0.105658
4,202,1819,0.107408
4,202,1819,0.111695
4,203,1820,0.108694
4,203,1820,0.107050
4,203,1820,0.109711
4,203,1820,0.107000
4,203,1820,0.106440
4,203,1820,0.105497
4,203,1820,0.104600
4,204,1821,0.106695
4,204,1821,0.105008
4,204,1821,0.107315
4,204,1821,0.105700
4,204,1821,0.108246
4,204,1821,0.108187
4,204,1821,0.106219
4,205,1822,0.106429
4,205,1822,0.109017
4,205,1822,0.107048
4,205,1822,0.108631
4,205,1822,0.108005
4,205,1822,0.107716
4,205,1822,0.103816
4,206,1823,0.105688
4,206,1823,0.106177
4,206,1823,0.106608
4,206,1823,0.109022
4,206,1823,0.108543
4,206,1823,0.109156
4,206,1823,0.105863
4,207,1824,0.105864
4,207,1824,0.107721
4,207,1824,0.109644
4,207,1824,0.110419
4,207,1824,0.107356
4,207,1824,0.113270
4,207,1824,0.108218
4,208,1825,0.105898
4,208,1825,0.107719
4,208,1825,0.108589
4,208,1825,0.107070
4,208,1825,0.108693
4,208,1825,0.116981
4,208,1825,0.108224
4,209,1826,0.106464
4,209,1826,0.105503
4,209,1826,0.110589
4,209,1826,0.107306
4,209,1826,0.106412
4,209,1826,0.108367
4,209,1826,0.105183
4,210,1827,0.108170
4,210,1827,0.114003
4,210,1827,0.106209
4,210,1827,0.106508
4,210,1827,0.107330
4,210,1827,0.109968
4,210,1827,0.108015
4,211,1828,0.105641
4,211,1828,0.108287
4,211,1828,0.111432
4,211,1828,0.108760
4,211,1828,0.107222
4,211,1828,0.107868
4,211,1828,0.104768
4,212,1829,0.105226
4,212,1829,0.105790
4,212,1829,0.107604
4,212,1829,0.110900
4,212,1829,0.108993
4,212,1829,0.104860
4,212,1829,0.106052
4,213,1830,0.107981
4,213,1830,0.106199
4,213,1830,0.107015
4,213,1830,0.106043
4,213,1830,0.108398
4,213,1830,0.107067
4,213,1830,0.109260
4,214,1831,0.107376
4,214,1831,0.108743
4,214,1831,0.106274
4,214,1831,0.109372
4,214,1831,0.105944
4,214,1831,0.110474
4,214,1831,0.106114
4,215,1832,0.110888
4,215,1832,0.106308
4,215,1832,0.107440
4,215,1832,0.109459
4,215,1832,0.105281
4,215,1832,0.105786
4,215,1832,0.106900
4,216,1833,0.107294
4,216,1833,0.108686
4,216,1833,0.107155
4,216,1833,0.112320
4,216,1833,0.104401
4,216,1833,0.107697
4,216,1833,0.107243
4,217,1834,0.108011
4,217,1834,0.106034
4,217,1834,0.109608
4,217,1834,0.108536
4,217,1834,0.106940
4,217,1834,0.104622
4,217,1834,0.106026
4,218,1835,0.107542
4,218,1835,0.106173
4,218,1835,0.109207
4,218,1835,0.106903
4,218,1835,0.114102
4,218,1835,0.107002
4,218,1835,0.107465
4,219,1836,0.108052
4,219,1836,0.106045
4,219,1836,0.107896
4,219,1836,0.106993
4,219,1836,0.109276
4,219,1836,0.105850
4,219,1836,0.105563
4,220,1837,0.112122
4,220,1837,0.107298
4,220,1837,0.110923
4,220,1837,0.106416
4,220,1837,0.105699
4,220,1837,0.106931
4,220,1837,0.107610
4,221,1838,0.106106
4,221,1838,0.109708
4,221,1838,0.108778
4,221,1838,0.108649
4,221,1838,0.105786
4,221,1838,0.111796
4,221,1838,0.109124
4,222,1839,0.106420
4,222,1839,0.105264
4,222,1839,0.108106
4,222,1839,0.110026
4,222,1839,0.108871
4,222,1839,0.109793
4,222,1839,0.109475
4,223,1840,0.108337
4,223,1840,0.111272
4,223,1840,0.103174
4,223,1840,0.107048
4,223,1840,0.106906
4,223,1840,0.110502
4,223,1840,0.111616
4,224,1841,0.106750
4,224,1841,0.109554
4,224,1841,0.105928
4,224,1841,0.113436
4,224,1841,0.113640
4,224,1841,0.107459
4,224,1841,0.107351
4,225,1842,0.107618
4,225,1842,0.108202
4,225,1842,0.107727
4,225,1842,0.109397
4,225,1842,0.107418
4,225,1842,0.108710
4,225,1842,0.105720
4,226,1843,0.109347
4,226,1843,0.107644
4,226,1843,0.107260
4,226,1843,0.109305
4,226,1843,0.109025
4,226,1843,0.108272
4,226,1843,0.105165
4,227,1844,0.105406
4,227,1844,0.111260
4,227,1844,0.105925
4,227,1844,0.106108
4,227,1844,0.104747
4,227,1844,0.106843
4,227,1844,0.106082
4,228,1845,0.107807
4,228,1845,0.107398
4,228,1845,0.106723
4,228,1845,0.111543
4,228,1845,0.106757
4,228,1845,0.105529
4,228,1845,0.107196
4,229,1846,0.107957
4,229,1846,0.107212
4,229,1846,0.108323
4,229,1846,0.106368
4,229,1846,0.107215
4,229,1846,0.108479
4,229,1846,0.106542
4,230,1847,0.106358
4,230,1847,0.106644
4,230,1847,0.106569
4,230,1847,0.106698
4,230,1847,0.114640
4,230,1847,0.104566
4,230,1847,0.105293
4,231,1848,0.108826
4,231,1848,0.107840
4,231,1848,0.104075
4,231,1848,0.107540
4,231,1848,0.108364
4,231,1848,0.106038
4,231,1848,0.106411
4,232,1849,0.106087
4,232,1849,0.105564
4,232,1849,0.108782
4,232,1849,0.103864
4,232,1849,0.106801
4,232,1849,0.106249
4,232,1849,0.107087
4,233,1850,0.106191
4,233,1850,0.106981
4,233,1850,0.109629
4,233,1850,0.108718
4,233,1850,0.108146
4,233,1850,0.110336
4,233,1850,0.107052
4,234,1851,0.104522
4,234,1851,0.109430
4,234,1851,0.108888
4,234,1851,0.106730
4,234,1851,0.108428
4,234,1851,0.106213
4,234,1851,0.112208
4,235,1852,0.108598
4,235,1852,0.108415
4,235,1852,0.107924
4,235,1852,0.107055
4,235,1852,0.105818
4,235,1852,0.107180
4,235,1852,0.108388
4,236,1853,0.109900
4,236,1853,0.109035
4,236,1853,0.107934
4,236,1853,0.105187
4,236,1853,0.108716
4,236,1853,0.108702
4,236,1853,0.111843
4,237,1854,0.108348
4,237,1854,0.108181
4,237,1854,0.107568
4,237,1854,0.107809
4,237,1854,0.106549
4,237,1854,0.105132
4,237,1854,0.106492
4,238,1855,0.108776
4,238,1855,0.107405
4,238,1855,0.104228
4,238,1855,0.107508
4,238,1855,0.107795
4,238,1855,0.108183
4,238,1855,0.108404
4,239,1856,0.111628
4,239,1856,0.106647
4,239,1856,0.110105
4,239,1856,0.105504
4,239,1856,0.107809
4,239,1856,0.104902
4,239,1856,0.108661
4,240,1857,0.105162
4,240,1857,0.111488
4,240,1857,0.105698
4,240,1857,0.107228
4,240,1857,0.107166
4,240,1857,0.105831
4,240,1857,0.106437
4,241,1858,0.106384
4,241,1858,0.107347
4,241,1858,0.109580
4,241,1858,0.109127
4,241,1858,0.103903
4,241,1858,0.113434
4,241,1858,0.105809
4,242,1859,0.106790
4,242,1859,0.106877
4,242,1859,0.108612
4,242,1859,0.105477
4,242,1859,0.108139
4,242,1859,0.107649
4,242,1859,0.106270
4,243,1860,0.109919
4,243,1860,0.106556
4,243,1860,0.109950
4,243,1860,0.107285
4,243,1860,0.105216
4,243,1860,0.105955
4,243,1860,0.107815
4,244,1861,0.110008
4,244,1861,0.104858
4,244,1861,0.104836
4,244,1861,0.106886
4,244,1861,0.108827
4,244,1861,0.103866
4,244,1861,0.106055
4,245,1862,0.111004
4,245,1862,0.104567
4,245,1862,0.105998
4,245,1862,0.107080
4,245,1862,0.105830
4,245,1862,0.106540
4,245,1862,0.105796
4,246,1863,0.109231
4,246,1863,0.104601
4,246,1863,0.108495
4,246,1863,0.108258
4,246,1863,0.107731
4,246,1863,0.102427
4,246,1863,0.110519
4,247,1864,0.106618
4,247,1864,0.110982
4,247,1864,0.108991
4,247,1864,0.106929
4,247,1864,0.106464
4,247,1864,0.108604
4,247,1864,0.108797
4,248,1865,0.108024
4,248,1865,0.106190
4,248,1865,0.105029
4,248,1865,0.106101
4,248,1865,0.107433
4,248,1865,0.109076
4,248,1865,0.104809
4,249,1866,0.112304
4,249,1866,0.108049
4,249,1866,0.107978
4,249,1866,0.108137
4,249,1866,0.106371
4,249,1866,0.112397
4,249,1866,0.106978
4,250,1867,0.109200
4,250,1867,0.107491
4,250,1867,0.108378
4,250,1867,0.109450
4,250,1867,0.105626
4,250,1867,0.108207
4,250,1867,0.113954
4,251,1868,0.108478
4,251,1868,0.108466
4,251,1868,0.106885
4,251,1868,0.105541
4,251,1868,0.108085
4,251,1868,0.107750
4,251,1868,0.107681
4,252,1869,0.105098
4,252,1869,0.107550
4,252,1869,0.105016
4,252,1869,0.104973
4,252,1869,0.115405
4,252,1869,0.107780
4,252,1869,0.107113
4,253,1870,0.111028
4,253,1870,0.106701
4,253,1870,0.105729
4,253,1870,0.106762
4,253,1870,0.109209
4,253,1870,0.107301
4,253,1870,0.108133
4,254,1871,0.108638
4,254,1871,0.109095
4,254,1871,0.110951
4,254,1871,0.108322
4,254,1871,0.109053
4,254,1871,0.106696
4,254,1871,0.109150
4,255,1872,0.108055
4,255,1872,0.108080
4,255,1872,0.107459
4,255,1872,0.109318
4,255,1872,0.107374
4,255,1872,0.109564
4,255,1872,0.105293
4,256,1873,0.106863
4,256,1873,0.105757
4,256,1873,0.106674
4,256,1873,0.108124
4,256,1873,0.106242
4,256,1873,0.111586
4,256,1873,0.108565
4,257,1874,0.106090
4,257,1874,0.108901
4,257,1874,0.106094
4,257,1874,0.108875
4,257,1874,0.108546
4,257,1874,0.107452
4,257,1874,0.106265
4,258,1875,0.106831
4,258,1875,0.107162
4,258,1875,0.108444
4,258,1875,0.108769
4,258,1875,0.105715
4,258,1875,0.106843
4,258,1875,0.112563
4,259,1876,0.105436
4,259,1876,0.107484
4,259,1876,0.107393
4,259,1876,0.106652
4,259,1876,0.107085
4,259,1876,0.110060
4,259,1876,0.108751
4,260,1877,0.109336
4,260,1877,0.108100
4,260,1877,0.105662
4,260,1877,0.113129
4,260,1877,0.105732
4,260,1877,0.107176
4,260,1877,0.106689
4,261,1878,0.110387
4,261,1878,0.105352
4,261,1878,0.108749
4,261,1878,0.105320
4,261,1878,0.107083
4,261,1878,0.106124
4,261,1878,0.105272
4,262,1879,0.107382
4,262,1879,0.110683
4,262,1879,0.115591
4,262,1879,0.104572
4,262,1879,0.108240
4,262,1879,0.103287
4,262,1879,0.107410
4,263,1880,0.107387
4,263,1880,0.108818
4,263,1880,0.109500
4,263,1880,0.106217
4,263,1880,0.105763
4,263,1880,0.108780
4,263,1880,0.105480
4,264,1881,0.106378
4,264,1881,0.106253
4,264,1881,0.113898
4,264,1881,0.107603
4,264,1881,0.105168
4,264,1881,0.103526
4,264,1881,0.107506
4,265,1882,0.110862
4,265,1882,0.106024
4,265,1882,0.107110
4,265,1882,0.106286
4,265,1882,0.107020
4,265,1882,0.108548
4,265,1882,0.108448
4,266,1883,0.107497
4,266,1883,0.108313
4,266,1883,0.107717
4,266,1883,0.105777
4,266,1883,0.110032
4,266,1883,0.110232
4,266,1883,0.105353
4,267,1884,0.106054
4,267,1884,0.106370
4,267,1884,0.105896
4,267,1884,0.107203
4,267,1884,0.112834
4,267,1884,0.108484
4,267,1884,0.104125
4,268,1885,0.109339
4,268,1885,0.106790
4,268,1885,0.108520
4,268,1885,0.106996
4,268,1885,0.107279
4,268,1885,0.105378
4,268,1885,0.108149
4,269,1886,0.109287
4,269,1886,0.108943
4,269,1886,0.105258
4,269,1886,0.108812
4,269,1886,0.107859
4,269,1886,0.108300
4,269,1886,0.106733
4,270,1887,0.109847
4,270,1887,0.104823
4,270,1887,0.105717
4,270,1887,0.107239
4,270,1887,0.105408
4,270,1887,0.109549
4,270,1887,0.107097
4,271,1888,0.107384
4,271,1888,0.106492
4,271,1888,0.109923
4,271,1888,0.106431
4,271,1888,0.108270
4,271,1888,0.108592
4,271,1888,0.105882
4,272,1889,0.108986
4,272,1889,0.106874
4,272,1889,0.106838
4,272,1889,0.108555
4,272,1889,0.107269
4,272,1889,0.106641
4,272,1889,0.111519
4,273,1890,0.104777
4,273,1890,0.107766
4,273,1890,0.108105
4,273,1890,0.106662
4,273,1890,0.109956
4,273,1890,0.107995
4,273,1890,0.108372
4,274,1891,0.108665
4,274,1891,0.110667
4,274,1891,0.107286
4,274,1891,0.106025
4,274,1891,0.106984
4,274,1891,0.110539
4,274,1891,0.106414
4,275,1892,0.106181
4,275,1892,0.107672
4,275,1892,0.108830
4,275,1892,0.108651
4,275,1892,0.105836
4,275,1892,0.105582
4,275,1892,0.104842
4,276,1893,0.108161
4,276,1893,0.113598
4,276,1893,0.106667
4,276,1893,0.109044
4,276,1893,0.107659
4,276,1893,0.109183
4,276,1893,0.103159
4,277,1894,0.106265
4,277,1894,0.105724
4,277,1894,0.106640
4,277,1894,0.106251
4,277,1894,0.105661
4,277,1894,0.109217
4,277,1894,0.109234
4,278,1895,0.103944
4,278,1895,0.104865
4,278,1895,0.105917
4,278,1895,0.106506
4,278,1895,0.104673
4,278,1895,0.107179
4,278,1895,0.107734
4,279,1896,0.107982
4,279,1896,0.106314
4,279,1896,0.107468
4,279,1896,0.108275
4,279,1896,0.108628
4,279,1896,0.108074
4,279,1896,0.108515
4,280,1897,0.108854
4,280,1897,0.106759
4,280,1897,0.109993
4,280,1897,0.108153
4,280,1897,0.110007
4,280,1897,0.108159
4,280,1897,0.104892
4,281,1898,0.109228
4,281,1898,0.108976
4,281,1898,0.107581
4,281,1898,0.106676
4,281,1898,0.107079
4,281,1898,0.106826
4,281,1898,0.108353
4,282,1899,0.107020
4,282,1899,0.110033
4,282,1899,0.108779
4,282,1899,0.108239
4,282,1899,0.107599
4,282,1899,0.107693
4,282,1899,0.103763
4,283,1900,0.110167
4,283,1900,0.112544
4,283,1900,0.106978
4,283,1900,0.106547
4,283,1900,0.111312
4,283,1900,0.108524
4,283,1900,0.105176
4,284,1901,0.115041
4,284,1901,0.109208
4,284,1901,0.105781
4,284,1901,0.107163
4,284,1901,0.106660
4,284,1901,0.105888
4,284,1901,0.105988
4,285,1902,0.107182
4,285,1902,0.109095
4,285,1902,0.109034
4,285,1902,0.110514
4,285,1902,0.107468
4,285,1902,0.107930
4,285,1902,0.108208
4,286,1903,0.107170
4,286,1903,0.104520
4,286,1903,0.107655
4,286,1903,0.105462
4,286,1903,0.109257
4,286,1903,0.106856
4,286,1903,0.106541
4,287,1904,0.105595
4,287,1904,0.102320
4,287,1904,0.107902
4,287,1904,0.105811
4,287,1904,0.107055
4,287,1904,0.109012
4,287,1904,0.105902
4,288,1905,0.105821
4,288,1905,0.106446
4,288,1905,0.108970
4,288,1905,0.107462
4,288,1905,0.108852
4,288,1905,0.110528
4,288,1905,0.107882
4,289,1906,0.105100
4,289,1906,0.107643
4,289,1906,0.107078
4,289,1906,0.105584
4,289,1906,0.108669
4,289,1906,0.108094
4,289,1906,0.107419
4,290,1907,0.106375
4,290,1907,0.114090
4,290,1907,0.106314
4,290,1907,0.112149
4,290,1907,0.106109
4,290,1907,0.107837
4,290,1907,0.108798
4,291,1908,0.107359
4,291,1908,0.112081
4,291,1908,0.107505
4,291,1908,0.109403
4,291,1908,0.107775
4,291,1908,0.110933
4,291,1908,0.111280
4,292,1909,0.108700
4,292,1909,0.106928
4,292,1909,0.106190
4,292,1909,0.107333
4,292,1909,0.105713
4,292,1909,0.106620
4,292,1909,0.106973
4,293,1910,0.110408
4,293,1910,0.106983
4,293,1910,0.106794
4,293,1910,0.111096
4,293,1910,0.106562
4,293,1910,0.103828
4,293,1910,0.108093
4,294,1911,0.107008
4,294,1911,0.106237
4,294,1911,0.107675
4,294,1911,0.108800
4,294,1911,0.106413
4,294,1911,0.106839
4,294,1911,0.108196
4,295,1912,0.112411
4,295,1912,0.105867
4,295,1912,0.104305
4,295,1912,0.106689
4,295,1912,0.109289
4,295,1912,0.107579
4,295,1912,0.105245
4,296,1913,0.108215
4,296,1913,0.106323
4,296,1913,0.108557
4,296,1913,0.108340
4,296,1913,0.107724
4,296,1913,0.113639
4,296,1913,0.110806
4,297,1914,0.108637
4,297,1914,0.110893
4,297,1914,0.105379
4,297,1914,0.106707
4,297,1914,0.105467
4,297,1914,0.108146
4,297,1914,0.106618
4,298,1915,0.109139
4,298,1915,0.106591
4,298,1915,0.111615
4,298,1915,0.110028
4,298,1915,0.107780
4,298,1915,0.111185
4,298,1915,0.112786
4,299,1916,0.111026
4,299,1916,0.104330
4,299,1916,0.109453
4,299,1916,0.107870
4,299,1916,0.109212
4,299,1916,0.107399
4,299,1916,0.114180
4,300,1917,0.105687
4,300,1917,0.106707
4,300,1917,0.106048
4,300,1917,0.110068
4,300,1917,0.106727
4,300,1917,0.104963
4,300,1917,0.106361
4,301,1918,0.112507
4,301,1918,0.107149
4,301,1918,0.115132
4,301,1918,0.110007
4,301,1918,0.112075
4,301,1918,0.107707
4,301,1918,0.115725
4,302,1919,0.107937
4,302,1919,0.107343
4,302,1919,0.105474
4,302,1919,0.105624
4,302,1919,0.106549
4,302,1919,0.110129
4,302,1919,0.106309
4,303,1920,0.107628
4,303,1920,0.106202
4,303,1920,0.105611
4,303,1920,0.110605
4,303,1920,0.108973
4,303,1920,0.109166
4,303,1920,0.105166
4,304,1921,0.107649
4,304,1921,0.107288
4,304,1921,0.105729
4,304,1921,0.107601
4,304,1921,0.105656
4,304,1921,0.109539
4,304,1921,0.111056
4,305,1922,0.107473
4,305,1922,0.111396
4,305,1922,0.108788
4,305,1922,0.108204
4,305,1922,0.104355
4,305,1922,0.107741
4,305,1922,0.107603
4,306,1923,0.104470
4,306,1923,0.106806
4,306,1923,0.107899
4,306,1923,0.107033
4,306,1923,0.106960
4,306,1923,0.108891
4,306,1923,0.107199
4,307,1924,0.109496
4,307,1924,0.108902
4,307,1924,0.107752
4,307,1924,0.106533
4,307,1924,0.109036
4,307,1924,0.109782
4,307,1924,0.109147
4,308,1925,0.107408
4,308,1925,0.107496
4,308,1925,0.107893
4,308,1925,0.103739
4,308,1925,0.110823
4,308,1925,0.110566
4,308,1925,0.108400
4,309,1926,0.111326
4,309,1926,0.108502
4,309,1926,0.111758
4,309,1926,0.105957
4,309,1926,0.109856
4,309,1926,0.108643
4,309,1926,0.105946
4,310,1927,0.106118
4,310,1927,0.107984
4,310,1927,0.106413
4,310,1927,0.105897
4,310,1927,0.107887
4,310,1927,0.106787
4,310,1927,0.112186
4,311,1928,0.106955
4,311,1928,0.108089
4,311,1928,0.106652
4,311,1928,0.106001
4,311,1928,0.110632
4,311,1928,0.108928
4,311,1928,0.104827
4,312,1929,0.106792
4,312,1929,0.106789
4,312,1929,0.103780
4,312,1929,0.104178
4,312,1929,0.107025
4,312,1929,0.109611
4,312,1929,0.107332
4,313,1930,0.109924
4,313,1930,0.105155
4,313,1930,0.106660
4,313,1930,0.108580
4,313,1930,0.107320
4,313,1930,0.106615
4,313,1930,0.108072
4,314,1931,0.107269
4,314,1931,0.108182
4,314,1931,0.108362
4,314,1931,0.108789
4,314,1931,0.109883
4,314,1931,0.105914
4,314,1931,0.109192
4,315,1932,0.108844
4,315,1932,0.114338
4,315,1932,0.106278
4,315,1932,0.105531
4,315,1932,0.106731
4,315,1932,0.107309
4,315,1932,0.106826
4,316,1933,0.106720
4,316,1933,0.107784
4,316,1933,0.107598
4,316,1933,0.106743
4,316,1933,0.106144
4,316,1933,0.111841
4,316,1933,0.105180
4,317,1934,0.106854
4,317,1934,0.107169
4,317,1934,0.106978
4,317,1934,0.106621
4,317,1934,0.108158
4,317,1934,0.109007
4,317,1934,0.105793
4,318,1935,0.105901
4,318,1935,0.105512
4,318,1935,0.109308
4,318,1935,0.107326
4,318,1935,0.106392
4,318,1935,0.103814
4,318,1935,0.105789
4,319,1936,0.107041
4,319,1936,0.107217
4,319,1936,0.105938
4,319,1936,0.104502
4,319,1936,0.106757
4,319,1936,0.106888
4,319,1936,0.105204
4,320,1937,0.108135
4,320,1937,0.106870
4,320,1937,0.106460
4,320,1937,0.106520
4,320,1937,0.106010
4,320,1937,0.106719
4,320,1937,0.106578
4,321,1938,0.105887
4,321,1938,0.104086
4,321,1938,0.105407
4,321,1938,0.111141
4,321,1938,0.104760
4,321,1938,0.107066
4,321,1938,0.104070
4,322,1939,0.106343
4,322,1939,0.108655
4,322,1939,0.106797
4,322,1939,0.108145
4,322,1939,0.109055
4,322,1939,0.104611
4,322,1939,0.111616
4,323,1940,0.104817
4,323,1940,0.107721
4,323,1940,0.108864
4,323,1940,0.110837
4,323,1940,0.105770
4,323,1940,0.105921
4,323,1940,0.108309
4,324,1941,0.107817
4,324,1941,0.107356
4,324,1941,0.107769
4,324,1941,0.107503
4,324,1941,0.104879
4,324,1941,0.108903
4,324,1941,0.107429
4,325,1942,0.108868
4,325,1942,0.106414
4,325,1942,0.104128
4,325,1942,0.108165
4,325,1942,0.104843
4,325,1942,0.108986
4,325,1942,0.108352
4,326,1943,0.109229
4,326,1943,0.109461
4,326,1943,0.105665
4,326,1943,0.107801
4,326,1943,0.105446
4,326,1943,0.105290
4,326,1943,0.106001
4,327,1944,0.103407
4,327,1944,0.105228
4,327,1944,0.105764
4,327,1944,0.103735
4,327,1944,0.106149
4,327,1944,0.108048
4,327,1944,0.107180
4,328,1945,0.107070
4,328,1945,0.106971
4,328,1945,0.111618
4,328,1945,0.106197
4,328,1945,0.106353
4,328,1945,0.106051
4,328,1945,0.105123
4,329,1946,0.106182
4,329,1946,0.105546
4,329,1946,0.106686
4,329,1946,0.106673
4,329,1946,0.111250
4,329,1946,0.105606
4,329,1946,0.110299
4,330,1947,0.107488
4,330,1947,0.108564
4,330,1947,0.113084
4,330,1947,0.105749
4,330,1947,0.107683
4,330,1947,0.106396
4,330,1947,0.104330
4,331,1948,0.108724
4,331,1948,0.108705
4,331,1948,0.104285
4,331,1948,0.104807
4,331,1948,0.105297
4,331,1948,0.107026
4,331,1948,0.108371
4,332,1949,0.112271
4,332,1949,0.104506
4,332,1949,0.110797
4,332,1949,0.106007
4,332,1949,0.109444
4,332,1949,0.106422
4,332,1949,0.108536
4,333,1950,0.105561
4,333,1950,0.103445
4,333,1950,0.107929
4,333,1950,0.106963
4,333,1950,0.106792
4,333,1950,0.107411
4,333,1950,0.104152
4,334,1951,0.107108
4,334,1951,0.109178
4,334,1951,0.107714
4,334,1951,0.105502
4,334,1951,0.107862
4,334,1951,0.106034
4,334,1951,0.106301
4,335,1952,0.106601
4,335,1952,0.108523
4,335,1952,0.102790
4,335,1952,0.110147
4,335,1952,0.117320
4,335,1952,0.109421
4,335,1952,0.105437
4,336,1953,0.106701
4,336,1953,0.109355
4,336,1953,0.110223
4,336,1953,0.106658
4,336,1953,0.109238
4,336,1953,0.104968
4,336,1953,0.110169
4,337,1954,0.106280
4,337,1954,0.106125
4,337,1954,0.107470
4,337,1954,0.105860
4,337,1954,0.109985
4,337,1954,0.109314
4,337,1954,0.107668
4,338,1955,0.104566
4,338,1955,0.107887
4,338,1955,0.105892
4,338,1955,0.106748
4,338,1955,0.106000
4,338,1955,0.105563
4,338,1955,0.106020
4,339,1956,0.106387
4,339,1956,0.105613
4,339,1956,0.106763
4,339,1956,0.105503
4,339,1956,0.108349
4,339,1956,0.105824
4,339,1956,0.107213
4,340,1957,0.109122
4,340,1957,0.106178
4,340,1957,0.112364
4,340,1957,0.109731
4,340,1957,0.107430
4,340,1957,0.107639
4,340,1957,0.111592
4,341,1958,0.109756
4,341,1958,0.106896
4,341,1958,0.113184
4,341,1958,0.106913
4,341,1958,0.106289
4,341,1958,0.110318
4,341,1958,0.106303
4,342,1959,0.108450
4,342,1959,0.106851
4,342,1959,0.107670
4,342,1959,0.109016
4,342,1959,0.106618
4,342,1959,0.110659
4,342,1959,0.107088
4,343,1960,0.107640
4,343,1960,0.109249
4,343,1960,0.107507
4,343,1960,0.106269
4,343,1960,0.111536
4,343,1960,0.108110
4,343,1960,0.106761
4,344,1961,0.106085
4,344,1961,0.106410
4,344,1961,0.108082
4,344,1961,0.107728
4,344,1961,0.108158
4,344,1961,0.105290
4,344,1961,0.105820
4,345,1962,0.106453
4,345,1962,0.105767
4,345,1962,0.106990
4,345,1962,0.105703
4,345,1962,0.108818
4,345,1962,0.106432
4,345,1962,0.105600
4,346,1963,0.110262
4,346,1963,0.109110
4,346,1963,0.107534
4,346,1963,0.106034
4,346,1963,0.110769
4,346,1963,0.105613
4,346,1963,0.107053
4,347,1964,0.106092
4,347,1964,0.111224
4,347,1964,0.110193
4,347,1964,0.105871
4,347,1964,0.106519
4,347,1964,0.111213
4,347,1964,0.110000
4,348,1965,0.106653
4,348,1965,0.104830
4,348,1965,0.108038
4,348,1965,0.106594
4,348,1965,0.107368
4,348,1965,0.107345
4,348,1965,0.105343
4,349,1966,0.110555
4,349,1966,0.106023
4,349,1966,0.104878
4,349,1966,0.113448
4,349,1966,0.104548
4,349,1966,0.105425
4,349,1966,0.106399
4,350,1967,0.107105
4,350,1967,0.104185
4,350,1967,0.106907
4,350,1967,0.108965
4,350,1967,0.106743
4,350,1967,0.109431
4,350,1967,0.106229
4,351,1968,0.107287
4,351,1968,0.108113
4,351,1968,0.108123
4,351,1968,0.109321
4,351,1968,0.107353
4,351,1968,0.113406
4,351,1968,0.108527
4,352,1969,0.109708
4,352,1969,0.106197
4,352,1969,0.109046
4,352,1969,0.106811
4,352,1969,0.106876
4,352,1969,0.110092
4,352,1969,0.108629
4,353,1970,0.107528
4,353,1970,0.106949
4,353,1970,0.107820
4,353,1970,0.105920
4,353,1970,0.104856
4,353,1970,0.108822
4,353,1970,0.109180
4,354,1971,0.105841
4,354,1971,0.108490
4,354,1971,0.105731
4,354,1971,0.104916
4,354,1971,0.106384
4,354,1971,0.104749
4,354,1971,0.107801
4,355,1972,0.111623
4,355,1972,0.108061
4,355,1972,0.111235
4,355,1972,0.108051
4,355,1972,0.107447
4,355,1972,0.105919
4,355,1972,0.112899
4,356,1973,0.107497
4,356,1973,0.106254
4,356,1973,0.105685
4,356,1973,0.106874
4,356,1973,0.107377
4,356,1973,0.109219
4,356,1973,0.109695
4,357,1974,0.106587
4,357,1974,0.110888
4,357,1974,0.109320
4,357,1974,0.107838
4,357,1974,0.107975
4,357,1974,0.108402
4,357,1974,0.111624
4,358,1975,0.112746
4,358,1975,0.108630
4,358,1975,0.105751
4,358,1975,0.105709
4,358,1975,0.108115
4,358,1975,0.105538
4,358,1975,0.108473
4,359,1976,0.106627
4,359,1976,0.109401
4,359,1976,0.105734
4,359,1976,0.110488
4,359,1976,0.112561
4,359,1976,0.109858
4,359,1976,0.110178
4,360,1977,0.105461
4,360,1977,0.111342
4,360,1977,0.104213
4,360,1977,0.105390
4,360,1977,0.107559
4,360,1977,0.109938
4,360,1977,0.105580
4,361,1978,0.104649
4,361,1978,0.106246
4,361,1978,0.105730
4,361,1978,0.104724
4,361,1978,0.108054
4,361,1978,0.116365
4,361,1978,0.105911
4,362,1979,0.106359
4,362,1979,0.109033
4,362,1979,0.106222
4,362,1979,0.106837
4,362,1979,0.108682
4,362,1979,0.105473
4,362,1979,0.107866
4,363,1980,0.107403
4,363,1980,0.107771
4,363,1980,0.108014
4,363,1980,0.107439
4,363,1980,0.110592
4,363,1980,0.102551
4,363,1980,0.107724
4,364,1981,0.107633
4,364,1981,0.109887
4,364,1981,0.108977
4,364,1981,0.106405
4,364,1981,0.108058
4,364,1981,0.106739
4,364,1981,0.105358
4,365,1982,0.105996
4,365,1982,0.110354
4,365,1982,0.111461
4,365,1982,0.111096
4,365,1982,0.113709
4,365,1982,0.105998
4,365,1982,0.106641
4,366,1983,0.107188
4,366,1983,0.108971
4,366,1983,0.108090
4,366,1983,0.107889
4,366,1983,0.105280
4,366,1983,0.111609
4,366,1983,0.111310
4,367,1984,0.106066
4,367,1984,0.108774
4,367,1984,0.106773
4,367,1984,0.109565
4,367,1984,0.107770
4,367,1984,0.108614
4,367,1984,0.108742
4,368,1985,0.104437
4,368,1985,0.108651
4,368,1985,0.107684
4,368,1985,0.106161
4,368,1985,0.108593
4,368,1985,0.106545
4,368,1985,0.108767
4,369,1986,0.109043
4,369,1986,0.111820
4,369,1986,0.110820
4,369,1986,0.108821
4,369,1986,0.105613
4,369,1986,0.107549
4,369,1986,0.114272
4,370,1987,0.107911
4,370,1987,0.107356
4,370,1987,0.106667
4,370,1987,0.105940
4,370,1987,0.103963
4,370,1987,0.106408
4,370,1987,0.109983
4,371,1988,0.108386
4,371,1988,0.106826
4,371,1988,0.106465
4,371,1988,0.107389
4,371,1988,0.105067
4,371,1988,0.109314
4,371,1988,0.107018
4,372,1989,0.106299
4,372,1989,0.105309
4,372,1989,0.108710
4,372,1989,0.111369
4,372,1989,0.108548
4,372,1989,0.108201
4,372,1989,0.107155
4,373,1990,0.106974
4,373,1990,0.107679
4,373,1990,0.105623
4,373,1990,0.107399
4,373,1990,0.108131
4,373,1990,0.106098
4,373,1990,0.106104
4,374,1991,0.105357
4,374,1991,0.110434
4,374,1991,0.108842
4,374,1991,0.107263
4,374,1991,0.106518
4,374,1991,0.104529
4,374,1991,0.108620
4,375,1992,0.108809
4,375,1992,0.108086
4,375,1992,0.106908
4,375,1992,0.106028
4,375,1992,0.106946
4,375,1992,0.106964
4,375,1992,0.105383
4,376,1993,0.106877
4,376,1993,0.104797
4,376,1993,0.104681
4,376,1993,0.107678
4,376,1993,0.105324
4,376,1993,0.107351
4,376,1993,0.108804
4,377,1994,0.109492
4,377,1994,0.106965
4,377,1994,0.106823
4,377,1994,0.109591
4,377,1994,0.107634
4,377,1994,0.104954
4,377,1994,0.109872
4,378,1995,0.105455
4,378,1995,0.107277
4,378,1995,0.111424
4,378,1995,0.108208
4,378,1995,0.110934
4,378,1995,0.106303
4,378,1995,0.105380
4,379,1996,0.106434
4,379,1996,0.111363
4,379,1996,0.106702
4,379,1996,0.105061
4,379,1996,0.105745
4,379,1996,0.109479
4,379,1996,0.110858
4,380,1997,0.108616
4,380,1997,0.108094
4,380,1997,0.106205
4,380,1997,0.105463
4,380,1997,0.107931
4,380,1997,0.106787
4,380,1997,0.113136
4,381,1998,0.107937
4,381,1998,0.106391
4,381,1998,0.108685
4,381,1998,0.110510
4,381,1998,0.107550
4,381,1998,0.109281
4,381,1998,0.108917
4,382,1999,0.108367
4,382,1999,0.107644
4,382,1999,0.110763
4,382,1999,0.108093
4,382,1999,0.107994
4,382,1999,0.107477
4,382,1999,0.108754
4,383,2000,0.106723
4,383,2000,0.106193
4,383,2000,0.106468
4,383,2000,0.104085
4,383,2000,0.104732
4,383,2000,0.107733
4,383,2000,0.106403
4,384,2001,0.110273
4,384,2001,0.107006
4,384,2001,0.106223
4,384,2001,0.106461
4,384,2001,0.105557
4,384,2001,0.108195
4,384,2001,0.107431
4,385,2002,0.108732
4,385,2002,0.108287
4,385,2002,0.106983
4,385,2002,0.106650
4,385,2002,0.106494
4,385,2002,0.106349
4,385,2002,0.111551
4,386,2003,0.105826
4,386,2003,0.107676
4,386,2003,0.109802
4,386,2003,0.107342
4,386,2003,0.105612
4,386,2003,0.107456
4,386,2003,0.106218
4,387,2004,0.105342
4,387,2004,0.108910
4,387,2004,0.108332
4,387,2004,0.104789
4,387,2004,0.108745
4,387,2004,0.104650
4,387,2004,0.109044
4,388,2005,0.108555
4,388,2005,0.108314
4,388,2005,0.106581
4,388,2005,0.106912
4,388,2005,0.107273
4,388,2005,0.110777
4,388,2005,0.107091
4,389,2006,0.107025
4,389,2006,0.105647
4,389,2006,0.109340
4,389,2006,0.110310
4,389,2006,0.108633
4,389,2006,0.107362
4,389,2006,0.105122
4,390,2007,0.105956
4,390,2007,0.109408
4,390,2007,0.109703
4,390,2007,0.105494
4,390,2007,0.110142
4,390,2007,0.105883
4,390,2007,0.105622
4,391,2008,0.107920
4,391,2008,0.105008
4,391,2008,0.104218
4,391,2008,0.106659
4,391,2008,0.108388
4,391,2008,0.107063
4,391,2008,0.107357
4,392,2009,0.108358
4,392,2009,0.106541
4,392,2009,0.106143
4,392,2009,0.108937
4,392,2009,0.105298
4,392,2009,0.107103
4,392,2009,0.109068
4,393,2010,0.109891
4,393,2010,0.106646
4,393,2010,0.109707
4,393,2010,0.113626
4,393,2010,0.103829
4,393,2010,0.108265
4,393,2010,0.107127
4,394,2011,0.106344
4,394,2011,0.107981
4,394,2011,0.106507
4,394,2011,0.112858
4,394,2011,0.107377
4,394,2011,0.105659
4,394,2011,0.105630
4,395,2012,0.111436
4,395,2012,0.106417
4,395,2012,0.108450
4,395,2012,0.107848
4,395,2012,0.106175
4,395,2012,0.110289
4,395,2012,0.108965
4,396,2013,0.107067
4,396,2013,0.108111
4,396,2013,0.111676
4,396,2013,0.105187
4,396,2013,0.106870
4,396,2013,0.106361
4,396,2013,0.108752
4,397,2014,0.105908
4,397,2014,0.102667
4,397,2014,0.109464
4,397,2014,0.105232
4,397,2014,0.106841
4,397,2014,0.107699
4,397,2014,0.107074
4,398,2015,0.106500
4,398,2015,0.103557
4,398,2015,0.108144
4,398,2015,0.108224
4,398,2015,0.105813
4,398,2015,0.104239
4,398,2015,0.107244
4,399,2016,0.107753
4,399,2016,0.105410
4,399,2016,0.107879
4,399,2016,0.103327
4,399,2016,0.105615
4,399,2016,0.107243
4,399,2016,0.106962
4,400,2017,0.108729
4,400,2017,0.103288
4,400,2017,0.106063
4,400,2017,0.108191
4,400,2017,0.104960
4,400,2017,0.108652
4,400,2017,0.108362
4,401,2018,0.105944
4,401,2018,0.113164
4,401,2018,0.109392
4,401,2018,0.104929
4,401,2018,0.106233
4,401,2018,0.107884
4,401,2018,0.105960
4,402,2019,0.107937
4,402,2019,0.105294
4,402,2019,0.106181
4,402,2019,0.106264
4,402,2019,0.109299
4,402,2019,0.105684
4,402,2019,0.108264
4,403,2020,0.106763
4,403,2020,0.110756
4,403,2020,0.105911
4,403,2020,0.108459
4,403,2020,0.107945
4,403,2020,0.105776
4,403,2020,0.107099
4,404,2021,0.105987
4,404,2021,0.105372
4,404,2021,0.104702
4,404,2021,0.107216
4,404,2021,0.106057
4,404,2021,0.107616
4,404,2021,0.106658
4,405,2022,0.107222
4,405,2022,0.109638
4,405,2022,0.111873
4,405,2022,0.106316
4,405,2022,0.110226
4,405,2022,0.109283
4,405,2022,0.106239
4,406,2023,0.110892
4,406,2023,0.110792
4,406,2023,0.106762
4,406,2023,0.111812
4,406,2023,0.106561
4,406,2023,0.106529
4,406,2023,0.106927
4,407,2024,0.106770
4,407,2024,0.108291
4,407,2024,0.105152
4,407,2024,0.104941
4,407,2024,0.107591
4,407,2024,0.107026
4,407,2024,0.104235
4,408,2025,0.112125
4,408,2025,0.105330
4,408,2025,0.105340
4,408,2025,0.111095
4,408,2025,0.107511
4,408,2025,0.107962
4,408,2025,0.107875
4,409,2026,0.107228
4,409,2026,0.105916
4,409,2026,0.112957
4,409,2026,0.107343
4,409,2026,0.106715
4,409,2026,0.110317
4,409,2026,0.106489
4,410,2027,0.110330
4,410,2027,0.108448
4,410,2027,0.110343
4,410,2027,0.108517
4,410,2027,0.110113
4,410,2027,0.108167
4,410,2027,0.108691
4,411,2028,0.103799
4,411,2028,0.106612
4,411,2028,0.108003
4,411,2028,0.109729
4,411,2028,0.107950
4,411,2028,0.108403
4,411,2028,0.106786
4,412,2029,0.105351
4,412,2029,0.109478
4,412,2029,0.104632
4,412,2029,0.107694
4,412,2029,0.109076
4,412,2029,0.109409
4,412,2029,0.105886
4,413,2030,0.111461
4,413,2030,0.105820
4,413,2030,0.103880
4,413,2030,0.105711
4,413,2030,0.108036
4,413,2030,0.105734
4,413,2030,0.109371
4,414,2031,0.109581
4,414,2031,0.107104
4,414,2031,0.109851
4,414,2031,0.108250
4,414,2031,0.111054
4,414,2031,0.106348
4,414,2031,0.104893
4,415,2032,0.109249
4,415,2032,0.108245
4,415,2032,0.105796
4,415,2032,0.104061
4,415,2032,0.106354
4,415,2032,0.115889
4,415,2032,0.107791
4,416,2033,0.106655
4,416,2033,0.107765
4,416,2033,0.106037
4,416,2033,0.108770
4,416,2033,0.110022
4,416,2033,0.106511
4,416,2033,0.108110
4,417,2034,0.104844
4,417,2034,0.107711
4,417,2034,0.108857
4,417,2034,0.108695
4,417,2034,0.107045
4,417,2034,0.107743
4,417,2034,0.108986
4,418,2035,0.105208
4,418,2035,0.111153
4,418,2035,0.107429
4,418,2035,0.107369
4,418,2035,0.106750
4,418,2035,0.104265
4,418,2035,0.106632
4,419,2036,0.107525
4,419,2036,0.106933
4,419,2036,0.108174
4,419,2036,0.105483
4,419,2036,0.108497
4,419,2036,0.115078
4,419,2036,0.107531
4,420,2037,0.114647
4,420,2037,0.105786
4,420,2037,0.109343
4,420,2037,0.109028
4,420,2037,0.115745
4,420,2037,0.106223
4,420,2037,0.109190
4,421,2038,0.106574
4,421,2038,0.106856
4,421,2038,0.105495
4,421,2038,0.109051
4,421,2038,0.109611
4,421,2038,0.106861
4,421,2038,0.104644
4,422,2039,0.107782
4,422,2039,0.107619
4,422,2039,0.106832
4,422,2039,0.107268
4,422,2039,0.108012
4,422,2039,0.104957
4,422,2039,0.106829
4,423,2040,0.108031
4,423,2040,0.109576
4,423,2040,0.105935
4,423,2040,0.106590
4,423,2040,0.114288
4,423,2040,0.107808
4,423,2040,0.109318
4,424,2041,0.106791
4,424,2041,0.110017
4,424,2041,0.106601
4,424,2041,0.105040
4,424,2041,0.107295
4,424,2041,0.108179
4,424,2041,0.104997
4,425,2042,0.104547
4,425,2042,0.106626
4,425,2042,0.104863
4,425,2042,0.110919
4,425,2042,0.105602
4,425,2042,0.104932
4,425,2042,0.107154
4,426,2043,0.111667
4,426,2043,0.106709
4,426,2043,0.107729
4,426,2043,0.108642
4,426,2043,0.108067
4,426,2043,0.105683
4,426,2043,0.103896
4,427,2044,0.106110
4,427,2044,0.110986
4,427,2044,0.110422
4,427,2044,0.106202
4,427,2044,0.105019
4,427,2044,0.107989
4,427,2044,0.108847
4,428,2045,0.106252
4,428,2045,0.110008
4,428,2045,0.107880
4,428,2045,0.109591
4,428,2045,0.113353
4,428,2045,0.105728
4,428,2045,0.109615
4,429,2046,0.104699
4,429,2046,0.109739
4,429,2046,0.113509
4,429,2046,0.105953
4,429,2046,0.106517
4,429,2046,0.108118
4,429,2046,0.105710
4,430,2047,0.108209
4,430,2047,0.105088
4,430,2047,0.106321
4,430,2047,0.105848
4,430,2047,0.109042
4,430,2047,0.104942
4,430,2047,0.106767
4,431,2048,0.108413
4,431,2048,0.107857
4,431,2048,0.105398
4,431,2048,0.105102
4,431,2048,0.105503
4,431,2048,0.108523
4,431,2048,0.107518
4,432,2049,0.109702
4,432,2049,0.109594
4,432,2049,0.106383
4,432,2049,0.109731
4,432,2049,0.106770
4,432,2049,0.105725
4,432,2049,0.108645
4,433,2050,0.110563
4,433,2050,0.106657
4,433,2050,0.112314
4,433,2050,0.106447
4,433,2050,0.106336
4,433,2050,0.107449
4,433,2050,0.105127
4,434,2051,0.107004
4,434,2051,0.108236
4,434,2051,0.106020
4,434,2051,0.105175
4,434,2051,0.108368
4,434,2051,0.111023
4,434,2051,0.105340
4,435,2052,0.105057
4,435,2052,0.106162
4,435,2052,0.107273
4,435,2052,0.107179
4,435,2052,0.111037
4,435,2052,0.106310
4,435,2052,0.105679
4,436,2053,0.106440
4,436,2053,0.108109
4,436,2053,0.106829
4,436,2053,0.106691
4,436,2053,0.108284
4,436,2053,0.106712
4,436,2053,0.103953
4,437,2054,0.108405
4,437,2054,0.108908
4,437,2054,0.108650
4,437,2054,0.108130
4,437,2054,0.107467
4,437,2054,0.109377
4,437,2054,0.107853
4,438,2055,0.107938
4,438,2055,0.107361
4,438,2055,0.106977
4,438,2055,0.105304
4,438,2055,0.105734
4,438,2055,0.106436
4,438,2055,0.108262
4,439,2056,0.107938
4,439,2056,0.111386
4,439,2056,0.105527
4,439,2056,0.105707
4,439,2056,0.107413
4,439,2056,0.106903
4,439,2056,0.111064
4,440,2057,0.105122
4,440,2057,0.105465
4,440,2057,0.106006
4,440,2057,0.102876
4,440,2057,0.109366
4,440,2057,0.105707
4,440,2057,0.109407
4,441,2058,0.107813
4,441,2058,0.110055
4,441,2058,0.112599
4,441,2058,0.105885
4,441,2058,0.114527
4,441,2058,0.106535
4,441,2058,0.108460
4,442,2059,0.105799
4,442,2059,0.107519
4,442,2059,0.105143
4,442,2059,0.110900
4,442,2059,0.107989
4,442,2059,0.108966
4,442,2059,0.105729
4,443,2060,0.105176
4,443,2060,0.104187
4,443,2060,0.106368
4,443,2060,0.104549
4,443,2060,0.112315
4,443,2060,0.112250
4,443,2060,0.110739
4,444,2061,0.110291
4,444,2061,0.110185
4,444,2061,0.107173
4,444,2061,0.104347
4,444,2061,0.108198
4,444,2061,0.106794
4,444,2061,0.109509
4,445,2062,0.112269
4,445,2062,0.105477
4,445,2062,0.106836
4,445,2062,0.108209
4,445,2062,0.105826
4,445,2062,0.114807
4,445,2062,0.106101
4,446,2063,0.108076
4,446,2063,0.107870
4,446,2063,0.106758
4,446,2063,0.115020
4,446,2063,0.113533
4,446,2063,0.104762
4,446,2063,0.108918
4,447,2064,0.106835
4,447,2064,0.106239
4,447,2064,0.112889
4,447,2064,0.105221
4,447,2064,0.106172
4,447,2064,0.107094
4,447,2064,0.105229
4,448,2065,0.108212
4,448,2065,0.106942
4,448,2065,0.107958
4,448,2065,0.107795
4,448,2065,0.108265
4,448,2065,0.104944
4,448,2065,0.109099
4,449,2066,0.110120
4,449,2066,0.106894
4,449,2066,0.105558
4,449,2066,0.113383
4,449,2066,0.111458
4,449,2066,0.104478
4,449,2066,0.105578
4,450,2067,0.107518
4,450,2067,0.108664
4,450,2067,0.107498
4,450,2067,0.106498
4,450,2067,0.106264
4,450,2067,0.107999
4,450,2067,0.107659
4,451,2068,0.109189
4,451,2068,0.108865
4,451,2068,0.104550
4,451,2068,0.107909
4,451,2068,0.103625
4,451,2068,0.106482
4,451,2068,0.103787
4,452,2069,0.106334
4,452,2069,0.108406
4,452,2069,0.108311
4,452,2069,0.106930
4,452,2069,0.108821
4,452,2069,0.109464
4,452,2069,0.112992
4,453,2070,0.106043
4,453,2070,0.105172
4,453,2070,0.105977
4,453,2070,0.105862
4,453,2070,0.108146
4,453,2070,0.108139
4,453,2070,0.105340
4,454,2071,0.109082
4,454,2071,0.107384
4,454,2071,0.106627
4,454,2071,0.107538
4,454,2071,0.104815
4,454,2071,0.108378
4,454,2071,0.109258
4,455,2072,0.108001
4,455,2072,0.111917
4,455,2072,0.108943
4,455,2072,0.106074
4,455,2072,0.107156
4,455,2072,0.106546
4,455,2072,0.110028
4,456,2073,0.107860
4,456,2073,0.109413
4,456,2073,0.107454
4,456,2073,0.109093
4,456,2073,0.109652
4,456,2073,0.109773
4,456,2073,0.105292
4,457,2074,0.106644
4,457,2074,0.107555
4,457,2074,0.109000
4,457,2074,0.105097
4,457,2074,0.105762
4,457,2074,0.105826
4,457,2074,0.104770
4,458,2075,0.108489
4,458,2075,0.104992
4,458,2075,0.107443
4,458,2075,0.106968
4,458,2075,0.105156
4,458,2075,0.107179
4,458,2075,0.109424
4,459,2076,0.106637
4,459,2076,0.110647
4,459,2076,0.107104
4,459,2076,0.107163
4,459,2076,0.105751
4,459,2076,0.105645
4,459,2076,0.108398
4,460,2077,0.106563
4,460,2077,0.108022
4,460,2077,0.109566
4,460,2077,0.105104
4,460,2077,0.106602
4,460,2077,0.105676
4,460,2077,0.108733
4,461,2078,0.107472
4,461,2078,0.107892
4,461,2078,0.107619
4,461,2078,0.106744
4,461,2078,0.105126
4,461,2078,0.107324
4,461,2078,0.106571
4,462,2079,0.106866
4,462,2079,0.106397
4,462,2079,0.111671
4,462,2079,0.106131
4,462,2079,0.105527
4,462,2079,0.110235
4,462,2079,0.106198
4,463,2080,0.107545
4,463,2080,0.107209
4,463,2080,0.106794
4,463,2080,0.106055
4,463,2080,0.105321
4,463,2080,0.105446
4,463,2080,0.106694
4,464,2081,0.106684
4,464,2081,0.106619
4,464,2081,0.107284
4,464,2081,0.105653
4,464,2081,0.111775
4,464,2081,0.107977
4,464,2081,0.106113
4,465,2082,0.108066
4,465,2082,0.105777
4,465,2082,0.108289
4,465,2082,0.106728
4,465,2082,0.106456
4,465,2082,0.110912
4,465,2082,0.105279
4,466,2083,0.107012
4,466,2083,0.108717
4,466,2083,0.105982
4,466,2083,0.108077
4,466,2083,0.105813
4,466,2083,0.106243
4,466,2083,0.106477
4,467,2084,0.109240
4,467,2084,0.106548
4,467,2084,0.106087
4,467,2084,0.107175
4,467,2084,0.108064
4,467,2084,0.106984
4,467,2084,0.105850
4,468,2085,0.105713
4,468,2085,0.108079
4,468,2085,0.115195
4,468,2085,0.106446
4,468,2085,0.107983
4,468,2085,0.103306
4,468,2085,0.107498
4,469,2086,0.107459
4,469,2086,0.104595
4,469,2086,0.106160
4,469,2086,0.107746
4,469,2086,0.105361
4,469,2086,0.106023
4,469,2086,0.107879
4,470,2087,0.109197
4,470,2087,0.111021
4,470,2087,0.104162
4,470,2087,0.105067
4,470,2087,0.105781
4,470,2087,0.107415
4,470,2087,0.107856
4,471,2088,0.106585
4,471,2088,0.105114
4,471,2088,0.108011
4,471,2088,0.109571
4,471,2088,0.108185
4,471,2088,0.108435
4,471,2088,0.108072
4,472,2089,0.112038
4,472,2089,0.108344
4,472,2089,0.105784
4,472,2089,0.107421
4,472,2089,0.108665
4,472,2089,0.104296
4,472,2089,0.108935
4,473,2090,0.106123
4,473,2090,0.108278
4,473,2090,0.106626
4,473,2090,0.109214
4,473,2090,0.107415
4,473,2090,0.107333
4,473,2090,0.104206
4,474,2091,0.105134
4,474,2091,0.105692
4,474,2091,0.108703
4,474,2091,0.105240
4,474,2091,0.108714
4,474,2091,0.107955
4,474,2091,0.106427
4,475,2092,0.107190
4,475,2092,0.108077
4,475,2092,0.105774
4,475,2092,0.106378
4,475,2092,0.106453
4,475,2092,0.108544
4,475,2092,0.104014
4,476,2093,0.103584
4,476,2093,0.110531
4,476,2093,0.107816
4,476,2093,0.106520
4,476,2093,0.108493
4,476,2093,0.108642
4,476,2093,0.108097
4,477,2094,0.107414
4,477,2094,0.107381
4,477,2094,0.108749
4,477,2094,0.107133
4,477,2094,0.107670
4,477,2094,0.112827
4,477,2094,0.107032
4,478,2095,0.108315
4,478,2095,0.107451
4,478,2095,0.108083
4,478,2095,0.103589
4,478,2095,0.106094
4,478,2095,0.109852
4,478,2095,0.106822
4,479,2096,0.106824
4,479,2096,0.107275
4,479,2096,0.106813
4,479,2096,0.109054
4,479,2096,0.109697
4,479,2096,0.109177
4,479,2096,0.109018
4,480,2097,0.112346
4,480,2097,0.112010
4,480,2097,0.109137
4,480,2097,0.104446
4,480,2097,0.106820
4,480,2097,0.111239
4,480,2097,0.107103
4,481,2098,0.105836
4,481,2098,0.106975
4,481,2098,0.107486
4,481,2098,0.105242
4,481,2098,0.107731
4,481,2098,0.104302
4,481,2098,0.105679
4,482,2099,0.108180
4,482,2099,0.106276
4,482,2099,0.107868
4,482,2099,0.108427
4,482,2099,0.105885
4,482,2099,0.109863
4,482,2099,0.108961
4,483,2100,0.111619
4,483,2100,0.105502
4,483,2100,0.109119
4,483,2100,0.105218
4,483,2100,0.107151
4,483,2100,0.106387
4,483,2100,0.107411
4,484,2101,0.104021
4,484,2101,0.106523
4,484,2101,0.108047
4,484,2101,0.106503
4,484,2101,0.105561
4,484,2101,0.106052
4,484,2101,0.106059
4,485,2102,0.107952
4,485,2102,0.109567
4,485,2102,0.106597
4,485,2102,0.106853
4,485,2102,0.105333
4,485,2102,0.107559
4,485,2102,0.106672
4,486,2103,0.107377
4,486,2103,0.109364
4,486,2103,0.107676
4,486,2103,0.108670
4,486,2103,0.106021
4,486,2103,0.107114
4,486,2103,0.107948
4,487,2104,0.109757
4,487,2104,0.106595
4,487,2104,0.107832
4,487,2104,0.105479
4,487,2104,0.106454
4,487,2104,0.106174
4,487,2104,0.105046
4,488,2105,0.108266
4,488,2105,0.107795
4,488,2105,0.105298
4,488,2105,0.105358
4,488,2105,0.107302
4,488,2105,0.107399
4,488,2105,0.105981
4,489,2106,0.104118
4,489,2106,0.104182
4,489,2106,0.105334
4,489,2106,0.107095
4,489,2106,0.107745
4,489,2106,0.104047
4,489,2106,0.106410
4,490,2107,0.108004
4,490,2107,0.110150
4,490,2107,0.105024
4,490,2107,0.105451
4,490,2107,0.108690
4,490,2107,0.104998
4,490,2107,0.105105
4,491,2108,0.106644
4,491,2108,0.110966
4,491,2108,0.107582
4,491,2108,0.108370
4,491,2108,0.104050
4,491,2108,0.108215
4,491,2108,0.106368
4,492,2109,0.106292
4,492,2109,0.107515
4,492,2109,0.106522
4,492,2109,0.110560
4,492,2109,0.106352
4,492,2109,0.106453
4,492,2109,0.105334
4,493,2110,0.105951
4,493,2110,0.107593
4,493,2110,0.104660
4,493,2110,0.107926
4,493,2110,0.106317
4,493,2110,0.104961
4,493,2110,0.105058
4,494,2111,0.107207
4,494,2111,0.106880
4,494,2111,0.105004
4,494,2111,0.111047
4,494,2111,0.106295
4,494,2111,0.107288
4,494,2111,0.106554
4,495,2112,0.103425
4,495,2112,0.107331
4,495,2112,0.108811
4,495,2112,0.109809
4,495,2112,0.107063
4,495,2112,0.105797
4,495,2112,0.109670
4,496,2113,0.113678
4,496,2113,0.105643
4,496,2113,0.109324
4,496,2113,0.108002
4,496,2113,0.107178
4,496,2113,0.108127
4,496,2113,0.109860
4,497,2114,0.105327
4,497,2114,0.105996
4,497,2114,0.104711
4,497,2114,0.108012
4,497,2114,0.106714
4,497,2114,0.109289
4,497,2114,0.112319
4,498,2115,0.112351
4,498,2115,0.107329
4,498,2115,0.107245
4,498,2115,0.105166
4,498,2115,0.110527
4,498,2115,0.107420
4,498,2115,0.105134
4,499,2116,0.107495
4,499,2116,0.103886
4,499,2116,0.107150
4,499,2116,0.106737
4,499,2116,0.107039
4,499,2116,0.106880
4,499,2116,0.108775
4,500,2117,0.107011
4,500,2117,0.108709
4,500,2117,0.107903
4,500,2117,0.105692
4,500,2117,0.107086
4,500,2117,0.106029
4,500,2117,0.103441
4,501,2118,0.106533
4,501,2118,0.105406
4,501,2118,0.105900
4,501,2118,0.106335
4,501,2118,0.104437
4,501,2118,0.109162
4,501,2118,0.103632
4,502,2119,0.106162
4,502,2119,0.107402
4,502,2119,0.105978
4,502,2119,0.109384
4,502,2119,0.110224
4,502,2119,0.110502
4,502,2119,0.109661
4,503,2120,0.107235
4,503,2120,0.107111
4,503,2120,0.108228
4,503,2120,0.104601
4,503,2120,0.108498
4,503,2120,0.103676
4,503,2120,0.105386
4,504,2121,0.103275
4,504,2121,0.107287
4,504,2121,0.113530
4,504,2121,0.108574
4,504,2121,0.106452
4,504,2121,0.106241
4,504,2121,0.109406
4,505,2122,0.108207
4,505,2122,0.106172
4,505,2122,0.108204
4,505,2122,0.107524
4,505,2122,0.106265
4,505,2122,0.105288
4,505,2122,0.107596
4,506,2123,0.111335
4,506,2123,0.106812
4,506,2123,0.108099
4,506,2123,0.103390
4,506,2123,0.107277
4,506,2123,0.105406
4,506,2123,0.106204
4,507,2124,0.107851
4,507,2124,0.108501
4,507,2124,0.107096
4,507,2124,0.106066
4,507,2124,0.107010
4,507,2124,0.106686
4,507,2124,0.113048
4,508,2125,0.111511
4,508,2125,0.109619
4,508,2125,0.105717
4,508,2125,0.105839
4,508,2125,0.108533
4,508,2125,0.108240
4,508,2125,0.108189
4,509,2126,0.107360
4,509,2126,0.108408
4,509,2126,0.105238
4,509,2126,0.107611
4,509,2126,0.106316
4,509,2126,0.111988
4,509,2126,0.106754
4,510,2127,0.105688
4,510,2127,0.104977
4,510,2127,0.105860
4,510,2127,0.105939
4,510,2127,0.110015
4,510,2127,0.104879
4,510,2127,0.110523
4,511,2128,0.107143
4,511,2128,0.107864
4,511,2128,0.104667
4,511,2128,0.106265
4,511,2128,0.105565
4,511,2128,0.107552
4,511,2128,0.109333
4,512,2129,0.107846
4,512,2129,0.106192
4,512,2129,0.106400
4,512,2129,0.107973
4,512,2129,0.105682
4,512,2129,0.107023
4,512,2129,0.105671
4,513,2130,0.105997
4,513,2130,0.108471
4,513,2130,0.108408
4,513,2130,0.107366
4,513,2130,0.107058
4,513,2130,0.104536
4,513,2130,0.107726
4,514,2131,0.106192
4,514,2131,0.104260
4,514,2131,0.112565
4,514,2131,0.109163
4,514,2131,0.108222
4,514,2131,0.105816
4,514,2131,0.107423
4,515,2132,0.107459
4,515,2132,0.110329
4,515,2132,0.106608
4,515,2132,0.107098
4,515,2132,0.107569
4,515,2132,0.112516
4,515,2132,0.109442
4,516,2133,0.107661
4,516,2133,0.108656
4,516,2133,0.108753
4,516,2133,0.107832
4,516,2133,0.108836
4,516,2133,0.107707
4,516,2133,0.106876
4,517,2134,0.105584
4,517,2134,0.107758
4,517,2134,0.105956
4,517,2134,0.103723
4,517,2134,0.106591
4,517,2134,0.105144
4,517,2134,0.107605
4,518,2135,0.102896
4,518,2135,0.109653
4,518,2135,0.107497
4,518,2135,0.110986
4,518,2135,0.107350
4,518,2135,0.105495
4,518,2135,0.108250
4,519,2136,0.105885
4,519,2136,0.105599
4,519,2136,0.105809
4,519,2136,0.107495
4,519,2136,0.106261
4,519,2136,0.108224
4,519,2136,0.110667
4,520,2137,0.103338
4,520,2137,0.107633
4,520,2137,0.102439
4,520,2137,0.108935
4,520,2137,0.105954
4,520,2137,0.108907
4,520,2137,0.109117
4,521,2138,0.107971
4,521,2138,0.107739
4,521,2138,0.109007
4,521,2138,0.107372
4,521,2138,0.109326
4,521,2138,0.109116
4,521,2138,0.107508
4,522,2139,0.105894
4,522,2139,0.109560
4,522,2139,0.110400
4,522,2139,0.104846
4,522,2139,0.106323
4,522,2139,0.105197
4,522,2139,0.105894
4,523,2140,0.105620
4,523,2140,0.108891
4,523,2140,0.107079
4,523,2140,0.104601
4,523,2140,0.109048
4,523,2140,0.107102
4,523,2140,0.106434
4,524,2141,0.108853
4,524,2141,0.110035
4,524,2141,0.104886
4,524,2141,0.110145
4,524,2141,0.106524
4,524,2141,0.106684
4,524,2141,0.107353
4,525,2142,0.106397
4,525,2142,0.106416
4,525,2142,0.104586
4,525,2142,0.112255
4,525,2142,0.104291
4,525,2142,0.109596
4,525,2142,0.103190
4,526,2143,0.107596
4,526,2143,0.107781
4,526,2143,0.108534
4,526,2143,0.106006
4,526,2143,0.106246
4,526,2143,0.106614
4,526,2143,0.108494
4,527,2144,0.106832
4,527,2144,0.103861
4,527,2144,0.106921
4,527,2144,0.108085
4,527,2144,0.106225
4,527,2144,0.105773
4,527,2144,0.109176
4,528,2145,0.107703
4,528,2145,0.106318
4,528,2145,0.109013
4,528,2145,0.107630
4,528,2145,0.107709
4,528,2145,0.108972
4,528,2145,0.106823
4,529,2146,0.107239
4,529,2146,0.105668
4,529,2146,0.105336
4,529,2146,0.108091
4,529,2146,0.107138
4,529,2146,0.109679
4,529,2146,0.105876
4,530,2147,0.107099
4,530,2147,0.110198
4,530,2147,0.107885
4,530,2147,0.108545
4,530,2147,0.109599
4,530,2147,0.105473
4,530,2147,0.105798
4,531,2148,0.107347
4,531,2148,0.109323
4,531,2148,0.107256
4,531,2148,0.112593
4,531,2148,0.108520
4,531,2148,0.107370
4,531,2148,0.113283
4,532,2149,0.103966
4,532,2149,0.109499
4,532,2149,0.107421
4,532,2149,0.106655
4,532,2149,0.104922
4,532,2149,0.106739
4,532,2149,0.105345
4,533,2150,0.108525
4,533,2150,0.104787
4,533,2150,0.107200
4,533,2150,0.109372
4,533,2150,0.105077
4,533,2150,0.112587
4,533,2150,0.107129
4,534,2151,0.104929
4,534,2151,0.105982
4,534,2151,0.103978
4,534,2151,0.108369
4,534,2151,0.107453
4,534,2151,0.107363
4,534,2151,0.110915
4,535,2152,0.106480
4,535,2152,0.106522
4,535,2152,0.106233
4,535,2152,0.106488
4,535,2152,0.107377
4,535,2152,0.105175
4,535,2152,0.108911
4,536,2153,0.107957
4,536,2153,0.107876
4,536,2153,0.110726
4,536,2153,0.108824
4,536,2153,0.107149
4,536,2153,0.106240
4,536,2153,0.112191
4,537,2154,0.109235
4,537,2154,0.108119
4,537,2154,0.104702
4,537,2154,0.105466
4,537,2154,0.107603
4,537,2154,0.103995
4,537,2154,0.108428
4,538,2155,0.104680
4,538,2155,0.105982
4,538,2155,0.106224
4,538,2155,0.105128
4,538,2155,0.107695
4,538,2155,0.105832
4,538,2155,0.106895
4,539,2156,0.106501
4,539,2156,0.102614
4,539,2156,0.105139
4,539,2156,0.105942
4,539,2156,0.109460
4,539,2156,0.112669
4,539,2156,0.112458
5,1,2157,0.109652
5,1,2157,0.106984
5,1,2157,0.111320
5,1,2157,0.106927
5,1,2157,0.107979
5,1,2157,0.104760
5,1,2157,0.109067
5,2,2158,0.106935
5,2,2158,0.107784
5,2,2158,0.107357
5,2,2158,0.106891
5,2,2158,0.108454
5,2,2158,0.108096
5,2,2158,0.111810
5,3,2159,0.107294
5,3,2159,0.105405
5,3,2159,0.107756
5,3,2159,0.104906
5,3,2159,0.105509
5,3,2159,0.104749
5,3,2159,0.106988
5,4,2160,0.106739
5,4,2160,0.107133
5,4,2160,0.111792
5,4,2160,0.104548
5,4,2160,0.105944
5,4,2160,0.109216
5,4,2160,0.105996
5,5,2161,0.107743
5,5,2161,0.110597
5,5,2161,0.107461
5,5,2161,0.106564
5,5,2161,0.107557
5,5,2161,0.107516
5,5,2161,0.106281
5,6,2162,0.108879
5,6,2162,0.105249
5,6,2162,0.107359
5,6,2162,0.106360
5,6,2162,0.107958
5,6,2162,0.108397
5,6,2162,0.110177
5,7,2163,0.103606
5,7,2163,0.108212
5,7,2163,0.105095
5,7,2163,0.107166
5,7,2163,0.106387
5,7,2163,0.107035
5,7,2163,0.112303
5,8,2164,0.106221
5,8,2164,0.104740
5,8,2164,0.105932
5,8,2164,0.111704
5,8,2164,0.109106
5,8,2164,0.107531
5,8,2164,0.106090
5,9,2165,0.109168
5,9,2165,0.107022
5,9,2165,0.106022
5,9,2165,0.108819
5,9,2165,0.107243
5,9,2165,0.108409
5,9,2165,0.104461
5,10,2166,0.105466
5,10,2166,0.107113
5,10,2166,0.107972
5,10,2166,0.106075
5,10,2166,0.109508
5,10,2166,0.107793
5,10,2166,0.105319
5,11,2167,0.104803
5,11,2167,0.109572
5,11,2167,0.106614
5,11,2167,0.105857
5,11,2167,0.106673
5,11,2167,0.106064
5,11,2167,0.107254
5,12,2168,0.108007
5,12,2168,0.105430
5,12,2168,0.102639
5,12,2168,0.106955
5,12,2168,0.108060
5,12,2168,0.107156
5,12,2168,0.105570
5,13,2169,0.109715
5,13,2169,0.102920
5,13,2169,0.110414
5,13,2169,0.108603
5,13,2169,0.107143
5,13,2169,0.104601
5,13,2169,0.103530
5,14,2170,0.102084
5,14,2170,0.105956
5,14,2170,0.107478
5,14,2170,0.105748
5,14,2170,0.105279
5,14,2170,0.105455
5,14,2170,0.107833
5,15,2171,0.105348
5,15,2171,0.105091
5,15,2171,0.107696
5,15,2171,0.107381
5,15,2171,0.108709
5,15,2171,0.104116
5,15,2171,0.106306
5,16,2172,0.106409
5,16,2172,0.106050
5,16,2172,0.107700
5,16,2172,0.109583
5,16,2172,0.104971
5,16,2172,0.106024
5,16,2172,0.107761
5,17,2173,0.106255
5,17,2173,0.107938
5,17,2173,0.105138
5,17,2173,0.112170
5,17,2173,0.105529
5,17,2173,0.106073
5,17,2173,0.109899
5,18,2174,0.109976
5,18,2174,0.110626
5,18,2174,0.104636
5,18,2174,0.108447
5,18,2174,0.104957
5,18,2174,0.111188
5,18,2174,0.105705
5,19,2175,0.106433
5,19,2175,0.107550
5,19,2175,0.105945
5,19,2175,0.105300
5,19,2175,0.105348
5,19,2175,0.110046
5,19,2175,0.106572
5,20,2176,0.104966
5,20,2176,0.104311
5,20,2176,0.107300
5,20,2176,0.107132
5,20,2176,0.109011
5,20,2176,0.106828
5,20,2176,0.107066
5,21,2177,0.106894
5,21,2177,0.103018
5,21,2177,0.110671
5,21,2177,0.110297
5,21,2177,0.105322
5,21,2177,0.106974
5,21,2177,0.105773
5,22,2178,0.106955
5,22,2178,0.107012
5,22,2178,0.106226
5,22,2178,0.105831
5,22,2178,0.104890
5,22,2178,0.112438
5,22,2178,0.104119
5,23,2179,0.109200
5,23,2179,0.110951
5,23,2179,0.108139
5,23,2179,0.105222
5,23,2179,0.108753
5,23,2179,0.106223
5,23,2179,0.109619
5,24,2180,0.107799
5,24,2180,0.106551
5,24,2180,0.107852
5,24,2180,0.106065
5,24,2180,0.106432
5,24,2180,0.107086
5,24,2180,0.108933
5,25,2181,0.105322
5,25,2181,0.103697
5,25,2181,0.109169
5,25,2181,0.104285
5,25,2181,0.106350
5,25,2181,0.107877
5,25,2181,0.105904
5,26,2182,0.106713
5,26,2182,0.108508
5,26,2182,0.105489
5,26,2182,0.107074
5,26,2182,0.110931
5,26,2182,0.104859
5,26,2182,0.107002
5,27,2183,0.105428
5,27,2183,0.104778
5,27,2183,0.103621
5,27,2183,0.104678
5,27,2183,0.109757
5,27,2183,0.106440
5,27,2183,0.105266
5,28,2184,0.107068
5,28,2184,0.109664
5,28,2184,0.106630
5,28,2184,0.108715
5,28,2184,0.107676
5,28,2184,0.103514
5,28,2184,0.106760
5,29,2185,0.104619
5,29,2185,0.108873
5,29,2185,0.104913
5,29,2185,0.113506
5,29,2185,0.107251
5,29,2185,0.108594
5,29,2185,0.108805
5,30,2186,0.109299
5,30,2186,0.104451
5,30,2186,0.107231
5,30,2186,0.109960
5,30,2186,0.105078
5,30,2186,0.105646
5,30,2186,0.107145
5,31,2187,0.107417
5,31,2187,0.104986
5,31,2187,0.108232
5,31,2187,0.109373
5,31,2187,0.108353
5,31,2187,0.104171
5,31,2187,0.107897
5,32,2188,0.103646
5,32,2188,0.108060
5,32,2188,0.108074
5,32,2188,0.107146
5,32,2188,0.104345
5,32,2188,0.105573
5,32,2188,0.113208
5,33,2189,0.104958
5,33,2189,0.102924
5,33,2189,0.102810
5,33,2189,0.112734
5,33,2189,0.105468
5,33,2189,0.105437
5,33,2189,0.107378
5,34,2190,0.108899
5,34,2190,0.104991
5,34,2190,0.106972
5,34,2190,0.106348
5,34,2190,0.105871
5,34,2190,0.105102
5,34,2190,0.105932
5,35,2191,0.107811
5,35,2191,0.105807
5,35,2191,0.106945
5,35,2191,0.113434
5,35,2191,0.102753
5,35,2191,0.108465
5,35,2191,0.106238
5,36,2192,0.113238
5,36,2192,0.104831
5,36,2192,0.104297
5,36,2192,0.103772
5,36,2192,0.105741
5,36,2192,0.107323
5,36,2192,0.108909
5,37,2193,0.109164
5,37,2193,0.107322
5,37,2193,0.105412
5,37,2193,0.105252
5,37,2193,0.106963
5,37,2193,0.106846
5,37,2193,0.106863
5,38,2194,0.105187
5,38,2194,0.108488
5,38,2194,0.108459
5,38,2194,0.105156
5,38,2194,0.104240
5,38,2194,0.106102
5,38,2194,0.109280
5,39,2195,0.112479
5,39,2195,0.105667
5,39,2195,0.104346
5,39,2195,0.104641
5,39,2195,0.113218
5,39,2195,0.106051
5,39,2195,0.106383
5,40,2196,0.102865
5,40,2196,0.103294
5,40,2196,0.108345
5,40,2196,0.106092
5,40,2196,0.105444
5,40,2196,0.109051
5,40,2196,0.110052
5,41,2197,0.105477
5,41,2197,0.106325
5,41,2197,0.106545
5,41,2197,0.108791
5,41,2197,0.107030
5,41,2197,0.106596
5,41,2197,0.107616
5,42,2198,0.106455
5,42,2198,0.108692
5,42,2198,0.106600
5,42,2198,0.107913
5,42,2198,0.105691
5,42,2198,0.108561
5,42,2198,0.108035
5,43,2199,0.106456
5,43,2199,0.104913
5,43,2199,0.109626
5,43,2199,0.108659
5,43,2199,0.106792
5,43,2199,0.105173
5,43,2199,0.105442
5,44,2200,0.106070
5,44,2200,0.106422
5,44,2200,0.105238
5,44,2200,0.106661
5,44,2200,0.109224
5,44,2200,0.107576
5,44,2200,0.114726
5,45,2201,0.105861
5,45,2201,0.104523
5,45,2201,0.106151
5,45,2201,0.108392
5,45,2201,0.104674
5,45,2201,0.110410
5,45,2201,0.109550
5,46,2202,0.109711
5,46,2202,0.107034
5,46,2202,0.104001
5,46,2202,0.102660
5,46,2202,0.106395
5,46,2202,0.105714
5,46,2202,0.105911
5,47,2203,0.103823
5,47,2203,0.109276
5,47,2203,0.106748
5,47,2203,0.104371
5,47,2203,0.108555
5,47,2203,0.106726
5,47,2203,0.109740
5,48,2204,0.107819
5,48,2204,0.108242
5,48,2204,0.105599
5,48,2204,0.104673
5,48,2204,0.106987
5,48,2204,0.109234
5,48,2204,0.106893
5,49,2205,0.104467
5,49,2205,0.110121
5,49,2205,0.109056
5,49,2205,0.109257
5,49,2205,0.105257
5,49,2205,0.108802
5,49,2205,0.105450
5,50,2206,0.105063
5,50,2206,0.104841
5,50,2206,0.107665
5,50,2206,0.105592
5,50,2206,0.105488
5,50,2206,0.103542
5,50,2206,0.103529
5,51,2207,0.104393
5,51,2207,0.108622
5,51,2207,0.105381
5,51,2207,0.107836
5,51,2207,0.106351
5,51,2207,0.106483
5,51,2207,0.106432
5,52,2208,0.105536
5,52,2208,0.104915
5,52,2208,0.109277
5,52,2208,0.105864
5,52,2208,0.105541
5,52,2208,0.106250
5,52,2208,0.114415
5,53,2209,0.106136
5,53,2209,0.103804
5,53,2209,0.103113
5,53,2209,0.108277
5,53,2209,0.105146
5,53,2209,0.107091
5,53,2209,0.107771
5,54,2210,0.106201
5,54,2210,0.107694
5,54,2210,0.109877
5,54,2210,0.112386
5,54,2210,0.106433
5,54,2210,0.108790
5,54,2210,0.105511
5,55,2211,0.102816
5,55,2211,0.104805
5,55,2211,0.104120
5,55,2211,0.103921
5,55,2211,0.106242
5,55,2211,0.105553
5,55,2211,0.106351
5,56,2212,0.104056
5,56,2212,0.108929
5,56,2212,0.111320
5,56,2212,0.106969
5,56,2212,0.108550
5,56,2212,0.107568
5,56,2212,0.109428
5,57,2213,0.104158
5,57,2213,0.105930
5,57,2213,0.108867
5,57,2213,0.107505
5,57,2213,0.104926
5,57,2213,0.109139
5,57,2213,0.108010
5,58,2214,0.106941
5,58,2214,0.106226
5,58,2214,0.107032
5,58,2214,0.106552
5,58,2214,0.105589
5,58,2214,0.104963
5,58,2214,0.105788
5,59,2215,0.109696
5,59,2215,0.105450
5,59,2215,0.106877
5,59,2215,0.108675
5,59,2215,0.108294
5,59,2215,0.107605
5,59,2215,0.108149
5,60,2216,0.106418
5,60,2216,0.109189
5,60,2216,0.106830
5,60,2216,0.107525
5,60,2216,0.106363
5,60,2216,0.108016
5,60,2216,0.109248
5,61,2217,0.112656
5,61,2217,0.108017
5,61,2217,0.106750
5,61,2217,0.104850
5,61,2217,0.104244
5,61,2217,0.108720
5,61,2217,0.110296
5,62,2218,0.104283
5,62,2218,0.105399
5,62,2218,0.106839
5,62,2218,0.110876
5,62,2218,0.105303
5,62,2218,0.111099
5,62,2218,0.107747
5,63,2219,0.108415
5,63,2219,0.105439
5,63,2219,0.106113
5,63,2219,0.106536
5,63,2219,0.106347
5,63,2219,0.107093
5,63,2219,0.106654
5,64,2220,0.110143
5,64,2220,0.110784
5,64,2220,0.106670
5,64,2220,0.109092
5,64,2220,0.107446
5,64,2220,0.105836
5,64,2220,0.104555
5,65,2221,0.107303
5,65,2221,0.108325
5,65,2221,0.108027
5,65,2221,0.105822
5,65,2221,0.107408
5,65,2221,0.106558
5,65,2221,0.109244
5,66,2222,0.107623
5,66,2222,0.108129
5,66,2222,0.106195
5,66,2222,0.103841
5,66,2222,0.105079
5,66,2222,0.105131
5,66,2222,0.107099
5,67,2223,0.104400
5,67,2223,0.107882
5,67,2223,0.105601
5,67,2223,0.108937
5,67,2223,0.107128
5,67,2223,0.106623
5,67,2223,0.105754
5,68,2224,0.106765
5,68,2224,0.107363
5,68,2224,0.107512
5,68,2224,0.108846
5,68,2224,0.105729
5,68,2224,0.105064
5,68,2224,0.104497
5,69,2225,0.104597
5,69,2225,0.106991
5,69,2225,0.108021
5,69,2225,0.110880
5,69,2225,0.106776
5,69,2225,0.111064
5,69,2225,0.105993
5,70,2226,0.106512
5,70,2226,0.106953
5,70,2226,0.107388
5,70,2226,0.105605
5,70,2226,0.109679
5,70,2226,0.106254
5,70,2226,0.105710
5,71,2227,0.109679
5,71,2227,0.108039
5,71,2227,0.105687
5,71,2227,0.111102
5,71,2227,0.104539
5,71,2227,0.104920
5,71,2227,0.105511
5,72,2228,0.108817
5,72,2228,0.105553
5,72,2228,0.106640
5,72,2228,0.104780
5,72,2228,0.108315
5,72,2228,0.105886
5,72,2228,0.105958
5,73,2229,0.105167
5,73,2229,0.104991
5,73,2229,0.108183
5,73,2229,0.105396
5,73,2229,0.104725
5,73,2229,0.107827
5,73,2229,0.107238
5,74,2230,0.105922
5,74,2230,0.104551
5,74,2230,0.108666
5,74,2230,0.110073
5,74,2230,0.107140
5,74,2230,0.107749
5,74,2230,0.105455
5,75,2231,0.106293
5,75,2231,0.107552
5,75,2231,0.109118
5,75,2231,0.107798
5,75,2231,0.107193
5,75,2231,0.107126
5,75,2231,0.107131
5,76,2232,0.105920
5,76,2232,0.105319
5,76,2232,0.105921
5,76,2232,0.110284
5,76,2232,0.105429
5,76,2232,0.108331
5,76,2232,0.109783
5,77,2233,0.104921
5,77,2233,0.110137
5,77,2233,0.108725
5,77,2233,0.106968
5,77,2233,0.106935
5,77,2233,0.104556
5,77,2233,0.106106
5,78,2234,0.107204
5,78,2234,0.106631
5,78,2234,0.107099
5,78,2234,0.104633
5,78,2234,0.106012
5,78,2234,0.108715
5,78,2234,0.109436
5,79,2235,0.106147
5,79,2235,0.108513
5,79,2235,0.109090
5,79,2235,0.108689
5,79,2235,0.106881
5,79,2235,0.105386
5,79,2235,0.104659
5,80,2236,0.104991
5,80,2236,0.107461
5,80,2236,0.106208
5,80,2236,0.106022
5,80,2236,0.106358
5,80,2236,0.107735
5,80,2236,0.110979
5,81,2237,0.104835
5,81,2237,0.110065
5,81,2237,0.107588
5,81,2237,0.107087
5,81,2237,0.105981
5,81,2237,0.106878
5,81,2237,0.110960
5,82,2238,0.104503
5,82,2238,0.106452
5,82,2238,0.107580
5,82,2238,0.110478
5,82,2238,0.107932
5,82,2238,0.109723
5,82,2238,0.106420
5,83,2239,0.104690
5,83,2239,0.113824
5,83,2239,0.110208
5,83,2239,0.107103
5,83,2239,0.107692
5,83,2239,0.109415
5,83,2239,0.104421
5,84,2240,0.105811
5,84,2240,0.105366
5,84,2240,0.108117
5,84,2240,0.105705
5,84,2240,0.107110
5,84,2240,0.106798
5,84,2240,0.106412
5,85,2241,0.106040
5,85,2241,0.106657
5,85,2241,0.107184
5,85,2241,0.108143
5,85,2241,0.111513
5,85,2241,0.105483
5,85,2241,0.105502
5,86,2242,0.106226
5,86,2242,0.107746
5,86,2242,0.104611
5,86,2242,0.107870
5,86,2242,0.106947
5,86,2242,0.107312
5,86,2242,0.104873
5,87,2243,0.110968
5,87,2243,0.106991
5,87,2243,0.108260
5,87,2243,0.106161
5,87,2243,0.106649
5,87,2243,0.107293
5,87,2243,0.106754
5,88,2244,0.105446
5,88,2244,0.105834
5,88,2244,0.105830
5,88,2244,0.103760
5,88,2244,0.107162
5,88,2244,0.106647
5,88,2244,0.103460
5,89,2245,0.107002
5,89,2245,0.107908
5,89,2245,0.107310
5,89,2245,0.104266
5,89,2245,0.108937
5,89,2245,0.107149
5,89,2245,0.107546
5,90,2246,0.107593
5,90,2246,0.105154
5,90,2246,0.107858
5,90,2246,0.106862
5,90,2246,0.113747
5,90,2246,0.107997
5,90,2246,0.105197
5,91,2247,0.105156
5,91,2247,0.105751
5,91,2247,0.105784
5,91,2247,0.105335
5,91,2247,0.107908
5,91,2247,0.107983
5,91,2247,0.110293
5,92,2248,0.104247
5,92,2248,0.109053
5,92,2248,0.109732
5,92,2248,0.108529
5,92,2248,0.104957
5,92,2248,0.108077
5,92,2248,0.109229
5,93,2249,0.106567
5,93,2249,0.104925
5,93,2249,0.106081
5,93,2249,0.105175
5,93,2249,0.108294
5,93,2249,0.107464
5,93,2249,0.105721
5,94,2250,0.111590
5,94,2250,0.105155
5,94,2250,0.106981
5,94,2250,0.106382
5,94,2250,0.106264
5,94,2250,0.105316
5,94,2250,0.105061
5,95,2251,0.106860
5,95,2251,0.106007
5,95,2251,0.108888
5,95,2251,0.109433
5,95,2251,0.107386
5,95,2251,0.104401
5,95,2251,0.108237
5,96,2252,0.103726
5,96,2252,0.105055
5,96,2252,0.108368
5,96,2252,0.106387
5,96,2252,0.106615
5,96,2252,0.106718
5,96,2252,0.108050
5,97,2253,0.107826
5,97,2253,0.109216
5,97,2253,0.106676
5,97,2253,0.107445
5,97,2253,0.105985
5,97,2253,0.104010
5,97,2253,0.108966
5,98,2254,0.105879
5,98,2254,0.103299
5,98,2254,0.108548
5,98,2254,0.104509
5,98,2254,0.106480
5,98,2254,0.107112
5,98,2254,0.110527
5,99,2255,0.107572
5,99,2255,0.111872
5,99,2255,0.107861
5,99,2255,0.109386
5,99,2255,0.109115
5,99,2255,0.106540
5,99,2255,0.106510
5,100,2256,0.107145
5,100,2256,0.108443
5,100,2256,0.109357
5,100,2256,0.105863
5,100,2256,0.108565
5,100,2256,0.106559
5,100,2256,0.106669
5,101,2257,0.106911
5,101,2257,0.105880
5,101,2257,0.104630
5,101,2257,0.106600
5,101,2257,0.114880
5,101,2257,0.105467
5,101,2257,0.114402
5,102,2258,0.107444
5,102,2258,0.108126
5,102,2258,0.107660
5,102,2258,0.105004
5,102,2258,0.108509
5,102,2258,0.107997
5,102,2258,0.111717
5,103,2259,0.110471
5,103,2259,0.114968
5,103,2259,0.105738
5,103,2259,0.108116
5,103,2259,0.108779
5,103,2259,0.105046
5,103,2259,0.104172
5,104,2260,0.107687
5,104,2260,0.105726
5,104,2260,0.105975
5,104,2260,0.105981
5,104,2260,0.104416
5,104,2260,0.108354
5,104,2260,0.107795
5,105,2261,0.107683
5,105,2261,0.105923
5,105,2261,0.106344
5,105,2261,0.108035
5,105,2261,0.104306
5,105,2261,0.108513
5,105,2261,0.106785
5,106,2262,0.107290
5,106,2262,0.106652
5,106,2262,0.107557
5,106,2262,0.106597
5,106,2262,0.109844
5,106,2262,0.109313
5,106,2262,0.106005
5,107,2263,0.107230
5,107,2263,0.107465
5,107,2263,0.106409
5,107,2263,0.106309
5,107,2263,0.108268
5,107,2263,0.106251
5,107,2263,0.112824
5,108,2264,0.106786
5,108,2264,0.104703
5,108,2264,0.105806
5,108,2264,0.110813
5,108,2264,0.109489
5,108,2264,0.102758
5,108,2264,0.105040
5,109,2265,0.106777
5,109,2265,0.107017
5,109,2265,0.108862
5,109,2265,0.107174
5,109,2265,0.105776
5,109,2265,0.107674
5,109,2265,0.103462
5,110,2266,0.111264
5,110,2266,0.110061
5,110,2266,0.107337
5,110,2266,0.106395
5,110,2266,0.106772
5,110,2266,0.107143
5,110,2266,0.108599
5,111,2267,0.105788
5,111,2267,0.105282
5,111,2267,0.105801
5,111,2267,0.107712
5,111,2267,0.104150
5,111,2267,0.105324
5,111,2267,0.105389
5,112,2268,0.108588
5,112,2268,0.104076
5,112,2268,0.111162
5,112,2268,0.108047
5,112,2268,0.106698
5,112,2268,0.107454
5,112,2268,0.104118
5,113,2269,0.107365
5,113,2269,0.107865
5,113,2269,0.106970
5,113,2269,0.107679
5,113,2269,0.110372
5,113,2269,0.108392
5,113,2269,0.105110
5,114,2270,0.105843
5,114,2270,0.106693
5,114,2270,0.108933
5,114,2270,0.107199
5,114,2270,0.107232
5,114,2270,0.104245
5,114,2270,0.111253
5,115,2271,0.106565
5,115,2271,0.105482
5,115,2271,0.105376
5,115,2271,0.107010
5,115,2271,0.109673
5,115,2271,0.107105
5,115,2271,0.105285
5,116,2272,0.104506
5,116,2272,0.105412
5,116,2272,0.108499
5,116,2272,0.105849
5,116,2272,0.107798
5,116,2272,0.108390
5,116,2272,0.107792
5,117,2273,0.106061
5,117,2273,0.106006
5,117,2273,0.103751
5,117,2273,0.105474
5,117,2273,0.107151
5,117,2273,0.104292
5,117,2273,0.106265
5,118,2274,0.105381
5,118,2274,0.107838
5,118,2274,0.108024
5,118,2274,0.107528
5,118,2274,0.110231
5,118,2274,0.105100
5,118,2274,0.110510
5,119,2275,0.106360
5,119,2275,0.106948
5,119,2275,0.105666
5,119,2275,0.106098
5,119,2275,0.107320
5,119,2275,0.107706
5,119,2275,0.105852
5,120,2276,0.110178
5,120,2276,0.107374
5,120,2276,0.107400
5,120,2276,0.107494
5,120,2276,0.106999
5,120,2276,0.105338
5,120,2276,0.106437
5,121,2277,0.107578
5,121,2277,0.107269
5,121,2277,0.105214
5,121,2277,0.106194
5,121,2277,0.107443
5,121,2277,0.109710
5,121,2277,0.106785
5,122,2278,0.108563
5,122,2278,0.106795
5,122,2278,0.108058
5,122,2278,0.109251
5,122,2278,0.106129
5,122,2278,0.106767
5,122,2278,0.108506
5,123,2279,0.103788
5,123,2279,0.109724
5,123,2279,0.103772
5,123,2279,0.106467
5,123,2279,0.106538
5,123,2279,0.104687
5,123,2279,0.104447
5,124,2280,0.103622
5,124,2280,0.108158
5,124,2280,0.105950
5,124,2280,0.105831
5,124,2280,0.107712
5,124,2280,0.104504
5,124,2280,0.108026
5,125,2281,0.105354
5,125,2281,0.105607
5,125,2281,0.105852
5,125,2281,0.111024
5,125,2281,0.105048
5,125,2281,0.106850
5,125,2281,0.110654
5,126,2282,0.108406
5,126,2282,0.107239
5,126,2282,0.107279
5,126,2282,0.104865
5,126,2282,0.106213
5,126,2282,0.104804
5,126,2282,0.105711
5,127,2283,0.104136
5,127,2283,0.106003
5,127,2283,0.113609
5,127,2283,0.104526
5,127,2283,0.105380
5,127,2283,0.105641
5,127,2283,0.111117
5,128,2284,0.106508
5,128,2284,0.106926
5,128,2284,0.108810
5,128,2284,0.107612
5,128,2284,0.110742
5,128,2284,0.108087
5,128,2284,0.105946
5,129,2285,0.106648
5,129,2285,0.110413
5,129,2285,0.106616
5,129,2285,0.106789
5,129,2285,0.105975
5,129,2285,0.108430
5,129,2285,0.104974
5,130,2286,0.107981
5,130,2286,0.106046
5,130,2286,0.105371
5,130,2286,0.108978
5,130,2286,0.107314
5,130,2286,0.106926
5,130,2286,0.102077
5,131,2287,0.107519
5,131,2287,0.105430
5,131,2287,0.106163
5,131,2287,0.109218
5,131,2287,0.106743
5,131,2287,0.104649
5,131,2287,0.105931
5,132,2288,0.105801
5,132,2288,0.105979
5,132,2288,0.106848
5,132,2288,0.108258
5,132,2288,0.104864
5,132,2288,0.107384
5,132,2288,0.105494
5,133,2289,0.105461
5,133,2289,0.107875
5,133,2289,0.107608
5,133,2289,0.104735
5,133,2289,0.106247
5,133,2289,0.105247
5,133,2289,0.106349
5,134,2290,0.112358
5,134,2290,0.104562
5,134,2290,0.105855
5,134,2290,0.108601
5,134,2290,0.104755
5,134,2290,0.107765
5,134,2290,0.103145
5,135,2291,0.104941
5,135,2291,0.107756
5,135,2291,0.108929
5,135,2291,0.103734
5,135,2291,0.106450
5,135,2291,0.113263
5,135,2291,0.107798
5,136,2292,0.105456
5,136,2292,0.104327
5,136,2292,0.104921
5,136,2292,0.106262
5,136,2292,0.110003
5,136,2292,0.107877
5,136,2292,0.107134
5,137,2293,0.110403
5,137,2293,0.105537
5,137,2293,0.106578
5,137,2293,0.106714
5,137,2293,0.104875
5,137,2293,0.106921
5,137,2293,0.108242
5,138,2294,0.107930
5,138,2294,0.104207
5,138,2294,0.103896
5,138,2294,0.106260
5,138,2294,0.105784
5,138,2294,0.106521
5,138,2294,0.103590
5,139,2295,0.103777
5,139,2295,0.106685
5,139,2295,0.107947
5,139,2295,0.104794
5,139,2295,0.107908
5,139,2295,0.106991
5,139,2295,0.107848
5,140,2296,0.106603
5,140,2296,0.105112
5,140,2296,0.108625
5,140,2296,0.103497
5,140,2296,0.107727
5,140,2296,0.105217
5,140,2296,0.103151
5,141,2297,0.108482
5,141,2297,0.104875
5,141,2297,0.106762
5,141,2297,0.115847
5,141,2297,0.107659
5,141,2297,0.113384
5,141,2297,0.108103
5,142,2298,0.106380
5,142,2298,0.111000
5,142,2298,0.109135
5,142,2298,0.106315
5,142,2298,0.105949
5,142,2298,0.107173
5,142,2298,0.106164
5,143,2299,0.111932
5,143,2299,0.105790
5,143,2299,0.105850
5,143,2299,0.106424
5,143,2299,0.106018
5,143,2299,0.107078
5,143,2299,0.106831
5,144,2300,0.107946
5,144,2300,0.108667
5,144,2300,0.107471
5,144,2300,0.106764
5,144,2300,0.106780
5,144,2300,0.105694
5,144,2300,0.108253
5,145,2301,0.106624
5,145,2301,0.108322
5,145,2301,0.107345
5,145,2301,0.106233
5,145,2301,0.103416
5,145,2301,0.107883
5,145,2301,0.107299
5,146,2302,0.107791
5,146,2302,0.108552
5,146,2302,0.107853
5,146,2302,0.106777
5,146,2302,0.106287
5,146,2302,0.105745
5,146,2302,0.109057
5,147,2303,0.106559
5,147,2303,0.107356
5,147,2303,0.107614
5,147,2303,0.104566
5,147,2303,0.107495
5,147,2303,0.104135
5,147,2303,0.107197
5,148,2304,0.108308
5,148,2304,0.109861
5,148,2304,0.105946
5,148,2304,0.105707
5,148,2304,0.110214
5,148,2304,0.106248
5,148,2304,0.107645
5,149,2305,0.106944
5,149,2305,0.108313
5,149,2305,0.102403
5,149,2305,0.105144
5,149,2305,0.107430
5,149,2305,0.105433
5,149,2305,0.110056
5,150,2306,0.105456
5,150,2306,0.107122
5,150,2306,0.104480
5,150,2306,0.104646
5,150,2306,0.109317
5,150,2306,0.104549
5,150,2306,0.110572
5,151,2307,0.102790
5,151,2307,0.106226
5,151,2307,0.108224
5,151,2307,0.113383
5,151,2307,0.111402
5,151,2307,0.108655
5,151,2307,0.110527
5,152,2308,0.106698
5,152,2308,0.111029
5,152,2308,0.106443
5,152,2308,0.108894
5,152,2308,0.106473
5,152,2308,0.108883
5,152,2308,0.105865
5,153,2309,0.104714
5,153,2309,0.107412
5,153,2309,0.107446
5,153,2309,0.109481
5,153,2309,0.104242
5,153,2309,0.105066
5,153,2309,0.109634
5,154,2310,0.107831
5,154,2310,0.106469
5,154,2310,0.107991
5,154,2310,0.106490
5,154,2310,0.112772
5,154,2310,0.109460
5,154,2310,0.107633
5,155,2311,0.108514
5,155,2311,0.104968
5,155,2311,0.107331
5,155,2311,0.107051
5,155,2311,0.110553
5,155,2311,0.105733
5,155,2311,0.105316
5,156,2312,0.105568
5,156,2312,0.113387
5,156,2312,0.104600
5,156,2312,0.105453
5,156,2312,0.110956
5,156,2312,0.107293
5,156,2312,0.108026
5,157,2313,0.102625
5,157,2313,0.105206
5,157,2313,0.104307
5,157,2313,0.104053
5,157,2313,0.104578
5,157,2313,0.109085
5,157,2313,0.112722
5,158,2314,0.108104
5,158,2314,0.105272
5,158,2314,0.104548
5,158,2314,0.104475
5,158,2314,0.109015
5,158,2314,0.103405
5,158,2314,0.104641
5,159,2315,0.105604
5,159,2315,0.112195
5,159,2315,0.107319
5,159,2315,0.106888
5,159,2315,0.104250
5,159,2315,0.112074
5,159,2315,0.108010
5,160,2316,0.103340
5,160,2316,0.107800
5,160,2316,0.105190
5,160,2316,0.106546
5,160,2316,0.107930
5,160,2316,0.103456
5,160,2316,0.104107
5,161,2317,0.106135
5,161,2317,0.111906
5,161,2317,0.106840
5,161,2317,0.106142
5,161,2317,0.113790
5,161,2317,0.106284
5,161,2317,0.114884
5,162,2318,0.104404
5,162,2318,0.108513
5,162,2318,0.106508
5,162,2318,0.105142
5,162,2318,0.106928
5,162,2318,0.108445
5,162,2318,0.107350
5,163,2319,0.106091
5,163,2319,0.105452
5,163,2319,0.105135
5,163,2319,0.105552
5,163,2319,0.107624
5,163,2319,0.105820
5,163,2319,0.106886
5,164,2320,0.105769
5,164,2320,0.108378
5,164,2320,0.105397
5,164,2320,0.106063
5,164,2320,0.109811
5,164,2320,0.107791
5,164,2320,0.109404
5,165,2321,0.108535
5,165,2321,0.104260
5,165,2321,0.106103
5,165,2321,0.104903
5,165,2321,0.106581
5,165,2321,0.109815
5,165,2321,0.105636
5,166,2322,0.106575
5,166,2322,0.113363
5,166,2322,0.109366
5,166,2322,0.106674
5,166,2322,0.107280
5,166,2322,0.110292
5,166,2322,0.105914
5,167,2323,0.105126
5,167,2323,0.111219
5,167,2323,0.108156
5,167,2323,0.107642
5,167,2323,0.109240
5,167,2323,0.106320
5,167,2323,0.105022
5,168,2324,0.105843
5,168,2324,0.107546
5,168,2324,0.107854
5,168,2324,0.103944
5,168,2324,0.106896
5,168,2324,0.104548
5,168,2324,0.103485
5,169,2325,0.106361
5,169,2325,0.116295
5,169,2325,0.104169
5,169,2325,0.108366
5,169,2325,0.110369
5,169,2325,0.104032
5,169,2325,0.104992
5,170,2326,0.111376
5,170,2326,0.106114
5,170,2326,0.107677
5,170,2326,0.109617
5,170,2326,0.107533
5,170,2326,0.106499
5,170,2326,0.108117
5,171,2327,0.105426
5,171,2327,0.111042
5,171,2327,0.105101
5,171,2327,0.105888
5,171,2327,0.105670
5,171,2327,0.104665
5,171,2327,0.106013
5,172,2328,0.113830
5,172,2328,0.106745
5,172,2328,0.109229
5,172,2328,0.105790
5,172,2328,0.106250
5,172,2328,0.106927
5,172,2328,0.107030
5,173,2329,0.103522
5,173,2329,0.106261
5,173,2329,0.106667
5,173,2329,0.106869
5,173,2329,0.104302
5,173,2329,0.107046
5,173,2329,0.107042
5,174,2330,0.105903
5,174,2330,0.107148
5,174,2330,0.108112
5,174,2330,0.104221
5,174,2330,0.106261
5,174,2330,0.106364
5,174,2330,0.108497
5,175,2331,0.108657
5,175,2331,0.105941
5,175,2331,0.107999
5,175,2331,0.109429
5,175,2331,0.109822
5,175,2331,0.105245
5,175,2331,0.105822
5,176,2332,0.104848
5,176,2332,0.107984
5,176,2332,0.110449
5,176,2332,0.107067
5,176,2332,0.105994
5,176,2332,0.107833
5,176,2332,0.107863
5,177,2333,0.105491
5,177,2333,0.105628
5,177,2333,0.105852
5,177,2333,0.107030
5,177,2333,0.107348
5,177,2333,0.104904
5,177,2333,0.105858
5,178,2334,0.107819
5,178,2334,0.107829
5,178,2334,0.108436
5,178,2334,0.106726
5,178,2334,0.108935
5,178,2334,0.108741
5,178,2334,0.108277
5,179,2335,0.104203
5,179,2335,0.105966
5,179,2335,0.105579
5,179,2335,0.105447
5,179,2335,0.106700
5,179,2335,0.108854
5,179,2335,0.111147
5,180,2336,0.102795
5,180,2336,0.108795
5,180,2336,0.107294
5,180,2336,0.110012
5,180,2336,0.105223
5,180,2336,0.105742
5,180,2336,0.106703
5,181,2337,0.106388
5,181,2337,0.109009
5,181,2337,0.111045
5,181,2337,0.108816
5,181,2337,0.107784
5,181,2337,0.103570
5,181,2337,0.109256
5,182,2338,0.107498
5,182,2338,0.105627
5,182,2338,0.108499
5,182,2338,0.108370
5,182,2338,0.106947
5,182,2338,0.103762
5,182,2338,0.105346
5,183,2339,0.106860
5,183,2339,0.111282
5,183,2339,0.105126
5,183,2339,0.104808
5,183,2339,0.105790
5,183,2339,0.106400
5,183,2339,0.105578
5,184,2340,0.107989
5,184,2340,0.105196
5,184,2340,0.107315
5,184,2340,0.104526
5,184,2340,0.107114
5,184,2340,0.109936
5,184,2340,0.106639
5,185,2341,0.104462
5,185,2341,0.105119
5,185,2341,0.104732
5,185,2341,0.109265
5,185,2341,0.107732
5,185,2341,0.105751
5,185,2341,0.106535
5,186,2342,0.113094
5,186,2342,0.106919
5,186,2342,0.106085
5,186,2342,0.105861
5,186,2342,0.111513
5,186,2342,0.107210
5,186,2342,0.106010
5,187,2343,0.107848
5,187,2343,0.106158
5,187,2343,0.104041
5,187,2343,0.106029
5,187,2343,0.107199
5,187,2343,0.109295
5,187,2343,0.113770
5,188,2344,0.108674
5,188,2344,0.112613
5,188,2344,0.105785
5,188,2344,0.107405
5,188,2344,0.107029
5,188,2344,0.109612
5,188,2344,0.104878
5,189,2345,0.106912
5,189,2345,0.107001
5,189,2345,0.107055
5,189,2345,0.107770
5,189,2345,0.104563
5,189,2345,0.109474
5,189,2345,0.107208
5,190,2346,0.108130
5,190,2346,0.105587
5,190,2346,0.108466
5,190,2346,0.106358
5,190,2346,0.105158
5,190,2346,0.107993
5,190,2346,0.111464
5,191,2347,0.107278
5,191,2347,0.106608
5,191,2347,0.106227
5,191,2347,0.109897
5,191,2347,0.109111
5,191,2347,0.108316
5,191,2347,0.108091
5,192,2348,0.105468
5,192,2348,0.109102
5,192,2348,0.106509
5,192,2348,0.105598
5,192,2348,0.108447
5,192,2348,0.106982
5,192,2348,0.109907
5,193,2349,0.107951
5,193,2349,0.104173
5,193,2349,0.111167
5,193,2349,0.104648
5,193,2349,0.107032
5,193,2349,0.105586
5,193,2349,0.110117
5,194,2350,0.108671
5,194,2350,0.107241
5,194,2350,0.107638
5,194,2350,0.107711
5,194,2350,0.105654
5,194,2350,0.108965
5,194,2350,0.106416
5,195,2351,0.107089
5,195,2351,0.107178
5,195,2351,0.106973
5,195,2351,0.105991
5,195,2351,0.105584
5,195,2351,0.105665
5,195,2351,0.111328
5,196,2352,0.103864
5,196,2352,0.109966
5,196,2352,0.103743
5,196,2352,0.105666
5,196,2352,0.106150
5,196,2352,0.107256
5,196,2352,0.106503
5,197,2353,0.104955
5,197,2353,0.105952
5,197,2353,0.107618
5,197,2353,0.105548
5,197,2353,0.107149
5,197,2353,0.105684
5,197,2353,0.108565
5,198,2354,0.109560
5,198,2354,0.106161
5,198,2354,0.105031
5,198,2354,0.106804
5,198,2354,0.107195
5,198,2354,0.103779
5,198,2354,0.106684
5,199,2355,0.105033
5,199,2355,0.106907
5,199,2355,0.106699
5,199,2355,0.106944
5,199,2355,0.105668
5,199,2355,0.106044
5,199,2355,0.106275
5,200,2356,0.105703
5,200,2356,0.107625
5,200,2356,0.110463
5,200,2356,0.105608
5,200,2356,0.105180
5,200,2356,0.106147
5,200,2356,0.106422
5,201,2357,0.108358
5,201,2357,0.105595
5,201,2357,0.106619
5,201,2357,0.110600
5,201,2357,0.107840
5,201,2357,0.106420
5,201,2357,0.110124
5,202,2358,0.106167
5,202,2358,0.107285
5,202,2358,0.110325
5,202,2358,0.104444
5,202,2358,0.109432
5,202,2358,0.106734
5,202,2358,0.105960
5,203,2359,0.107645
5,203,2359,0.109596
5,203,2359,0.109095
5,203,2359,0.108176
5,203,2359,0.105508
5,203,2359,0.107003
5,203,2359,0.106690
5,204,2360,0.107490
5,204,2360,0.105694
5,204,2360,0.106959
5,204,2360,0.108678
5,204,2360,0.106796
5,204,2360,0.107257
5,204,2360,0.107307
5,205,2361,0.106675
5,205,2361,0.114922
5,205,2361,0.106663
5,205,2361,0.107581
5,205,2361,0.105969
5,205,2361,0.105439
5,205,2361,0.107758
5,206,2362,0.104906
5,206,2362,0.107037
5,206,2362,0.109078
5,206,2362,0.109686
5,206,2362,0.107023
5,206,2362,0.105801
5,206,2362,0.106509
5,207,2363,0.108196
5,207,2363,0.106727
5,207,2363,0.107250
5,207,2363,0.106705
5,207,2363,0.104637
5,207,2363,0.105565
5,207,2363,0.107652
5,208,2364,0.105107
5,208,2364,0.106739
5,208,2364,0.104014
5,208,2364,0.104344
5,208,2364,0.106077
5,208,2364,0.111194
5,208,2364,0.107531
5,209,2365,0.108350
5,209,2365,0.105430
5,209,2365,0.106650
5,209,2365,0.108623
5,209,2365,0.108254
5,209,2365,0.108861
5,209,2365,0.107656
5,210,2366,0.107472
5,210,2366,0.103954
5,210,2366,0.109669
5,210,2366,0.110538
5,210,2366,0.104268
5,210,2366,0.108335
5,210,2366,0.109803
5,211,2367,0.110603
5,211,2367,0.105861
5,211,2367,0.107596
5,211,2367,0.113924
5,211,2367,0.108014
5,211,2367,0.106575
5,211,2367,0.109168
5,212,2368,0.109027
5,212,2368,0.112801
5,212,2368,0.106067
5,212,2368,0.106228
5,212,2368,0.106235
5,212,2368,0.109586
5,212,2368,0.106308
5,213,2369,0.102805
5,213,2369,0.106489
5,213,2369,0.104726
5,213,2369,0.108579
5,213,2369,0.108303
5,213,2369,0.107011
5,213,2369,0.109648
5,214,2370,0.107243
5,214,2370,0.107940
5,214,2370,0.110336
5,214,2370,0.109705
5,214,2370,0.112397
5,214,2370,0.105898
5,214,2370,0.104438
5,215,2371,0.105168
5,215,2371,0.107590
5,215,2371,0.108614
5,215,2371,0.103684
5,215,2371,0.105831
5,215,2371,0.107618
5,215,2371,0.107034
5,216,2372,0.109006
5,216,2372,0.107181
5,216,2372,0.105428
5,216,2372,0.107449
5,216,2372,0.108074
5,216,2372,0.106882
5,216,2372,0.106815
5,217,2373,0.108590
5,217,2373,0.104427
5,217,2373,0.107394
5,217,2373,0.104558
5,217,2373,0.103059
5,217,2373,0.107139
5,217,2373,0.109431
5,218,2374,0.107429
5,218,2374,0.106404
5,218,2374,0.105473
5,218,2374,0.106952
5,218,2374,0.106863
5,218,2374,0.110995
5,218,2374,0.110347
5,219,2375,0.103304
5,219,2375,0.107614
5,219,2375,0.105025
5,219,2375,0.109795
5,219,2375,0.111621
5,219,2375,0.104088
5,219,2375,0.106000
5,220,2376,0.105991
5,220,2376,0.110024
5,220,2376,0.106786
5,220,2376,0.105879
5,220,2376,0.103629
5,220,2376,0.103379
5,220,2376,0.107509
5,221,2377,0.107241
5,221,2377,0.104931
5,221,2377,0.113226
5,221,2377,0.105625
5,221,2377,0.104784
5,221,2377,0.112493
5,221,2377,0.112088
5,222,2378,0.105246
5,222,2378,0.105017
5,222,2378,0.108306
5,222,2378,0.104729
5,222,2378,0.108958
5,222,2378,0.106018
5,222,2378,0.104531
5,223,2379,0.106494
5,223,2379,0.109656
5,223,2379,0.105218
5,223,2379,0.108024
5,223,2379,0.107857
5,223,2379,0.109148
5,223,2379,0.104806
5,224,2380,0.103144
5,224,2380,0.107758
5,224,2380,0.106802
5,224,2380,0.106173
5,224,2380,0.112698
5,224,2380,0.105478
5,224,2380,0.104681
5,225,2381,0.110914
5,225,2381,0.104826
5,225,2381,0.107026
5,225,2381,0.109609
5,225,2381,0.108301
5,225,2381,0.103238
5,225,2381,0.105699
5,226,2382,0.109396
5,226,2382,0.105217
5,226,2382,0.106208
5,226,2382,0.106743
5,226,2382,0.104274
5,226,2382,0.107988
5,226,2382,0.105666
5,227,2383,0.108564
5,227,2383,0.105258
5,227,2383,0.111519
5,227,2383,0.106656
5,227,2383,0.104106
5,227,2383,0.105155
5,227,2383,0.105273
5,228,2384,0.105775
5,228,2384,0.104334
5,228,2384,0.104430
5,228,2384,0.107713
5,228,2384,0.104936
5,228,2384,0.105107
5,228,2384,0.106462
5,229,2385,0.105390
5,229,2385,0.106974
5,229,2385,0.107960
5,229,2385,0.107454
5,229,2385,0.108465
5,229,2385,0.107372
5,229,2385,0.106060
5,230,2386,0.105302
5,230,2386,0.105758
5,230,2386,0.106054
5,230,2386,0.105658
5,230,2386,0.107746
5,230,2386,0.103990
5,230,2386,0.105574
5,231,2387,0.109054
5,231,2387,0.106612
5,231,2387,0.107770
5,231,2387,0.108951
5,231,2387,0.110830
5,231,2387,0.106901
5,231,2387,0.104348
5,232,2388,0.109029
5,232,2388,0.106586
5,232,2388,0.109975
5,232,2388,0.107047
5,232,2388,0.111672
5,232,2388,0.105602
5,232,2388,0.107594
5,233,2389,0.105118
5,233,2389,0.104638
5,233,2389,0.105613
5,233,2389,0.114754
5,233,2389,0.107612
5,233,2389,0.105300
5,233,2389,0.105639
5,234,2390,0.105866
5,234,2390,0.106599
5,234,2390,0.106529
5,234,2390,0.105833
5,234,2390,0.104650
5,234,2390,0.104068
5,234,2390,0.111756
5,235,2391,0.105669
5,235,2391,0.107281
5,235,2391,0.106634
5,235,2391,0.106313
5,235,2391,0.108948
5,235,2391,0.109763
5,235,2391,0.109025
5,236,2392,0.112533
5,236,2392,0.115432
5,236,2392,0.104683
5,236,2392,0.104566
5,236,2392,0.105633
5,236,2392,0.106955
5,236,2392,0.104892
5,237,2393,0.106692
5,237,2393,0.106700
5,237,2393,0.105886
5,237,2393,0.105126
5,237,2393,0.109116
5,237,2393,0.108537
5,237,2393,0.107636
5,238,2394,0.108297
5,238,2394,0.103516
5,238,2394,0.108578
5,238,2394,0.108428
5,238,2394,0.107311
5,238,2394,0.107109
5,238,2394,0.108019
5,239,2395,0.108201
5,239,2395,0.109848
5,239,2395,0.106581
5,239,2395,0.109414
5,239,2395,0.105847
5,239,2395,0.107198
5,239,2395,0.106692
5,240,2396,0.106208
5,240,2396,0.105489
5,240,2396,0.105150
5,240,2396,0.109023
5,240,2396,0.115113
5,240,2396,0.105558
5,240,2396,0.105176
5,241,2397,0.109779
5,241,2397,0.103866
5,241,2397,0.107554
5,241,2397,0.106825
5,241,2397,0.105627
5,241,2397,0.110577
5,241,2397,0.105521
5,242,2398,0.104681
5,242,2398,0.105516
5,242,2398,0.105551
5,242,2398,0.103766
5,242,2398,0.108744
5,242,2398,0.105285
5,242,2398,0.109059
5,243,2399,0.104037
5,243,2399,0.104429
5,243,2399,0.106796
5,243,2399,0.108640
5,243,2399,0.106219
5,243,2399,0.106929
5,243,2399,0.109322
5,244,2400,0.105383
5,244,2400,0.105923
5,244,2400,0.106968
5,244,2400,0.106859
5,244,2400,0.106427
5,244,2400,0.110403
5,244,2400,0.105418
5,245,2401,0.107691
5,245,2401,0.110339
5,245,2401,0.106453
5,245,2401,0.106568
5,245,2401,0.102812
5,245,2401,0.107729
5,245,2401,0.107345
5,246,2402,0.105471
5,246,2402,0.106920
5,246,2402,0.104285
5,246,2402,0.107166
5,246,2402,0.104716
5,246,2402,0.104951
5,246,2402,0.105175
5,247,2403,0.106652
5,247,2403,0.105579
5,247,2403,0.106447
5,247,2403,0.112614
5,247,2403,0.108330
5,247,2403,0.107718
5,247,2403,0.107095
5,248,2404,0.105832
5,248,2404,0.112237
5,248,2404,0.104829
5,248,2404,0.104610
5,248,2404,0.106673
5,248,2404,0.111327
5,248,2404,0.109621
5,249,2405,0.107468
5,249,2405,0.104754
5,249,2405,0.106857
5,249,2405,0.107732
5,249,2405,0.110561
5,249,2405,0.103815
5,249,2405,0.109612
5,250,2406,0.106387
5,250,2406,0.106947
5,250,2406,0.104985
5,250,2406,0.107416
5,250,2406,0.108521
5,250,2406,0.105017
5,250,2406,0.105649
5,251,2407,0.106490
5,251,2407,0.108718
5,251,2407,0.108088
5,251,2407,0.106677
5,251,2407,0.106515
5,251,2407,0.105036
5,251,2407,0.107974
5,252,2408,0.106511
5,252,2408,0.113630
5,252,2408,0.107307
5,252,2408,0.108920
5,252,2408,0.108048
5,252,2408,0.108354
5,252,2408,0.104724
5,253,2409,0.107325
5,253,2409,0.108705
5,253,2409,0.107159
5,253,2409,0.104141
5,253,2409,0.105819
5,253,2409,0.106667
5,253,2409,0.104582
5,254,2410,0.105619
5,254,2410,0.105793
5,254,2410,0.105102
5,254,2410,0.107907
5,254,2410,0.108699
5,254,2410,0.105154
5,254,2410,0.110361
5,255,2411,0.106064
5,255,2411,0.106310
5,255,2411,0.107085
5,255,2411,0.109243
5,255,2411,0.104664
5,255,2411,0.107716
5,255,2411,0.105804
5,256,2412,0.108474
5,256,2412,0.113489
5,256,2412,0.111537
5,256,2412,0.106015
5,256,2412,0.106363
5,256,2412,0.107284
5,256,2412,0.106625
5,257,2413,0.106511
5,257,2413,0.108556
5,257,2413,0.107659
5,257,2413,0.112017
5,257,2413,0.109001
5,257,2413,0.106616
5,257,2413,0.105427
5,258,2414,0.105534
5,258,2414,0.105541
5,258,2414,0.107555
5,258,2414,0.107057
5,258,2414,0.108015
5,258,2414,0.107074
5,258,2414,0.104894
5,259,2415,0.103964
5,259,2415,0.109925
5,259,2415,0.106420
5,259,2415,0.107110
5,259,2415,0.105768
5,259,2415,0.108275
5,259,2415,0.108042
5,260,2416,0.105230
5,260,2416,0.105140
5,260,2416,0.108222
5,260,2416,0.104813
5,260,2416,0.106487
5,260,2416,0.106458
5,260,2416,0.108680
5,261,2417,0.105094
5,261,2417,0.107392
5,261,2417,0.108770
5,261,2417,0.106929
5,261,2417,0.110715
5,261,2417,0.106744
5,261,2417,0.107138
5,262,2418,0.105374
5,262,2418,0.105472
5,262,2418,0.106135
5,262,2418,0.106822
5,262,2418,0.105245
5,262,2418,0.111400
5,262,2418,0.107007
5,263,2419,0.106330
5,263,2419,0.104750
5,263,2419,0.105289
5,263,2419,0.102962
5,263,2419,0.107880
5,263,2419,0.107450
5,263,2419,0.109354
5,264,2420,0.106791
5,264,2420,0.105246
5,264,2420,0.106043
5,264,2420,0.106185
5,264,2420,0.105028
5,264,2420,0.104112
5,264,2420,0.104409
5,265,2421,0.108082
5,265,2421,0.108320
5,265,2421,0.108803
5,265,2421,0.110760
5,265,2421,0.106901
5,265,2421,0.105315
5,265,2421,0.106913
5,266,2422,0.104223
5,266,2422,0.103022
5,266,2422,0.109127
5,266,2422,0.106899
5,266,2422,0.104674
5,266,2422,0.105874
5,266,2422,0.106461
5,267,2423,0.104477
5,267,2423,0.109376
5,267,2423,0.104831
5,267,2423,0.110803
5,267,2423,0.106753
5,267,2423,0.109195
5,267,2423,0.107711
5,268,2424,0.107614
5,268,2424,0.109400
5,268,2424,0.108978
5,268,2424,0.104597
5,268,2424,0.108209
5,268,2424,0.111568
5,268,2424,0.109989
5,269,2425,0.107392
5,269,2425,0.109221
5,269,2425,0.104999
5,269,2425,0.102724
5,269,2425,0.109240
5,269,2425,0.103027
5,269,2425,0.110120
5,270,2426,0.105614
5,270,2426,0.108787
5,270,2426,0.108552
5,270,2426,0.107265
5,270,2426,0.107868
5,270,2426,0.106901
5,270,2426,0.108896
5,271,2427,0.103823
5,271,2427,0.109423
5,271,2427,0.106592
5,271,2427,0.107868
5,271,2427,0.107685
5,271,2427,0.104306
5,271,2427,0.110198
5,272,2428,0.105890
5,272,2428,0.108508
5,272,2428,0.103136
5,272,2428,0.105223
5,272,2428,0.104865
5,272,2428,0.108358
5,272,2428,0.106368
5,273,2429,0.112695
5,273,2429,0.107884
5,273,2429,0.108544
5,273,2429,0.106518
5,273,2429,0.104164
5,273,2429,0.104277
5,273,2429,0.109077
5,274,2430,0.106460
5,274,2430,0.106569
5,274,2430,0.108196
5,274,2430,0.108443
5,274,2430,0.108903
5,274,2430,0.106057
5,274,2430,0.106746
5,275,2431,0.108917
5,275,2431,0.106050
5,275,2431,0.106905
5,275,2431,0.104513
5,275,2431,0.105157
5,275,2431,0.107280
5,275,2431,0.111359
5,276,2432,0.107381
5,276,2432,0.108005
5,276,2432,0.107088
5,276,2432,0.105835
5,276,2432,0.104417
5,276,2432,0.108221
5,276,2432,0.107109
5,277,2433,0.107246
5,277,2433,0.106289
5,277,2433,0.110103
5,277,2433,0.107971
5,277,2433,0.105039
5,277,2433,0.107229
5,277,2433,0.105775
5,278,2434,0.109354
5,278,2434,0.106474
5,278,2434,0.109098
5,278,2434,0.107647
5,278,2434,0.107150
5,278,2434,0.108250
5,278,2434,0.108675
5,279,2435,0.103157
5,279,2435,0.108540
5,279,2435,0.105623
5,279,2435,0.106229
5,279,2435,0.106251
5,279,2435,0.109849
5,279,2435,0.107300
5,280,2436,0.105304
5,280,2436,0.109027
5,280,2436,0.104780
5,280,2436,0.106536
5,280,2436,0.108298
5,280,2436,0.106796
5,280,2436,0.108613
5,281,2437,0.112141
5,281,2437,0.107517
5,281,2437,0.108203
5,281,2437,0.106437
5,281,2437,0.106652
5,281,2437,0.106636
5,281,2437,0.104669
5,282,2438,0.106860
5,282,2438,0.106944
5,282,2438,0.105662
5,282,2438,0.106361
5,282,2438,0.115004
5,282,2438,0.108576
5,282,2438,0.106020
5,283,2439,0.106362
5,283,2439,0.108116
5,283,2439,0.104691
5,283,2439,0.106572
5,283,2439,0.107991
5,283,2439,0.105510
5,283,2439,0.108115
5,284,2440,0.102852
5,284,2440,0.110494
5,284,2440,0.104271
5,284,2440,0.107734
5,284,2440,0.111281
5,284,2440,0.109085
5,284,2440,0.105612
5,285,2441,0.107819
5,285,2441,0.108712
5,285,2441,0.108314
5,285,2441,0.108388
5,285,2441,0.107018
5,285,2441,0.108708
5,285,2441,0.109104
5,286,2442,0.105673
5,286,2442,0.105482
5,286,2442,0.106764
5,286,2442,0.103065
5,286,2442,0.105238
5,286,2442,0.111193
5,286,2442,0.114915
5,287,2443,0.108057
5,287,2443,0.106018
5,287,2443,0.107059
5,287,2443,0.107505
5,287,2443,0.107172
5,287,2443,0.106957
5,287,2443,0.106201
5,288,2444,0.106416
5,288,2444,0.107205
5,288,2444,0.106618
5,288,2444,0.105328
5,288,2444,0.105976
5,288,2444,0.107900
5,288,2444,0.108755
5,289,2445,0.106730
5,289,2445,0.110667
5,289,2445,0.106627
5,289,2445,0.107433
5,289,2445,0.112230
5,289,2445,0.110500
5,289,2445,0.104869
5,290,2446,0.106982
5,290,2446,0.107807
5,290,2446,0.106671
5,290,2446,0.111570
5,290,2446,0.104597
5,290,2446,0.111033
5,290,2446,0.107696
5,291,2447,0.105002
5,291,2447,0.109119
5,291,2447,0.110464
5,291,2447,0.107937
5,291,2447,0.105183
5,291,2447,0.107403
5,291,2447,0.110695
5,292,2448,0.107080
5,292,2448,0.113075
5,292,2448,0.104546
5,292,2448,0.104446
5,292,2448,0.105665
5,292,2448,0.105153
5,292,2448,0.113591
5,293,2449,0.105402
5,293,2449,0.105429
5,293,2449,0.106154
5,293,2449,0.106871
5,293,2449,0.103989
5,293,2449,0.103579
5,293,2449,0.106400
5,294,2450,0.108025
5,294,2450,0.110987
5,294,2450,0.106721
5,294,2450,0.105174
5,294,2450,0.108477
5,294,2450,0.110103
5,294,2450,0.107627
5,295,2451,0.106576
5,295,2451,0.105946
5,295,2451,0.107833
5,295,2451,0.107185
5,295,2451,0.109312
5,295,2451,0.111930
5,295,2451,0.106069
5,296,2452,0.108128
5,296,2452,0.106081
5,296,2452,0.104398
5,296,2452,0.109175
5,296,2452,0.106060
5,296,2452,0.105122
5,296,2452,0.107047
5,297,2453,0.109431
5,297,2453,0.106497
5,297,2453,0.110029
5,297,2453,0.108203
5,297,2453,0.104878
5,297,2453,0.106148
5,297,2453,0.108314
5,298,2454,0.108063
5,298,2454,0.107241
5,298,2454,0.107919
5,298,2454,0.104209
5,298,2454,0.108619
5,298,2454,0.106932
5,298,2454,0.105102
5,299,2455,0.108077
5,299,2455,0.106156
5,299,2455,0.107201
5,299,2455,0.109787
5,299,2455,0.106586
5,299,2455,0.107042
5,299,2455,0.111950
5,300,2456,0.107092
5,300,2456,0.106101
5,300,2456,0.107450
5,300,2456,0.106786
5,300,2456,0.106306
5,300,2456,0.105952
5,300,2456,0.106156
5,301,2457,0.106015
5,301,2457,0.104671
5,301,2457,0.106103
5,301,2457,0.105178
5,301,2457,0.108459
5,301,2457,0.104067
5,301,2457,0.107454
5,302,2458,0.106528
5,302,2458,0.104884
5,302,2458,0.114088
5,302,2458,0.105251
5,302,2458,0.107383
5,302,2458,0.106495
5,302,2458,0.109213
5,303,2459,0.106348
5,303,2459,0.106342
5,303,2459,0.107669
5,303,2459,0.102877
5,303,2459,0.104202
5,303,2459,0.107034
5,303,2459,0.104086
5,304,2460,0.108178
5,304,2460,0.107547
5,304,2460,0.108296
5,304,2460,0.109201
5,304,2460,0.106431
5,304,2460,0.105461
5,304,2460,0.104633
5,305,2461,0.106619
5,305,2461,0.107717
5,305,2461,0.105604
5,305,2461,0.106569
5,305,2461,0.106887
5,305,2461,0.109076
5,305,2461,0.108280
5,306,2462,0.105481
5,306,2462,0.106278
5,306,2462,0.104313
5,306,2462,0.106511
5,306,2462,0.106084
5,306,2462,0.105978
5,306,2462,0.105878
5,307,2463,0.106715
5,307,2463,0.106868
5,307,2463,0.105426
5,307,2463,0.104904
5,307,2463,0.105592
5,307,2463,0.106172
5,307,2463,0.107104
5,308,2464,0.109641
5,308,2464,0.106525
5,308,2464,0.106583
5,308,2464,0.106416
5,308,2464,0.106076
5,308,2464,0.107619
5,308,2464,0.107529
5,309,2465,0.104987
5,309,2465,0.106837
5,309,2465,0.109592
5,309,2465,0.107651
5,309,2465,0.108586
5,309,2465,0.107621
5,309,2465,0.106584
5,310,2466,0.106878
5,310,2466,0.106495
5,310,2466,0.105603
5,310,2466,0.107667
5,310,2466,0.109614
5,310,2466,0.107777
5,310,2466,0.105645
5,311,2467,0.107257
5,311,2467,0.106345
5,311,2467,0.105756
5,311,2467,0.106065
5,311,2467,0.109293
5,311,2467,0.102727
5,311,2467,0.105104
5,312,2468,0.106723
5,312,2468,0.107598
5,312,2468,0.109114
5,312,2468,0.106435
5,312,2468,0.106249
5,312,2468,0.105413
5,312,2468,0.107075
5,313,2469,0.107166
5,313,2469,0.108544
5,313,2469,0.107489
5,313,2469,0.107290
5,313,2469,0.111546
5,313,2469,0.106418
5,313,2469,0.107718
5,314,2470,0.104869
5,314,2470,0.111052
5,314,2470,0.106723
5,314,2470,0.105497
5,314,2470,0.105959
5,314,2470,0.112029
5,314,2470,0.105602
5,315,2471,0.110304
5,315,2471,0.104037
5,315,2471,0.107354
5,315,2471,0.104242
5,315,2471,0.105783
5,315,2471,0.107266
5,315,2471,0.105099
5,316,2472,0.108084
5,316,2472,0.106952
5,316,2472,0.105162
5,316,2472,0.107815
5,316,2472,0.111073
5,316,2472,0.109573
5,316,2472,0.104888
5,317,2473,0.107906
5,317,2473,0.106918
5,317,2473,0.104265
5,317,2473,0.105421
5,317,2473,0.106001
5,317,2473,0.106654
5,317,2473,0.105594
5,318,2474,0.107348
5,318,2474,0.105067
5,318,2474,0.107569
5,318,2474,0.107112
5,318,2474,0.104685
5,318,2474,0.108730
5,318,2474,0.106949
5,319,2475,0.108587
5,319,2475,0.104724
5,319,2475,0.114308
5,319,2475,0.106052
5,319,2475,0.107028
5,319,2475,0.106914
5,319,2475,0.103923
5,320,2476,0.105353
5,320,2476,0.107403
5,320,2476,0.107528
5,320,2476,0.106623
5,320,2476,0.108495
5,320,2476,0.107355
5,320,2476,0.106275
5,321,2477,0.105090
5,321,2477,0.104874
5,321,2477,0.106118
5,321,2477,0.108377
5,321,2477,0.106070
5,321,2477,0.103472
5,321,2477,0.107803
5,322,2478,0.105465
5,322,2478,0.107849
5,322,2478,0.104261
5,322,2478,0.105816
5,322,2478,0.109074
5,322,2478,0.105486
5,322,2478,0.107824
5,323,2479,0.110044
5,323,2479,0.108579
5,323,2479,0.105712
5,323,2479,0.105720
5,323,2479,0.107334
5,323,2479,0.107753
5,323,2479,0.104901
5,324,2480,0.106480
5,324,2480,0.103987
5,324,2480,0.106467
5,324,2480,0.107768
5,324,2480,0.109631
5,324,2480,0.103351
5,324,2480,0.106271
5,325,2481,0.109675
5,325,2481,0.104129
5,325,2481,0.108299
5,325,2481,0.103458
5,325,2481,0.104666
5,325,2481,0.108274
5,325,2481,0.107597
5,326,2482,0.107108
5,326,2482,0.112373
5,326,2482,0.107104
5,326,2482,0.105843
5,326,2482,0.107778
5,326,2482,0.107552
5,326,2482,0.107350
5,327,2483,0.105586
5,327,2483,0.106634
5,327,2483,0.107931
5,327,2483,0.109953
5,327,2483,0.104703
5,327,2483,0.113688
5,327,2483,0.105198
5,328,2484,0.107487
5,328,2484,0.105764
5,328,2484,0.104721
5,328,2484,0.112564
5,328,2484,0.105643
5,328,2484,0.105349
5,328,2484,0.106216
5,329,2485,0.107345
5,329,2485,0.106259
5,329,2485,0.104765
5,329,2485,0.105830
5,329,2485,0.106841
5,329,2485,0.107943
5,329,2485,0.107258
5,330,2486,0.103628
5,330,2486,0.107375
5,330,2486,0.106380
5,330,2486,0.106607
5,330,2486,0.104668
5,330,2486,0.107533
5,330,2486,0.104688
5,331,2487,0.107769
5,331,2487,0.105803
5,331,2487,0.102950
5,331,2487,0.105092
5,331,2487,0.108971
5,331,2487,0.106658
5,331,2487,0.105516
5,332,2488,0.112228
5,332,2488,0.105491
5,332,2488,0.105270
5,332,2488,0.105222
5,332,2488,0.109268
5,332,2488,0.107425
5,332,2488,0.111685
5,333,2489,0.106577
5,333,2489,0.105543
5,333,2489,0.105057
5,333,2489,0.106495
5,333,2489,0.106825
5,333,2489,0.105845
5,333,2489,0.105353
5,334,2490,0.110784
5,334,2490,0.107236
5,334,2490,0.105433
5,334,2490,0.113961
5,334,2490,0.106704
5,334,2490,0.107972
5,334,2490,0.108613
5,335,2491,0.108704
5,335,2491,0.105745
5,335,2491,0.104672
5,335,2491,0.103367
5,335,2491,0.104694
5,335,2491,0.106206
5,335,2491,0.106336
5,336,2492,0.108317
5,336,2492,0.105432
5,336,2492,0.106774
5,336,2492,0.106514
5,336,2492,0.107910
5,336,2492,0.105070
5,336,2492,0.105332
5,337,2493,0.103604
5,337,2493,0.104082
5,337,2493,0.105060
5,337,2493,0.106258
5,337,2493,0.106532
5,337,2493,0.106243
5,337,2493,0.104872
5,338,2494,0.111030
5,338,2494,0.105923
5,338,2494,0.110776
5,338,2494,0.106662
5,338,2494,0.107800
5,338,2494,0.109350
5,338,2494,0.111266
5,339,2495,0.104141
5,339,2495,0.105318
5,339,2495,0.107876
5,339,2495,0.106325
5,339,2495,0.107122
5,339,2495,0.107577
5,339,2495,0.107187
5,340,2496,0.106091
5,340,2496,0.107475
5,340,2496,0.108187
5,340,2496,0.107312
5,340,2496,0.113488
5,340,2496,0.107130
5,340,2496,0.106696
5,341,2497,0.107359
5,341,2497,0.107041
5,341,2497,0.108361
5,341,2497,0.108637
5,341,2497,0.105836
5,341,2497,0.107337
5,341,2497,0.108573
5,342,2498,0.108322
5,342,2498,0.107051
5,342,2498,0.104118
5,342,2498,0.108939
5,342,2498,0.112218
5,342,2498,0.108191
5,342,2498,0.106114
5,343,2499,0.108485
5,343,2499,0.105266
5,343,2499,0.106761
5,343,2499,0.105978
5,343,2499,0.107085
5,343,2499,0.105996
5,343,2499,0.109446
5,344,2500,0.105967
5,344,2500,0.107199
5,344,2500,0.104318
5,344,2500,0.107305
5,344,2500,0.105868
5,344,2500,0.104057
5,344,2500,0.106988
5,345,2501,0.103695
5,345,2501,0.103258
5,345,2501,0.107913
5,345,2501,0.109576
5,345,2501,0.112509
5,345,2501,0.104724
5,345,2501,0.105805
5,346,2502,0.107687
5,346,2502,0.108709
5,346,2502,0.105953
5,346,2502,0.104145
5,346,2502,0.104769
5,346,2502,0.106915
5,346,2502,0.107030
5,347,2503,0.103639
5,347,2503,0.106932
5,347,2503,0.105855
5,347,2503,0.108205
5,347,2503,0.108205
5,347,2503,0.108401
5,347,2503,0.107526
5,348,2504,0.108274
5,348,2504,0.105262
5,348,2504,0.108755
5,348,2504,0.104631
5,348,2504,0.104045
5,348,2504,0.107046
5,348,2504,0.108438
5,349,2505,0.111338
5,349,2505,0.108229
5,349,2505,0.106239
5,349,2505,0.105712
5,349,2505,0.115231
5,349,2505,0.107280
5,349,2505,0.105974
5,350,2506,0.107041
5,350,2506,0.109676
5,350,2506,0.109293
5,350,2506,0.109029
5,350,2506,0.105523
5,350,2506,0.106334
5,350,2506,0.108216
5,351,2507,0.106305
5,351,2507,0.107327
5,351,2507,0.108044
5,351,2507,0.103022
5,351,2507,0.107830
5,351,2507,0.106694
5,351,2507,0.111430
5,352,2508,0.105885
5,352,2508,0.110501
5,352,2508,0.106083
5,352,2508,0.103729
5,352,2508,0.106821
5,352,2508,0.104479
5,352,2508,0.104057
5,353,2509,0.105885
5,353,2509,0.108734
5,353,2509,0.106287
5,353,2509,0.108314
5,353,2509,0.103142
5,353,2509,0.104762
5,353,2509,0.105587
5,354,2510,0.107813
5,354,2510,0.107847
5,354,2510,0.106072
5,354,2510,0.107054
5,354,2510,0.107533
5,354,2510,0.107139
5,354,2510,0.106260
5,355,2511,0.103793
5,355,2511,0.107684
5,355,2511,0.104677
5,355,2511,0.105810
5,355,2511,0.107988
5,355,2511,0.108305
5,355,2511,0.107918
5,356,2512,0.106348
5,356,2512,0.105392
5,356,2512,0.109609
5,356,2512,0.108854
5,356,2512,0.106894
5,356,2512,0.111021
5,356,2512,0.110765
5,357,2513,0.108183
5,357,2513,0.105933
5,357,2513,0.105401
5,357,2513,0.109059
5,357,2513,0.106593
5,357,2513,0.105651
5,357,2513,0.107636
5,358,2514,0.113839
5,358,2514,0.105384
5,358,2514,0.104741
5,358,2514,0.108695
5,358,2514,0.106919
5,358,2514,0.104790
5,358,2514,0.104044
5,359,2515,0.106495
5,359,2515,0.105276
5,359,2515,0.107705
5,359,2515,0.104438
5,359,2515,0.107767
5,359,2515,0.104696
5,359,2515,0.106295
5,360,2516,0.107265
5,360,2516,0.108159
5,360,2516,0.107156
5,360,2516,0.104286
5,360,2516,0.107066
5,360,2516,0.106647
5,360,2516,0.114263
5,361,2517,0.106420
5,361,2517,0.107149
5,361,2517,0.105800
5,361,2517,0.106458
5,361,2517,0.107296
5,361,2517,0.103942
5,361,2517,0.104507
5,362,2518,0.106297
5,362,2518,0.108077
5,362,2518,0.106350
5,362,2518,0.108171
5,362,2518,0.107549
5,362,2518,0.109374
5,362,2518,0.107322
5,363,2519,0.110622
5,363,2519,0.105173
5,363,2519,0.109448
5,363,2519,0.103970
5,363,2519,0.105473
5,363,2519,0.105368
5,363,2519,0.104845
5,364,2520,0.106938
5,364,2520,0.106039
5,364,2520,0.110479
5,364,2520,0.108552
5,364,2520,0.110248
5,364,2520,0.107161
5,364,2520,0.113975
5,365,2521,0.105106
5,365,2521,0.106258
5,365,2521,0.104649
5,365,2521,0.106517
5,365,2521,0.108087
5,365,2521,0.105747
5,365,2521,0.107019
5,366,2522,0.105385
5,366,2522,0.105696
5,366,2522,0.104501
5,366,2522,0.108878
5,366,2522,0.105430
5,366,2522,0.109582
5,366,2522,0.112209
5,367,2523,0.103687
5,367,2523,0.107751
5,367,2523,0.109269
5,367,2523,0.109250
5,367,2523,0.106255
5,367,2523,0.106534
5,367,2523,0.110202
5,368,2524,0.105525
5,368,2524,0.105338
5,368,2524,0.112682
5,368,2524,0.106952
5,368,2524,0.105105
5,368,2524,0.104953
5,368,2524,0.105911
5,369,2525,0.109322
5,369,2525,0.107118
5,369,2525,0.105057
5,369,2525,0.106936
5,369,2525,0.107533
5,369,2525,0.105118
5,369,2525,0.105643
5,370,2526,0.105839
5,370,2526,0.108051
5,370,2526,0.106543
5,370,2526,0.107852
5,370,2526,0.103175
5,370,2526,0.105989
5,370,2526,0.113336
5,371,2527,0.108459
5,371,2527,0.108263
5,371,2527,0.106402
5,371,2527,0.110057
5,371,2527,0.111812
5,371,2527,0.105603
5,371,2527,0.108864
5,372,2528,0.109264
5,372,2528,0.103387
5,372,2528,0.107407
5,372,2528,0.105172
5,372,2528,0.104263
5,372,2528,0.106250
5,372,2528,0.105872
5,373,2529,0.106411
5,373,2529,0.107036
5,373,2529,0.108809
5,373,2529,0.105694
5,373,2529,0.105541
5,373,2529,0.107752
5,373,2529,0.106328
5,374,2530,0.106267
5,374,2530,0.106527
5,374,2530,0.105405
5,374,2530,0.106824
5,374,2530,0.104676
5,374,2530,0.104414
5,374,2530,0.105810
5,375,2531,0.107909
5,375,2531,0.107077
5,375,2531,0.105960
5,375,2531,0.107202
5,375,2531,0.106861
5,375,2531,0.108656
5,375,2531,0.108051
5,376,2532,0.105699
5,376,2532,0.107296
5,376,2532,0.105195
5,376,2532,0.107303
5,376,2532,0.108258
5,376,2532,0.105531
5,376,2532,0.106235
5,377,2533,0.107827
5,377,2533,0.106911
5,377,2533,0.106429
5,377,2533,0.104854
5,377,2533,0.106964
5,377,2533,0.105465
5,377,2533,0.106205
5,378,2534,0.109471
5,378,2534,0.106760
5,378,2534,0.102479
5,378,2534,0.104244
5,378,2534,0.106534
5,378,2534,0.109237
5,378,2534,0.105759
5,379,2535,0.107446
5,379,2535,0.106031
5,379,2535,0.106199
5,379,2535,0.107695
5,379,2535,0.112994
5,379,2535,0.106061
5,379,2535,0.104762
5,380,2536,0.106727
5,380,2536,0.106509
5,380,2536,0.104874
5,380,2536,0.104626
5,380,2536,0.107364
5,380,2536,0.109500
5,380,2536,0.108156
5,381,2537,0.104742
5,381,2537,0.107698
5,381,2537,0.107499
5,381,2537,0.107266
5,381,2537,0.106722
5,381,2537,0.104883
5,381,2537,0.107253
5,382,2538,0.106840
5,382,2538,0.103177
5,382,2538,0.107095
5,382,2538,0.103809
5,382,2538,0.107925
5,382,2538,0.107882
5,382,2538,0.103324
5,383,2539,0.106219
5,383,2539,0.111027
5,383,2539,0.102934
5,383,2539,0.106384
5,383,2539,0.105116
5,383,2539,0.104336
5,383,2539,0.105984
5,384,2540,0.106151
5,384,2540,0.103684
5,384,2540,0.106450
5,384,2540,0.108035
5,384,2540,0.105911
5,384,2540,0.106980
5,384,2540,0.102873
5,385,2541,0.104876
5,385,2541,0.105758
5,385,2541,0.106669
5,385,2541,0.110382
5,385,2541,0.108440
5,385,2541,0.106224
5,385,2541,0.104033
5,386,2542,0.106731
5,386,2542,0.107631
5,386,2542,0.105449
5,386,2542,0.102608
5,386,2542,0.104005
5,386,2542,0.103658
5,386,2542,0.105931
5,387,2543,0.108119
5,387,2543,0.103205
5,387,2543,0.107084
5,387,2543,0.103279
5,387,2543,0.103596
5,387,2543,0.108282
5,387,2543,0.108275
5,388,2544,0.106346
5,388,2544,0.106237
5,388,2544,0.106098
5,388,2544,0.104118
5,388,2544,0.109268
5,388,2544,0.109459
5,388,2544,0.109989
5,389,2545,0.102750
5,389,2545,0.105620
5,389,2545,0.105485
5,389,2545,0.104307
5,389,2545,0.106518
5,389,2545,0.107594
5,389,2545,0.106421
5,390,2546,0.104977
5,390,2546,0.105992
5,390,2546,0.106089
5,390,2546,0.111917
5,390,2546,0.102950
5,390,2546,0.104901
5,390,2546,0.106418
5,391,2547,0.105398
5,391,2547,0.105115
5,391,2547,0.109911
5,391,2547,0.106284
5,391,2547,0.106234
5,391,2547,0.107654
5,391,2547,0.107193
5,392,2548,0.107265
5,392,2548,0.103053
5,392,2548,0.103820
5,392,2548,0.115847
5,392,2548,0.107623
5,392,2548,0.109911
5,392,2548,0.103966
5,393,2549,0.110459
5,393,2549,0.107922
5,393,2549,0.112571
5,393,2549,0.104171
5,393,2549,0.107476
5,393,2549,0.106291
5,393,2549,0.106814
5,394,2550,0.104478
5,394,2550,0.108225
5,394,2550,0.107026
5,394,2550,0.108943
5,394,2550,0.111764
5,394,2550,0.105613
5,394,2550,0.108127
5,395,2551,0.106871
5,395,2551,0.104149
5,395,2551,0.108153
5,395,2551,0.104818
5,395,2551,0.107751
5,395,2551,0.105168
5,395,2551,0.110280
5,396,2552,0.109018
5,396,2552,0.107441
5,396,2552,0.103652
5,396,2552,0.104581
5,396,2552,0.107667
5,396,2552,0.103305
5,396,2552,0.104204
5,397,2553,0.105479
5,397,2553,0.105472
5,397,2553,0.104679
5,397,2553,0.106800
5,397,2553,0.106605
5,397,2553,0.105063
5,397,2553,0.106209
5,398,2554,0.105691
5,398,2554,0.106865
5,398,2554,0.106845
5,398,2554,0.106083
5,398,2554,0.106142
5,398,2554,0.106253
5,398,2554,0.106490
5,399,2555,0.108202
5,399,2555,0.107851
5,399,2555,0.107223
5,399,2555,0.106513
5,399,2555,0.107247
5,399,2555,0.107242
5,399,2555,0.103866
5,400,2556,0.105835
5,400,2556,0.103913
5,400,2556,0.108894
5,400,2556,0.107989
5,400,2556,0.107861
5,400,2556,0.108634
5,400,2556,0.107004
5,401,2557,0.106884
5,401,2557,0.105268
5,401,2557,0.105904
5,401,2557,0.109126
5,401,2557,0.110724
5,401,2557,0.105318
5,401,2557,0.109974
5,402,2558,0.108972
5,402,2558,0.106687
5,402,2558,0.107229
5,402,2558,0.106296
5,402,2558,0.104948
5,402,2558,0.105329
5,402,2558,0.106896
5,403,2559,0.105436
5,403,2559,0.110428
5,403,2559,0.107610
5,403,2559,0.103869
5,403,2559,0.105809
5,403,2559,0.108367
5,403,2559,0.110598
5,404,2560,0.105988
5,404,2560,0.104947
5,404,2560,0.107003
5,404,2560,0.105377
5,404,2560,0.111354
5,404,2560,0.107330
5,404,2560,0.106289
5,405,2561,0.106018
5,405,2561,0.107462
5,405,2561,0.105096
5,405,2561,0.105809
5,405,2561,0.105267
5,405,2561,0.104771
5,405,2561,0.108446
5,406,2562,0.105788
5,406,2562,0.103082
5,406,2562,0.105766
5,406,2562,0.107771
5,406,2562,0.104427
5,406,2562,0.106085
5,406,2562,0.107276
5,407,2563,0.105591
5,407,2563,0.107747
5,407,2563,0.106251
5,407,2563,0.104103
5,407,2563,0.109333
5,407,2563,0.104413
5,407,2563,0.103246
5,408,2564,0.107030
5,408,2564,0.104033
5,408,2564,0.109172
5,408,2564,0.105319
5,408,2564,0.112566
5,408,2564,0.106042
5,408,2564,0.103853
5,409,2565,0.104558
5,409,2565,0.108767
5,409,2565,0.107858
5,409,2565,0.103243
5,409,2565,0.107124
5,409,2565,0.109315
5,409,2565,0.104808
5,410,2566,0.103215
5,410,2566,0.105060
5,410,2566,0.104889
5,410,2566,0.107125
5,410,2566,0.110199
5,410,2566,0.106056
5,410,2566,0.104807
5,411,2567,0.111796
5,411,2567,0.105196
5,411,2567,0.105603
5,411,2567,0.107248
5,411,2567,0.107979
5,411,2567,0.104576
5,411,2567,0.106378
5,412,2568,0.106644
5,412,2568,0.110684
5,412,2568,0.104725
5,412,2568,0.108964
5,412,2568,0.104831
5,412,2568,0.106838
5,412,2568,0.106687
5,413,2569,0.108781
5,413,2569,0.107277
5,413,2569,0.107804
5,413,2569,0.106562
5,413,2569,0.105547
5,413,2569,0.107376
5,413,2569,0.105562
5,414,2570,0.106969
5,414,2570,0.107317
5,414,2570,0.104492
5,414,2570,0.105705
5,414,2570,0.114616
5,414,2570,0.105652
5,414,2570,0.106532
5,415,2571,0.109916
5,415,2571,0.105615
5,415,2571,0.105962
5,415,2571,0.109578
5,415,2571,0.106432
5,415,2571,0.104357
5,415,2571,0.107308
5,416,2572,0.104532
5,416,2572,0.107604
5,416,2572,0.104045
5,416,2572,0.108363
5,416,2572,0.105742
5,416,2572,0.107840
5,416,2572,0.107400
5,417,2573,0.112891
5,417,2573,0.104434
5,417,2573,0.105128
5,417,2573,0.106897
5,417,2573,0.105560
5,417,2573,0.107586
5,417,2573,0.108439
5,418,2574,0.108515
5,418,2574,0.104240
5,418,2574,0.104421
5,418,2574,0.106909
5,418,2574,0.106002
5,418,2574,0.103989
5,418,2574,0.107221
5,419,2575,0.105868
5,419,2575,0.106749
5,419,2575,0.107072
5,419,2575,0.107020
5,419,2575,0.104795
5,419,2575,0.104759
5,419,2575,0.105301
5,420,2576,0.102459
5,420,2576,0.106752
5,420,2576,0.107025
5,420,2576,0.106422
5,420,2576,0.107242
5,420,2576,0.106233
5,420,2576,0.107447
5,421,2577,0.107128
5,421,2577,0.105113
5,421,2577,0.106450
5,421,2577,0.105873
5,421,2577,0.105431
5,421,2577,0.107795
5,421,2577,0.105362
5,422,2578,0.104709
5,422,2578,0.106807
5,422,2578,0.105651
5,422,2578,0.105561
5,422,2578,0.105844
5,422,2578,0.108156
5,422,2578,0.103679
5,423,2579,0.109981
5,423,2579,0.105040
5,423,2579,0.103350
5,423,2579,0.106290
5,423,2579,0.106196
5,423,2579,0.109303
5,423,2579,0.108991
5,424,2580,0.107571
5,424,2580,0.108174
5,424,2580,0.105333
5,424,2580,0.107905
5,424,2580,0.108761
5,424,2580,0.107091
5,424,2580,0.110237
5,425,2581,0.105740
5,425,2581,0.107026
5,425,2581,0.106221
5,425,2581,0.106089
5,425,2581,0.105649
5,425,2581,0.106218
5,425,2581,0.109943
5,426,2582,0.109459
5,426,2582,0.109013
5,426,2582,0.103948
5,426,2582,0.111406
5,426,2582,0.105303
5,426,2582,0.105465
5,426,2582,0.106820
5,427,2583,0.105093
5,427,2583,0.105916
5,427,2583,0.107063
5,427,2583,0.107079
5,427,2583,0.110057
5,427,2583,0.112037
5,427,2583,0.107729
5,428,2584,0.107127
5,428,2584,0.112317
5,428,2584,0.107551
5,428,2584,0.108982
5,428,2584,0.108916
5,428,2584,0.106603
5,428,2584,0.109962
5,429,2585,0.109868
5,429,2585,0.107934
5,429,2585,0.106901
5,429,2585,0.104712
5,429,2585,0.105783
5,429,2585,0.107356
5,429,2585,0.106615
5,430,2586,0.107919
5,430,2586,0.108829
5,430,2586,0.105591
5,430,2586,0.105128
5,430,2586,0.107396
5,430,2586,0.105707
5,430,2586,0.106450
5,431,2587,0.108326
5,431,2587,0.106186
5,431,2587,0.105631
5,431,2587,0.107367
5,431,2587,0.103958
5,431,2587,0.105686
5,431,2587,0.107489
5,432,2588,0.106135
5,432,2588,0.105560
5,432,2588,0.108782
5,432,2588,0.107260
5,432,2588,0.109898
5,432,2588,0.111359
5,432,2588,0.103744
5,433,2589,0.106892
5,433,2589,0.108831
5,433,2589,0.105810
5,433,2589,0.104812
5,433,2589,0.107183
5,433,2589,0.105012
5,433,2589,0.107190
5,434,2590,0.105982
5,434,2590,0.105149
5,434,2590,0.107458
5,434,2590,0.105827
5,434,2590,0.105393
5,434,2590,0.108624
5,434,2590,0.107832
5,435,2591,0.106516
5,435,2591,0.109259
5,435,2591,0.108956
5,435,2591,0.105952
5,435,2591,0.103973
5,435,2591,0.104658
5,435,2591,0.108189
5,436,2592,0.104006
5,436,2592,0.106621
5,436,2592,0.106318
5,436,2592,0.107134
5,436,2592,0.107841
5,436,2592,0.104025
5,436,2592,0.107701
5,437,2593,0.106578
5,437,2593,0.107587
5,437,2593,0.106172
5,437,2593,0.105164
5,437,2593,0.106763
5,437,2593,0.108478
5,437,2593,0.109102
5,438,2594,0.106150
5,438,2594,0.107533
5,438,2594,0.107066
5,438,2594,0.104691
5,438,2594,0.106642
5,438,2594,0.104974
5,438,2594,0.107246
5,439,2595,0.107681
5,439,2595,0.106236
5,439,2595,0.107572
5,439,2595,0.115179
5,439,2595,0.105523
5,439,2595,0.108788
5,439,2595,0.104959
5,440,2596,0.104125
5,440,2596,0.106761
5,440,2596,0.104445
5,440,2596,0.107790
5,440,2596,0.106203
5,440,2596,0.106721
5,440,2596,0.108190
5,441,2597,0.105843
5,441,2597,0.104064
5,441,2597,0.109706
5,441,2597,0.106214
5,441,2597,0.106001
5,441,2597,0.111205
5,441,2597,0.106005
5,442,2598,0.106902
5,442,2598,0.109543
5,442,2598,0.106111
5,442,2598,0.107760
5,442,2598,0.107965
5,442,2598,0.104509
5,442,2598,0.105614
5,443,2599,0.109204
5,443,2599,0.107799
5,443,2599,0.105092
5,443,2599,0.107087
5,443,2599,0.106092
5,443,2599,0.104869
5,443,2599,0.104698
5,444,2600,0.110451
5,444,2600,0.105249
5,444,2600,0.104581
5,444,2600,0.103854
5,444,2600,0.109746
5,444,2600,0.105321
5,444,2600,0.107611
5,445,2601,0.108571
5,445,2601,0.107358
5,445,2601,0.104189
5,445,2601,0.107612
5,445,2601,0.108203
5,445,2601,0.106449
5,445,2601,0.105556
5,446,2602,0.108393
5,446,2602,0.106528
5,446,2602,0.104424
5,446,2602,0.105675
5,446,2602,0.104947
5,446,2602,0.105294
5,446,2602,0.106589
5,447,2603,0.104075
5,447,2603,0.108658
5,447,2603,0.106162
5,447,2603,0.106583
5,447,2603,0.107518
5,447,2603,0.106538
5,447,2603,0.106780
5,448,2604,0.110996
5,448,2604,0.106142
5,448,2604,0.104101
5,448,2604,0.109639
5,448,2604,0.107930
5,448,2604,0.105289
5,448,2604,0.102351
5,449,2605,0.106409
5,449,2605,0.106883
5,449,2605,0.106774
5,449,2605,0.109391
5,449,2605,0.106088
5,449,2605,0.105919
5,449,2605,0.105825
5,450,2606,0.109696
5,450,2606,0.103619
5,450,2606,0.108467
5,450,2606,0.105752
5,450,2606,0.105495
5,450,2606,0.106763
5,450,2606,0.104397
5,451,2607,0.105696
5,451,2607,0.105823
5,451,2607,0.108217
5,451,2607,0.109823
5,451,2607,0.106004
5,451,2607,0.110244
5,451,2607,0.107582
5,452,2608,0.103388
5,452,2608,0.106304
5,452,2608,0.105564
5,452,2608,0.106697
5,452,2608,0.105279
5,452,2608,0.103656
5,452,2608,0.107764
5,453,2609,0.106907
5,453,2609,0.107995
5,453,2609,0.105448
5,453,2609,0.105068
5,453,2609,0.110074
5,453,2609,0.104820
5,453,2609,0.106753
5,454,2610,0.110442
5,454,2610,0.107678
5,454,2610,0.103921
5,454,2610,0.104530
5,454,2610,0.108706
5,454,2610,0.106714
5,454,2610,0.106754
5,455,2611,0.109468
5,455,2611,0.105698
5,455,2611,0.107342
5,455,2611,0.107318
5,455,2611,0.108306
5,455,2611,0.110165
5,455,2611,0.106993
5,456,2612,0.107157
5,456,2612,0.106873
5,456,2612,0.107200
5,456,2612,0.108863
5,456,2612,0.105242
5,456,2612,0.108343
5,456,2612,0.107418
5,457,2613,0.107103
5,457,2613,0.105243
5,457,2613,0.108365
5,457,2613,0.106969
5,457,2613,0.105398
5,457,2613,0.108211
5,457,2613,0.105841
5,458,2614,0.105630
5,458,2614,0.103346
5,458,2614,0.107310
5,458,2614,0.107004
5,458,2614,0.107282
5,458,2614,0.110631
5,458,2614,0.111224
5,459,2615,0.106019
5,459,2615,0.104709
5,459,2615,0.106442
5,459,2615,0.106031
5,459,2615,0.105297
5,459,2615,0.111105
5,459,2615,0.105417
5,460,2616,0.106132
5,460,2616,0.106332
5,460,2616,0.105120
5,460,2616,0.104548
5,460,2616,0.110545
5,460,2616,0.103856
5,460,2616,0.106219
5,461,2617,0.107282
5,461,2617,0.108128
5,461,2617,0.109746
5,461,2617,0.105131
5,461,2617,0.107883
5,461,2617,0.105136
5,461,2617,0.106899
5,462,2618,0.107793
5,462,2618,0.106233
5,462,2618,0.110983
5,462,2618,0.108671
5,462,2618,0.103967
5,462,2618,0.110299
5,462,2618,0.104710
5,463,2619,0.105930
5,463,2619,0.106720
5,463,2619,0.108060
5,463,2619,0.106656
5,463,2619,0.105539
5,463,2619,0.105734
5,463,2619,0.102813
5,464,2620,0.105854
5,464,2620,0.105177
5,464,2620,0.107955
5,464,2620,0.109719
5,464,2620,0.109877
5,464,2620,0.104411
5,464,2620,0.106505
5,465,2621,0.105596
5,465,2621,0.104939
5,465,2621,0.104126
5,465,2621,0.106390
5,465,2621,0.107059
5,465,2621,0.104321
5,465,2621,0.107431
5,466,2622,0.104221
5,466,2622,0.106773
5,466,2622,0.108294
5,466,2622,0.105116
5,466,2622,0.109320
5,466,2622,0.106521
5,466,2622,0.105346
5,467,2623,0.107901
5,467,2623,0.104045
5,467,2623,0.106527
5,467,2623,0.105685
5,467,2623,0.108467
5,467,2623,0.112395
5,467,2623,0.106163
5,468,2624,0.105180
5,468,2624,0.107785
5,468,2624,0.110109
5,468,2624,0.106604
5,468,2624,0.106192
5,468,2624,0.105985
5,468,2624,0.110802
5,469,2625,0.108337
5,469,2625,0.106712
5,469,2625,0.112302
5,469,2625,0.105697
5,469,2625,0.104642
5,469,2625,0.105218
5,469,2625,0.106151
5,470,2626,0.108091
5,470,2626,0.105740
5,470,2626,0.106897
5,470,2626,0.108862
5,470,2626,0.109087
5,470,2626,0.109797
5,470,2626,0.110031
5,471,2627,0.107045
5,471,2627,0.106993
5,471,2627,0.106187
5,471,2627,0.105236
5,471,2627,0.107801
5,471,2627,0.104173
5,471,2627,0.105678
5,472,2628,0.104330
5,472,2628,0.110705
5,472,2628,0.105123
5,472,2628,0.106135
5,472,2628,0.105616
5,472,2628,0.104371
5,472,2628,0.106105
5,473,2629,0.105189
5,473,2629,0.104952
5,473,2629,0.104299
5,473,2629,0.112453
5,473,2629,0.102582
5,473,2629,0.109036
5,473,2629,0.107593
5,474,2630,0.105665
5,474,2630,0.111684
5,474,2630,0.107196
5,474,2630,0.104180
5,474,2630,0.104196
5,474,2630,0.105982
5,474,2630,0.106923
5,475,2631,0.106634
5,475,2631,0.102105
5,475,2631,0.106061
5,475,2631,0.105280
5,475,2631,0.107246
5,475,2631,0.104650
5,475,2631,0.108319
5,476,2632,0.103732
5,476,2632,0.106036
5,476,2632,0.111756
5,476,2632,0.108264
5,476,2632,0.105203
5,476,2632,0.105259
5,476,2632,0.104048
5,477,2633,0.107666
5,477,2633,0.105080
5,477,2633,0.104476
5,477,2633,0.106756
5,477,2633,0.105143
5,477,2633,0.107163
5,477,2633,0.105439
5,478,2634,0.104223
5,478,2634,0.108580
5,478,2634,0.104273
5,478,2634,0.109905
5,478,2634,0.107396
5,478,2634,0.109297
5,478,2634,0.106563
5,479,2635,0.107789
5,479,2635,0.109270
5,479,2635,0.106684
5,479,2635,0.104575
5,479,2635,0.108653
5,479,2635,0.106311
5,479,2635,0.107481
5,480,2636,0.103190
5,480,2636,0.106327
5,480,2636,0.105904
5,480,2636,0.105802
5,480,2636,0.104269
5,480,2636,0.107359
5,480,2636,0.103650
5,481,2637,0.106032
5,481,2637,0.112056
5,481,2637,0.104801
5,481,2637,0.110343
5,481,2637,0.107032
5,481,2637,0.105321
5,481,2637,0.110878
5,482,2638,0.106733
5,482,2638,0.105955
5,482,2638,0.112394
5,482,2638,0.104071
5,482,2638,0.104648
5,482,2638,0.108490
5,482,2638,0.105648
5,483,2639,0.105031
5,483,2639,0.107144
5,483,2639,0.108391
5,483,2639,0.108933
5,483,2639,0.105456
5,483,2639,0.105752
5,483,2639,0.107715
5,484,2640,0.104417
5,484,2640,0.106223
5,484,2640,0.110356
5,484,2640,0.106118
5,484,2640,0.109194
5,484,2640,0.106631
5,484,2640,0.107776
5,485,2641,0.106468
5,485,2641,0.107518
5,485,2641,0.103596
5,485,2641,0.103472
5,485,2641,0.111369
5,485,2641,0.104876
5,485,2641,0.107902
5,486,2642,0.104052
5,486,2642,0.105014
5,486,2642,0.104743
5,486,2642,0.110445
5,486,2642,0.104571
5,486,2642,0.107376
5,486,2642,0.107886
5,487,2643,0.109169
5,487,2643,0.102839
5,487,2643,0.106322
5,487,2643,0.107700
5,487,2643,0.111378
5,487,2643,0.104671
5,487,2643,0.113863
5,488,2644,0.107574
5,488,2644,0.105211
5,488,2644,0.111676
5,488,2644,0.106155
5,488,2644,0.104770
5,488,2644,0.106967
5,488,2644,0.109846
5,489,2645,0.105832
5,489,2645,0.110096
5,489,2645,0.107709
5,489,2645,0.108535
5,489,2645,0.108000
5,489,2645,0.108971
5,489,2645,0.111165
5,490,2646,0.109012
5,490,2646,0.104155
5,490,2646,0.105070
5,490,2646,0.106725
5,490,2646,0.105919
5,490,2646,0.107243
5,490,2646,0.103969
5,491,2647,0.107156
5,491,2647,0.104614
5,491,2647,0.106509
5,491,2647,0.105424
5,491,2647,0.107341
5,491,2647,0.110973
5,491,2647,0.106427
5,492,2648,0.103379
5,492,2648,0.106960
5,492,2648,0.107201
5,492,2648,0.107990
5,492,2648,0.109175
5,492,2648,0.108693
5,492,2648,0.103906
5,493,2649,0.109602
5,493,2649,0.106754
5,493,2649,0.104659
5,493,2649,0.108280
5,493,2649,0.107784
5,493,2649,0.107282
5,493,2649,0.109131
5,494,2650,0.112605
5,494,2650,0.106892
5,494,2650,0.105623
5,494,2650,0.106159
5,494,2650,0.110156
5,494,2650,0.111852
5,494,2650,0.110069
5,495,2651,0.108624
5,495,2651,0.109750
5,495,2651,0.112566
5,495,2651,0.105472
5,495,2651,0.109690
5,495,2651,0.111873
5,495,2651,0.105788
5,496,2652,0.107730
5,496,2652,0.104733
5,496,2652,0.108860
5,496,2652,0.106465
5,496,2652,0.105784
5,496,2652,0.112754
5,496,2652,0.108258
5,497,2653,0.104195
5,497,2653,0.106467
5,497,2653,0.104978
5,497,2653,0.105545
5,497,2653,0.109233
5,497,2653,0.105184
5,497,2653,0.107197
5,498,2654,0.107854
5,498,2654,0.103827
5,498,2654,0.107616
5,498,2654,0.105216
5,498,2654,0.106365
5,498,2654,0.111037
5,498,2654,0.108121
5,499,2655,0.104216
5,499,2655,0.107756
5,499,2655,0.106875
5,499,2655,0.104745
5,499,2655,0.107213
5,499,2655,0.107869
5,499,2655,0.111008
5,500,2656,0.105765
5,500,2656,0.108036
5,500,2656,0.103223
5,500,2656,0.107142
5,500,2656,0.107060
5,500,2656,0.107605
5,500,2656,0.105453
5,501,2657,0.106307
5,501,2657,0.105952
5,501,2657,0.106412
5,501,2657,0.106923
5,501,2657,0.106140
5,501,2657,0.104258
5,501,2657,0.106501
5,502,2658,0.105277
5,502,2658,0.106563
5,502,2658,0.109085
5,502,2658,0.108477
5,502,2658,0.107146
5,502,2658,0.104895
5,502,2658,0.105287
5,503,2659,0.106550
5,503,2659,0.107310
5,503,2659,0.105879
5,503,2659,0.104869
5,503,2659,0.110534
5,503,2659,0.106235
5,503,2659,0.107404
5,504,2660,0.106984
5,504,2660,0.105147
5,504,2660,0.106275
5,504,2660,0.105160
5,504,2660,0.106020
5,504,2660,0.105193
5,504,2660,0.108841
5,505,2661,0.110679
5,505,2661,0.103214
5,505,2661,0.106891
5,505,2661,0.106881
5,505,2661,0.105051
5,505,2661,0.106702
5,505,2661,0.105350
5,506,2662,0.112771
5,506,2662,0.108540
5,506,2662,0.104263
5,506,2662,0.104359
5,506,2662,0.108857
5,506,2662,0.104233
5,506,2662,0.106632
5,507,2663,0.109193
5,507,2663,0.104549
5,507,2663,0.104886
5,507,2663,0.104059
5,507,2663,0.105409
5,507,2663,0.106111
5,507,2663,0.112323
5,508,2664,0.107429
5,508,2664,0.104688
5,508,2664,0.109672
5,508,2664,0.108638
5,508,2664,0.104276
5,508,2664,0.111087
5,508,2664,0.108124
5,509,2665,0.104499
5,509,2665,0.107829
5,509,2665,0.105799
5,509,2665,0.105488
5,509,2665,0.104701
5,509,2665,0.108853
5,509,2665,0.105743
5,510,2666,0.103266
5,510,2666,0.104872
5,510,2666,0.107820
5,510,2666,0.104571
5,510,2666,0.105425
5,510,2666,0.109445
5,510,2666,0.110956
5,511,2667,0.105327
5,511,2667,0.106697
5,511,2667,0.105160
5,511,2667,0.107210
5,511,2667,0.106758
5,511,2667,0.110139
5,511,2667,0.104338
5,512,2668,0.108382
5,512,2668,0.106048
5,512,2668,0.108037
5,512,2668,0.108507
5,512,2668,0.106276
5,512,2668,0.104174
5,512,2668,0.105715
5,513,2669,0.108139
5,513,2669,0.110556
5,513,2669,0.107902
5,513,2669,0.113695
5,513,2669,0.105627
5,513,2669,0.106831
5,513,2669,0.106709
5,514,2670,0.105193
5,514,2670,0.107822
5,514,2670,0.105163
5,514,2670,0.107586
5,514,2670,0.109398
5,514,2670,0.108262
5,514,2670,0.106448
5,515,2671,0.105649
5,515,2671,0.106003
5,515,2671,0.105898
5,515,2671,0.108977
5,515,2671,0.106802
5,515,2671,0.107858
5,515,2671,0.107115
5,516,2672,0.106565
5,516,2672,0.109121
5,516,2672,0.105615
5,516,2672,0.103999
5,516,2672,0.103896
5,516,2672,0.105879
5,516,2672,0.110335
5,517,2673,0.112028
5,517,2673,0.108547
5,517,2673,0.106427
5,517,2673,0.106790
5,517,2673,0.105955
5,517,2673,0.104595
5,517,2673,0.107131
5,518,2674,0.108559
5,518,2674,0.109349
5,518,2674,0.107363
5,518,2674,0.105972
5,518,2674,0.104804
5,518,2674,0.105902
5,518,2674,0.111926
5,519,2675,0.106602
5,519,2675,0.105075
5,519,2675,0.106990
5,519,2675,0.106524
5,519,2675,0.109375
5,519,2675,0.107927
5,519,2675,0.104558
5,520,2676,0.105227
5,520,2676,0.104661
5,520,2676,0.106884
5,520,2676,0.105764
5,520,2676,0.104866
5,520,2676,0.104071
5,520,2676,0.105822
5,521,2677,0.107332
5,521,2677,0.106529
5,521,2677,0.106386
5,521,2677,0.107777
5,521,2677,0.106531
5,521,2677,0.102760
5,521,2677,0.105522
5,522,2678,0.104335
5,522,2678,0.109378
5,522,2678,0.108345
5,522,2678,0.105356
5,522,2678,0.108220
5,522,2678,0.107518
5,522,2678,0.104784
5,523,2679,0.104099
5,523,2679,0.104532
5,523,2679,0.104648
5,523,2679,0.106758
5,523,2679,0.104152
5,523,2679,0.105831
5,523,2679,0.105100
5,524,2680,0.105107
5,524,2680,0.105135
5,524,2680,0.106997
5,524,2680,0.106844
5,524,2680,0.107925
5,524,2680,0.106590
5,524,2680,0.103456
5,525,2681,0.104034
5,525,2681,0.108357
5,525,2681,0.105655
5,525,2681,0.113708
5,525,2681,0.107511
5,525,2681,0.107426
5,525,2681,0.110726
5,526,2682,0.104097
5,526,2682,0.103736
5,526,2682,0.105169
5,526,2682,0.106574
5,526,2682,0.106728
5,526,2682,0.109206
5,526,2682,0.106174
5,527,2683,0.113020
5,527,2683,0.107581
5,527,2683,0.103768
5,527,2683,0.108465
5,527,2683,0.110002
5,527,2683,0.107536
5,527,2683,0.108143
5,528,2684,0.110328
5,528,2684,0.108460
5,528,2684,0.104164
5,528,2684,0.112678
5,528,2684,0.105808
5,528,2684,0.109444
5,528,2684,0.104575
5,529,2685,0.106152
5,529,2685,0.106722
5,529,2685,0.106147
5,529,2685,0.107631
5,529,2685,0.108123
5,529,2685,0.108866
5,529,2685,0.105484
5,530,2686,0.106661
5,530,2686,0.104717
5,530,2686,0.106381
5,530,2686,0.108352
5,530,2686,0.102983
5,530,2686,0.105587
5,530,2686,0.108205
5,531,2687,0.108885
5,531,2687,0.107308
5,531,2687,0.109835
5,531,2687,0.110909
5,531,2687,0.107431
5,531,2687,0.107391
5,531,2687,0.107986
5,532,2688,0.107447
5,532,2688,0.111702
5,532,2688,0.106684
5,532,2688,0.103898
5,532,2688,0.106660
5,532,2688,0.106790
5,532,2688,0.107103
5,533,2689,0.108304
5,533,2689,0.104887
5,533,2689,0.108122
5,533,2689,0.107352
5,533,2689,0.107612
5,533,2689,0.104739
5,533,2689,0.103861
5,534,2690,0.104904
5,534,2690,0.105874
5,534,2690,0.104639
5,534,2690,0.107474
5,534,2690,0.108953
5,534,2690,0.106543
5,534,2690,0.105642
5,535,2691,0.109238
5,535,2691,0.103715
5,535,2691,0.108303
5,535,2691,0.105824
5,535,2691,0.107087
5,535,2691,0.107925
5,535,2691,0.105755
5,536,2692,0.104851
5,536,2692,0.104110
5,536,2692,0.106115
5,536,2692,0.106044
5,536,2692,0.104098
5,536,2692,0.109441
5,536,2692,0.104495
5,537,2693,0.103232
5,537,2693,0.106271
5,537,2693,0.105427
5,537,2693,0.104778
5,537,2693,0.107404
5,537,2693,0.106263
5,537,2693,0.105524
5,538,2694,0.108131
5,538,2694,0.106109
5,538,2694,0.107972
5,538,2694,0.105654
5,538,2694,0.108124
5,538,2694,0.105116
5,538,2694,0.105632
5,539,2695,0.105498
5,539,2695,0.108176
5,539,2695,0.105384
5,539,2695,0.106580
5,539,2695,0.108374
5,539,2695,0.104546
5,539,2695,0.105212
