Epoch,Step,Global_Step,Loss
1,1,1,0.112813
1,1,1,0.115551
1,1,1,0.120479
1,1,1,0.115172
1,1,1,0.113731
1,1,1,0.113073
1,1,1,0.115195
1,1,1,0.112629
1,2,2,2.932077
1,2,2,2.925277
1,2,2,2.976609
1,2,2,2.999365
1,2,2,2.934804
1,2,2,2.973685
1,2,2,2.961980
1,2,2,2.834314
1,3,3,0.654730
1,3,3,0.684304
1,3,3,0.608644
1,3,3,0.652118
1,3,3,0.640680
1,3,3,0.634017
1,3,3,0.674043
1,3,3,0.644881
1,4,4,0.565154
1,4,4,0.545870
1,4,4,0.574396
1,4,4,0.558016
1,4,4,0.570722
1,4,4,0.580842
1,4,4,0.584369
1,4,4,0.579394
1,5,5,0.536232
1,5,5,0.553480
1,5,5,0.559651
1,5,5,0.571130
1,5,5,0.557108
1,5,5,0.570380
1,5,5,0.596072
1,5,5,0.547750
1,6,6,0.484688
1,6,6,0.503589
1,6,6,0.487934
1,6,6,0.480101
1,6,6,0.460178
1,6,6,0.504829
1,6,6,0.481495
1,6,6,0.512821
1,7,7,0.429914
1,7,7,0.406549
1,7,7,0.410197
1,7,7,0.404146
1,7,7,0.418070
1,7,7,0.409896
1,7,7,0.405305
1,7,7,0.416003
1,8,8,0.370471
1,8,8,0.357569
1,8,8,0.368417
1,8,8,0.374964
1,8,8,0.384553
1,8,8,0.348018
1,8,8,0.379724
1,8,8,0.334601
1,9,9,0.360936
1,9,9,0.354530
1,9,9,0.348687
1,9,9,0.370788
1,9,9,0.360345
1,9,9,0.372614
1,9,9,0.374990
1,9,9,0.353215
1,10,10,0.338533
1,10,10,0.338356
1,10,10,0.346850
1,10,10,0.351154
1,10,10,0.342393
1,10,10,0.347665
1,10,10,0.356767
1,10,10,0.335144
1,11,11,0.329589
1,11,11,0.327997
1,11,11,0.317155
1,11,11,0.335089
1,11,11,0.315893
1,11,11,0.305764
1,11,11,0.344240
1,11,11,0.324551
1,12,12,0.305014
1,12,12,0.321224
1,12,12,0.318611
1,12,12,0.314744
1,12,12,0.297669
1,12,12,0.346385
1,12,12,0.305967
1,12,12,0.315686
1,13,13,0.292215
1,13,13,0.308060
1,13,13,0.297632
1,13,13,0.297428
1,13,13,0.304797
1,13,13,0.281575
1,13,13,0.307906
1,13,13,0.306852
1,14,14,0.275736
1,14,14,0.277946
1,14,14,0.275082
1,14,14,0.290191
1,14,14,0.280383
1,14,14,0.261512
1,14,14,0.290944
1,14,14,0.286710
1,15,15,0.274973
1,15,15,0.282346
1,15,15,0.276042
1,15,15,0.284213
1,15,15,0.280042
1,15,15,0.275347
1,15,15,0.279128
1,15,15,0.289177
1,16,16,0.259443
1,16,16,0.271102
1,16,16,0.265994
1,16,16,0.265171
1,16,16,0.261415
1,16,16,0.245416
1,16,16,0.269541
1,16,16,0.282057
1,17,17,0.243821
1,17,17,0.252581
1,17,17,0.261503
1,17,17,0.249040
1,17,17,0.255855
1,17,17,0.256782
1,17,17,0.263250
1,17,17,0.249928
1,18,18,0.244968
1,18,18,0.247569
1,18,18,0.245036
1,18,18,0.259610
1,18,18,0.246772
1,18,18,0.238633
1,18,18,0.249320
1,18,18,0.249613
1,19,19,0.243293
1,19,19,0.240311
1,19,19,0.245594
1,19,19,0.233051
1,19,19,0.239729
1,19,19,0.245664
1,19,19,0.228574
1,19,19,0.229551
1,20,20,0.242106
1,20,20,0.252810
1,20,20,0.234739
1,20,20,0.230792
1,20,20,0.227064
1,20,20,0.242610
1,20,20,0.237806
1,20,20,0.233949
1,21,21,0.227915
1,21,21,0.237523
1,21,21,0.237524
1,21,21,0.228997
1,21,21,0.241831
1,21,21,0.234604
1,21,21,0.236130
1,21,21,0.232763
1,22,22,0.224154
1,22,22,0.235051
1,22,22,0.227087
1,22,22,0.227638
1,22,22,0.238692
1,22,22,0.235277
1,22,22,0.223415
1,22,22,0.226113
1,23,23,0.217938
1,23,23,0.226685
1,23,23,0.222538
1,23,23,0.229678
1,23,23,0.219399
1,23,23,0.219857
1,23,23,0.233390
1,23,23,0.221275
1,24,24,0.219983
1,24,24,0.227640
1,24,24,0.226256
1,24,24,0.217849
1,24,24,0.226572
1,24,24,0.211380
1,24,24,0.215531
1,24,24,0.220372
1,25,25,0.216315
1,25,25,0.218759
1,25,25,0.219108
1,25,25,0.221224
1,25,25,0.217829
1,25,25,0.214654
1,25,25,0.214486
1,25,25,0.222673
1,26,26,0.214568
1,26,26,0.216891
1,26,26,0.221426
1,26,26,0.222455
1,26,26,0.215366
1,26,26,0.219968
1,26,26,0.226129
1,26,26,0.220936
1,27,27,0.205523
1,27,27,0.210380
1,27,27,0.203136
1,27,27,0.214246
1,27,27,0.212012
1,27,27,0.212005
1,27,27,0.209974
1,27,27,0.209185
1,28,28,0.208951
1,28,28,0.204458
1,28,28,0.201676
1,28,28,0.212025
1,28,28,0.208441
1,28,28,0.214159
1,28,28,0.208694
1,28,28,0.213595
1,29,29,0.209045
1,29,29,0.205478
1,29,29,0.206122
1,29,29,0.202068
1,29,29,0.203644
1,29,29,0.205895
1,29,29,0.207050
1,29,29,0.202046
1,30,30,0.205921
1,30,30,0.199757
1,30,30,0.196145
1,30,30,0.201017
1,30,30,0.201819
1,30,30,0.203480
1,30,30,0.197501
1,30,30,0.203510
1,31,31,0.196147
1,31,31,0.203053
1,31,31,0.210097
1,31,31,0.205765
1,31,31,0.204595
1,31,31,0.193339
1,31,31,0.202480
1,31,31,0.200327
1,32,32,0.197427
1,32,32,0.194191
1,32,32,0.210705
1,32,32,0.191699
1,32,32,0.197371
1,32,32,0.196328
1,32,32,0.199207
1,32,32,0.196805
1,33,33,0.194424
1,33,33,0.194116
1,33,33,0.191735
1,33,33,0.200672
1,33,33,0.188799
1,33,33,0.195326
1,33,33,0.189150
1,33,33,0.192533
1,34,34,0.197202
1,34,34,0.188962
1,34,34,0.195233
1,34,34,0.196891
1,34,34,0.192483
1,34,34,0.184886
1,34,34,0.189566
1,34,34,0.195308
1,35,35,0.190287
1,35,35,0.194901
1,35,35,0.194317
1,35,35,0.190295
1,35,35,0.188543
1,35,35,0.189834
1,35,35,0.188963
1,35,35,0.185664
1,36,36,0.188732
1,36,36,0.189445
1,36,36,0.185412
1,36,36,0.188372
1,36,36,0.184170
1,36,36,0.188679
1,36,36,0.186169
1,36,36,0.187712
1,37,37,0.185152
1,37,37,0.182443
1,37,37,0.180050
1,37,37,0.182124
1,37,37,0.188026
1,37,37,0.173730
1,37,37,0.180073
1,37,37,0.189662
1,38,38,0.192862
1,38,38,0.179109
1,38,38,0.183092
1,38,38,0.178271
1,38,38,0.185460
1,38,38,0.181768
1,38,38,0.176971
1,38,38,0.181777
1,39,39,0.181516
1,39,39,0.177130
1,39,39,0.179750
1,39,39,0.186122
1,39,39,0.183563
1,39,39,0.181728
1,39,39,0.189505
1,39,39,0.172835
1,40,40,0.184832
1,40,40,0.175102
1,40,40,0.178418
1,40,40,0.177108
1,40,40,0.181027
1,40,40,0.178404
1,40,40,0.182579
1,40,40,0.177072
1,41,41,0.181310
1,41,41,0.174198
1,41,41,0.171135
1,41,41,0.178761
1,41,41,0.175737
1,41,41,0.179735
1,41,41,0.173439
1,41,41,0.172061
1,42,42,0.179365
1,42,42,0.169460
1,42,42,0.177570
1,42,42,0.178623
1,42,42,0.173496
1,42,42,0.178966
1,42,42,0.174374
1,42,42,0.172990
1,43,43,0.176893
1,43,43,0.169707
1,43,43,0.173319
1,43,43,0.175891
1,43,43,0.175421
1,43,43,0.167825
1,43,43,0.170226
1,43,43,0.179825
1,44,44,0.164430
1,44,44,0.173618
1,44,44,0.169795
1,44,44,0.174097
1,44,44,0.176029
1,44,44,0.171456
1,44,44,0.175747
1,44,44,0.173686
1,45,45,0.167903
1,45,45,0.166639
1,45,45,0.172425
1,45,45,0.170466
1,45,45,0.170958
1,45,45,0.172474
1,45,45,0.172444
1,45,45,0.172112
1,46,46,0.168624
1,46,46,0.165404
1,46,46,0.166290
1,46,46,0.168936
1,46,46,0.169791
1,46,46,0.168335
1,46,46,0.167487
1,46,46,0.168976
1,47,47,0.168652
1,47,47,0.171572
1,47,47,0.168881
1,47,47,0.170932
1,47,47,0.170313
1,47,47,0.162238
1,47,47,0.164600
1,47,47,0.168086
1,48,48,0.164055
1,48,48,0.162623
1,48,48,0.163065
1,48,48,0.163261
1,48,48,0.163336
1,48,48,0.163389
1,48,48,0.163300
1,48,48,0.169022
1,49,49,0.166302
1,49,49,0.168516
1,49,49,0.168785
1,49,49,0.163478
1,49,49,0.162834
1,49,49,0.165975
1,49,49,0.167795
1,49,49,0.168158
1,50,50,0.158655
1,50,50,0.160079
1,50,50,0.164930
1,50,50,0.163983
1,50,50,0.170676
1,50,50,0.163068
1,50,50,0.161614
1,50,50,0.164441
1,51,51,0.166565
1,51,51,0.164401
1,51,51,0.159469
1,51,51,0.165379
1,51,51,0.161404
1,51,51,0.173060
1,51,51,0.161102
1,51,51,0.160462
1,52,52,0.161563
1,52,52,0.163210
1,52,52,0.162673
1,52,52,0.162785
1,52,52,0.166690
1,52,52,0.162258
1,52,52,0.168624
1,52,52,0.161021
1,53,53,0.163970
1,53,53,0.161557
1,53,53,0.157779
1,53,53,0.159994
1,53,53,0.156762
1,53,53,0.161638
1,53,53,0.160788
1,53,53,0.166070
1,54,54,0.158190
1,54,54,0.157814
1,54,54,0.158256
1,54,54,0.160591
1,54,54,0.156109
1,54,54,0.152551
1,54,54,0.161409
1,54,54,0.161519
1,55,55,0.155204
1,55,55,0.160537
1,55,55,0.153463
1,55,55,0.156383
1,55,55,0.161106
1,55,55,0.160425
1,55,55,0.157713
1,55,55,0.157065
1,56,56,0.156598
1,56,56,0.158946
1,56,56,0.161424
1,56,56,0.160774
1,56,56,0.161613
1,56,56,0.157780
1,56,56,0.157256
1,56,56,0.156509
1,57,57,0.159568
1,57,57,0.158168
1,57,57,0.155902
1,57,57,0.156914
1,57,57,0.156190
1,57,57,0.154874
1,57,57,0.157404
1,57,57,0.155417
1,58,58,0.154468
1,58,58,0.157903
1,58,58,0.153909
1,58,58,0.157906
1,58,58,0.157188
1,58,58,0.156050
1,58,58,0.150533
1,58,58,0.156189
1,59,59,0.152280
1,59,59,0.152993
1,59,59,0.151384
1,59,59,0.154210
1,59,59,0.152755
1,59,59,0.160204
1,59,59,0.157986
1,59,59,0.152493
1,60,60,0.154543
1,60,60,0.154752
1,60,60,0.152540
1,60,60,0.152232
1,60,60,0.158762
1,60,60,0.150056
1,60,60,0.156108
1,60,60,0.150281
1,61,61,0.148653
1,61,61,0.153521
1,61,61,0.148385
1,61,61,0.156205
1,61,61,0.148939
1,61,61,0.150839
1,61,61,0.149072
1,61,61,0.148659
1,62,62,0.156204
1,62,62,0.145988
1,62,62,0.149133
1,62,62,0.151964
1,62,62,0.147334
1,62,62,0.152782
1,62,62,0.148957
1,62,62,0.155454
1,63,63,0.148871
1,63,63,0.147445
1,63,63,0.147141
1,63,63,0.152100
1,63,63,0.147227
1,63,63,0.147852
1,63,63,0.147552
1,63,63,0.147382
1,64,64,0.149816
1,64,64,0.148971
1,64,64,0.148303
1,64,64,0.147620
1,64,64,0.144500
1,64,64,0.152300
1,64,64,0.151791
1,64,64,0.152833
1,65,65,0.157751
1,65,65,0.148129
1,65,65,0.152259
1,65,65,0.149255
1,65,65,0.148857
1,65,65,0.155392
1,65,65,0.151000
1,65,65,0.149589
1,66,66,0.148545
1,66,66,0.142041
1,66,66,0.146066
1,66,66,0.149075
1,66,66,0.149013
1,66,66,0.144434
1,66,66,0.155664
1,66,66,0.148896
1,67,67,0.152838
1,67,67,0.146800
1,67,67,0.150789
1,67,67,0.148469
1,67,67,0.152348
1,67,67,0.143571
1,67,67,0.147463
1,67,67,0.149221
1,68,68,0.151741
1,68,68,0.149561
1,68,68,0.150410
1,68,68,0.152141
1,68,68,0.147426
1,68,68,0.146750
1,68,68,0.150501
1,68,68,0.146104
1,69,69,0.151953
1,69,69,0.147665
1,69,69,0.148644
1,69,69,0.144334
1,69,69,0.145469
1,69,69,0.149480
1,69,69,0.152216
1,69,69,0.146273
1,70,70,0.148311
1,70,70,0.149087
1,70,70,0.145843
1,70,70,0.145770
1,70,70,0.145517
1,70,70,0.143527
1,70,70,0.146666
1,70,70,0.150802
1,71,71,0.145909
1,71,71,0.146667
1,71,71,0.147014
1,71,71,0.148623
1,71,71,0.147451
1,71,71,0.148609
1,71,71,0.146319
1,71,71,0.145197
1,72,72,0.144257
1,72,72,0.141197
1,72,72,0.147619
1,72,72,0.145480
1,72,72,0.149901
1,72,72,0.149178
1,72,72,0.148758
1,72,72,0.149154
1,73,73,0.144252
1,73,73,0.147506
1,73,73,0.142426
1,73,73,0.139688
1,73,73,0.148144
1,73,73,0.146506
1,73,73,0.142828
1,73,73,0.140536
1,74,74,0.144690
1,74,74,0.145464
1,74,74,0.139917
1,74,74,0.144770
1,74,74,0.142225
1,74,74,0.144753
1,74,74,0.142537
1,74,74,0.145387
1,75,75,0.144488
1,75,75,0.141209
1,75,75,0.142415
1,75,75,0.144924
1,75,75,0.141205
1,75,75,0.141738
1,75,75,0.139338
1,75,75,0.140711
1,76,76,0.143096
1,76,76,0.137467
1,76,76,0.143913
1,76,76,0.142414
1,76,76,0.139402
1,76,76,0.140133
1,76,76,0.146805
1,76,76,0.135661
1,77,77,0.143696
1,77,77,0.140912
1,77,77,0.142735
1,77,77,0.141764
1,77,77,0.144075
1,77,77,0.136883
1,77,77,0.141673
1,77,77,0.146968
1,78,78,0.146613
1,78,78,0.141562
1,78,78,0.140717
1,78,78,0.140068
1,78,78,0.138878
1,78,78,0.145143
1,78,78,0.147253
1,78,78,0.142725
1,79,79,0.135573
1,79,79,0.139526
1,79,79,0.142719
1,79,79,0.140177
1,79,79,0.136859
1,79,79,0.136371
1,79,79,0.150900
1,79,79,0.140872
1,80,80,0.142071
1,80,80,0.146887
1,80,80,0.140495
1,80,80,0.140864
1,80,80,0.144298
1,80,80,0.144039
1,80,80,0.138471
1,80,80,0.137378
1,81,81,0.137244
1,81,81,0.141170
1,81,81,0.135450
1,81,81,0.136609
1,81,81,0.140066
1,81,81,0.137964
1,81,81,0.140157
1,81,81,0.140195
1,82,82,0.145304
1,82,82,0.139517
1,82,82,0.139664
1,82,82,0.139747
1,82,82,0.143075
1,82,82,0.136639
1,82,82,0.139599
1,82,82,0.138781
1,83,83,0.138612
1,83,83,0.140641
1,83,83,0.132913
1,83,83,0.141949
1,83,83,0.139629
1,83,83,0.137029
1,83,83,0.141684
1,83,83,0.135494
1,84,84,0.137018
1,84,84,0.140132
1,84,84,0.143591
1,84,84,0.137468
1,84,84,0.139177
1,84,84,0.141311
1,84,84,0.142978
1,84,84,0.141989
1,85,85,0.135210
1,85,85,0.140111
1,85,85,0.138714
1,85,85,0.133006
1,85,85,0.138885
1,85,85,0.137731
1,85,85,0.145648
1,85,85,0.136425
1,86,86,0.136080
1,86,86,0.140577
1,86,86,0.139581
1,86,86,0.135384
1,86,86,0.139320
1,86,86,0.134273
1,86,86,0.137863
1,86,86,0.138032
1,87,87,0.138026
1,87,87,0.132407
1,87,87,0.140990
1,87,87,0.137793
1,87,87,0.133588
1,87,87,0.130945
1,87,87,0.137033
1,87,87,0.140363
1,88,88,0.136494
1,88,88,0.134525
1,88,88,0.136937
1,88,88,0.137319
1,88,88,0.137462
1,88,88,0.133501
1,88,88,0.135489
1,88,88,0.135308
1,89,89,0.138944
1,89,89,0.132565
1,89,89,0.135995
1,89,89,0.138474
1,89,89,0.139016
1,89,89,0.139806
1,89,89,0.141535
1,89,89,0.134382
1,90,90,0.133640
1,90,90,0.135451
1,90,90,0.135053
1,90,90,0.133993
1,90,90,0.138143
1,90,90,0.137184
1,90,90,0.138475
1,90,90,0.133756
1,91,91,0.137133
1,91,91,0.134970
1,91,91,0.133880
1,91,91,0.131857
1,91,91,0.136799
1,91,91,0.138163
1,91,91,0.135592
1,91,91,0.133451
1,92,92,0.139387
1,92,92,0.131574
1,92,92,0.136841
1,92,92,0.134872
1,92,92,0.136229
1,92,92,0.131988
1,92,92,0.136100
1,92,92,0.134311
1,93,93,0.137790
1,93,93,0.135682
1,93,93,0.137078
1,93,93,0.135691
1,93,93,0.136297
1,93,93,0.134526
1,93,93,0.135582
1,93,93,0.136563
1,94,94,0.134054
1,94,94,0.133226
1,94,94,0.131163
1,94,94,0.133308
1,94,94,0.128448
1,94,94,0.132977
1,94,94,0.132154
1,94,94,0.133607
1,95,95,0.132340
1,95,95,0.133391
1,95,95,0.130980
1,95,95,0.135474
1,95,95,0.136167
1,95,95,0.136338
1,95,95,0.133475
1,95,95,0.134623
1,96,96,0.132276
1,96,96,0.135115
1,96,96,0.134249
1,96,96,0.135661
1,96,96,0.128993
1,96,96,0.133889
1,96,96,0.130291
1,96,96,0.136753
1,97,97,0.135101
1,97,97,0.134355
1,97,97,0.129945
1,97,97,0.134270
1,97,97,0.129967
1,97,97,0.135232
1,97,97,0.131352
1,97,97,0.132241
1,98,98,0.130367
1,98,98,0.133898
1,98,98,0.130412
1,98,98,0.130411
1,98,98,0.134446
1,98,98,0.129294
1,98,98,0.130711
1,98,98,0.129735
1,99,99,0.138052
1,99,99,0.131849
1,99,99,0.133084
1,99,99,0.133961
1,99,99,0.134928
1,99,99,0.132391
1,99,99,0.133929
1,99,99,0.132209
1,100,100,0.131700
1,100,100,0.133845
1,100,100,0.131493
1,100,100,0.134573
1,100,100,0.132618
1,100,100,0.134371
1,100,100,0.132611
1,100,100,0.134122
1,101,101,0.132023
1,101,101,0.135704
1,101,101,0.133479
1,101,101,0.134784
1,101,101,0.131269
1,101,101,0.137363
1,101,101,0.129617
1,101,101,0.130586
1,102,102,0.128211
1,102,102,0.133398
1,102,102,0.128711
1,102,102,0.135024
1,102,102,0.129485
1,102,102,0.130207
1,102,102,0.130913
1,102,102,0.130654
1,103,103,0.128693
1,103,103,0.130489
1,103,103,0.134443
1,103,103,0.137607
1,103,103,0.133657
1,103,103,0.128458
1,103,103,0.131906
1,103,103,0.134200
1,104,104,0.136175
1,104,104,0.128164
1,104,104,0.132268
1,104,104,0.131326
1,104,104,0.130704
1,104,104,0.130453
1,104,104,0.135062
1,104,104,0.133322
1,105,105,0.132494
1,105,105,0.132589
1,105,105,0.134025
1,105,105,0.136141
1,105,105,0.125646
1,105,105,0.134567
1,105,105,0.131622
1,105,105,0.132235
1,106,106,0.135654
1,106,106,0.134028
1,106,106,0.130973
1,106,106,0.129597
1,106,106,0.128890
1,106,106,0.127754
1,106,106,0.130883
1,106,106,0.131397
1,107,107,0.134402
1,107,107,0.130645
1,107,107,0.130291
1,107,107,0.136402
1,107,107,0.127799
1,107,107,0.125058
1,107,107,0.130278
1,107,107,0.128863
1,108,108,0.131060
1,108,108,0.131754
1,108,108,0.131293
1,108,108,0.133524
1,108,108,0.127464
1,108,108,0.127956
1,108,108,0.135525
1,108,108,0.131849
1,109,109,0.136053
1,109,109,0.132755
1,109,109,0.135616
1,109,109,0.137437
1,109,109,0.138587
1,109,109,0.136759
1,109,109,0.136775
1,109,109,0.138203
1,110,110,0.133512
1,110,110,0.137679
1,110,110,0.137395
1,110,110,0.136421
1,110,110,0.131637
1,110,110,0.139727
1,110,110,0.132414
1,110,110,0.136934
1,111,111,0.131758
1,111,111,0.136832
1,111,111,0.132384
1,111,111,0.138247
1,111,111,0.135084
1,111,111,0.131447
1,111,111,0.129278
1,111,111,0.132549
1,112,112,0.138869
1,112,112,0.138736
1,112,112,0.135818
1,112,112,0.136225
1,112,112,0.137644
1,112,112,0.136209
1,112,112,0.139973
1,112,112,0.136041
1,113,113,0.127473
1,113,113,0.126600
1,113,113,0.135223
1,113,113,0.130400
1,113,113,0.134212
1,113,113,0.133156
1,113,113,0.135987
1,113,113,0.137566
1,114,114,0.132629
1,114,114,0.132114
1,114,114,0.131609
1,114,114,0.124292
1,114,114,0.130969
1,114,114,0.135283
1,114,114,0.129670
1,114,114,0.132933
1,115,115,0.136575
1,115,115,0.126679
1,115,115,0.131937
1,115,115,0.131754
1,115,115,0.133886
1,115,115,0.135282
1,115,115,0.135666
1,115,115,0.132468
1,116,116,0.130924
1,116,116,0.132397
1,116,116,0.127390
1,116,116,0.133878
1,116,116,0.132567
1,116,116,0.129775
1,116,116,0.126394
1,116,116,0.130742
1,117,117,0.137113
1,117,117,0.128998
1,117,117,0.130495
1,117,117,0.131676
1,117,117,0.129331
1,117,117,0.130492
1,117,117,0.130724
1,117,117,0.134790
1,118,118,0.127612
1,118,118,0.126811
1,118,118,0.131016
1,118,118,0.136752
1,118,118,0.127124
1,118,118,0.130496
1,118,118,0.132650
1,118,118,0.132676
1,119,119,0.130428
1,119,119,0.136141
1,119,119,0.126623
1,119,119,0.132672
1,119,119,0.131555
1,119,119,0.127225
1,119,119,0.129337
1,119,119,0.132742
1,120,120,0.133934
1,120,120,0.127806
1,120,120,0.132023
1,120,120,0.128219
1,120,120,0.136339
1,120,120,0.129729
1,120,120,0.137784
1,120,120,0.132222
1,121,121,0.132113
1,121,121,0.133368
1,121,121,0.123715
1,121,121,0.128769
1,121,121,0.134325
1,121,121,0.130567
1,121,121,0.129776
1,121,121,0.131813
1,122,122,0.126551
1,122,122,0.130793
1,122,122,0.133734
1,122,122,0.128694
1,122,122,0.127583
1,122,122,0.128088
1,122,122,0.132079
1,122,122,0.127886
1,123,123,0.127279
1,123,123,0.131531
1,123,123,0.130658
1,123,123,0.128995
1,123,123,0.136494
1,123,123,0.127216
1,123,123,0.129930
1,123,123,0.125629
1,124,124,0.129954
1,124,124,0.128647
1,124,124,0.127634
1,124,124,0.128635
1,124,124,0.130216
1,124,124,0.128758
1,124,124,0.137220
1,124,124,0.130721
1,125,125,0.126399
1,125,125,0.126710
1,125,125,0.126778
1,125,125,0.134100
1,125,125,0.127177
1,125,125,0.128694
1,125,125,0.131711
1,125,125,0.127293
1,126,126,0.129439
1,126,126,0.129305
1,126,126,0.133245
1,126,126,0.125665
1,126,126,0.126659
1,126,126,0.125991
1,126,126,0.130435
1,126,126,0.132960
1,127,127,0.124233
1,127,127,0.123773
1,127,127,0.138445
1,127,127,0.132055
1,127,127,0.126405
1,127,127,0.127085
1,127,127,0.126436
1,127,127,0.129299
1,128,128,0.128763
1,128,128,0.124337
1,128,128,0.125790
1,128,128,0.123196
1,128,128,0.129885
1,128,128,0.126386
1,128,128,0.127234
1,128,128,0.125044
1,129,129,0.131378
1,129,129,0.124808
1,129,129,0.127658
1,129,129,0.127933
1,129,129,0.126908
1,129,129,0.131079
1,129,129,0.125445
1,129,129,0.124274
1,130,130,0.126736
1,130,130,0.125543
1,130,130,0.127321
1,130,130,0.126347
1,130,130,0.127045
1,130,130,0.129256
1,130,130,0.129418
1,130,130,0.127337
1,131,131,0.129994
1,131,131,0.128851
1,131,131,0.126037
1,131,131,0.127942
1,131,131,0.125490
1,131,131,0.125157
1,131,131,0.122736
1,131,131,0.126276
1,132,132,0.126084
1,132,132,0.125576
1,132,132,0.131573
1,132,132,0.128553
1,132,132,0.130895
1,132,132,0.126793
1,132,132,0.128358
1,132,132,0.124379
1,133,133,0.127853
1,133,133,0.124544
1,133,133,0.129816
1,133,133,0.131447
1,133,133,0.126924
1,133,133,0.127649
1,133,133,0.126756
1,133,133,0.130713
1,134,134,0.122487
1,134,134,0.127145
1,134,134,0.123645
1,134,134,0.125346
1,134,134,0.129425
1,134,134,0.130313
1,134,134,0.129349
1,134,134,0.124514
1,135,135,0.126417
1,135,135,0.126112
1,135,135,0.128942
1,135,135,0.125190
1,135,135,0.126302
1,135,135,0.128363
1,135,135,0.127990
1,135,135,0.125267
1,136,136,0.129346
1,136,136,0.123864
1,136,136,0.129080
1,136,136,0.131105
1,136,136,0.124732
1,136,136,0.122568
1,136,136,0.123181
1,136,136,0.124490
1,137,137,0.129329
1,137,137,0.132292
1,137,137,0.123683
1,137,137,0.125777
1,137,137,0.126398
1,137,137,0.123500
1,137,137,0.127400
1,137,137,0.127657
1,138,138,0.124617
1,138,138,0.128964
1,138,138,0.125835
1,138,138,0.121827
1,138,138,0.124030
1,138,138,0.126130
1,138,138,0.126002
1,138,138,0.122210
1,139,139,0.123499
1,139,139,0.127564
1,139,139,0.129111
1,139,139,0.126675
1,139,139,0.124658
1,139,139,0.129721
1,139,139,0.126725
1,139,139,0.127707
1,140,140,0.126385
1,140,140,0.122381
1,140,140,0.128245
1,140,140,0.124602
1,140,140,0.129447
1,140,140,0.131745
1,140,140,0.125141
1,140,140,0.125925
1,141,141,0.128144
1,141,141,0.125028
1,141,141,0.128417
1,141,141,0.126474
1,141,141,0.125370
1,141,141,0.123627
1,141,141,0.122491
1,141,141,0.125388
1,142,142,0.125294
1,142,142,0.125124
1,142,142,0.124167
1,142,142,0.124142
1,142,142,0.125432
1,142,142,0.126299
1,142,142,0.121568
1,142,142,0.121789
1,143,143,0.129065
1,143,143,0.124166
1,143,143,0.127770
1,143,143,0.122973
1,143,143,0.124639
1,143,143,0.125498
1,143,143,0.129420
1,143,143,0.127577
1,144,144,0.122693
1,144,144,0.125834
1,144,144,0.123566
1,144,144,0.126882
1,144,144,0.122561
1,144,144,0.126241
1,144,144,0.128028
1,144,144,0.125361
1,145,145,0.124235
1,145,145,0.122868
1,145,145,0.123151
1,145,145,0.122684
1,145,145,0.125948
1,145,145,0.122937
1,145,145,0.132156
1,145,145,0.125659
1,146,146,0.119187
1,146,146,0.128066
1,146,146,0.125104
1,146,146,0.128385
1,146,146,0.126898
1,146,146,0.127061
1,146,146,0.124244
1,146,146,0.124353
1,147,147,0.121585
1,147,147,0.125034
1,147,147,0.124170
1,147,147,0.124993
1,147,147,0.125914
1,147,147,0.121612
1,147,147,0.128130
1,147,147,0.125925
1,148,148,0.130637
1,148,148,0.123275
1,148,148,0.126823
1,148,148,0.121684
1,148,148,0.122746
1,148,148,0.125871
1,148,148,0.123895
1,148,148,0.127973
1,149,149,0.124506
1,149,149,0.125937
1,149,149,0.122572
1,149,149,0.124996
1,149,149,0.126777
1,149,149,0.123852
1,149,149,0.122015
1,149,149,0.123127
1,150,150,0.121890
1,150,150,0.130311
1,150,150,0.123172
1,150,150,0.126097
1,150,150,0.127288
1,150,150,0.124146
1,150,150,0.127382
1,150,150,0.121251
1,151,151,0.121037
1,151,151,0.123215
1,151,151,0.122523
1,151,151,0.126989
1,151,151,0.125411
1,151,151,0.124548
1,151,151,0.131076
1,151,151,0.132317
1,152,152,0.122612
1,152,152,0.125328
1,152,152,0.123980
1,152,152,0.123364
1,152,152,0.123748
1,152,152,0.123297
1,152,152,0.127835
1,152,152,0.126653
1,153,153,0.122880
1,153,153,0.124720
1,153,153,0.124647
1,153,153,0.124162
1,153,153,0.127466
1,153,153,0.122040
1,153,153,0.125508
1,153,153,0.127230
1,154,154,0.122312
1,154,154,0.121777
1,154,154,0.120221
1,154,154,0.121171
1,154,154,0.124190
1,154,154,0.121282
1,154,154,0.124392
1,154,154,0.124006
1,155,155,0.122226
1,155,155,0.124257
1,155,155,0.124832
1,155,155,0.123749
1,155,155,0.123796
1,155,155,0.125212
1,155,155,0.122905
1,155,155,0.127107
1,156,156,0.124110
1,156,156,0.120415
1,156,156,0.125663
1,156,156,0.123226
1,156,156,0.123164
1,156,156,0.119447
1,156,156,0.127386
1,156,156,0.127368
1,157,157,0.127840
1,157,157,0.124314
1,157,157,0.124062
1,157,157,0.122878
1,157,157,0.125474
1,157,157,0.125991
1,157,157,0.125333
1,157,157,0.123681
1,158,158,0.124988
1,158,158,0.123979
1,158,158,0.122936
1,158,158,0.122661
1,158,158,0.120332
1,158,158,0.123644
1,158,158,0.123334
1,158,158,0.125589
1,159,159,0.125500
1,159,159,0.123105
1,159,159,0.123483
1,159,159,0.123960
1,159,159,0.122193
1,159,159,0.123800
1,159,159,0.122161
1,159,159,0.125225
1,160,160,0.125399
1,160,160,0.122244
1,160,160,0.124550
1,160,160,0.123006
1,160,160,0.120920
1,160,160,0.122931
1,160,160,0.120890
1,160,160,0.126486
1,161,161,0.126230
1,161,161,0.126321
1,161,161,0.127179
1,161,161,0.123988
1,161,161,0.125102
1,161,161,0.127277
1,161,161,0.126515
1,161,161,0.124464
1,162,162,0.121856
1,162,162,0.124323
1,162,162,0.131928
1,162,162,0.125684
1,162,162,0.121846
1,162,162,0.123429
1,162,162,0.126262
1,162,162,0.124808
1,163,163,0.124007
1,163,163,0.124214
1,163,163,0.129119
1,163,163,0.124673
1,163,163,0.125475
1,163,163,0.121583
1,163,163,0.126529
1,163,163,0.122008
1,164,164,0.123093
1,164,164,0.121368
1,164,164,0.123220
1,164,164,0.128227
1,164,164,0.123052
1,164,164,0.127369
1,164,164,0.120075
1,164,164,0.123101
1,165,165,0.122673
1,165,165,0.125039
1,165,165,0.122992
1,165,165,0.124340
1,165,165,0.128695
1,165,165,0.124703
1,165,165,0.126062
1,165,165,0.123540
1,166,166,0.131494
1,166,166,0.123979
1,166,166,0.123828
1,166,166,0.121509
1,166,166,0.121378
1,166,166,0.124130
1,166,166,0.123049
1,166,166,0.123665
1,167,167,0.130136
1,167,167,0.124279
1,167,167,0.123459
1,167,167,0.135257
1,167,167,0.122618
1,167,167,0.125432
1,167,167,0.124130
1,167,167,0.121294
1,168,168,0.124138
1,168,168,0.125880
1,168,168,0.129160
1,168,168,0.127467
1,168,168,0.124693
1,168,168,0.122731
1,168,168,0.123510
1,168,168,0.123448
1,169,169,0.125926
1,169,169,0.125059
1,169,169,0.122006
1,169,169,0.126779
1,169,169,0.123517
1,169,169,0.121037
1,169,169,0.127010
1,169,169,0.127928
1,170,170,0.124884
1,170,170,0.126473
1,170,170,0.120984
1,170,170,0.122866
1,170,170,0.125283
1,170,170,0.122137
1,170,170,0.125354
1,170,170,0.122260
1,171,171,0.131988
1,171,171,0.128200
1,171,171,0.128051
1,171,171,0.124288
1,171,171,0.121998
1,171,171,0.124026
1,171,171,0.124516
1,171,171,0.125203
1,172,172,0.129938
1,172,172,0.132518
1,172,172,0.123611
1,172,172,0.123718
1,172,172,0.120720
1,172,172,0.123450
1,172,172,0.126116
1,172,172,0.127510
1,173,173,0.125717
1,173,173,0.123071
1,173,173,0.124007
1,173,173,0.129164
1,173,173,0.123516
1,173,173,0.123580
1,173,173,0.122128
1,173,173,0.123465
1,174,174,0.123457
1,174,174,0.125690
1,174,174,0.124839
1,174,174,0.124302
1,174,174,0.122783
1,174,174,0.124843
1,174,174,0.126572
1,174,174,0.122363
1,175,175,0.128653
1,175,175,0.123694
1,175,175,0.122448
1,175,175,0.123852
1,175,175,0.124347
1,175,175,0.126104
1,175,175,0.123524
1,175,175,0.126398
1,176,176,0.122529
1,176,176,0.120761
1,176,176,0.125232
1,176,176,0.126229
1,176,176,0.125064
1,176,176,0.131387
1,176,176,0.121325
1,176,176,0.124041
1,177,177,0.122565
1,177,177,0.122615
1,177,177,0.123142
1,177,177,0.124124
1,177,177,0.125204
1,177,177,0.124185
1,177,177,0.127939
1,177,177,0.123077
1,178,178,0.124150
1,178,178,0.121905
1,178,178,0.124570
1,178,178,0.126430
1,178,178,0.124304
1,178,178,0.127706
1,178,178,0.129578
1,178,178,0.124012
1,179,179,0.123346
1,179,179,0.123534
1,179,179,0.123013
1,179,179,0.124419
1,179,179,0.123390
1,179,179,0.124938
1,179,179,0.122495
1,179,179,0.125719
1,180,180,0.123183
1,180,180,0.128381
1,180,180,0.125556
1,180,180,0.123792
1,180,180,0.122709
1,180,180,0.126445
1,180,180,0.126499
1,180,180,0.121394
1,181,181,0.132298
1,181,181,0.128849
1,181,181,0.124778
1,181,181,0.124267
1,181,181,0.122445
1,181,181,0.122677
1,181,181,0.129324
1,181,181,0.125209
1,182,182,0.124635
1,182,182,0.123118
1,182,182,0.123919
1,182,182,0.123814
1,182,182,0.122389
1,182,182,0.123106
1,182,182,0.124043
1,182,182,0.123088
1,183,183,0.122296
1,183,183,0.124701
1,183,183,0.124286
1,183,183,0.122507
1,183,183,0.126389
1,183,183,0.122103
1,183,183,0.128001
1,183,183,0.124018
1,184,184,0.121015
1,184,184,0.121439
1,184,184,0.124276
1,184,184,0.120908
1,184,184,0.125744
1,184,184,0.122896
1,184,184,0.129405
1,184,184,0.123168
1,185,185,0.125530
1,185,185,0.120500
1,185,185,0.121071
1,185,185,0.120560
1,185,185,0.125366
1,185,185,0.118009
1,185,185,0.127464
1,185,185,0.122522
1,186,186,0.121734
1,186,186,0.124624
1,186,186,0.124037
1,186,186,0.123456
1,186,186,0.123578
1,186,186,0.124222
1,186,186,0.126622
1,186,186,0.122822
1,187,187,0.120388
1,187,187,0.117916
1,187,187,0.123450
1,187,187,0.122369
1,187,187,0.121272
1,187,187,0.123588
1,187,187,0.124572
1,187,187,0.123269
1,188,188,0.124071
1,188,188,0.123754
1,188,188,0.119403
1,188,188,0.123808
1,188,188,0.121932
1,188,188,0.119518
1,188,188,0.121390
1,188,188,0.118399
1,189,189,0.125452
1,189,189,0.121234
1,189,189,0.126678
1,189,189,0.125403
1,189,189,0.123822
1,189,189,0.123317
1,189,189,0.122526
1,189,189,0.122374
1,190,190,0.123549
1,190,190,0.120867
1,190,190,0.122727
1,190,190,0.124538
1,190,190,0.124399
1,190,190,0.123532
1,190,190,0.126435
1,190,190,0.125706
1,191,191,0.125257
1,191,191,0.120857
1,191,191,0.123406
1,191,191,0.122316
1,191,191,0.129250
1,191,191,0.123107
1,191,191,0.124661
1,191,191,0.123963
1,192,192,0.126250
1,192,192,0.126950
1,192,192,0.120449
1,192,192,0.120288
1,192,192,0.125630
1,192,192,0.122713
1,192,192,0.123922
1,192,192,0.120808
1,193,193,0.122771
1,193,193,0.121625
1,193,193,0.121082
1,193,193,0.121635
1,193,193,0.128360
1,193,193,0.125552
1,193,193,0.126793
1,193,193,0.122027
1,194,194,0.122948
1,194,194,0.124459
1,194,194,0.124051
1,194,194,0.124403
1,194,194,0.124309
1,194,194,0.124970
1,194,194,0.122853
1,194,194,0.124373
1,195,195,0.122438
1,195,195,0.121226
1,195,195,0.121130
1,195,195,0.125827
1,195,195,0.123465
1,195,195,0.120875
1,195,195,0.121416
1,195,195,0.125742
1,196,196,0.123516
1,196,196,0.124998
1,196,196,0.125130
1,196,196,0.123676
1,196,196,0.121621
1,196,196,0.121797
1,196,196,0.124735
1,196,196,0.124253
1,197,197,0.126060
1,197,197,0.125891
1,197,197,0.125002
1,197,197,0.125057
1,197,197,0.125990
1,197,197,0.123270
1,197,197,0.126278
1,197,197,0.125406
1,198,198,0.124912
1,198,198,0.125766
1,198,198,0.118784
1,198,198,0.121197
1,198,198,0.121839
1,198,198,0.122896
1,198,198,0.124232
1,198,198,0.119871
1,199,199,0.120005
1,199,199,0.123724
1,199,199,0.124096
1,199,199,0.119217
1,199,199,0.123028
1,199,199,0.121064
1,199,199,0.124021
1,199,199,0.119748
1,200,200,0.119229
1,200,200,0.126134
1,200,200,0.124340
1,200,200,0.122572
1,200,200,0.126132
1,200,200,0.125758
1,200,200,0.122668
1,200,200,0.122359
1,201,201,0.120447
1,201,201,0.122846
1,201,201,0.120156
1,201,201,0.119739
1,201,201,0.123972
1,201,201,0.122873
1,201,201,0.124027
1,201,201,0.122017
1,202,202,0.119267
1,202,202,0.123689
1,202,202,0.128646
1,202,202,0.122779
1,202,202,0.121245
1,202,202,0.124213
1,202,202,0.125470
1,202,202,0.119685
1,203,203,0.118748
1,203,203,0.119766
1,203,203,0.121039
1,203,203,0.122528
1,203,203,0.121648
1,203,203,0.120303
1,203,203,0.122847
1,203,203,0.122727
1,204,204,0.125413
1,204,204,0.122363
1,204,204,0.122861
1,204,204,0.127062
1,204,204,0.122184
1,204,204,0.124798
1,204,204,0.119327
1,204,204,0.127101
1,205,205,0.118979
1,205,205,0.124311
1,205,205,0.121053
1,205,205,0.120505
1,205,205,0.122334
1,205,205,0.119975
1,205,205,0.120587
1,205,205,0.129582
1,206,206,0.121124
1,206,206,0.120994
1,206,206,0.122794
1,206,206,0.120597
1,206,206,0.121207
1,206,206,0.118870
1,206,206,0.119568
1,206,206,0.120811
1,207,207,0.121185
1,207,207,0.125838
1,207,207,0.124408
1,207,207,0.123079
1,207,207,0.121761
1,207,207,0.120103
1,207,207,0.121671
1,207,207,0.124495
1,208,208,0.121174
1,208,208,0.124342
1,208,208,0.124286
1,208,208,0.120192
1,208,208,0.124976
1,208,208,0.117307
1,208,208,0.122073
1,208,208,0.121097
1,209,209,0.119510
1,209,209,0.122168
1,209,209,0.125800
1,209,209,0.124394
1,209,209,0.122300
1,209,209,0.121528
1,209,209,0.125048
1,209,209,0.127556
1,210,210,0.122426
1,210,210,0.121148
1,210,210,0.122331
1,210,210,0.122171
1,210,210,0.122647
1,210,210,0.123289
1,210,210,0.121526
1,210,210,0.120407
1,211,211,0.120167
1,211,211,0.119391
1,211,211,0.123599
1,211,211,0.124167
1,211,211,0.124445
1,211,211,0.123124
1,211,211,0.121771
1,211,211,0.128673
1,212,212,0.119241
1,212,212,0.121454
1,212,212,0.126327
1,212,212,0.121825
1,212,212,0.119965
1,212,212,0.116679
1,212,212,0.122926
1,212,212,0.118424
1,213,213,0.119561
1,213,213,0.120146
1,213,213,0.119836
1,213,213,0.122432
1,213,213,0.122641
1,213,213,0.121069
1,213,213,0.120212
1,213,213,0.117097
1,214,214,0.121484
1,214,214,0.118574
1,214,214,0.121600
1,214,214,0.121644
1,214,214,0.119914
1,214,214,0.123994
1,214,214,0.118528
1,214,214,0.123751
1,215,215,0.122433
1,215,215,0.122343
1,215,215,0.117648
1,215,215,0.118872
1,215,215,0.118162
1,215,215,0.121069
1,215,215,0.118899
1,215,215,0.125700
1,216,216,0.124552
1,216,216,0.118588
1,216,216,0.124573
1,216,216,0.122112
1,216,216,0.120397
1,216,216,0.122513
1,216,216,0.120701
1,216,216,0.119526
1,217,217,0.120898
1,217,217,0.124292
1,217,217,0.122489
1,217,217,0.121465
1,217,217,0.116068
1,217,217,0.122631
1,217,217,0.119960
1,217,217,0.123241
1,218,218,0.126205
1,218,218,0.118613
1,218,218,0.125301
1,218,218,0.122067
1,218,218,0.121033
1,218,218,0.120178
1,218,218,0.122161
1,218,218,0.118158
1,219,219,0.124380
1,219,219,0.121438
1,219,219,0.124232
1,219,219,0.121272
1,219,219,0.120215
1,219,219,0.120307
1,219,219,0.118377
1,219,219,0.125548
1,220,220,0.121139
1,220,220,0.120961
1,220,220,0.119502
1,220,220,0.122553
1,220,220,0.121176
1,220,220,0.119042
1,220,220,0.120102
1,220,220,0.126987
1,221,221,0.120620
1,221,221,0.119625
1,221,221,0.123373
1,221,221,0.123851
1,221,221,0.123053
1,221,221,0.121014
1,221,221,0.123407
1,221,221,0.125023
1,222,222,0.121663
1,222,222,0.122949
1,222,222,0.124498
1,222,222,0.122292
1,222,222,0.120279
1,222,222,0.124564
1,222,222,0.122278
1,222,222,0.123267
1,223,223,0.120529
1,223,223,0.127604
1,223,223,0.120962
1,223,223,0.125859
1,223,223,0.125166
1,223,223,0.122612
1,223,223,0.127128
1,223,223,0.121998
1,224,224,0.122400
1,224,224,0.121675
1,224,224,0.127065
1,224,224,0.124420
1,224,224,0.127225
1,224,224,0.128299
1,224,224,0.128865
1,224,224,0.124251
1,225,225,0.124134
1,225,225,0.128112
1,225,225,0.125712
1,225,225,0.127535
1,225,225,0.120625
1,225,225,0.124444
1,225,225,0.122418
1,225,225,0.122303
1,226,226,0.132476
1,226,226,0.135159
1,226,226,0.134915
1,226,226,0.138580
1,226,226,0.139065
1,226,226,0.132167
1,226,226,0.141087
1,226,226,0.142992
1,227,227,0.124831
1,227,227,0.127042
1,227,227,0.123132
1,227,227,0.128678
1,227,227,0.126955
1,227,227,0.123372
1,227,227,0.124557
1,227,227,0.126867
1,228,228,0.211960
1,228,228,0.214632
1,228,228,0.229177
1,228,228,0.208258
1,228,228,0.207552
1,228,228,0.213109
1,228,228,0.250786
1,228,228,0.217434
1,229,229,0.231994
1,229,229,0.223730
1,229,229,0.221402
1,229,229,0.203860
1,229,229,0.218097
1,229,229,0.199577
1,229,229,0.239197
1,229,229,0.231365
1,230,230,0.147035
1,230,230,0.143360
1,230,230,0.145676
1,230,230,0.145769
1,230,230,0.144494
1,230,230,0.144480
1,230,230,0.142506
1,230,230,0.147717
1,231,231,0.179698
1,231,231,0.169617
1,231,231,0.177015
1,231,231,0.173755
1,231,231,0.178877
1,231,231,0.184090
1,231,231,0.174240
1,231,231,0.170142
1,232,232,0.172478
1,232,232,0.191255
1,232,232,0.188122
1,232,232,0.186461
1,232,232,0.189880
1,232,232,0.186215
1,232,232,0.186839
1,232,232,0.180072
1,233,233,0.161159
1,233,233,0.160051
1,233,233,0.148144
1,233,233,0.153146
1,233,233,0.154037
1,233,233,0.156045
1,233,233,0.159635
1,233,233,0.166456
1,234,234,0.162438
1,234,234,0.150155
1,234,234,0.156346
1,234,234,0.155561
1,234,234,0.158102
1,234,234,0.159625
1,234,234,0.155631
1,234,234,0.156669
1,235,235,0.167851
1,235,235,0.169531
1,235,235,0.169502
1,235,235,0.175736
1,235,235,0.173860
1,235,235,0.167024
1,235,235,0.164240
1,235,235,0.166731
1,236,236,0.159968
1,236,236,0.161157
1,236,236,0.160345
1,236,236,0.161285
1,236,236,0.159680
1,236,236,0.165740
1,236,236,0.160781
1,236,236,0.164199
1,237,237,0.146134
1,237,237,0.136839
1,237,237,0.138115
1,237,237,0.141652
1,237,237,0.137339
1,237,237,0.140862
1,237,237,0.137520
1,237,237,0.145619
1,238,238,0.174622
1,238,238,0.149652
1,238,238,0.156613
1,238,238,0.148970
1,238,238,0.159203
1,238,238,0.156648
1,238,238,0.159140
1,238,238,0.161604
1,239,239,0.153717
1,239,239,0.156867
1,239,239,0.155993
1,239,239,0.151291
1,239,239,0.150111
1,239,239,0.155568
1,239,239,0.157950
1,239,239,0.158598
1,240,240,0.158317
1,240,240,0.142357
1,240,240,0.147545
1,240,240,0.149948
1,240,240,0.151263
1,240,240,0.142863
1,240,240,0.145862
1,240,240,0.147205
1,241,241,0.132064
1,241,241,0.134273
1,241,241,0.138304
1,241,241,0.136255
1,241,241,0.135805
1,241,241,0.136083
1,241,241,0.138797
1,241,241,0.135838
1,242,242,0.147766
1,242,242,0.147138
1,242,242,0.148765
1,242,242,0.144515
1,242,242,0.142566
1,242,242,0.141342
1,242,242,0.145816
1,242,242,0.147408
1,243,243,0.142258
1,243,243,0.135626
1,243,243,0.136524
1,243,243,0.141912
1,243,243,0.138235
1,243,243,0.140888
1,243,243,0.148388
1,243,243,0.139141
1,244,244,0.138293
1,244,244,0.130516
1,244,244,0.135214
1,244,244,0.136320
1,244,244,0.140064
1,244,244,0.140136
1,244,244,0.129126
1,244,244,0.136448
1,245,245,0.135848
1,245,245,0.137940
1,245,245,0.138435
1,245,245,0.135047
1,245,245,0.146410
1,245,245,0.139059
1,245,245,0.136570
1,245,245,0.139758
1,246,246,0.148356
1,246,246,0.140474
1,246,246,0.134887
1,246,246,0.138461
1,246,246,0.136741
1,246,246,0.139784
1,246,246,0.137786
1,246,246,0.134093
1,247,247,0.131866
1,247,247,0.130918
1,247,247,0.130339
1,247,247,0.128263
1,247,247,0.132254
1,247,247,0.127553
1,247,247,0.128261
1,247,247,0.128766
1,248,248,0.136375
1,248,248,0.131368
1,248,248,0.135330
1,248,248,0.135433
1,248,248,0.138416
1,248,248,0.135601
1,248,248,0.137451
1,248,248,0.132502
1,249,249,0.134359
1,249,249,0.129702
1,249,249,0.129473
1,249,249,0.131191
1,249,249,0.137577
1,249,249,0.132594
1,249,249,0.129821
1,249,249,0.131638
1,250,250,0.127116
1,250,250,0.126591
1,250,250,0.124051
1,250,250,0.124488
1,250,250,0.120812
1,250,250,0.127583
1,250,250,0.123609
1,250,250,0.125995
1,251,251,0.133023
1,251,251,0.131973
1,251,251,0.136432
1,251,251,0.130449
1,251,251,0.127103
1,251,251,0.141948
1,251,251,0.127997
1,251,251,0.132662
1,252,252,0.125447
1,252,252,0.126646
1,252,252,0.128102
1,252,252,0.131420
1,252,252,0.127997
1,252,252,0.132611
1,252,252,0.126691
1,252,252,0.132860
1,253,253,0.126180
1,253,253,0.126014
1,253,253,0.124633
1,253,253,0.122761
1,253,253,0.127137
1,253,253,0.124597
1,253,253,0.126412
1,253,253,0.126857
1,254,254,0.133300
1,254,254,0.128220
1,254,254,0.130036
1,254,254,0.124209
1,254,254,0.127602
1,254,254,0.125938
1,254,254,0.129339
1,254,254,0.129703
1,255,255,0.127524
1,255,255,0.124511
1,255,255,0.126488
1,255,255,0.123622
1,255,255,0.123165
1,255,255,0.124550
1,255,255,0.125627
1,255,255,0.129854
1,256,256,0.122580
1,256,256,0.124801
1,256,256,0.125438
1,256,256,0.128530
1,256,256,0.126791
1,256,256,0.126974
1,256,256,0.127156
1,256,256,0.123845
1,257,257,0.124457
1,257,257,0.124893
1,257,257,0.126340
1,257,257,0.124564
1,257,257,0.126868
1,257,257,0.123115
1,257,257,0.124810
1,257,257,0.126300
1,258,258,0.126451
1,258,258,0.125872
1,258,258,0.124785
1,258,258,0.127281
1,258,258,0.127990
1,258,258,0.125374
1,258,258,0.128516
1,258,258,0.128895
1,259,259,0.120777
1,259,259,0.123260
1,259,259,0.123611
1,259,259,0.120674
1,259,259,0.115992
1,259,259,0.124240
1,259,259,0.119800
1,259,259,0.123156
1,260,260,0.124944
1,260,260,0.124108
1,260,260,0.127335
1,260,260,0.121372
1,260,260,0.130846
1,260,260,0.124007
1,260,260,0.132656
1,260,260,0.125997
1,261,261,0.123300
1,261,261,0.124686
1,261,261,0.126078
1,261,261,0.126027
1,261,261,0.125965
1,261,261,0.130350
1,261,261,0.120925
1,261,261,0.122275
1,262,262,0.124056
1,262,262,0.119635
1,262,262,0.123277
1,262,262,0.122223
1,262,262,0.124303
1,262,262,0.122124
1,262,262,0.120662
1,262,262,0.119789
1,263,263,0.123626
1,263,263,0.126549
1,263,263,0.123293
1,263,263,0.122566
1,263,263,0.122638
1,263,263,0.125640
1,263,263,0.124636
1,263,263,0.124766
1,264,264,0.123140
1,264,264,0.125905
1,264,264,0.128365
1,264,264,0.127070
1,264,264,0.123486
1,264,264,0.125008
1,264,264,0.125706
1,264,264,0.121181
1,265,265,0.121694
1,265,265,0.129248
1,265,265,0.122215
1,265,265,0.123103
1,265,265,0.120009
1,265,265,0.129568
1,265,265,0.124454
1,265,265,0.125355
1,266,266,0.122099
1,266,266,0.121725
1,266,266,0.119843
1,266,266,0.121130
1,266,266,0.121547
1,266,266,0.123984
1,266,266,0.124747
1,266,266,0.129268
1,267,267,0.125717
1,267,267,0.123727
1,267,267,0.128398
1,267,267,0.122603
1,267,267,0.121468
1,267,267,0.125383
1,267,267,0.122143
1,267,267,0.122878
1,268,268,0.119154
1,268,268,0.121426
1,268,268,0.120478
1,268,268,0.126510
1,268,268,0.123201
1,268,268,0.120855
1,268,268,0.118694
1,268,268,0.126121
1,269,269,0.125480
1,269,269,0.118575
1,269,269,0.118344
1,269,269,0.120795
1,269,269,0.123775
1,269,269,0.120413
1,269,269,0.125012
1,269,269,0.119717
1,270,270,0.122518
1,270,270,0.118677
1,270,270,0.121412
1,270,270,0.121996
1,270,270,0.121331
1,270,270,0.123042
1,270,270,0.124873
1,270,270,0.124313
1,271,271,0.119462
1,271,271,0.119869
1,271,271,0.118682
1,271,271,0.124566
1,271,271,0.121203
1,271,271,0.121792
1,271,271,0.122209
1,271,271,0.127259
1,272,272,0.122644
1,272,272,0.120953
1,272,272,0.121472
1,272,272,0.123803
1,272,272,0.121445
1,272,272,0.117513
1,272,272,0.121521
1,272,272,0.120962
1,273,273,0.122994
1,273,273,0.121731
1,273,273,0.122161
1,273,273,0.125427
1,273,273,0.121287
1,273,273,0.122614
1,273,273,0.120109
1,273,273,0.122458
1,274,274,0.120621
1,274,274,0.120808
1,274,274,0.117286
1,274,274,0.117855
1,274,274,0.119185
1,274,274,0.123456
1,274,274,0.120197
1,274,274,0.122792
1,275,275,0.123360
1,275,275,0.121186
1,275,275,0.119421
1,275,275,0.122507
1,275,275,0.116559
1,275,275,0.123297
1,275,275,0.117221
1,275,275,0.121748
1,276,276,0.116780
1,276,276,0.119961
1,276,276,0.120815
1,276,276,0.121233
1,276,276,0.122961
1,276,276,0.119035
1,276,276,0.121811
1,276,276,0.119922
1,277,277,0.118927
1,277,277,0.122689
1,277,277,0.123657
1,277,277,0.121626
1,277,277,0.121525
1,277,277,0.118228
1,277,277,0.118649
1,277,277,0.117772
1,278,278,0.117506
1,278,278,0.118493
1,278,278,0.120387
1,278,278,0.120228
1,278,278,0.122492
1,278,278,0.118134
1,278,278,0.116841
1,278,278,0.117361
1,279,279,0.121961
1,279,279,0.120721
1,279,279,0.120852
1,279,279,0.118158
1,279,279,0.119185
1,279,279,0.118975
1,279,279,0.121878
1,279,279,0.119494
1,280,280,0.127494
1,280,280,0.118937
1,280,280,0.126916
1,280,280,0.117104
1,280,280,0.117779
1,280,280,0.120524
1,280,280,0.116298
1,280,280,0.118027
1,281,281,0.119875
1,281,281,0.119859
1,281,281,0.117082
1,281,281,0.122651
1,281,281,0.126322
1,281,281,0.123879
1,281,281,0.117491
1,281,281,0.123895
1,282,282,0.116222
1,282,282,0.121997
1,282,282,0.119777
1,282,282,0.121030
1,282,282,0.122387
1,282,282,0.119240
1,282,282,0.118164
1,282,282,0.122789
1,283,283,0.121062
1,283,283,0.121477
1,283,283,0.117986
1,283,283,0.122102
1,283,283,0.121937
1,283,283,0.118489
1,283,283,0.126412
1,283,283,0.128580
1,284,284,0.119370
1,284,284,0.122347
1,284,284,0.122620
1,284,284,0.121042
1,284,284,0.120789
1,284,284,0.116764
1,284,284,0.118026
1,284,284,0.126306
1,285,285,0.120061
1,285,285,0.121271
1,285,285,0.117900
1,285,285,0.120352
1,285,285,0.121659
1,285,285,0.116754
1,285,285,0.119571
1,285,285,0.119731
1,286,286,0.122242
1,286,286,0.117473
1,286,286,0.119404
1,286,286,0.117693
1,286,286,0.122328
1,286,286,0.118511
1,286,286,0.119841
1,286,286,0.120022
1,287,287,0.116958
1,287,287,0.121602
1,287,287,0.120332
1,287,287,0.122970
1,287,287,0.118285
1,287,287,0.120158
1,287,287,0.120323
1,287,287,0.120204
1,288,288,0.121712
1,288,288,0.121127
1,288,288,0.121512
1,288,288,0.123118
1,288,288,0.121249
1,288,288,0.123023
1,288,288,0.124950
1,288,288,0.120805
1,289,289,0.119038
1,289,289,0.118958
1,289,289,0.118767
1,289,289,0.120938
1,289,289,0.122892
1,289,289,0.121477
1,289,289,0.123933
1,289,289,0.119244
1,290,290,0.120920
1,290,290,0.120714
1,290,290,0.122893
1,290,290,0.120361
1,290,290,0.118899
1,290,290,0.123595
1,290,290,0.119861
1,290,290,0.120837
1,291,291,0.120832
1,291,291,0.119633
1,291,291,0.122686
1,291,291,0.118747
1,291,291,0.121830
1,291,291,0.122482
1,291,291,0.119745
1,291,291,0.119211
1,292,292,0.126378
1,292,292,0.118949
1,292,292,0.120113
1,292,292,0.121799
1,292,292,0.117709
1,292,292,0.119260
1,292,292,0.119103
1,292,292,0.120491
1,293,293,0.115975
1,293,293,0.119011
1,293,293,0.123715
1,293,293,0.119770
1,293,293,0.115373
1,293,293,0.122395
1,293,293,0.116535
1,293,293,0.119047
1,294,294,0.119348
1,294,294,0.119261
1,294,294,0.124065
1,294,294,0.119333
1,294,294,0.119608
1,294,294,0.116333
1,294,294,0.126618
1,294,294,0.120528
1,295,295,0.123482
1,295,295,0.127493
1,295,295,0.118652
1,295,295,0.118868
1,295,295,0.121022
1,295,295,0.117351
1,295,295,0.118588
1,295,295,0.124957
1,296,296,0.120722
1,296,296,0.120018
1,296,296,0.115543
1,296,296,0.121144
1,296,296,0.120017
1,296,296,0.117084
1,296,296,0.122665
1,296,296,0.119589
1,297,297,0.120026
1,297,297,0.117020
1,297,297,0.119024
1,297,297,0.117606
1,297,297,0.118523
1,297,297,0.119277
1,297,297,0.120528
1,297,297,0.125529
1,298,298,0.120599
1,298,298,0.120712
1,298,298,0.119132
1,298,298,0.117582
1,298,298,0.120179
1,298,298,0.118892
1,298,298,0.125973
1,298,298,0.119814
1,299,299,0.119293
1,299,299,0.122427
1,299,299,0.115612
1,299,299,0.119424
1,299,299,0.119395
1,299,299,0.123814
1,299,299,0.118771
1,299,299,0.119359
1,300,300,0.119096
1,300,300,0.121376
1,300,300,0.118198
1,300,300,0.121620
1,300,300,0.119303
1,300,300,0.118592
1,300,300,0.125521
1,300,300,0.120604
1,301,301,0.119106
1,301,301,0.119993
1,301,301,0.124271
1,301,301,0.121799
1,301,301,0.118727
1,301,301,0.119619
1,301,301,0.118716
1,301,301,0.118595
1,302,302,0.117925
1,302,302,0.122491
1,302,302,0.123984
1,302,302,0.119630
1,302,302,0.117870
1,302,302,0.121842
1,302,302,0.118365
1,302,302,0.119359
1,303,303,0.115496
1,303,303,0.118297
1,303,303,0.120046
1,303,303,0.116306
1,303,303,0.120401
1,303,303,0.119124
1,303,303,0.123436
1,303,303,0.120377
1,304,304,0.116679
1,304,304,0.120173
1,304,304,0.121863
1,304,304,0.119931
1,304,304,0.118473
1,304,304,0.118419
1,304,304,0.121832
1,304,304,0.121677
1,305,305,0.120900
1,305,305,0.122485
1,305,305,0.119846
1,305,305,0.116829
1,305,305,0.116877
1,305,305,0.116561
1,305,305,0.119429
1,305,305,0.118249
1,306,306,0.119390
1,306,306,0.119595
1,306,306,0.123800
1,306,306,0.117909
1,306,306,0.115814
1,306,306,0.120287
1,306,306,0.121239
1,306,306,0.119243
1,307,307,0.125758
1,307,307,0.120327
1,307,307,0.117344
1,307,307,0.121821
1,307,307,0.119635
1,307,307,0.119989
1,307,307,0.120365
1,307,307,0.130482
1,308,308,0.116877
1,308,308,0.124491
1,308,308,0.123598
1,308,308,0.121842
1,308,308,0.118296
1,308,308,0.119610
1,308,308,0.117975
1,308,308,0.119675
1,309,309,0.116277
1,309,309,0.119221
1,309,309,0.122725
1,309,309,0.115488
1,309,309,0.119184
1,309,309,0.120047
1,309,309,0.123908
1,309,309,0.116310
1,310,310,0.121482
1,310,310,0.118870
1,310,310,0.124612
1,310,310,0.120377
1,310,310,0.121522
1,310,310,0.116028
1,310,310,0.120520
1,310,310,0.122395
1,311,311,0.116927
1,311,311,0.117225
1,311,311,0.117375
1,311,311,0.119405
1,311,311,0.124883
1,311,311,0.124071
1,311,311,0.113992
1,311,311,0.117856
1,312,312,0.117085
1,312,312,0.119377
1,312,312,0.119290
1,312,312,0.122283
1,312,312,0.117743
1,312,312,0.124439
1,312,312,0.117485
1,312,312,0.122815
1,313,313,0.121536
1,313,313,0.118404
1,313,313,0.119083
1,313,313,0.125635
1,313,313,0.116221
1,313,313,0.117773
1,313,313,0.122010
1,313,313,0.119405
1,314,314,0.118405
1,314,314,0.125130
1,314,314,0.120277
1,314,314,0.120963
1,314,314,0.119583
1,314,314,0.118909
1,314,314,0.117103
1,314,314,0.119557
1,315,315,0.120702
1,315,315,0.123838
1,315,315,0.123689
1,315,315,0.119899
1,315,315,0.124973
1,315,315,0.121583
1,315,315,0.119985
1,315,315,0.117834
1,316,316,0.116071
1,316,316,0.119672
1,316,316,0.120538
1,316,316,0.118399
1,316,316,0.119325
1,316,316,0.120774
1,316,316,0.113483
1,316,316,0.121736
1,317,317,0.123453
1,317,317,0.119432
1,317,317,0.118663
1,317,317,0.119374
1,317,317,0.119979
1,317,317,0.120176
1,317,317,0.122132
1,317,317,0.119470
1,318,318,0.121541
1,318,318,0.122507
1,318,318,0.121450
1,318,318,0.121827
1,318,318,0.118871
1,318,318,0.121393
1,318,318,0.116922
1,318,318,0.118627
1,319,319,0.117925
1,319,319,0.123634
1,319,319,0.116948
1,319,319,0.126608
1,319,319,0.117877
1,319,319,0.120674
1,319,319,0.119802
1,319,319,0.121200
1,320,320,0.126510
1,320,320,0.119931
1,320,320,0.117694
1,320,320,0.120900
1,320,320,0.119332
1,320,320,0.120129
1,320,320,0.120913
1,320,320,0.118320
1,321,321,0.118095
1,321,321,0.120467
1,321,321,0.120675
1,321,321,0.119319
1,321,321,0.117892
1,321,321,0.120675
1,321,321,0.117490
1,321,321,0.119358
1,322,322,0.117799
1,322,322,0.117696
1,322,322,0.120619
1,322,322,0.121082
1,322,322,0.117603
1,322,322,0.123556
1,322,322,0.118238
1,322,322,0.115199
1,323,323,0.117073
1,323,323,0.116752
1,323,323,0.122172
1,323,323,0.121632
1,323,323,0.123260
1,323,323,0.116482
1,323,323,0.119187
1,323,323,0.118605
1,324,324,0.116351
1,324,324,0.122731
1,324,324,0.116694
1,324,324,0.122748
1,324,324,0.121585
1,324,324,0.118493
1,324,324,0.118575
1,324,324,0.120384
1,325,325,0.119639
1,325,325,0.120608
1,325,325,0.120059
1,325,325,0.121173
1,325,325,0.119746
1,325,325,0.123430
1,325,325,0.118479
1,325,325,0.119570
1,326,326,0.122210
1,326,326,0.118861
1,326,326,0.122064
1,326,326,0.115202
1,326,326,0.118887
1,326,326,0.118968
1,326,326,0.121640
1,326,326,0.118170
1,327,327,0.117944
1,327,327,0.120339
1,327,327,0.118976
1,327,327,0.122613
1,327,327,0.119007
1,327,327,0.121366
1,327,327,0.120267
1,327,327,0.117815
1,328,328,0.120244
1,328,328,0.119115
1,328,328,0.118510
1,328,328,0.123763
1,328,328,0.118047
1,328,328,0.119819
1,328,328,0.119620
1,328,328,0.119417
1,329,329,0.116788
1,329,329,0.121337
1,329,329,0.125674
1,329,329,0.119583
1,329,329,0.120574
1,329,329,0.119915
1,329,329,0.120528
1,329,329,0.126027
1,330,330,0.118343
1,330,330,0.120954
1,330,330,0.120353
1,330,330,0.119483
1,330,330,0.119018
1,330,330,0.119522
1,330,330,0.117770
1,330,330,0.122886
1,331,331,0.120699
1,331,331,0.120041
1,331,331,0.121406
1,331,331,0.119431
1,331,331,0.120432
1,331,331,0.118235
1,331,331,0.121410
1,331,331,0.117595
1,332,332,0.121815
1,332,332,0.118085
1,332,332,0.120676
1,332,332,0.118851
1,332,332,0.118364
1,332,332,0.120564
1,332,332,0.120337
1,332,332,0.121431
1,333,333,0.116206
1,333,333,0.116598
1,333,333,0.119608
1,333,333,0.118831
1,333,333,0.119441
1,333,333,0.122277
1,333,333,0.117171
1,333,333,0.119987
1,334,334,0.118967
1,334,334,0.117801
1,334,334,0.116190
1,334,334,0.119810
1,334,334,0.119125
1,334,334,0.116466
1,334,334,0.119134
1,334,334,0.116278
1,335,335,0.119834
1,335,335,0.120778
1,335,335,0.116735
1,335,335,0.117764
1,335,335,0.119302
1,335,335,0.119777
1,335,335,0.120388
1,335,335,0.117521
1,336,336,0.120033
1,336,336,0.119931
1,336,336,0.119847
1,336,336,0.121255
1,336,336,0.119555
1,336,336,0.119606
1,336,336,0.118826
1,336,336,0.121701
1,337,337,0.118122
1,337,337,0.121891
1,337,337,0.117210
1,337,337,0.116306
1,337,337,0.125598
1,337,337,0.119158
1,337,337,0.122673
1,337,337,0.118665
1,338,338,0.117234
1,338,338,0.121406
1,338,338,0.119322
1,338,338,0.120167
1,338,338,0.119764
1,338,338,0.121327
1,338,338,0.119550
1,338,338,0.120727
1,339,339,0.118401
1,339,339,0.122854
1,339,339,0.118104
1,339,339,0.118513
1,339,339,0.118009
1,339,339,0.116688
1,339,339,0.120205
1,339,339,0.119040
1,340,340,0.117591
1,340,340,0.121558
1,340,340,0.119932
1,340,340,0.119368
1,340,340,0.120908
1,340,340,0.118447
1,340,340,0.115467
1,340,340,0.115132
1,341,341,0.115993
1,341,341,0.119734
1,341,341,0.122886
1,341,341,0.119325
1,341,341,0.116223
1,341,341,0.114808
1,341,341,0.123890
1,341,341,0.121263
1,342,342,0.119975
1,342,342,0.121780
1,342,342,0.116397
1,342,342,0.121319
1,342,342,0.117768
1,342,342,0.118223
1,342,342,0.119714
1,342,342,0.120396
1,343,343,0.118817
1,343,343,0.123243
1,343,343,0.116742
1,343,343,0.118451
1,343,343,0.125396
1,343,343,0.121098
1,343,343,0.115952
1,343,343,0.120821
1,344,344,0.118152
1,344,344,0.118042
1,344,344,0.119109
1,344,344,0.118468
1,344,344,0.120118
1,344,344,0.117986
1,344,344,0.122415
1,344,344,0.122629
1,345,345,0.118282
1,345,345,0.120758
1,345,345,0.121296
1,345,345,0.120794
1,345,345,0.117462
1,345,345,0.116152
1,345,345,0.119857
1,345,345,0.119736
1,346,346,0.118904
1,346,346,0.120605
1,346,346,0.117250
1,346,346,0.121144
1,346,346,0.116561
1,346,346,0.120391
1,346,346,0.116624
1,346,346,0.119789
1,347,347,0.119109
1,347,347,0.118701
1,347,347,0.119623
1,347,347,0.115381
1,347,347,0.116869
1,347,347,0.117195
1,347,347,0.121006
1,347,347,0.122594
1,348,348,0.125140
1,348,348,0.124659
1,348,348,0.119057
1,348,348,0.124895
1,348,348,0.121600
1,348,348,0.120711
1,348,348,0.121843
1,348,348,0.115891
1,349,349,0.116830
1,349,349,0.120852
1,349,349,0.118215
1,349,349,0.121141
1,349,349,0.120396
1,349,349,0.118528
1,349,349,0.124989
1,349,349,0.120825
1,350,350,0.118203
1,350,350,0.118442
1,350,350,0.118014
1,350,350,0.124992
1,350,350,0.121830
1,350,350,0.116666
1,350,350,0.121185
1,350,350,0.118698
1,351,351,0.118785
1,351,351,0.119829
1,351,351,0.120504
1,351,351,0.121408
1,351,351,0.115284
1,351,351,0.121701
1,351,351,0.115857
1,351,351,0.120078
1,352,352,0.120608
1,352,352,0.118346
1,352,352,0.119715
1,352,352,0.118432
1,352,352,0.118422
1,352,352,0.117049
1,352,352,0.118242
1,352,352,0.119711
1,353,353,0.118527
1,353,353,0.124073
1,353,353,0.122577
1,353,353,0.122081
1,353,353,0.126000
1,353,353,0.120645
1,353,353,0.118562
1,353,353,0.120960
1,354,354,0.120399
1,354,354,0.120357
1,354,354,0.126297
1,354,354,0.121067
1,354,354,0.123638
1,354,354,0.124783
1,354,354,0.120522
1,354,354,0.123774
1,355,355,0.123288
1,355,355,0.126143
1,355,355,0.126295
1,355,355,0.124737
1,355,355,0.122607
1,355,355,0.121999
1,355,355,0.123268
1,355,355,0.127706
1,356,356,0.123566
1,356,356,0.130661
1,356,356,0.127548
1,356,356,0.123753
1,356,356,0.129643
1,356,356,0.122954
1,356,356,0.124852
1,356,356,0.125819
1,357,357,0.123011
1,357,357,0.130213
1,357,357,0.126848
1,357,357,0.126957
1,357,357,0.124750
1,357,357,0.124798
1,357,357,0.127741
1,357,357,0.130032
1,358,358,0.124235
1,358,358,0.125417
1,358,358,0.124209
1,358,358,0.127625
1,358,358,0.128390
1,358,358,0.128795
1,358,358,0.134185
1,358,358,0.127864
1,359,359,0.122084
1,359,359,0.129892
1,359,359,0.123155
1,359,359,0.124243
1,359,359,0.122226
1,359,359,0.121223
1,359,359,0.126569
1,359,359,0.120739
1,360,360,0.118410
1,360,360,0.128264
1,360,360,0.124009
1,360,360,0.126896
1,360,360,0.120738
1,360,360,0.122128
1,360,360,0.122115
1,360,360,0.124813
1,361,361,0.128004
1,361,361,0.124177
1,361,361,0.122124
1,361,361,0.127309
1,361,361,0.127252
1,361,361,0.126440
1,361,361,0.123451
1,361,361,0.124045
1,362,362,0.120649
1,362,362,0.121636
1,362,362,0.123427
1,362,362,0.121754
1,362,362,0.120119
1,362,362,0.125325
1,362,362,0.124123
1,362,362,0.123986
1,363,363,0.119553
1,363,363,0.121514
1,363,363,0.120646
1,363,363,0.122466
1,363,363,0.121685
1,363,363,0.130174
1,363,363,0.125031
1,363,363,0.128928
1,364,364,0.120591
1,364,364,0.125119
1,364,364,0.121834
1,364,364,0.123642
1,364,364,0.122251
1,364,364,0.123612
1,364,364,0.124624
1,364,364,0.118725
1,365,365,0.126351
1,365,365,0.121017
1,365,365,0.120334
1,365,365,0.119822
1,365,365,0.121563
1,365,365,0.121468
1,365,365,0.121548
1,365,365,0.123831
1,366,366,0.122154
1,366,366,0.126889
1,366,366,0.118188
1,366,366,0.123483
1,366,366,0.127806
1,366,366,0.122867
1,366,366,0.119697
1,366,366,0.120467
1,367,367,0.123313
1,367,367,0.118419
1,367,367,0.126425
1,367,367,0.125321
1,367,367,0.122796
1,367,367,0.127124
1,367,367,0.117575
1,367,367,0.120316
1,368,368,0.121919
1,368,368,0.123249
1,368,368,0.119573
1,368,368,0.116622
1,368,368,0.119153
1,368,368,0.122490
1,368,368,0.121016
1,368,368,0.120008
1,369,369,0.122847
1,369,369,0.121122
1,369,369,0.118953
1,369,369,0.122052
1,369,369,0.119901
1,369,369,0.123236
1,369,369,0.124628
1,369,369,0.121574
1,370,370,0.120987
1,370,370,0.118539
1,370,370,0.121117
1,370,370,0.116281
1,370,370,0.119908
1,370,370,0.120612
1,370,370,0.122029
1,370,370,0.117262
1,371,371,0.117924
1,371,371,0.118518
1,371,371,0.119675
1,371,371,0.119599
1,371,371,0.121836
1,371,371,0.118019
1,371,371,0.132696
1,371,371,0.121626
1,372,372,0.122194
1,372,372,0.119784
1,372,372,0.122275
1,372,372,0.122091
1,372,372,0.121824
1,372,372,0.117754
1,372,372,0.118197
1,372,372,0.119020
1,373,373,0.120493
1,373,373,0.126386
1,373,373,0.117233
1,373,373,0.119092
1,373,373,0.119159
1,373,373,0.120758
1,373,373,0.120022
1,373,373,0.120943
1,374,374,0.120406
1,374,374,0.121617
1,374,374,0.124898
1,374,374,0.119477
1,374,374,0.118996
1,374,374,0.119484
1,374,374,0.117774
1,374,374,0.119135
1,375,375,0.121416
1,375,375,0.120303
1,375,375,0.124519
1,375,375,0.119279
1,375,375,0.120899
1,375,375,0.120343
1,375,375,0.120874
1,375,375,0.115848
1,376,376,0.115292
1,376,376,0.120514
1,376,376,0.119427
1,376,376,0.118361
1,376,376,0.117992
1,376,376,0.120847
1,376,376,0.122837
1,376,376,0.117856
1,377,377,0.119161
1,377,377,0.120366
1,377,377,0.122762
1,377,377,0.121876
1,377,377,0.125218
1,377,377,0.117924
1,377,377,0.123008
1,377,377,0.117936
1,378,378,0.122180
1,378,378,0.124615
1,378,378,0.119983
1,378,378,0.119171
1,378,378,0.119944
1,378,378,0.117684
1,378,378,0.116892
1,378,378,0.119123
1,379,379,0.122845
1,379,379,0.121776
1,379,379,0.121047
1,379,379,0.118928
1,379,379,0.117547
1,379,379,0.117655
1,379,379,0.118092
1,379,379,0.120706
1,380,380,0.118546
1,380,380,0.116367
1,380,380,0.117287
1,380,380,0.118055
1,380,380,0.118341
1,380,380,0.116983
1,380,380,0.118189
1,380,380,0.121826
1,381,381,0.117565
1,381,381,0.116640
1,381,381,0.119944
1,381,381,0.116724
1,381,381,0.126200
1,381,381,0.120909
1,381,381,0.119595
1,381,381,0.122993
1,382,382,0.116959
1,382,382,0.120821
1,382,382,0.119924
1,382,382,0.123573
1,382,382,0.118443
1,382,382,0.116340
1,382,382,0.120585
1,382,382,0.122617
1,383,383,0.127947
1,383,383,0.118996
1,383,383,0.118634
1,383,383,0.120469
1,383,383,0.118519
1,383,383,0.117101
1,383,383,0.120587
1,383,383,0.119786
1,384,384,0.121096
1,384,384,0.118914
1,384,384,0.116834
1,384,384,0.120488
1,384,384,0.120008
1,384,384,0.119462
1,384,384,0.117329
1,384,384,0.116009
1,385,385,0.120450
1,385,385,0.119861
1,385,385,0.122715
1,385,385,0.123459
1,385,385,0.119184
1,385,385,0.122369
1,385,385,0.119659
1,385,385,0.117934
1,386,386,0.119750
1,386,386,0.120187
1,386,386,0.122380
1,386,386,0.118776
1,386,386,0.122861
1,386,386,0.115559
1,386,386,0.119312
1,386,386,0.117455
1,387,387,0.118131
1,387,387,0.123685
1,387,387,0.117458
1,387,387,0.125127
1,387,387,0.116703
1,387,387,0.121386
1,387,387,0.118731
1,387,387,0.121150
1,388,388,0.116538
1,388,388,0.118494
1,388,388,0.116616
1,388,388,0.121757
1,388,388,0.119196
1,388,388,0.118509
1,388,388,0.120970
1,388,388,0.122230
1,389,389,0.120467
1,389,389,0.118285
1,389,389,0.124384
1,389,389,0.118139
1,389,389,0.120843
1,389,389,0.118081
1,389,389,0.114711
1,389,389,0.119641
1,390,390,0.121725
1,390,390,0.120668
1,390,390,0.117573
1,390,390,0.120660
1,390,390,0.118573
1,390,390,0.117098
1,390,390,0.118732
1,390,390,0.118576
1,391,391,0.121725
1,391,391,0.119193
1,391,391,0.119662
1,391,391,0.118585
1,391,391,0.120999
1,391,391,0.117379
1,391,391,0.118650
1,391,391,0.120006
1,392,392,0.118610
1,392,392,0.121418
1,392,392,0.120208
1,392,392,0.119711
1,392,392,0.118765
1,392,392,0.119016
1,392,392,0.121992
1,392,392,0.118170
1,393,393,0.114795
1,393,393,0.119687
1,393,393,0.124231
1,393,393,0.116864
1,393,393,0.118954
1,393,393,0.122338
1,393,393,0.116401
1,393,393,0.117075
1,394,394,0.117813
1,394,394,0.123997
1,394,394,0.118919
1,394,394,0.116655
1,394,394,0.119674
1,394,394,0.120781
1,394,394,0.120122
1,394,394,0.117008
1,395,395,0.120448
1,395,395,0.117810
1,395,395,0.121429
1,395,395,0.117077
1,395,395,0.120576
1,395,395,0.115791
1,395,395,0.118721
1,395,395,0.114823
1,396,396,0.119922
1,396,396,0.120163
1,396,396,0.116096
1,396,396,0.119981
1,396,396,0.118545
1,396,396,0.122033
1,396,396,0.120824
1,396,396,0.115548
1,397,397,0.118598
1,397,397,0.119601
1,397,397,0.119695
1,397,397,0.117760
1,397,397,0.116916
1,397,397,0.117190
1,397,397,0.117255
1,397,397,0.116825
1,398,398,0.118268
1,398,398,0.116492
1,398,398,0.119134
1,398,398,0.117339
1,398,398,0.117954
1,398,398,0.120289
1,398,398,0.119164
1,398,398,0.124604
1,399,399,0.116588
1,399,399,0.117648
1,399,399,0.119127
1,399,399,0.117763
1,399,399,0.114769
1,399,399,0.119000
1,399,399,0.114819
1,399,399,0.122633
1,400,400,0.119541
1,400,400,0.116600
1,400,400,0.120447
1,400,400,0.119876
1,400,400,0.117709
1,400,400,0.120472
1,400,400,0.118134
1,400,400,0.115314
1,401,401,0.119357
1,401,401,0.117444
1,401,401,0.121573
1,401,401,0.118108
1,401,401,0.119939
1,401,401,0.117623
1,401,401,0.124240
1,401,401,0.119411
1,402,402,0.120357
1,402,402,0.115882
1,402,402,0.120577
1,402,402,0.122637
1,402,402,0.116751
1,402,402,0.117589
1,402,402,0.120127
1,402,402,0.118397
1,403,403,0.118247
1,403,403,0.116171
1,403,403,0.120747
1,403,403,0.115167
1,403,403,0.117679
1,403,403,0.120934
1,403,403,0.117608
1,403,403,0.118672
1,404,404,0.116180
1,404,404,0.121935
1,404,404,0.118270
1,404,404,0.117192
1,404,404,0.116817
1,404,404,0.117815
1,404,404,0.117462
1,404,404,0.119766
1,405,405,0.119398
1,405,405,0.116988
1,405,405,0.123582
1,405,405,0.113870
1,405,405,0.115083
1,405,405,0.119239
1,405,405,0.119512
1,405,405,0.115738
1,406,406,0.117958
1,406,406,0.116116
1,406,406,0.121533
1,406,406,0.120088
1,406,406,0.118645
1,406,406,0.119206
1,406,406,0.118033
1,406,406,0.115301
1,407,407,0.115308
1,407,407,0.116502
1,407,407,0.118031
1,407,407,0.115259
1,407,407,0.115442
1,407,407,0.116617
1,407,407,0.116953
1,407,407,0.115834
1,408,408,0.119387
1,408,408,0.116948
1,408,408,0.116261
1,408,408,0.118203
1,408,408,0.114239
1,408,408,0.115910
1,408,408,0.121716
1,408,408,0.119501
1,409,409,0.113349
1,409,409,0.119293
1,409,409,0.117512
1,409,409,0.115920
1,409,409,0.118792
1,409,409,0.121802
1,409,409,0.116788
1,409,409,0.123464
1,410,410,0.118718
1,410,410,0.118007
1,410,410,0.117759
1,410,410,0.119320
1,410,410,0.119053
1,410,410,0.117106
1,410,410,0.121802
1,410,410,0.117291
1,411,411,0.118433
1,411,411,0.116460
1,411,411,0.119242
1,411,411,0.119161
1,411,411,0.119070
1,411,411,0.120696
1,411,411,0.116895
1,411,411,0.115198
1,412,412,0.117748
1,412,412,0.116387
1,412,412,0.115935
1,412,412,0.117072
1,412,412,0.120896
1,412,412,0.118391
1,412,412,0.118049
1,412,412,0.120253
1,413,413,0.121590
1,413,413,0.117386
1,413,413,0.117836
1,413,413,0.118368
1,413,413,0.117101
1,413,413,0.117311
1,413,413,0.122660
1,413,413,0.116152
1,414,414,0.118546
1,414,414,0.120776
1,414,414,0.116430
1,414,414,0.115292
1,414,414,0.117446
1,414,414,0.118822
1,414,414,0.120706
1,414,414,0.116260
1,415,415,0.120059
1,415,415,0.120434
1,415,415,0.119012
1,415,415,0.118186
1,415,415,0.117739
1,415,415,0.113171
1,415,415,0.116046
1,415,415,0.119912
1,416,416,0.118682
1,416,416,0.119444
1,416,416,0.122972
1,416,416,0.122309
1,416,416,0.119753
1,416,416,0.118642
1,416,416,0.118234
1,416,416,0.122121
1,417,417,0.118019
1,417,417,0.120107
1,417,417,0.125098
1,417,417,0.117921
1,417,417,0.121676
1,417,417,0.119280
1,417,417,0.119606
1,417,417,0.120437
1,418,418,0.124034
1,418,418,0.117724
1,418,418,0.116677
1,418,418,0.116930
1,418,418,0.116746
1,418,418,0.119138
1,418,418,0.120475
1,418,418,0.121037
1,419,419,0.121898
1,419,419,0.116733
1,419,419,0.120318
1,419,419,0.122208
1,419,419,0.116717
1,419,419,0.120665
1,419,419,0.120501
1,419,419,0.117722
1,420,420,0.120818
1,420,420,0.117360
1,420,420,0.118557
1,420,420,0.124149
1,420,420,0.120551
1,420,420,0.119985
1,420,420,0.119437
1,420,420,0.121721
1,421,421,0.119020
1,421,421,0.119130
1,421,421,0.117465
1,421,421,0.117346
1,421,421,0.118338
1,421,421,0.119312
1,421,421,0.115756
1,421,421,0.115884
1,422,422,0.115713
1,422,422,0.119009
1,422,422,0.118723
1,422,422,0.117829
1,422,422,0.117859
1,422,422,0.116470
1,422,422,0.121822
1,422,422,0.114388
1,423,423,0.118456
1,423,423,0.118716
1,423,423,0.122057
1,423,423,0.119063
1,423,423,0.120970
1,423,423,0.118617
1,423,423,0.118527
1,423,423,0.118888
1,424,424,0.126032
1,424,424,0.122061
1,424,424,0.119024
1,424,424,0.123597
1,424,424,0.121644
1,424,424,0.124981
1,424,424,0.119610
1,424,424,0.123802
1,425,425,0.124761
1,425,425,0.120248
1,425,425,0.121664
1,425,425,0.124602
1,425,425,0.124595
1,425,425,0.121425
1,425,425,0.121005
1,425,425,0.122072
1,426,426,0.125595
1,426,426,0.119436
1,426,426,0.122858
1,426,426,0.118078
1,426,426,0.121114
1,426,426,0.118660
1,426,426,0.120783
1,426,426,0.119938
1,427,427,0.122171
1,427,427,0.118524
1,427,427,0.122419
1,427,427,0.120510
1,427,427,0.123554
1,427,427,0.117877
1,427,427,0.120860
1,427,427,0.124403
1,428,428,0.121698
1,428,428,0.121953
1,428,428,0.125870
1,428,428,0.118882
1,428,428,0.120897
1,428,428,0.122171
1,428,428,0.122490
1,428,428,0.120542
1,429,429,0.122341
1,429,429,0.119235
1,429,429,0.122497
1,429,429,0.120525
1,429,429,0.127027
1,429,429,0.124252
1,429,429,0.125044
1,429,429,0.119398
1,430,430,0.121683
1,430,430,0.121712
1,430,430,0.118624
1,430,430,0.121184
1,430,430,0.117845
1,430,430,0.114674
1,430,430,0.125617
1,430,430,0.118678
1,431,431,0.120320
1,431,431,0.118732
1,431,431,0.119051
1,431,431,0.122369
1,431,431,0.125711
1,431,431,0.123722
1,431,431,0.119253
1,431,431,0.122530
1,432,432,0.119533
1,432,432,0.115937
1,432,432,0.120105
1,432,432,0.121479
1,432,432,0.116670
1,432,432,0.119064
1,432,432,0.120706
1,432,432,0.118358
1,433,433,0.118009
1,433,433,0.118896
1,433,433,0.118016
1,433,433,0.120580
1,433,433,0.119749
1,433,433,0.117224
1,433,433,0.117547
1,433,433,0.117967
1,434,434,0.116106
1,434,434,0.121955
1,434,434,0.118206
1,434,434,0.116222
1,434,434,0.121195
1,434,434,0.119737
1,434,434,0.121036
1,434,434,0.125918
1,435,435,0.118324
1,435,435,0.119511
1,435,435,0.121448
1,435,435,0.120703
1,435,435,0.118948
1,435,435,0.117316
1,435,435,0.118803
1,435,435,0.120917
1,436,436,0.124089
1,436,436,0.123954
1,436,436,0.120708
1,436,436,0.118931
1,436,436,0.117643
1,436,436,0.121236
1,436,436,0.117252
1,436,436,0.120610
1,437,437,0.119264
1,437,437,0.118042
1,437,437,0.119195
1,437,437,0.116507
1,437,437,0.120108
1,437,437,0.118281
1,437,437,0.118719
1,437,437,0.120317
1,438,438,0.120502
1,438,438,0.119478
1,438,438,0.121982
1,438,438,0.125755
1,438,438,0.123052
1,438,438,0.119369
1,438,438,0.120618
1,438,438,0.117151
1,439,439,0.122026
1,439,439,0.115873
1,439,439,0.116405
1,439,439,0.120826
1,439,439,0.123072
1,439,439,0.119382
1,439,439,0.118611
1,439,439,0.119199
1,440,440,0.116213
1,440,440,0.117149
1,440,440,0.124358
1,440,440,0.120052
1,440,440,0.120684
1,440,440,0.115024
1,440,440,0.116184
1,440,440,0.116607
1,441,441,0.121984
1,441,441,0.118517
1,441,441,0.119422
1,441,441,0.121611
1,441,441,0.118520
1,441,441,0.117437
1,441,441,0.116825
1,441,441,0.114101
1,442,442,0.124475
1,442,442,0.117462
1,442,442,0.127508
1,442,442,0.121069
1,442,442,0.120291
1,442,442,0.117598
1,442,442,0.122999
1,442,442,0.118486
1,443,443,0.120900
1,443,443,0.118389
1,443,443,0.118585
1,443,443,0.118754
1,443,443,0.120142
1,443,443,0.121971
1,443,443,0.116498
1,443,443,0.119011
1,444,444,0.119343
1,444,444,0.120777
1,444,444,0.119034
1,444,444,0.118418
1,444,444,0.119738
1,444,444,0.119243
1,444,444,0.123271
1,444,444,0.118815
1,445,445,0.115477
1,445,445,0.122923
1,445,445,0.120746
1,445,445,0.116383
1,445,445,0.118973
1,445,445,0.118411
1,445,445,0.116624
1,445,445,0.117960
1,446,446,0.125044
1,446,446,0.117303
1,446,446,0.121817
1,446,446,0.119433
1,446,446,0.118447
1,446,446,0.117621
1,446,446,0.120608
1,446,446,0.118563
1,447,447,0.120404
1,447,447,0.119469
1,447,447,0.118058
1,447,447,0.117540
1,447,447,0.123600
1,447,447,0.119038
1,447,447,0.117658
1,447,447,0.119039
1,448,448,0.119308
1,448,448,0.119475
1,448,448,0.124158
1,448,448,0.117581
1,448,448,0.124726
1,448,448,0.119159
1,448,448,0.115551
1,448,448,0.121308
1,449,449,0.118161
1,449,449,0.123079
1,449,449,0.117905
1,449,449,0.116713
1,449,449,0.121873
1,449,449,0.117928
1,449,449,0.122260
1,449,449,0.117208
1,450,450,0.116875
1,450,450,0.122659
1,450,450,0.118815
1,450,450,0.120389
1,450,450,0.120432
1,450,450,0.116373
1,450,450,0.122373
1,450,450,0.118842
1,451,451,0.116018
1,451,451,0.117700
1,451,451,0.120013
1,451,451,0.116596
1,451,451,0.121751
1,451,451,0.116665
1,451,451,0.115993
1,451,451,0.118530
1,452,452,0.120194
1,452,452,0.116719
1,452,452,0.116932
1,452,452,0.118141
1,452,452,0.119118
1,452,452,0.119383
1,452,452,0.120529
1,452,452,0.118811
1,453,453,0.119646
1,453,453,0.123420
1,453,453,0.118302
1,453,453,0.124562
1,453,453,0.118556
1,453,453,0.123753
1,453,453,0.121558
1,453,453,0.117761
1,454,454,0.118281
1,454,454,0.117024
1,454,454,0.123129
1,454,454,0.117532
1,454,454,0.120980
1,454,454,0.117251
1,454,454,0.117859
1,454,454,0.119305
1,455,455,0.115635
1,455,455,0.121105
1,455,455,0.115694
1,455,455,0.119067
1,455,455,0.119492
1,455,455,0.120300
1,455,455,0.121749
1,455,455,0.117257
1,456,456,0.118130
1,456,456,0.118540
1,456,456,0.118898
1,456,456,0.116533
1,456,456,0.118532
1,456,456,0.120620
1,456,456,0.121099
1,456,456,0.115872
1,457,457,0.116943
1,457,457,0.118365
1,457,457,0.120733
1,457,457,0.126153
1,457,457,0.118577
1,457,457,0.118181
1,457,457,0.115226
1,457,457,0.119760
1,458,458,0.120631
1,458,458,0.117110
1,458,458,0.116744
1,458,458,0.116112
1,458,458,0.119034
1,458,458,0.116289
1,458,458,0.118118
1,458,458,0.119609
1,459,459,0.119896
1,459,459,0.120738
1,459,459,0.122213
1,459,459,0.118200
1,459,459,0.118124
1,459,459,0.114890
1,459,459,0.114173
1,459,459,0.121409
1,460,460,0.120895
1,460,460,0.124931
1,460,460,0.116235
1,460,460,0.118154
1,460,460,0.117128
1,460,460,0.118864
1,460,460,0.117838
1,460,460,0.118633
1,461,461,0.119014
1,461,461,0.122987
1,461,461,0.120996
1,461,461,0.116236
1,461,461,0.117041
1,461,461,0.118218
1,461,461,0.116373
1,461,461,0.122203
1,462,462,0.116499
1,462,462,0.120053
1,462,462,0.116831
1,462,462,0.120779
1,462,462,0.119754
1,462,462,0.119108
1,462,462,0.115167
1,462,462,0.118779
1,463,463,0.117968
1,463,463,0.114609
1,463,463,0.114629
1,463,463,0.116525
1,463,463,0.119275
1,463,463,0.119868
1,463,463,0.121119
1,463,463,0.120172
1,464,464,0.117979
1,464,464,0.121707
1,464,464,0.118560
1,464,464,0.113379
1,464,464,0.120228
1,464,464,0.116007
1,464,464,0.119773
1,464,464,0.117394
1,465,465,0.120105
1,465,465,0.120300
1,465,465,0.118137
1,465,465,0.116612
1,465,465,0.119248
1,465,465,0.114743
1,465,465,0.119374
1,465,465,0.118497
1,466,466,0.118930
1,466,466,0.121387
1,466,466,0.120422
1,466,466,0.119595
1,466,466,0.119067
1,466,466,0.118905
1,466,466,0.118759
1,466,466,0.118228
1,467,467,0.119922
1,467,467,0.116927
1,467,467,0.116770
1,467,467,0.122913
1,467,467,0.118035
1,467,467,0.119937
1,467,467,0.122405
1,467,467,0.116754
1,468,468,0.117336
1,468,468,0.119914
1,468,468,0.117027
1,468,468,0.118976
1,468,468,0.115403
1,468,468,0.116476
1,468,468,0.121694
1,468,468,0.119162
1,469,469,0.114575
1,469,469,0.119086
1,469,469,0.119079
1,469,469,0.118820
1,469,469,0.120753
1,469,469,0.115670
1,469,469,0.117531
1,469,469,0.126127
1,470,470,0.123203
1,470,470,0.118922
1,470,470,0.120709
1,470,470,0.121984
1,470,470,0.121831
1,470,470,0.117383
1,470,470,0.120867
1,470,470,0.116947
1,471,471,0.119285
1,471,471,0.116113
1,471,471,0.117268
1,471,471,0.117803
1,471,471,0.122697
1,471,471,0.116966
1,471,471,0.115995
1,471,471,0.118968
1,472,472,0.122300
1,472,472,0.120979
1,472,472,0.118611
1,472,472,0.120101
1,472,472,0.118720
1,472,472,0.115893
1,472,472,0.121976
1,472,472,0.120900
1,473,473,0.119344
1,473,473,0.117710
1,473,473,0.123245
1,473,473,0.119238
1,473,473,0.116738
1,473,473,0.119456
1,473,473,0.116369
1,473,473,0.116668
1,474,474,0.116573
1,474,474,0.118138
1,474,474,0.115767
1,474,474,0.117688
1,474,474,0.115133
1,474,474,0.117836
1,474,474,0.115375
1,474,474,0.118969
1,475,475,0.119271
1,475,475,0.117665
1,475,475,0.117103
1,475,475,0.117453
1,475,475,0.117393
1,475,475,0.119167
1,475,475,0.115877
1,475,475,0.116513
1,476,476,0.115770
1,476,476,0.116688
1,476,476,0.120939
1,476,476,0.114334
1,476,476,0.120105
1,476,476,0.118923
1,476,476,0.116892
1,476,476,0.120298
1,477,477,0.118060
1,477,477,0.115998
1,477,477,0.115959
1,477,477,0.117942
1,477,477,0.116397
1,477,477,0.119465
1,477,477,0.118713
1,477,477,0.115389
1,478,478,0.122409
1,478,478,0.115836
1,478,478,0.117571
1,478,478,0.117843
1,478,478,0.116985
1,478,478,0.118846
1,478,478,0.116657
1,478,478,0.117413
1,479,479,0.122845
1,479,479,0.120291
1,479,479,0.114905
1,479,479,0.120014
1,479,479,0.118274
1,479,479,0.118029
1,479,479,0.117514
1,479,479,0.119816
1,480,480,0.119780
1,480,480,0.118855
1,480,480,0.119773
1,480,480,0.120994
1,480,480,0.120414
1,480,480,0.119588
1,480,480,0.121056
1,480,480,0.120191
1,481,481,0.120502
1,481,481,0.120864
1,481,481,0.121611
1,481,481,0.115542
1,481,481,0.117227
1,481,481,0.120832
1,481,481,0.116640
1,481,481,0.121427
1,482,482,0.117699
1,482,482,0.124873
1,482,482,0.123468
1,482,482,0.117909
1,482,482,0.117525
1,482,482,0.120671
1,482,482,0.124449
1,482,482,0.122027
1,483,483,0.115140
1,483,483,0.117282
1,483,483,0.121080
1,483,483,0.118947
1,483,483,0.117872
1,483,483,0.118538
1,483,483,0.121217
1,483,483,0.118588
1,484,484,0.115982
1,484,484,0.120900
1,484,484,0.116646
1,484,484,0.124610
1,484,484,0.116936
1,484,484,0.119156
1,484,484,0.120223
1,484,484,0.118515
1,485,485,0.115576
1,485,485,0.116707
1,485,485,0.123446
1,485,485,0.117479
1,485,485,0.118055
1,485,485,0.115623
1,485,485,0.118024
1,485,485,0.116741
1,486,486,0.116926
1,486,486,0.118731
1,486,486,0.117220
1,486,486,0.116823
1,486,486,0.117626
1,486,486,0.120384
1,486,486,0.112863
1,486,486,0.122029
1,487,487,0.118685
1,487,487,0.116410
1,487,487,0.120772
1,487,487,0.116331
1,487,487,0.118516
1,487,487,0.119581
1,487,487,0.116066
1,487,487,0.117514
1,488,488,0.118747
1,488,488,0.116721
1,488,488,0.119652
1,488,488,0.117662
1,488,488,0.120477
1,488,488,0.119900
1,488,488,0.114939
1,488,488,0.116607
1,489,489,0.116192
1,489,489,0.122345
1,489,489,0.115795
1,489,489,0.117847
1,489,489,0.119470
1,489,489,0.115826
1,489,489,0.115393
1,489,489,0.119543
1,490,490,0.117889
1,490,490,0.115486
1,490,490,0.121875
1,490,490,0.120316
1,490,490,0.113988
1,490,490,0.116360
1,490,490,0.116137
1,490,490,0.116649
1,491,491,0.116835
1,491,491,0.118976
1,491,491,0.120788
1,491,491,0.117527
1,491,491,0.116161
1,491,491,0.117884
1,491,491,0.115593
1,491,491,0.119021
1,492,492,0.115295
1,492,492,0.114704
1,492,492,0.114856
1,492,492,0.118196
1,492,492,0.118924
1,492,492,0.120166
1,492,492,0.117963
1,492,492,0.117187
1,493,493,0.121262
1,493,493,0.116813
1,493,493,0.117969
1,493,493,0.116710
1,493,493,0.115846
1,493,493,0.120257
1,493,493,0.117776
1,493,493,0.115266
1,494,494,0.116026
1,494,494,0.116227
1,494,494,0.115042
1,494,494,0.118908
1,494,494,0.115585
1,494,494,0.117600
1,494,494,0.116883
1,494,494,0.116527
1,495,495,0.116675
1,495,495,0.116764
1,495,495,0.116858
1,495,495,0.116110
1,495,495,0.116395
1,495,495,0.117982
1,495,495,0.122590
1,495,495,0.120989
1,496,496,0.115064
1,496,496,0.118073
1,496,496,0.116677
1,496,496,0.114179
1,496,496,0.115850
1,496,496,0.114409
1,496,496,0.121408
1,496,496,0.118919
1,497,497,0.118922
1,497,497,0.117114
1,497,497,0.118285
1,497,497,0.117010
1,497,497,0.117988
1,497,497,0.118509
1,497,497,0.114877
1,497,497,0.114588
1,498,498,0.118218
1,498,498,0.118604
1,498,498,0.120088
1,498,498,0.113588
1,498,498,0.119574
1,498,498,0.114861
1,498,498,0.111636
1,498,498,0.119365
1,499,499,0.116374
1,499,499,0.118083
1,499,499,0.119317
1,499,499,0.116142
1,499,499,0.119324
1,499,499,0.121005
1,499,499,0.119504
1,499,499,0.121126
1,500,500,0.116760
1,500,500,0.114717
1,500,500,0.121879
1,500,500,0.117993
1,500,500,0.116623
1,500,500,0.120822
1,500,500,0.115623
1,500,500,0.116090
1,501,501,0.117566
1,501,501,0.119491
1,501,501,0.117173
1,501,501,0.116072
1,501,501,0.121390
1,501,501,0.116744
1,501,501,0.117498
1,501,501,0.117659
1,502,502,0.116543
1,502,502,0.116566
1,502,502,0.117196
1,502,502,0.114364
1,502,502,0.123914
1,502,502,0.119414
1,502,502,0.116799
1,502,502,0.118737
1,503,503,0.117315
1,503,503,0.118744
1,503,503,0.116142
1,503,503,0.118423
1,503,503,0.117822
1,503,503,0.114739
1,503,503,0.116276
1,503,503,0.117828
1,504,504,0.119235
1,504,504,0.118653
1,504,504,0.118686
1,504,504,0.119646
1,504,504,0.119184
1,504,504,0.114247
1,504,504,0.117897
1,504,504,0.121823
1,505,505,0.118065
1,505,505,0.118249
1,505,505,0.112566
1,505,505,0.118707
1,505,505,0.117690
1,505,505,0.114506
1,505,505,0.120727
1,505,505,0.118228
1,506,506,0.115361
1,506,506,0.118417
1,506,506,0.117430
1,506,506,0.120419
1,506,506,0.122113
1,506,506,0.119465
1,506,506,0.113998
1,506,506,0.123475
1,507,507,0.121394
1,507,507,0.121006
1,507,507,0.119718
1,507,507,0.119076
1,507,507,0.116213
1,507,507,0.124872
1,507,507,0.119744
1,507,507,0.119312
1,508,508,0.118143
1,508,508,0.118348
1,508,508,0.117188
1,508,508,0.112276
1,508,508,0.118219
1,508,508,0.120643
1,508,508,0.118778
1,508,508,0.117155
1,509,509,0.116936
1,509,509,0.120664
1,509,509,0.118279
1,509,509,0.119391
1,509,509,0.117276
1,509,509,0.115914
1,509,509,0.121893
1,509,509,0.114882
1,510,510,0.122028
1,510,510,0.121478
1,510,510,0.116002
1,510,510,0.117658
1,510,510,0.117107
1,510,510,0.121310
1,510,510,0.117729
1,510,510,0.116927
1,511,511,0.119268
1,511,511,0.117663
1,511,511,0.117111
1,511,511,0.120728
1,511,511,0.115774
1,511,511,0.122596
1,511,511,0.116685
1,511,511,0.115899
1,512,512,0.117192
1,512,512,0.118995
1,512,512,0.119657
1,512,512,0.115918
1,512,512,0.119775
1,512,512,0.120325
1,512,512,0.115199
1,512,512,0.119471
1,513,513,0.123317
1,513,513,0.116659
1,513,513,0.120084
1,513,513,0.115855
1,513,513,0.117659
1,513,513,0.117351
1,513,513,0.121498
1,513,513,0.120657
1,514,514,0.116701
1,514,514,0.115274
1,514,514,0.117866
1,514,514,0.119803
1,514,514,0.117388
1,514,514,0.120003
1,514,514,0.121532
1,514,514,0.115611
1,515,515,0.115426
1,515,515,0.120087
1,515,515,0.119022
1,515,515,0.118892
1,515,515,0.119362
1,515,515,0.119575
1,515,515,0.116780
1,515,515,0.120824
1,516,516,0.120511
1,516,516,0.121364
1,516,516,0.117374
1,516,516,0.120967
1,516,516,0.116215
1,516,516,0.120154
1,516,516,0.124735
1,516,516,0.117144
1,517,517,0.117386
1,517,517,0.119030
1,517,517,0.121016
1,517,517,0.118660
1,517,517,0.117331
1,517,517,0.120004
1,517,517,0.121108
1,517,517,0.119688
1,518,518,0.118285
1,518,518,0.120152
1,518,518,0.120448
1,518,518,0.119606
1,518,518,0.116817
1,518,518,0.118905
1,518,518,0.116847
1,518,518,0.121069
1,519,519,0.119106
1,519,519,0.124955
1,519,519,0.120100
1,519,519,0.126979
1,519,519,0.120047
1,519,519,0.121610
1,519,519,0.119843
1,519,519,0.118545
1,520,520,0.117664
1,520,520,0.116444
1,520,520,0.116236
1,520,520,0.119181
1,520,520,0.120452
1,520,520,0.120776
1,520,520,0.120992
1,520,520,0.121022
1,521,521,0.121876
1,521,521,0.119411
1,521,521,0.118162
1,521,521,0.119560
1,521,521,0.117634
1,521,521,0.118730
1,521,521,0.120835
1,521,521,0.117636
1,522,522,0.115633
1,522,522,0.117931
1,522,522,0.117642
1,522,522,0.118653
1,522,522,0.116329
1,522,522,0.114788
1,522,522,0.125141
1,522,522,0.116440
1,523,523,0.120030
1,523,523,0.118722
1,523,523,0.115438
1,523,523,0.117718
1,523,523,0.117087
1,523,523,0.115564
1,523,523,0.124414
1,523,523,0.118834
1,524,524,0.116957
1,524,524,0.117812
1,524,524,0.120399
1,524,524,0.115497
1,524,524,0.115462
1,524,524,0.118327
1,524,524,0.119282
1,524,524,0.117914
1,525,525,0.115972
1,525,525,0.117078
1,525,525,0.117396
1,525,525,0.114354
1,525,525,0.119866
1,525,525,0.119243
1,525,525,0.118757
1,525,525,0.124069
1,526,526,0.118947
1,526,526,0.117297
1,526,526,0.119235
1,526,526,0.115351
1,526,526,0.120650
1,526,526,0.120815
1,526,526,0.117275
1,526,526,0.119760
1,527,527,0.117522
1,527,527,0.114722
1,527,527,0.119190
1,527,527,0.114832
1,527,527,0.116431
1,527,527,0.116519
1,527,527,0.122076
1,527,527,0.117397
1,528,528,0.117452
1,528,528,0.120422
1,528,528,0.118406
1,528,528,0.120060
1,528,528,0.118977
1,528,528,0.112511
1,528,528,0.124777
1,528,528,0.119697
1,529,529,0.112698
1,529,529,0.117816
1,529,529,0.118102
1,529,529,0.116641
1,529,529,0.117438
1,529,529,0.119217
1,529,529,0.117749
1,529,529,0.115266
1,530,530,0.118860
1,530,530,0.119214
1,530,530,0.114462
1,530,530,0.125730
1,530,530,0.116707
1,530,530,0.117400
1,530,530,0.114143
1,530,530,0.116622
1,531,531,0.117355
1,531,531,0.120154
1,531,531,0.117068
1,531,531,0.118760
1,531,531,0.123850
1,531,531,0.116483
1,531,531,0.114805
1,531,531,0.116916
1,532,532,0.114410
1,532,532,0.118870
1,532,532,0.117031
1,532,532,0.117572
1,532,532,0.120752
1,532,532,0.117438
1,532,532,0.122953
1,532,532,0.117656
1,533,533,0.126249
1,533,533,0.118096
1,533,533,0.122991
1,533,533,0.119070
1,533,533,0.119707
1,533,533,0.123499
1,533,533,0.117113
1,533,533,0.119142
1,534,534,0.116472
1,534,534,0.117847
1,534,534,0.117114
1,534,534,0.120580
1,534,534,0.117156
1,534,534,0.121806
1,534,534,0.118672
1,534,534,0.123019
1,535,535,0.115518
1,535,535,0.117730
1,535,535,0.121803
1,535,535,0.119551
1,535,535,0.120819
1,535,535,0.121368
1,535,535,0.115050
1,535,535,0.123203
1,536,536,0.119103
1,536,536,0.117452
1,536,536,0.118016
1,536,536,0.114640
1,536,536,0.116589
1,536,536,0.118346
1,536,536,0.117354
1,536,536,0.118394
1,537,537,0.115400
1,537,537,0.120706
1,537,537,0.117322
1,537,537,0.118454
1,537,537,0.115677
1,537,537,0.118815
1,537,537,0.120107
1,537,537,0.119508
1,538,538,0.119133
1,538,538,0.116079
1,538,538,0.117989
1,538,538,0.119117
1,538,538,0.116630
1,538,538,0.118962
1,538,538,0.120537
1,538,538,0.115977
1,539,539,0.115710
1,539,539,0.116758
1,539,539,0.117006
1,539,539,0.120682
1,539,539,0.118471
1,539,539,0.117620
1,539,539,0.117550
1,539,539,0.116414
2,1,540,0.112882
2,1,540,0.119342
2,1,540,0.125342
2,1,540,0.122185
2,1,540,0.120646
2,1,540,0.119473
2,1,540,0.119295
2,1,540,0.121259
2,2,541,0.120289
2,2,541,0.115889
2,2,541,0.116940
2,2,541,0.115967
2,2,541,0.121358
2,2,541,0.115571
2,2,541,0.118733
2,2,541,0.117093
2,3,542,0.117736
2,3,542,0.118849
2,3,542,0.114748
2,3,542,0.117551
2,3,542,0.117622
2,3,542,0.115679
2,3,542,0.112491
2,3,542,0.118902
2,4,543,0.122653
2,4,543,0.120761
2,4,543,0.118462
2,4,543,0.117064
2,4,543,0.116614
2,4,543,0.117056
2,4,543,0.118293
2,4,543,0.119305
2,5,544,0.117377
2,5,544,0.113882
2,5,544,0.119003
2,5,544,0.119183
2,5,544,0.115673
2,5,544,0.115479
2,5,544,0.119510
2,5,544,0.117601
2,6,545,0.118247
2,6,545,0.120970
2,6,545,0.114556
2,6,545,0.118937
2,6,545,0.114168
2,6,545,0.120614
2,6,545,0.119188
2,6,545,0.120620
2,7,546,0.118234
2,7,546,0.119342
2,7,546,0.115784
2,7,546,0.118697
2,7,546,0.117770
2,7,546,0.118988
2,7,546,0.115896
2,7,546,0.117647
2,8,547,0.117155
2,8,547,0.117131
2,8,547,0.118193
2,8,547,0.123112
2,8,547,0.117486
2,8,547,0.118411
2,8,547,0.117482
2,8,547,0.120457
2,9,548,0.121488
2,9,548,0.118932
2,9,548,0.115001
2,9,548,0.122466
2,9,548,0.119560
2,9,548,0.115790
2,9,548,0.118433
2,9,548,0.117767
2,10,549,0.117191
2,10,549,0.119067
2,10,549,0.113475
2,10,549,0.116711
2,10,549,0.122522
2,10,549,0.122044
2,10,549,0.121667
2,10,549,0.117505
2,11,550,0.117567
2,11,550,0.118663
2,11,550,0.119605
2,11,550,0.121800
2,11,550,0.123681
2,11,550,0.117464
2,11,550,0.117193
2,11,550,0.114877
2,12,551,0.115823
2,12,551,0.120846
2,12,551,0.123203
2,12,551,0.120619
2,12,551,0.118020
2,12,551,0.125010
2,12,551,0.119828
2,12,551,0.116834
2,13,552,0.118951
2,13,552,0.119481
2,13,552,0.115100
2,13,552,0.120053
2,13,552,0.119155
2,13,552,0.120620
2,13,552,0.114974
2,13,552,0.115672
2,14,553,0.119488
2,14,553,0.121499
2,14,553,0.118046
2,14,553,0.116046
2,14,553,0.120105
2,14,553,0.115704
2,14,553,0.117311
2,14,553,0.118609
2,15,554,0.119966
2,15,554,0.118162
2,15,554,0.116284
2,15,554,0.118956
2,15,554,0.120357
2,15,554,0.118390
2,15,554,0.116763
2,15,554,0.114313
2,16,555,0.118183
2,16,555,0.121496
2,16,555,0.117983
2,16,555,0.116182
2,16,555,0.111606
2,16,555,0.114724
2,16,555,0.119335
2,16,555,0.116392
2,17,556,0.117276
2,17,556,0.117879
2,17,556,0.117772
2,17,556,0.117116
2,17,556,0.116930
2,17,556,0.118259
2,17,556,0.117462
2,17,556,0.121552
2,18,557,0.115444
2,18,557,0.117423
2,18,557,0.119443
2,18,557,0.115878
2,18,557,0.116635
2,18,557,0.117003
2,18,557,0.116487
2,18,557,0.114474
2,19,558,0.117348
2,19,558,0.119646
2,19,558,0.118768
2,19,558,0.116639
2,19,558,0.118871
2,19,558,0.116837
2,19,558,0.115775
2,19,558,0.118960
2,20,559,0.117288
2,20,559,0.118853
2,20,559,0.120162
2,20,559,0.119892
2,20,559,0.117580
2,20,559,0.114282
2,20,559,0.117307
2,20,559,0.119139
2,21,560,0.120953
2,21,560,0.123653
2,21,560,0.117942
2,21,560,0.120439
2,21,560,0.115539
2,21,560,0.120128
2,21,560,0.116615
2,21,560,0.117114
2,22,561,0.120512
2,22,561,0.116493
2,22,561,0.115554
2,22,561,0.118948
2,22,561,0.115263
2,22,561,0.115943
2,22,561,0.119304
2,22,561,0.118532
2,23,562,0.117710
2,23,562,0.117225
2,23,562,0.115820
2,23,562,0.119689
2,23,562,0.118613
2,23,562,0.117764
2,23,562,0.116143
2,23,562,0.115719
2,24,563,0.115652
2,24,563,0.121046
2,24,563,0.118424
2,24,563,0.119216
2,24,563,0.117150
2,24,563,0.120276
2,24,563,0.117107
2,24,563,0.114182
2,25,564,0.117986
2,25,564,0.114185
2,25,564,0.117400
2,25,564,0.116881
2,25,564,0.115351
2,25,564,0.118563
2,25,564,0.119187
2,25,564,0.119935
2,26,565,0.116150
2,26,565,0.118992
2,26,565,0.118413
2,26,565,0.117207
2,26,565,0.119562
2,26,565,0.123058
2,26,565,0.117879
2,26,565,0.120996
2,27,566,0.118730
2,27,566,0.122884
2,27,566,0.124110
2,27,566,0.120633
2,27,566,0.116980
2,27,566,0.117675
2,27,566,0.115059
2,27,566,0.117981
2,28,567,0.122669
2,28,567,0.120893
2,28,567,0.118218
2,28,567,0.121127
2,28,567,0.117571
2,28,567,0.118548
2,28,567,0.117347
2,28,567,0.115790
2,29,568,0.119378
2,29,568,0.117890
2,29,568,0.117023
2,29,568,0.118676
2,29,568,0.123323
2,29,568,0.119596
2,29,568,0.117943
2,29,568,0.118856
2,30,569,0.122043
2,30,569,0.121078
2,30,569,0.118622
2,30,569,0.122386
2,30,569,0.114578
2,30,569,0.120070
2,30,569,0.119854
2,30,569,0.119579
2,31,570,0.118235
2,31,570,0.120261
2,31,570,0.121354
2,31,570,0.118720
2,31,570,0.118644
2,31,570,0.113835
2,31,570,0.118538
2,31,570,0.121566
2,32,571,0.119187
2,32,571,0.116470
2,32,571,0.117042
2,32,571,0.118742
2,32,571,0.116139
2,32,571,0.116701
2,32,571,0.117070
2,32,571,0.118173
2,33,572,0.118046
2,33,572,0.118855
2,33,572,0.118216
2,33,572,0.123827
2,33,572,0.118186
2,33,572,0.125215
2,33,572,0.116318
2,33,572,0.116271
2,34,573,0.119667
2,34,573,0.118212
2,34,573,0.121661
2,34,573,0.121141
2,34,573,0.117137
2,34,573,0.117179
2,34,573,0.119420
2,34,573,0.117813
2,35,574,0.119493
2,35,574,0.118221
2,35,574,0.119140
2,35,574,0.121503
2,35,574,0.122077
2,35,574,0.117979
2,35,574,0.116400
2,35,574,0.118960
2,36,575,0.115152
2,36,575,0.114028
2,36,575,0.119809
2,36,575,0.124581
2,36,575,0.117383
2,36,575,0.115286
2,36,575,0.116501
2,36,575,0.120657
2,37,576,0.127877
2,37,576,0.119236
2,37,576,0.121516
2,37,576,0.127274
2,37,576,0.115189
2,37,576,0.121439
2,37,576,0.121426
2,37,576,0.122697
2,38,577,0.114938
2,38,577,0.113693
2,38,577,0.118328
2,38,577,0.116241
2,38,577,0.116242
2,38,577,0.123582
2,38,577,0.116617
2,38,577,0.119681
2,39,578,0.115628
2,39,578,0.118644
2,39,578,0.123871
2,39,578,0.114759
2,39,578,0.115828
2,39,578,0.117566
2,39,578,0.116015
2,39,578,0.120139
2,40,579,0.123281
2,40,579,0.120499
2,40,579,0.121307
2,40,579,0.116975
2,40,579,0.117607
2,40,579,0.118351
2,40,579,0.119948
2,40,579,0.117959
2,41,580,0.120817
2,41,580,0.118250
2,41,580,0.120728
2,41,580,0.119390
2,41,580,0.114394
2,41,580,0.118475
2,41,580,0.119383
2,41,580,0.114296
2,42,581,0.116327
2,42,581,0.121105
2,42,581,0.118660
2,42,581,0.120278
2,42,581,0.117564
2,42,581,0.120589
2,42,581,0.116238
2,42,581,0.115288
2,43,582,0.114206
2,43,582,0.114091
2,43,582,0.114818
2,43,582,0.121510
2,43,582,0.116784
2,43,582,0.120785
2,43,582,0.120811
2,43,582,0.118344
2,44,583,0.114915
2,44,583,0.117152
2,44,583,0.120003
2,44,583,0.114428
2,44,583,0.117348
2,44,583,0.116940
2,44,583,0.118101
2,44,583,0.116863
2,45,584,0.115510
2,45,584,0.116397
2,45,584,0.120480
2,45,584,0.119893
2,45,584,0.116623
2,45,584,0.116540
2,45,584,0.120454
2,45,584,0.114174
2,46,585,0.121770
2,46,585,0.115640
2,46,585,0.117290
2,46,585,0.118257
2,46,585,0.117616
2,46,585,0.116960
2,46,585,0.119078
2,46,585,0.128022
2,47,586,0.118610
2,47,586,0.117385
2,47,586,0.121806
2,47,586,0.116200
2,47,586,0.117718
2,47,586,0.114740
2,47,586,0.117314
2,47,586,0.115139
2,48,587,0.119271
2,48,587,0.120457
2,48,587,0.120649
2,48,587,0.116253
2,48,587,0.116859
2,48,587,0.116158
2,48,587,0.119356
2,48,587,0.119883
2,49,588,0.115734
2,49,588,0.117787
2,49,588,0.116685
2,49,588,0.118423
2,49,588,0.118438
2,49,588,0.118459
2,49,588,0.119038
2,49,588,0.116567
2,50,589,0.117115
2,50,589,0.117869
2,50,589,0.115046
2,50,589,0.115367
2,50,589,0.118246
2,50,589,0.115047
2,50,589,0.114611
2,50,589,0.121718
2,51,590,0.119945
2,51,590,0.123593
2,51,590,0.116740
2,51,590,0.117087
2,51,590,0.117184
2,51,590,0.119919
2,51,590,0.118782
2,51,590,0.115106
2,52,591,0.116086
2,52,591,0.116217
2,52,591,0.117290
2,52,591,0.120009
2,52,591,0.117106
2,52,591,0.117542
2,52,591,0.115814
2,52,591,0.119894
2,53,592,0.116519
2,53,592,0.121072
2,53,592,0.119264
2,53,592,0.115448
2,53,592,0.118343
2,53,592,0.120467
2,53,592,0.116715
2,53,592,0.122500
2,54,593,0.119737
2,54,593,0.119882
2,54,593,0.116666
2,54,593,0.117793
2,54,593,0.122983
2,54,593,0.116390
2,54,593,0.117734
2,54,593,0.114190
2,55,594,0.123192
2,55,594,0.118822
2,55,594,0.118996
2,55,594,0.115526
2,55,594,0.119592
2,55,594,0.115866
2,55,594,0.118026
2,55,594,0.117951
2,56,595,0.117998
2,56,595,0.119346
2,56,595,0.117277
2,56,595,0.121903
2,56,595,0.122499
2,56,595,0.120407
2,56,595,0.118183
2,56,595,0.116213
2,57,596,0.117415
2,57,596,0.117429
2,57,596,0.114275
2,57,596,0.118531
2,57,596,0.119952
2,57,596,0.119777
2,57,596,0.114652
2,57,596,0.117706
2,58,597,0.119643
2,58,597,0.117364
2,58,597,0.117236
2,58,597,0.118281
2,58,597,0.116211
2,58,597,0.120611
2,58,597,0.114315
2,58,597,0.122084
2,59,598,0.117183
2,59,598,0.119147
2,59,598,0.119146
2,59,598,0.121412
2,59,598,0.119337
2,59,598,0.121561
2,59,598,0.117084
2,59,598,0.119224
2,60,599,0.120234
2,60,599,0.117976
2,60,599,0.117921
2,60,599,0.120759
2,60,599,0.116989
2,60,599,0.118117
2,60,599,0.116613
2,60,599,0.116957
2,61,600,0.116291
2,61,600,0.116704
2,61,600,0.117727
2,61,600,0.117031
2,61,600,0.118498
2,61,600,0.116734
2,61,600,0.119507
2,61,600,0.118701
2,62,601,0.118439
2,62,601,0.119243
2,62,601,0.124056
2,62,601,0.118451
2,62,601,0.117466
2,62,601,0.119812
2,62,601,0.120199
2,62,601,0.114561
2,63,602,0.119158
2,63,602,0.118923
2,63,602,0.125482
2,63,602,0.117154
2,63,602,0.116784
2,63,602,0.118100
2,63,602,0.120466
2,63,602,0.116519
2,64,603,0.120028
2,64,603,0.117109
2,64,603,0.118084
2,64,603,0.121081
2,64,603,0.114075
2,64,603,0.118759
2,64,603,0.116477
2,64,603,0.120395
2,65,604,0.116083
2,65,604,0.116202
2,65,604,0.116851
2,65,604,0.115908
2,65,604,0.123298
2,65,604,0.117504
2,65,604,0.119329
2,65,604,0.112171
2,66,605,0.119548
2,66,605,0.118304
2,66,605,0.121778
2,66,605,0.119376
2,66,605,0.116127
2,66,605,0.122486
2,66,605,0.115620
2,66,605,0.115613
2,67,606,0.116149
2,67,606,0.117735
2,67,606,0.118482
2,67,606,0.118937
2,67,606,0.120088
2,67,606,0.119360
2,67,606,0.118116
2,67,606,0.116318
2,68,607,0.119771
2,68,607,0.122469
2,68,607,0.117450
2,68,607,0.116425
2,68,607,0.118890
2,68,607,0.119391
2,68,607,0.117374
2,68,607,0.114036
2,69,608,0.115921
2,69,608,0.117767
2,69,608,0.120676
2,69,608,0.116542
2,69,608,0.118880
2,69,608,0.117399
2,69,608,0.117123
2,69,608,0.117771
2,70,609,0.119143
2,70,609,0.116082
2,70,609,0.118631
2,70,609,0.115832
2,70,609,0.119528
2,70,609,0.112879
2,70,609,0.116645
2,70,609,0.115900
2,71,610,0.116362
2,71,610,0.117517
2,71,610,0.123926
2,71,610,0.118451
2,71,610,0.120111
2,71,610,0.121327
2,71,610,0.116827
2,71,610,0.118986
2,72,611,0.121481
2,72,611,0.115835
2,72,611,0.115632
2,72,611,0.116334
2,72,611,0.117987
2,72,611,0.119811
2,72,611,0.117414
2,72,611,0.116487
2,73,612,0.118709
2,73,612,0.122393
2,73,612,0.121924
2,73,612,0.119553
2,73,612,0.114864
2,73,612,0.114652
2,73,612,0.114462
2,73,612,0.118656
2,74,613,0.118138
2,74,613,0.116624
2,74,613,0.120410
2,74,613,0.115911
2,74,613,0.118065
2,74,613,0.121986
2,74,613,0.117873
2,74,613,0.117552
2,75,614,0.117782
2,75,614,0.117654
2,75,614,0.113619
2,75,614,0.116960
2,75,614,0.116931
2,75,614,0.116262
2,75,614,0.113490
2,75,614,0.117829
2,76,615,0.117708
2,76,615,0.120555
2,76,615,0.119495
2,76,615,0.118186
2,76,615,0.120875
2,76,615,0.115567
2,76,615,0.123703
2,76,615,0.119420
2,77,616,0.114339
2,77,616,0.119577
2,77,616,0.115766
2,77,616,0.116231
2,77,616,0.118983
2,77,616,0.118778
2,77,616,0.117684
2,77,616,0.116466
2,78,617,0.119968
2,78,617,0.119675
2,78,617,0.112998
2,78,617,0.124783
2,78,617,0.114361
2,78,617,0.116814
2,78,617,0.117647
2,78,617,0.119865
2,79,618,0.124523
2,79,618,0.113951
2,79,618,0.117802
2,79,618,0.116707
2,79,618,0.117417
2,79,618,0.119171
2,79,618,0.119769
2,79,618,0.116852
2,80,619,0.116582
2,80,619,0.117293
2,80,619,0.116064
2,80,619,0.115582
2,80,619,0.112643
2,80,619,0.115509
2,80,619,0.112747
2,80,619,0.118795
2,81,620,0.117850
2,81,620,0.123458
2,81,620,0.119183
2,81,620,0.124277
2,81,620,0.117501
2,81,620,0.117778
2,81,620,0.118304
2,81,620,0.120385
2,82,621,0.114457
2,82,621,0.120529
2,82,621,0.114366
2,82,621,0.116623
2,82,621,0.116826
2,82,621,0.123637
2,82,621,0.120061
2,82,621,0.116139
2,83,622,0.119626
2,83,622,0.118988
2,83,622,0.117743
2,83,622,0.119181
2,83,622,0.115509
2,83,622,0.117551
2,83,622,0.117010
2,83,622,0.114000
2,84,623,0.120237
2,84,623,0.119159
2,84,623,0.117687
2,84,623,0.118376
2,84,623,0.116649
2,84,623,0.120826
2,84,623,0.117736
2,84,623,0.118050
2,85,624,0.114777
2,85,624,0.116909
2,85,624,0.115805
2,85,624,0.118674
2,85,624,0.122227
2,85,624,0.119683
2,85,624,0.118692
2,85,624,0.117909
2,86,625,0.119591
2,86,625,0.114918
2,86,625,0.117264
2,86,625,0.118324
2,86,625,0.119052
2,86,625,0.115340
2,86,625,0.117511
2,86,625,0.115924
2,87,626,0.117429
2,87,626,0.121849
2,87,626,0.115286
2,87,626,0.116573
2,87,626,0.117829
2,87,626,0.117991
2,87,626,0.118615
2,87,626,0.120926
2,88,627,0.117113
2,88,627,0.119021
2,88,627,0.115579
2,88,627,0.115016
2,88,627,0.113962
2,88,627,0.116295
2,88,627,0.122358
2,88,627,0.118924
2,89,628,0.113651
2,89,628,0.119138
2,89,628,0.116456
2,89,628,0.115269
2,89,628,0.116392
2,89,628,0.120341
2,89,628,0.122575
2,89,628,0.116187
2,90,629,0.119243
2,90,629,0.115705
2,90,629,0.116461
2,90,629,0.117041
2,90,629,0.114812
2,90,629,0.114083
2,90,629,0.115450
2,90,629,0.116075
2,91,630,0.117565
2,91,630,0.115659
2,91,630,0.119082
2,91,630,0.117304
2,91,630,0.117458
2,91,630,0.115301
2,91,630,0.118503
2,91,630,0.113627
2,92,631,0.113099
2,92,631,0.116340
2,92,631,0.116940
2,92,631,0.115627
2,92,631,0.116787
2,92,631,0.113100
2,92,631,0.118747
2,92,631,0.121666
2,93,632,0.117627
2,93,632,0.115808
2,93,632,0.115618
2,93,632,0.121461
2,93,632,0.113958
2,93,632,0.116018
2,93,632,0.116239
2,93,632,0.119869
2,94,633,0.114593
2,94,633,0.114778
2,94,633,0.121887
2,94,633,0.118131
2,94,633,0.116035
2,94,633,0.118326
2,94,633,0.115796
2,94,633,0.115848
2,95,634,0.116097
2,95,634,0.120668
2,95,634,0.116393
2,95,634,0.114901
2,95,634,0.115378
2,95,634,0.116201
2,95,634,0.117928
2,95,634,0.116044
2,96,635,0.117189
2,96,635,0.117941
2,96,635,0.116275
2,96,635,0.117272
2,96,635,0.116976
2,96,635,0.117038
2,96,635,0.119286
2,96,635,0.116330
2,97,636,0.116850
2,97,636,0.117997
2,97,636,0.121407
2,97,636,0.115011
2,97,636,0.119767
2,97,636,0.117380
2,97,636,0.122317
2,97,636,0.117727
2,98,637,0.118222
2,98,637,0.116254
2,98,637,0.118046
2,98,637,0.117953
2,98,637,0.119476
2,98,637,0.116041
2,98,637,0.122434
2,98,637,0.116059
2,99,638,0.119769
2,99,638,0.117017
2,99,638,0.116830
2,99,638,0.118585
2,99,638,0.121506
2,99,638,0.120114
2,99,638,0.114601
2,99,638,0.123688
2,100,639,0.117076
2,100,639,0.116839
2,100,639,0.118472
2,100,639,0.116279
2,100,639,0.116605
2,100,639,0.118389
2,100,639,0.119222
2,100,639,0.116908
2,101,640,0.118996
2,101,640,0.114424
2,101,640,0.117954
2,101,640,0.117399
2,101,640,0.120759
2,101,640,0.116715
2,101,640,0.117823
2,101,640,0.117940
2,102,641,0.118847
2,102,641,0.122344
2,102,641,0.119572
2,102,641,0.117436
2,102,641,0.119278
2,102,641,0.118862
2,102,641,0.118964
2,102,641,0.115972
2,103,642,0.116297
2,103,642,0.116847
2,103,642,0.115704
2,103,642,0.118021
2,103,642,0.118128
2,103,642,0.118316
2,103,642,0.117162
2,103,642,0.115649
2,104,643,0.116351
2,104,643,0.116602
2,104,643,0.118282
2,104,643,0.114941
2,104,643,0.123600
2,104,643,0.119484
2,104,643,0.119895
2,104,643,0.119054
2,105,644,0.116295
2,105,644,0.120509
2,105,644,0.120440
2,105,644,0.121031
2,105,644,0.114895
2,105,644,0.119436
2,105,644,0.121749
2,105,644,0.117375
2,106,645,0.115710
2,106,645,0.115551
2,106,645,0.117027
2,106,645,0.120059
2,106,645,0.121180
2,106,645,0.118070
2,106,645,0.119398
2,106,645,0.118895
2,107,646,0.118336
2,107,646,0.115661
2,107,646,0.115428
2,107,646,0.119748
2,107,646,0.115441
2,107,646,0.115139
2,107,646,0.116168
2,107,646,0.117141
2,108,647,0.114960
2,108,647,0.114644
2,108,647,0.116108
2,108,647,0.115849
2,108,647,0.119417
2,108,647,0.119228
2,108,647,0.117282
2,108,647,0.113761
2,109,648,0.116275
2,109,648,0.118556
2,109,648,0.112346
2,109,648,0.115047
2,109,648,0.121509
2,109,648,0.120545
2,109,648,0.116746
2,109,648,0.118626
2,110,649,0.119907
2,110,649,0.117568
2,110,649,0.116840
2,110,649,0.120117
2,110,649,0.116431
2,110,649,0.117299
2,110,649,0.113918
2,110,649,0.123034
2,111,650,0.115698
2,111,650,0.117926
2,111,650,0.114461
2,111,650,0.116631
2,111,650,0.121055
2,111,650,0.115803
2,111,650,0.120176
2,111,650,0.120350
2,112,651,0.118790
2,112,651,0.117629
2,112,651,0.116737
2,112,651,0.113560
2,112,651,0.120023
2,112,651,0.118626
2,112,651,0.116025
2,112,651,0.123096
2,113,652,0.116761
2,113,652,0.115426
2,113,652,0.117176
2,113,652,0.115277
2,113,652,0.113655
2,113,652,0.119166
2,113,652,0.115842
2,113,652,0.124713
2,114,653,0.115822
2,114,653,0.121520
2,114,653,0.114082
2,114,653,0.117276
2,114,653,0.120575
2,114,653,0.122642
2,114,653,0.116308
2,114,653,0.114010
2,115,654,0.117729
2,115,654,0.117372
2,115,654,0.120599
2,115,654,0.116827
2,115,654,0.114907
2,115,654,0.118887
2,115,654,0.114316
2,115,654,0.119545
2,116,655,0.116954
2,116,655,0.119522
2,116,655,0.115353
2,116,655,0.119614
2,116,655,0.121148
2,116,655,0.113459
2,116,655,0.116526
2,116,655,0.120117
2,117,656,0.118998
2,117,656,0.116088
2,117,656,0.119185
2,117,656,0.119387
2,117,656,0.115682
2,117,656,0.116131
2,117,656,0.123058
2,117,656,0.114402
2,118,657,0.119819
2,118,657,0.122367
2,118,657,0.119374
2,118,657,0.118001
2,118,657,0.121707
2,118,657,0.119370
2,118,657,0.127839
2,118,657,0.120407
2,119,658,0.119279
2,119,658,0.116772
2,119,658,0.124016
2,119,658,0.121845
2,119,658,0.123595
2,119,658,0.118905
2,119,658,0.123203
2,119,658,0.119082
2,120,659,0.119156
2,120,659,0.121205
2,120,659,0.119841
2,120,659,0.120713
2,120,659,0.120652
2,120,659,0.116949
2,120,659,0.121469
2,120,659,0.119362
2,121,660,0.120659
2,121,660,0.116325
2,121,660,0.116749
2,121,660,0.116377
2,121,660,0.115200
2,121,660,0.114237
2,121,660,0.113086
2,121,660,0.116899
2,122,661,0.119847
2,122,661,0.118530
2,122,661,0.118233
2,122,661,0.119693
2,122,661,0.115250
2,122,661,0.122393
2,122,661,0.114850
2,122,661,0.117816
2,123,662,0.117426
2,123,662,0.120884
2,123,662,0.116769
2,123,662,0.116404
2,123,662,0.117623
2,123,662,0.120797
2,123,662,0.120260
2,123,662,0.113171
2,124,663,0.119930
2,124,663,0.119481
2,124,663,0.116430
2,124,663,0.121853
2,124,663,0.120821
2,124,663,0.117749
2,124,663,0.119045
2,124,663,0.116367
2,125,664,0.120625
2,125,664,0.114126
2,125,664,0.115748
2,125,664,0.123380
2,125,664,0.117269
2,125,664,0.116577
2,125,664,0.119258
2,125,664,0.122090
2,126,665,0.115890
2,126,665,0.117967
2,126,665,0.116653
2,126,665,0.119367
2,126,665,0.117186
2,126,665,0.115796
2,126,665,0.119545
2,126,665,0.118755
2,127,666,0.119002
2,127,666,0.116829
2,127,666,0.116939
2,127,666,0.120787
2,127,666,0.114769
2,127,666,0.117538
2,127,666,0.119988
2,127,666,0.120870
2,128,667,0.119951
2,128,667,0.117742
2,128,667,0.118467
2,128,667,0.120676
2,128,667,0.118598
2,128,667,0.116937
2,128,667,0.120502
2,128,667,0.121357
2,129,668,0.117378
2,129,668,0.117172
2,129,668,0.120247
2,129,668,0.114739
2,129,668,0.121940
2,129,668,0.117003
2,129,668,0.119824
2,129,668,0.119961
2,130,669,0.117668
2,130,669,0.114537
2,130,669,0.123729
2,130,669,0.116484
2,130,669,0.118801
2,130,669,0.117552
2,130,669,0.118218
2,130,669,0.120307
2,131,670,0.121054
2,131,670,0.121935
2,131,670,0.114873
2,131,670,0.117780
2,131,670,0.119771
2,131,670,0.115169
2,131,670,0.117194
2,131,670,0.117826
2,132,671,0.115870
2,132,671,0.117943
2,132,671,0.118379
2,132,671,0.114981
2,132,671,0.119445
2,132,671,0.116436
2,132,671,0.115878
2,132,671,0.116889
2,133,672,0.115201
2,133,672,0.117465
2,133,672,0.115149
2,133,672,0.115697
2,133,672,0.123724
2,133,672,0.118859
2,133,672,0.114437
2,133,672,0.117690
2,134,673,0.119467
2,134,673,0.119645
2,134,673,0.116637
2,134,673,0.116709
2,134,673,0.116537
2,134,673,0.124638
2,134,673,0.117282
2,134,673,0.118364
2,135,674,0.114617
2,135,674,0.118309
2,135,674,0.117862
2,135,674,0.116736
2,135,674,0.117463
2,135,674,0.116916
2,135,674,0.121363
2,135,674,0.114827
2,136,675,0.120523
2,136,675,0.124109
2,136,675,0.120201
2,136,675,0.120244
2,136,675,0.117962
2,136,675,0.119599
2,136,675,0.116299
2,136,675,0.117178
2,137,676,0.119100
2,137,676,0.112754
2,137,676,0.116292
2,137,676,0.117141
2,137,676,0.116070
2,137,676,0.119279
2,137,676,0.115475
2,137,676,0.119165
2,138,677,0.115815
2,138,677,0.114922
2,138,677,0.116609
2,138,677,0.118128
2,138,677,0.118242
2,138,677,0.118545
2,138,677,0.119442
2,138,677,0.116548
2,139,678,0.117722
2,139,678,0.116673
2,139,678,0.117180
2,139,678,0.117113
2,139,678,0.120861
2,139,678,0.115719
2,139,678,0.121102
2,139,678,0.117996
2,140,679,0.119689
2,140,679,0.123405
2,140,679,0.116894
2,140,679,0.123595
2,140,679,0.118704
2,140,679,0.115427
2,140,679,0.115217
2,140,679,0.121108
2,141,680,0.114729
2,141,680,0.117530
2,141,680,0.112615
2,141,680,0.117937
2,141,680,0.116049
2,141,680,0.115376
2,141,680,0.115559
2,141,680,0.116854
2,142,681,0.120745
2,142,681,0.120774
2,142,681,0.120065
2,142,681,0.119232
2,142,681,0.117652
2,142,681,0.118289
2,142,681,0.116572
2,142,681,0.118137
2,143,682,0.117288
2,143,682,0.119538
2,143,682,0.118506
2,143,682,0.118763
2,143,682,0.117511
2,143,682,0.115842
2,143,682,0.115860
2,143,682,0.118172
2,144,683,0.114724
2,144,683,0.116020
2,144,683,0.120568
2,144,683,0.122645
2,144,683,0.117474
2,144,683,0.119951
2,144,683,0.117918
2,144,683,0.118585
2,145,684,0.116861
2,145,684,0.118513
2,145,684,0.117888
2,145,684,0.118801
2,145,684,0.114701
2,145,684,0.117444
2,145,684,0.115661
2,145,684,0.119404
2,146,685,0.117306
2,146,685,0.116039
2,146,685,0.120020
2,146,685,0.116041
2,146,685,0.118378
2,146,685,0.114766
2,146,685,0.118366
2,146,685,0.115573
2,147,686,0.117984
2,147,686,0.118559
2,147,686,0.121062
2,147,686,0.117581
2,147,686,0.116287
2,147,686,0.118041
2,147,686,0.119187
2,147,686,0.117664
2,148,687,0.118964
2,148,687,0.116259
2,148,687,0.113176
2,148,687,0.117443
2,148,687,0.117450
2,148,687,0.119113
2,148,687,0.115197
2,148,687,0.117510
2,149,688,0.119296
2,149,688,0.117445
2,149,688,0.116662
2,149,688,0.114536
2,149,688,0.116925
2,149,688,0.116494
2,149,688,0.118224
2,149,688,0.117713
2,150,689,0.117078
2,150,689,0.123734
2,150,689,0.119494
2,150,689,0.116995
2,150,689,0.120600
2,150,689,0.117288
2,150,689,0.117491
2,150,689,0.118426
2,151,690,0.118122
2,151,690,0.117654
2,151,690,0.124453
2,151,690,0.116721
2,151,690,0.116324
2,151,690,0.118705
2,151,690,0.120654
2,151,690,0.116427
2,152,691,0.117241
2,152,691,0.117980
2,152,691,0.116645
2,152,691,0.117241
2,152,691,0.116866
2,152,691,0.118637
2,152,691,0.120159
2,152,691,0.116295
2,153,692,0.114192
2,153,692,0.113894
2,153,692,0.116296
2,153,692,0.114230
2,153,692,0.117193
2,153,692,0.118403
2,153,692,0.123248
2,153,692,0.116669
2,154,693,0.118175
2,154,693,0.118843
2,154,693,0.116932
2,154,693,0.120285
2,154,693,0.115992
2,154,693,0.119959
2,154,693,0.119673
2,154,693,0.114469
2,155,694,0.119356
2,155,694,0.116388
2,155,694,0.120147
2,155,694,0.115296
2,155,694,0.116646
2,155,694,0.119497
2,155,694,0.116573
2,155,694,0.118391
2,156,695,0.117457
2,156,695,0.114843
2,156,695,0.119055
2,156,695,0.118373
2,156,695,0.121533
2,156,695,0.113633
2,156,695,0.117007
2,156,695,0.114244
2,157,696,0.117350
2,157,696,0.116121
2,157,696,0.117531
2,157,696,0.116893
2,157,696,0.119336
2,157,696,0.118282
2,157,696,0.118236
2,157,696,0.114515
2,158,697,0.118410
2,158,697,0.118106
2,158,697,0.116479
2,158,697,0.116518
2,158,697,0.117612
2,158,697,0.121421
2,158,697,0.117462
2,158,697,0.118726
2,159,698,0.113393
2,159,698,0.119262
2,159,698,0.116616
2,159,698,0.120160
2,159,698,0.115850
2,159,698,0.123327
2,159,698,0.115214
2,159,698,0.117249
2,160,699,0.117695
2,160,699,0.117239
2,160,699,0.123971
2,160,699,0.118099
2,160,699,0.118662
2,160,699,0.120966
2,160,699,0.116688
2,160,699,0.116998
2,161,700,0.119275
2,161,700,0.116497
2,161,700,0.122662
2,161,700,0.115144
2,161,700,0.117898
2,161,700,0.116335
2,161,700,0.116163
2,161,700,0.112619
2,162,701,0.114790
2,162,701,0.118895
2,162,701,0.116449
2,162,701,0.116306
2,162,701,0.119234
2,162,701,0.118113
2,162,701,0.118970
2,162,701,0.119955
2,163,702,0.116296
2,163,702,0.121532
2,163,702,0.118871
2,163,702,0.115466
2,163,702,0.114783
2,163,702,0.121199
2,163,702,0.117533
2,163,702,0.115259
2,164,703,0.121710
2,164,703,0.118723
2,164,703,0.121411
2,164,703,0.118613
2,164,703,0.119414
2,164,703,0.117456
2,164,703,0.118170
2,164,703,0.124386
2,165,704,0.119117
2,165,704,0.120105
2,165,704,0.120863
2,165,704,0.116859
2,165,704,0.120618
2,165,704,0.121648
2,165,704,0.114663
2,165,704,0.122981
2,166,705,0.116656
2,166,705,0.123625
2,166,705,0.117596
2,166,705,0.115956
2,166,705,0.114367
2,166,705,0.117858
2,166,705,0.117026
2,166,705,0.117718
2,167,706,0.119912
2,167,706,0.119691
2,167,706,0.114267
2,167,706,0.124987
2,167,706,0.115366
2,167,706,0.115361
2,167,706,0.119060
2,167,706,0.119677
2,168,707,0.117017
2,168,707,0.117908
2,168,707,0.116367
2,168,707,0.119745
2,168,707,0.118437
2,168,707,0.113771
2,168,707,0.121540
2,168,707,0.119826
2,169,708,0.115780
2,169,708,0.119614
2,169,708,0.116552
2,169,708,0.117542
2,169,708,0.120328
2,169,708,0.116914
2,169,708,0.115111
2,169,708,0.122031
2,170,709,0.116857
2,170,709,0.115659
2,170,709,0.116565
2,170,709,0.120939
2,170,709,0.117938
2,170,709,0.118102
2,170,709,0.115369
2,170,709,0.115672
2,171,710,0.118165
2,171,710,0.120944
2,171,710,0.118816
2,171,710,0.118403
2,171,710,0.116476
2,171,710,0.114038
2,171,710,0.120331
2,171,710,0.116424
2,172,711,0.116904
2,172,711,0.118508
2,172,711,0.118722
2,172,711,0.118368
2,172,711,0.121511
2,172,711,0.120079
2,172,711,0.116115
2,172,711,0.115913
2,173,712,0.117574
2,173,712,0.118596
2,173,712,0.117807
2,173,712,0.116029
2,173,712,0.118333
2,173,712,0.119446
2,173,712,0.115957
2,173,712,0.115508
2,174,713,0.121564
2,174,713,0.120117
2,174,713,0.117368
2,174,713,0.122929
2,174,713,0.116098
2,174,713,0.122568
2,174,713,0.121307
2,174,713,0.120047
2,175,714,0.118711
2,175,714,0.118341
2,175,714,0.115263
2,175,714,0.119839
2,175,714,0.114949
2,175,714,0.114949
2,175,714,0.116796
2,175,714,0.115374
2,176,715,0.116566
2,176,715,0.117007
2,176,715,0.117197
2,176,715,0.119115
2,176,715,0.116516
2,176,715,0.120172
2,176,715,0.114839
2,176,715,0.117382
2,177,716,0.121906
2,177,716,0.118222
2,177,716,0.115277
2,177,716,0.120437
2,177,716,0.120405
2,177,716,0.119268
2,177,716,0.116505
2,177,716,0.119506
2,178,717,0.119198
2,178,717,0.115383
2,178,717,0.121718
2,178,717,0.112231
2,178,717,0.121633
2,178,717,0.116747
2,178,717,0.112877
2,178,717,0.122706
2,179,718,0.119992
2,179,718,0.115070
2,179,718,0.119265
2,179,718,0.114709
2,179,718,0.120426
2,179,718,0.114221
2,179,718,0.118074
2,179,718,0.120187
2,180,719,0.118311
2,180,719,0.115058
2,180,719,0.122623
2,180,719,0.117508
2,180,719,0.114094
2,180,719,0.117470
2,180,719,0.117061
2,180,719,0.118350
2,181,720,0.118250
2,181,720,0.116273
2,181,720,0.120598
2,181,720,0.118774
2,181,720,0.114972
2,181,720,0.122964
2,181,720,0.117579
2,181,720,0.116997
2,182,721,0.116799
2,182,721,0.115596
2,182,721,0.118255
2,182,721,0.113150
2,182,721,0.116849
2,182,721,0.115450
2,182,721,0.117021
2,182,721,0.120393
2,183,722,0.118578
2,183,722,0.116089
2,183,722,0.119677
2,183,722,0.116128
2,183,722,0.116102
2,183,722,0.113215
2,183,722,0.116740
2,183,722,0.115662
2,184,723,0.117279
2,184,723,0.115845
2,184,723,0.116879
2,184,723,0.116395
2,184,723,0.117405
2,184,723,0.112789
2,184,723,0.120929
2,184,723,0.118590
2,185,724,0.111976
2,185,724,0.119886
2,185,724,0.119023
2,185,724,0.118918
2,185,724,0.113469
2,185,724,0.115667
2,185,724,0.125978
2,185,724,0.116392
2,186,725,0.115944
2,186,725,0.117092
2,186,725,0.120826
2,186,725,0.113958
2,186,725,0.117221
2,186,725,0.115106
2,186,725,0.117212
2,186,725,0.117179
2,187,726,0.121781
2,187,726,0.117979
2,187,726,0.118742
2,187,726,0.117674
2,187,726,0.120445
2,187,726,0.115504
2,187,726,0.116038
2,187,726,0.115071
2,188,727,0.116545
2,188,727,0.113706
2,188,727,0.114720
2,188,727,0.115823
2,188,727,0.118127
2,188,727,0.115478
2,188,727,0.118965
2,188,727,0.112518
2,189,728,0.119917
2,189,728,0.114865
2,189,728,0.117868
2,189,728,0.120874
2,189,728,0.114997
2,189,728,0.119570
2,189,728,0.113934
2,189,728,0.122700
2,190,729,0.113488
2,190,729,0.113641
2,190,729,0.113512
2,190,729,0.118246
2,190,729,0.114236
2,190,729,0.119254
2,190,729,0.115186
2,190,729,0.116144
2,191,730,0.114434
2,191,730,0.115303
2,191,730,0.114955
2,191,730,0.114968
2,191,730,0.118898
2,191,730,0.115242
2,191,730,0.120109
2,191,730,0.120775
2,192,731,0.118760
2,192,731,0.116549
2,192,731,0.116425
2,192,731,0.118076
2,192,731,0.115052
2,192,731,0.118117
2,192,731,0.117701
2,192,731,0.113935
2,193,732,0.115102
2,193,732,0.114977
2,193,732,0.118147
2,193,732,0.114652
2,193,732,0.115645
2,193,732,0.119319
2,193,732,0.121997
2,193,732,0.120281
2,194,733,0.118144
2,194,733,0.117812
2,194,733,0.118114
2,194,733,0.113706
2,194,733,0.112102
2,194,733,0.115151
2,194,733,0.116465
2,194,733,0.114898
2,195,734,0.115390
2,195,734,0.117177
2,195,734,0.116596
2,195,734,0.117815
2,195,734,0.121456
2,195,734,0.120788
2,195,734,0.117529
2,195,734,0.121319
2,196,735,0.119074
2,196,735,0.116501
2,196,735,0.116330
2,196,735,0.119021
2,196,735,0.121137
2,196,735,0.112978
2,196,735,0.117247
2,196,735,0.117895
2,197,736,0.119337
2,197,736,0.118311
2,197,736,0.115122
2,197,736,0.116973
2,197,736,0.118004
2,197,736,0.114757
2,197,736,0.117340
2,197,736,0.119801
2,198,737,0.118211
2,198,737,0.114775
2,198,737,0.115601
2,198,737,0.116437
2,198,737,0.116500
2,198,737,0.114962
2,198,737,0.117291
2,198,737,0.116461
2,199,738,0.116723
2,199,738,0.114667
2,199,738,0.117339
2,199,738,0.114882
2,199,738,0.113886
2,199,738,0.111885
2,199,738,0.115644
2,199,738,0.116434
2,200,739,0.115380
2,200,739,0.113099
2,200,739,0.114978
2,200,739,0.121942
2,200,739,0.111903
2,200,739,0.113312
2,200,739,0.114907
2,200,739,0.117736
2,201,740,0.118479
2,201,740,0.115575
2,201,740,0.116714
2,201,740,0.116188
2,201,740,0.116466
2,201,740,0.120086
2,201,740,0.119335
2,201,740,0.114332
2,202,741,0.118790
2,202,741,0.118618
2,202,741,0.114255
2,202,741,0.115921
2,202,741,0.117652
2,202,741,0.116764
2,202,741,0.118536
2,202,741,0.114547
2,203,742,0.113642
2,203,742,0.115925
2,203,742,0.116288
2,203,742,0.114100
2,203,742,0.115243
2,203,742,0.114240
2,203,742,0.116659
2,203,742,0.114487
2,204,743,0.116398
2,204,743,0.121700
2,204,743,0.116749
2,204,743,0.116532
2,204,743,0.112418
2,204,743,0.114587
2,204,743,0.116437
2,204,743,0.111539
2,205,744,0.116402
2,205,744,0.118260
2,205,744,0.114112
2,205,744,0.116361
2,205,744,0.112001
2,205,744,0.118152
2,205,744,0.112687
2,205,744,0.117122
2,206,745,0.117746
2,206,745,0.112736
2,206,745,0.113989
2,206,745,0.114966
2,206,745,0.114584
2,206,745,0.116043
2,206,745,0.116177
2,206,745,0.114389
2,207,746,0.115198
2,207,746,0.114815
2,207,746,0.120218
2,207,746,0.117146
2,207,746,0.114444
2,207,746,0.114262
2,207,746,0.117539
2,207,746,0.115643
2,208,747,0.117162
2,208,747,0.119769
2,208,747,0.116347
2,208,747,0.116132
2,208,747,0.114743
2,208,747,0.117808
2,208,747,0.115183
2,208,747,0.115162
2,209,748,0.116130
2,209,748,0.115372
2,209,748,0.122069
2,209,748,0.117640
2,209,748,0.114195
2,209,748,0.119005
2,209,748,0.116197
2,209,748,0.114583
2,210,749,0.118596
2,210,749,0.119656
2,210,749,0.117733
2,210,749,0.117778
2,210,749,0.116586
2,210,749,0.116719
2,210,749,0.118911
2,210,749,0.117453
2,211,750,0.113828
2,211,750,0.113522
2,211,750,0.116845
2,211,750,0.119101
2,211,750,0.116170
2,211,750,0.115788
2,211,750,0.118268
2,211,750,0.115689
2,212,751,0.115907
2,212,751,0.114478
2,212,751,0.118094
2,212,751,0.115509
2,212,751,0.118771
2,212,751,0.117798
2,212,751,0.119896
2,212,751,0.113421
2,213,752,0.114233
2,213,752,0.115604
2,213,752,0.119183
2,213,752,0.117663
2,213,752,0.114556
2,213,752,0.115695
2,213,752,0.113738
2,213,752,0.115344
2,214,753,0.112973
2,214,753,0.123387
2,214,753,0.116383
2,214,753,0.117370
2,214,753,0.116459
2,214,753,0.114996
2,214,753,0.115442
2,214,753,0.122921
2,215,754,0.116128
2,215,754,0.116014
2,215,754,0.115309
2,215,754,0.118070
2,215,754,0.116617
2,215,754,0.122059
2,215,754,0.123992
2,215,754,0.118212
2,216,755,0.116942
2,216,755,0.117332
2,216,755,0.119309
2,216,755,0.120014
2,216,755,0.116610
2,216,755,0.116409
2,216,755,0.121850
2,216,755,0.118386
2,217,756,0.113175
2,217,756,0.123912
2,217,756,0.111940
2,217,756,0.114421
2,217,756,0.119661
2,217,756,0.116444
2,217,756,0.114049
2,217,756,0.118839
2,218,757,0.119419
2,218,757,0.115682
2,218,757,0.118516
2,218,757,0.113210
2,218,757,0.119086
2,218,757,0.115202
2,218,757,0.116756
2,218,757,0.115495
2,219,758,0.115467
2,219,758,0.115500
2,219,758,0.115835
2,219,758,0.117456
2,219,758,0.118869
2,219,758,0.114851
2,219,758,0.112036
2,219,758,0.120442
2,220,759,0.117534
2,220,759,0.114444
2,220,759,0.113065
2,220,759,0.114656
2,220,759,0.114300
2,220,759,0.116608
2,220,759,0.114977
2,220,759,0.113569
2,221,760,0.116971
2,221,760,0.115709
2,221,760,0.122697
2,221,760,0.115793
2,221,760,0.115709
2,221,760,0.114713
2,221,760,0.117861
2,221,760,0.112906
2,222,761,0.123083
2,222,761,0.117808
2,222,761,0.119029
2,222,761,0.118383
2,222,761,0.116396
2,222,761,0.115334
2,222,761,0.116680
2,222,761,0.118357
2,223,762,0.116773
2,223,762,0.116233
2,223,762,0.117301
2,223,762,0.114526
2,223,762,0.115409
2,223,762,0.117493
2,223,762,0.111519
2,223,762,0.122407
2,224,763,0.114918
2,224,763,0.113613
2,224,763,0.120217
2,224,763,0.120249
2,224,763,0.115123
2,224,763,0.120314
2,224,763,0.115057
2,224,763,0.119665
2,225,764,0.115607
2,225,764,0.115296
2,225,764,0.119521
2,225,764,0.116802
2,225,764,0.115841
2,225,764,0.117734
2,225,764,0.114893
2,225,764,0.113871
2,226,765,0.118910
2,226,765,0.121490
2,226,765,0.118737
2,226,765,0.118198
2,226,765,0.114589
2,226,765,0.117482
2,226,765,0.116171
2,226,765,0.113591
2,227,766,0.118156
2,227,766,0.118079
2,227,766,0.117940
2,227,766,0.118061
2,227,766,0.120306
2,227,766,0.117022
2,227,766,0.113782
2,227,766,0.115225
2,228,767,0.116492
2,228,767,0.114165
2,228,767,0.117689
2,228,767,0.124132
2,228,767,0.114833
2,228,767,0.119548
2,228,767,0.113916
2,228,767,0.115605
2,229,768,0.116810
2,229,768,0.117629
2,229,768,0.115691
2,229,768,0.113378
2,229,768,0.116200
2,229,768,0.121853
2,229,768,0.115920
2,229,768,0.117058
2,230,769,0.114463
2,230,769,0.121710
2,230,769,0.120966
2,230,769,0.114148
2,230,769,0.118936
2,230,769,0.117287
2,230,769,0.117286
2,230,769,0.118322
2,231,770,0.115300
2,231,770,0.117122
2,231,770,0.115089
2,231,770,0.117477
2,231,770,0.117389
2,231,770,0.125378
2,231,770,0.118762
2,231,770,0.117206
2,232,771,0.119137
2,232,771,0.117382
2,232,771,0.116619
2,232,771,0.114339
2,232,771,0.116640
2,232,771,0.114360
2,232,771,0.115710
2,232,771,0.117123
2,233,772,0.115856
2,233,772,0.114501
2,233,772,0.118481
2,233,772,0.117999
2,233,772,0.116976
2,233,772,0.125276
2,233,772,0.125904
2,233,772,0.113424
2,234,773,0.114723
2,234,773,0.116256
2,234,773,0.118378
2,234,773,0.114954
2,234,773,0.116364
2,234,773,0.116546
2,234,773,0.115024
2,234,773,0.117691
2,235,774,0.116470
2,235,774,0.113977
2,235,774,0.114918
2,235,774,0.117095
2,235,774,0.114662
2,235,774,0.115663
2,235,774,0.113635
2,235,774,0.120109
2,236,775,0.114333
2,236,775,0.118149
2,236,775,0.117764
2,236,775,0.117435
2,236,775,0.117471
2,236,775,0.116896
2,236,775,0.117923
2,236,775,0.116906
2,237,776,0.120956
2,237,776,0.116769
2,237,776,0.118788
2,237,776,0.116856
2,237,776,0.115311
2,237,776,0.117728
2,237,776,0.113645
2,237,776,0.116938
2,238,777,0.115733
2,238,777,0.118312
2,238,777,0.115526
2,238,777,0.117744
2,238,777,0.117922
2,238,777,0.118119
2,238,777,0.116539
2,238,777,0.113511
2,239,778,0.113280
2,239,778,0.115908
2,239,778,0.119157
2,239,778,0.117848
2,239,778,0.118529
2,239,778,0.116471
2,239,778,0.116348
2,239,778,0.113027
2,240,779,0.118964
2,240,779,0.116571
2,240,779,0.117577
2,240,779,0.115005
2,240,779,0.119415
2,240,779,0.115434
2,240,779,0.117801
2,240,779,0.119293
2,241,780,0.116044
2,241,780,0.119290
2,241,780,0.118319
2,241,780,0.115121
2,241,780,0.118348
2,241,780,0.113757
2,241,780,0.115356
2,241,780,0.117966
2,242,781,0.111703
2,242,781,0.116091
2,242,781,0.114932
2,242,781,0.116891
2,242,781,0.116168
2,242,781,0.115778
2,242,781,0.114422
2,242,781,0.115323
2,243,782,0.117783
2,243,782,0.112606
2,243,782,0.120876
2,243,782,0.117037
2,243,782,0.113993
2,243,782,0.118990
2,243,782,0.116112
2,243,782,0.117277
2,244,783,0.118346
2,244,783,0.117094
2,244,783,0.118096
2,244,783,0.118675
2,244,783,0.118178
2,244,783,0.114516
2,244,783,0.120156
2,244,783,0.114603
2,245,784,0.119688
2,245,784,0.116759
2,245,784,0.117596
2,245,784,0.116947
2,245,784,0.113406
2,245,784,0.113634
2,245,784,0.113693
2,245,784,0.114993
2,246,785,0.115140
2,246,785,0.113918
2,246,785,0.116590
2,246,785,0.115760
2,246,785,0.115949
2,246,785,0.119677
2,246,785,0.118955
2,246,785,0.117733
2,247,786,0.116184
2,247,786,0.115748
2,247,786,0.118141
2,247,786,0.115414
2,247,786,0.116301
2,247,786,0.115247
2,247,786,0.114139
2,247,786,0.115703
2,248,787,0.121265
2,248,787,0.118337
2,248,787,0.118908
2,248,787,0.116522
2,248,787,0.115357
2,248,787,0.117709
2,248,787,0.120260
2,248,787,0.117325
2,249,788,0.118676
2,249,788,0.111589
2,249,788,0.116473
2,249,788,0.115337
2,249,788,0.119726
2,249,788,0.118242
2,249,788,0.117437
2,249,788,0.116658
2,250,789,0.117582
2,250,789,0.115903
2,250,789,0.119809
2,250,789,0.116932
2,250,789,0.117196
2,250,789,0.117850
2,250,789,0.115873
2,250,789,0.114971
2,251,790,0.121152
2,251,790,0.115917
2,251,790,0.117839
2,251,790,0.113588
2,251,790,0.114439
2,251,790,0.119157
2,251,790,0.116963
2,251,790,0.114676
2,252,791,0.112573
2,252,791,0.116938
2,252,791,0.115470
2,252,791,0.121282
2,252,791,0.116422
2,252,791,0.116452
2,252,791,0.116621
2,252,791,0.125010
2,253,792,0.120070
2,253,792,0.119701
2,253,792,0.116935
2,253,792,0.118837
2,253,792,0.114326
2,253,792,0.121098
2,253,792,0.117223
2,253,792,0.122294
2,254,793,0.114428
2,254,793,0.117798
2,254,793,0.119354
2,254,793,0.118452
2,254,793,0.117898
2,254,793,0.117563
2,254,793,0.115664
2,254,793,0.119681
2,255,794,0.119418
2,255,794,0.115953
2,255,794,0.118128
2,255,794,0.119400
2,255,794,0.117438
2,255,794,0.114524
2,255,794,0.122145
2,255,794,0.115360
2,256,795,0.118432
2,256,795,0.118416
2,256,795,0.115949
2,256,795,0.114654
2,256,795,0.113874
2,256,795,0.114091
2,256,795,0.113487
2,256,795,0.123221
2,257,796,0.115011
2,257,796,0.120966
2,257,796,0.111095
2,257,796,0.115620
2,257,796,0.116954
2,257,796,0.115875
2,257,796,0.115565
2,257,796,0.114838
2,258,797,0.115426
2,258,797,0.112697
2,258,797,0.114016
2,258,797,0.116255
2,258,797,0.113790
2,258,797,0.117381
2,258,797,0.118256
2,258,797,0.115226
2,259,798,0.120552
2,259,798,0.116983
2,259,798,0.112414
2,259,798,0.116223
2,259,798,0.115428
2,259,798,0.113590
2,259,798,0.126660
2,259,798,0.113520
2,260,799,0.115627
2,260,799,0.115083
2,260,799,0.120148
2,260,799,0.117472
2,260,799,0.117607
2,260,799,0.115293
2,260,799,0.117030
2,260,799,0.116435
2,261,800,0.118927
2,261,800,0.120774
2,261,800,0.116237
2,261,800,0.118867
2,261,800,0.120205
2,261,800,0.118393
2,261,800,0.116771
2,261,800,0.119864
2,262,801,0.118574
2,262,801,0.119643
2,262,801,0.121182
2,262,801,0.117467
2,262,801,0.119594
2,262,801,0.118286
2,262,801,0.116754
2,262,801,0.116687
2,263,802,0.116797
2,263,802,0.119805
2,263,802,0.114126
2,263,802,0.114818
2,263,802,0.115294
2,263,802,0.121090
2,263,802,0.115804
2,263,802,0.121511
2,264,803,0.118043
2,264,803,0.115982
2,264,803,0.119381
2,264,803,0.116964
2,264,803,0.113763
2,264,803,0.112716
2,264,803,0.118301
2,264,803,0.115687
2,265,804,0.119101
2,265,804,0.116274
2,265,804,0.119216
2,265,804,0.116127
2,265,804,0.124101
2,265,804,0.121614
2,265,804,0.126305
2,265,804,0.118731
2,266,805,0.118408
2,266,805,0.119561
2,266,805,0.118334
2,266,805,0.120214
2,266,805,0.118621
2,266,805,0.117844
2,266,805,0.116839
2,266,805,0.118510
2,267,806,0.114835
2,267,806,0.119663
2,267,806,0.117907
2,267,806,0.121121
2,267,806,0.117781
2,267,806,0.120084
2,267,806,0.120375
2,267,806,0.117428
2,268,807,0.145592
2,268,807,0.138030
2,268,807,0.142769
2,268,807,0.134925
2,268,807,0.139854
2,268,807,0.142706
2,268,807,0.142244
2,268,807,0.138142
2,269,808,0.138927
2,269,808,0.133655
2,269,808,0.132427
2,269,808,0.132332
2,269,808,0.127765
2,269,808,0.129513
2,269,808,0.130012
2,269,808,0.137788
2,270,809,0.170132
2,270,809,0.171327
2,270,809,0.165771
2,270,809,0.170290
2,270,809,0.162829
2,270,809,0.164191
2,270,809,0.168086
2,270,809,0.169551
2,271,810,0.176643
2,271,810,0.169836
2,271,810,0.173544
2,271,810,0.168554
2,271,810,0.167095
2,271,810,0.169784
2,271,810,0.167702
2,271,810,0.167957
2,272,811,0.131982
2,272,811,0.130835
2,272,811,0.131229
2,272,811,0.133406
2,272,811,0.128286
2,272,811,0.129481
2,272,811,0.125959
2,272,811,0.128324
2,273,812,0.176757
2,273,812,0.185300
2,273,812,0.176555
2,273,812,0.172816
2,273,812,0.174447
2,273,812,0.183457
2,273,812,0.175792
2,273,812,0.173116
2,274,813,0.176678
2,274,813,0.188080
2,274,813,0.186002
2,274,813,0.182842
2,274,813,0.179999
2,274,813,0.187186
2,274,813,0.189293
2,274,813,0.183350
2,275,814,0.156795
2,275,814,0.148315
2,275,814,0.146459
2,275,814,0.164135
2,275,814,0.155449
2,275,814,0.158322
2,275,814,0.151009
2,275,814,0.152539
2,276,815,0.156166
2,276,815,0.154742
2,276,815,0.158472
2,276,815,0.154508
2,276,815,0.155633
2,276,815,0.161810
2,276,815,0.151662
2,276,815,0.152956
2,277,816,0.160275
2,277,816,0.161384
2,277,816,0.165543
2,277,816,0.165246
2,277,816,0.163368
2,277,816,0.163039
2,277,816,0.164374
2,277,816,0.160930
2,278,817,0.148487
2,278,817,0.148097
2,278,817,0.151005
2,278,817,0.144865
2,278,817,0.145656
2,278,817,0.145796
2,278,817,0.144915
2,278,817,0.145221
2,279,818,0.150701
2,279,818,0.155116
2,279,818,0.151713
2,279,818,0.154781
2,279,818,0.145012
2,279,818,0.147296
2,279,818,0.155260
2,279,818,0.147018
2,280,819,0.153575
2,280,819,0.151502
2,280,819,0.148218
2,280,819,0.146434
2,280,819,0.156197
2,280,819,0.161014
2,280,819,0.156391
2,280,819,0.148939
2,281,820,0.141827
2,281,820,0.147117
2,281,820,0.142350
2,281,820,0.138661
2,281,820,0.147127
2,281,820,0.140739
2,281,820,0.144956
2,281,820,0.141459
2,282,821,0.141710
2,282,821,0.140982
2,282,821,0.138062
2,282,821,0.140000
2,282,821,0.141478
2,282,821,0.139372
2,282,821,0.136909
2,282,821,0.141861
2,283,822,0.141002
2,283,822,0.140525
2,283,822,0.147868
2,283,822,0.143041
2,283,822,0.138305
2,283,822,0.138404
2,283,822,0.141711
2,283,822,0.145436
2,284,823,0.136312
2,284,823,0.134150
2,284,823,0.134573
2,284,823,0.135383
2,284,823,0.133478
2,284,823,0.133150
2,284,823,0.133380
2,284,823,0.136089
2,285,824,0.130208
2,285,824,0.136659
2,285,824,0.130627
2,285,824,0.132540
2,285,824,0.131994
2,285,824,0.129322
2,285,824,0.131786
2,285,824,0.133166
2,286,825,0.133203
2,286,825,0.141166
2,286,825,0.137131
2,286,825,0.137003
2,286,825,0.141977
2,286,825,0.128699
2,286,825,0.136584
2,286,825,0.142113
2,287,826,0.130096
2,287,826,0.129869
2,287,826,0.130913
2,287,826,0.130119
2,287,826,0.125990
2,287,826,0.130307
2,287,826,0.128704
2,287,826,0.130710
2,288,827,0.129278
2,288,827,0.130012
2,288,827,0.125818
2,288,827,0.129439
2,288,827,0.125431
2,288,827,0.127425
2,288,827,0.126821
2,288,827,0.130502
2,289,828,0.132438
2,289,828,0.132961
2,289,828,0.126362
2,289,828,0.127976
2,289,828,0.129526
2,289,828,0.128201
2,289,828,0.130732
2,289,828,0.130210
2,290,829,0.125559
2,290,829,0.125441
2,290,829,0.123838
2,290,829,0.122314
2,290,829,0.123726
2,290,829,0.124794
2,290,829,0.121615
2,290,829,0.127541
2,291,830,0.130271
2,291,830,0.124699
2,291,830,0.128063
2,291,830,0.127793
2,291,830,0.127400
2,291,830,0.124753
2,291,830,0.126431
2,291,830,0.123190
2,292,831,0.124332
2,292,831,0.125172
2,292,831,0.130472
2,292,831,0.124091
2,292,831,0.124292
2,292,831,0.125089
2,292,831,0.119575
2,292,831,0.125219
2,293,832,0.120639
2,293,832,0.121275
2,293,832,0.124902
2,293,832,0.123220
2,293,832,0.121802
2,293,832,0.118068
2,293,832,0.125810
2,293,832,0.123703
2,294,833,0.123071
2,294,833,0.124693
2,294,833,0.123158
2,294,833,0.123805
2,294,833,0.124664
2,294,833,0.124404
2,294,833,0.121089
2,294,833,0.123246
2,295,834,0.124312
2,295,834,0.120066
2,295,834,0.122625
2,295,834,0.121024
2,295,834,0.127015
2,295,834,0.122981
2,295,834,0.122269
2,295,834,0.120522
2,296,835,0.120794
2,296,835,0.122075
2,296,835,0.119232
2,296,835,0.121875
2,296,835,0.117832
2,296,835,0.118313
2,296,835,0.121052
2,296,835,0.127038
2,297,836,0.120415
2,297,836,0.123246
2,297,836,0.120316
2,297,836,0.123272
2,297,836,0.127526
2,297,836,0.117908
2,297,836,0.119096
2,297,836,0.120533
2,298,837,0.123493
2,298,837,0.127490
2,298,837,0.118191
2,298,837,0.121093
2,298,837,0.122904
2,298,837,0.119425
2,298,837,0.122161
2,298,837,0.119900
2,299,838,0.121671
2,299,838,0.120421
2,299,838,0.121899
2,299,838,0.120851
2,299,838,0.118038
2,299,838,0.117004
2,299,838,0.116275
2,299,838,0.118394
2,300,839,0.117109
2,300,839,0.126643
2,300,839,0.127009
2,300,839,0.120141
2,300,839,0.121842
2,300,839,0.116030
2,300,839,0.119442
2,300,839,0.123009
2,301,840,0.119921
2,301,840,0.120066
2,301,840,0.118006
2,301,840,0.123182
2,301,840,0.120635
2,301,840,0.124855
2,301,840,0.120681
2,301,840,0.119511
2,302,841,0.121064
2,302,841,0.115907
2,302,841,0.125451
2,302,841,0.122056
2,302,841,0.123097
2,302,841,0.122286
2,302,841,0.117229
2,302,841,0.117054
2,303,842,0.117732
2,303,842,0.118428
2,303,842,0.122697
2,303,842,0.118547
2,303,842,0.116421
2,303,842,0.118839
2,303,842,0.116360
2,303,842,0.119332
2,304,843,0.125530
2,304,843,0.125560
2,304,843,0.116429
2,304,843,0.121885
2,304,843,0.119146
2,304,843,0.117486
2,304,843,0.119472
2,304,843,0.119316
2,305,844,0.121034
2,305,844,0.115685
2,305,844,0.119419
2,305,844,0.117617
2,305,844,0.116681
2,305,844,0.119674
2,305,844,0.121173
2,305,844,0.120141
2,306,845,0.117635
2,306,845,0.118913
2,306,845,0.115731
2,306,845,0.121504
2,306,845,0.116808
2,306,845,0.119788
2,306,845,0.119776
2,306,845,0.123368
2,307,846,0.118226
2,307,846,0.118373
2,307,846,0.119790
2,307,846,0.123348
2,307,846,0.119933
2,307,846,0.120834
2,307,846,0.118316
2,307,846,0.118621
2,308,847,0.120097
2,308,847,0.118360
2,308,847,0.114259
2,308,847,0.116994
2,308,847,0.118506
2,308,847,0.120650
2,308,847,0.122328
2,308,847,0.115000
2,309,848,0.121817
2,309,848,0.116224
2,309,848,0.119306
2,309,848,0.116056
2,309,848,0.120175
2,309,848,0.119359
2,309,848,0.114532
2,309,848,0.120450
2,310,849,0.123125
2,310,849,0.121363
2,310,849,0.123239
2,310,849,0.116520
2,310,849,0.116965
2,310,849,0.121334
2,310,849,0.116920
2,310,849,0.116822
2,311,850,0.123790
2,311,850,0.120279
2,311,850,0.116283
2,311,850,0.111229
2,311,850,0.118327
2,311,850,0.117154
2,311,850,0.116408
2,311,850,0.119020
2,312,851,0.117559
2,312,851,0.115919
2,312,851,0.118828
2,312,851,0.115760
2,312,851,0.119681
2,312,851,0.117019
2,312,851,0.114644
2,312,851,0.118695
2,313,852,0.117279
2,313,852,0.119274
2,313,852,0.119076
2,313,852,0.115739
2,313,852,0.121212
2,313,852,0.115999
2,313,852,0.112400
2,313,852,0.117088
2,314,853,0.117302
2,314,853,0.113907
2,314,853,0.116482
2,314,853,0.118634
2,314,853,0.117190
2,314,853,0.123380
2,314,853,0.118562
2,314,853,0.115546
2,315,854,0.115369
2,315,854,0.116755
2,315,854,0.116223
2,315,854,0.116666
2,315,854,0.113632
2,315,854,0.114199
2,315,854,0.121456
2,315,854,0.115506
2,316,855,0.117091
2,316,855,0.117169
2,316,855,0.113324
2,316,855,0.119997
2,316,855,0.116762
2,316,855,0.116914
2,316,855,0.115356
2,316,855,0.119686
2,317,856,0.123180
2,317,856,0.118900
2,317,856,0.118770
2,317,856,0.118299
2,317,856,0.111342
2,317,856,0.113345
2,317,856,0.121963
2,317,856,0.114830
2,318,857,0.118434
2,318,857,0.116123
2,318,857,0.120624
2,318,857,0.115730
2,318,857,0.115411
2,318,857,0.113577
2,318,857,0.115687
2,318,857,0.115533
2,319,858,0.116754
2,319,858,0.115706
2,319,858,0.115620
2,319,858,0.115312
2,319,858,0.120481
2,319,858,0.113149
2,319,858,0.116956
2,319,858,0.117118
2,320,859,0.122070
2,320,859,0.114183
2,320,859,0.115651
2,320,859,0.117882
2,320,859,0.116516
2,320,859,0.117105
2,320,859,0.115058
2,320,859,0.116772
2,321,860,0.118145
2,321,860,0.119760
2,321,860,0.118327
2,321,860,0.119072
2,321,860,0.122181
2,321,860,0.116477
2,321,860,0.117727
2,321,860,0.120734
2,322,861,0.120801
2,322,861,0.118646
2,322,861,0.119493
2,322,861,0.116511
2,322,861,0.115843
2,322,861,0.117474
2,322,861,0.118625
2,322,861,0.115334
2,323,862,0.117423
2,323,862,0.119336
2,323,862,0.116430
2,323,862,0.120060
2,323,862,0.115983
2,323,862,0.115358
2,323,862,0.116766
2,323,862,0.115819
2,324,863,0.114650
2,324,863,0.117182
2,324,863,0.116811
2,324,863,0.123897
2,324,863,0.119487
2,324,863,0.113484
2,324,863,0.117766
2,324,863,0.113753
2,325,864,0.117287
2,325,864,0.116197
2,325,864,0.115889
2,325,864,0.113956
2,325,864,0.115753
2,325,864,0.114448
2,325,864,0.117543
2,325,864,0.118130
2,326,865,0.114379
2,326,865,0.120598
2,326,865,0.117363
2,326,865,0.113732
2,326,865,0.115532
2,326,865,0.116568
2,326,865,0.118849
2,326,865,0.114250
2,327,866,0.117499
2,327,866,0.115595
2,327,866,0.115912
2,327,866,0.119875
2,327,866,0.117081
2,327,866,0.118296
2,327,866,0.118237
2,327,866,0.115966
2,328,867,0.116548
2,328,867,0.115490
2,328,867,0.117631
2,328,867,0.113722
2,328,867,0.115786
2,328,867,0.117476
2,328,867,0.115490
2,328,867,0.120589
2,329,868,0.117871
2,329,868,0.117313
2,329,868,0.114803
2,329,868,0.117711
2,329,868,0.117748
2,329,868,0.115813
2,329,868,0.119576
2,329,868,0.114856
2,330,869,0.116527
2,330,869,0.119014
2,330,869,0.116049
2,330,869,0.118881
2,330,869,0.116464
2,330,869,0.116129
2,330,869,0.118646
2,330,869,0.117667
2,331,870,0.113748
2,331,870,0.119146
2,331,870,0.118755
2,331,870,0.118601
2,331,870,0.117082
2,331,870,0.115535
2,331,870,0.114771
2,331,870,0.114388
2,332,871,0.115427
2,332,871,0.113853
2,332,871,0.116753
2,332,871,0.113884
2,332,871,0.114730
2,332,871,0.116269
2,332,871,0.115591
2,332,871,0.113414
2,333,872,0.116974
2,333,872,0.113842
2,333,872,0.118878
2,333,872,0.118707
2,333,872,0.123379
2,333,872,0.116088
2,333,872,0.119014
2,333,872,0.114022
2,334,873,0.114349
2,334,873,0.115352
2,334,873,0.113360
2,334,873,0.119598
2,334,873,0.116957
2,334,873,0.119829
2,334,873,0.113528
2,334,873,0.113895
2,335,874,0.118034
2,335,874,0.116435
2,335,874,0.116066
2,335,874,0.116345
2,335,874,0.117666
2,335,874,0.120566
2,335,874,0.117414
2,335,874,0.119304
2,336,875,0.114681
2,336,875,0.113789
2,336,875,0.112267
2,336,875,0.116355
2,336,875,0.114755
2,336,875,0.117717
2,336,875,0.118161
2,336,875,0.118212
2,337,876,0.115442
2,337,876,0.114815
2,337,876,0.117704
2,337,876,0.115578
2,337,876,0.116016
2,337,876,0.116300
2,337,876,0.117130
2,337,876,0.119420
2,338,877,0.114462
2,338,877,0.116754
2,338,877,0.116716
2,338,877,0.116146
2,338,877,0.117746
2,338,877,0.120240
2,338,877,0.112657
2,338,877,0.118385
2,339,878,0.116991
2,339,878,0.115541
2,339,878,0.114353
2,339,878,0.118375
2,339,878,0.118253
2,339,878,0.119595
2,339,878,0.115729
2,339,878,0.122597
2,340,879,0.116755
2,340,879,0.114368
2,340,879,0.118430
2,340,879,0.114516
2,340,879,0.117023
2,340,879,0.117833
2,340,879,0.120859
2,340,879,0.114697
2,341,880,0.120982
2,341,880,0.113026
2,341,880,0.116666
2,341,880,0.114246
2,341,880,0.117164
2,341,880,0.116296
2,341,880,0.114030
2,341,880,0.118537
2,342,881,0.118095
2,342,881,0.117701
2,342,881,0.114657
2,342,881,0.113568
2,342,881,0.117297
2,342,881,0.116637
2,342,881,0.117004
2,342,881,0.116797
2,343,882,0.116450
2,343,882,0.114124
2,343,882,0.114532
2,343,882,0.116799
2,343,882,0.115236
2,343,882,0.112475
2,343,882,0.117629
2,343,882,0.115827
2,344,883,0.115741
2,344,883,0.113338
2,344,883,0.118892
2,344,883,0.120768
2,344,883,0.117902
2,344,883,0.119166
2,344,883,0.123261
2,344,883,0.114841
2,345,884,0.113146
2,345,884,0.117498
2,345,884,0.118402
2,345,884,0.117752
2,345,884,0.118324
2,345,884,0.116246
2,345,884,0.116854
2,345,884,0.117062
2,346,885,0.115641
2,346,885,0.116690
2,346,885,0.116852
2,346,885,0.114518
2,346,885,0.117504
2,346,885,0.120685
2,346,885,0.116044
2,346,885,0.121381
2,347,886,0.116773
2,347,886,0.115502
2,347,886,0.118134
2,347,886,0.122665
2,347,886,0.116194
2,347,886,0.116416
2,347,886,0.117738
2,347,886,0.116530
2,348,887,0.117681
2,348,887,0.118161
2,348,887,0.118574
2,348,887,0.117046
2,348,887,0.116259
2,348,887,0.116963
2,348,887,0.116249
2,348,887,0.116108
2,349,888,0.119043
2,349,888,0.116547
2,349,888,0.119264
2,349,888,0.118533
2,349,888,0.115950
2,349,888,0.114852
2,349,888,0.115963
2,349,888,0.116312
2,350,889,0.115468
2,350,889,0.118972
2,350,889,0.116907
2,350,889,0.114931
2,350,889,0.121170
2,350,889,0.116919
2,350,889,0.114394
2,350,889,0.118264
2,351,890,0.118068
2,351,890,0.113744
2,351,890,0.116503
2,351,890,0.115000
2,351,890,0.116708
2,351,890,0.113497
2,351,890,0.117626
2,351,890,0.121219
2,352,891,0.116951
2,352,891,0.115243
2,352,891,0.113670
2,352,891,0.116905
2,352,891,0.117274
2,352,891,0.116694
2,352,891,0.115270
2,352,891,0.116387
2,353,892,0.117637
2,353,892,0.115815
2,353,892,0.116144
2,353,892,0.113240
2,353,892,0.117121
2,353,892,0.117744
2,353,892,0.119851
2,353,892,0.121171
2,354,893,0.115245
2,354,893,0.115880
2,354,893,0.117956
2,354,893,0.120426
2,354,893,0.115036
2,354,893,0.114685
2,354,893,0.113742
2,354,893,0.120391
2,355,894,0.116940
2,355,894,0.118241
2,355,894,0.120121
2,355,894,0.114959
2,355,894,0.114672
2,355,894,0.116001
2,355,894,0.120794
2,355,894,0.114126
2,356,895,0.113727
2,356,895,0.118135
2,356,895,0.119808
2,356,895,0.113914
2,356,895,0.113192
2,356,895,0.114396
2,356,895,0.118910
2,356,895,0.115901
2,357,896,0.117876
2,357,896,0.115419
2,357,896,0.116866
2,357,896,0.116588
2,357,896,0.114833
2,357,896,0.117853
2,357,896,0.116200
2,357,896,0.115571
2,358,897,0.115975
2,358,897,0.117309
2,358,897,0.115350
2,358,897,0.116588
2,358,897,0.120628
2,358,897,0.117886
2,358,897,0.116711
2,358,897,0.118610
2,359,898,0.117941
2,359,898,0.113961
2,359,898,0.117828
2,359,898,0.114301
2,359,898,0.117606
2,359,898,0.114686
2,359,898,0.116059
2,359,898,0.115688
2,360,899,0.115813
2,360,899,0.114913
2,360,899,0.114555
2,360,899,0.117457
2,360,899,0.117786
2,360,899,0.118579
2,360,899,0.117464
2,360,899,0.114680
2,361,900,0.117270
2,361,900,0.114024
2,361,900,0.113959
2,361,900,0.114010
2,361,900,0.114947
2,361,900,0.114613
2,361,900,0.115493
2,361,900,0.117648
2,362,901,0.112491
2,362,901,0.115033
2,362,901,0.119324
2,362,901,0.119188
2,362,901,0.116582
2,362,901,0.115488
2,362,901,0.118843
2,362,901,0.117085
2,363,902,0.113134
2,363,902,0.116451
2,363,902,0.110846
2,363,902,0.117374
2,363,902,0.113809
2,363,902,0.113975
2,363,902,0.114849
2,363,902,0.114138
2,364,903,0.115239
2,364,903,0.116833
2,364,903,0.119031
2,364,903,0.116479
2,364,903,0.115471
2,364,903,0.115122
2,364,903,0.113016
2,364,903,0.118468
2,365,904,0.118681
2,365,904,0.120743
2,365,904,0.114153
2,365,904,0.114799
2,365,904,0.119765
2,365,904,0.118940
2,365,904,0.122601
2,365,904,0.116164
2,366,905,0.116354
2,366,905,0.120551
2,366,905,0.114930
2,366,905,0.115473
2,366,905,0.113431
2,366,905,0.113506
2,366,905,0.114759
2,366,905,0.117246
2,367,906,0.118079
2,367,906,0.114817
2,367,906,0.114361
2,367,906,0.115860
2,367,906,0.115540
2,367,906,0.116504
2,367,906,0.113970
2,367,906,0.115481
2,368,907,0.116306
2,368,907,0.113397
2,368,907,0.115279
2,368,907,0.116545
2,368,907,0.119626
2,368,907,0.115882
2,368,907,0.117066
2,368,907,0.119751
2,369,908,0.117331
2,369,908,0.119028
2,369,908,0.115484
2,369,908,0.117003
2,369,908,0.126074
2,369,908,0.115533
2,369,908,0.116117
2,369,908,0.114306
2,370,909,0.115575
2,370,909,0.116856
2,370,909,0.112499
2,370,909,0.113135
2,370,909,0.114462
2,370,909,0.118741
2,370,909,0.118123
2,370,909,0.119379
2,371,910,0.119029
2,371,910,0.115162
2,371,910,0.122301
2,371,910,0.113060
2,371,910,0.115820
2,371,910,0.117392
2,371,910,0.115251
2,371,910,0.115377
2,372,911,0.116069
2,372,911,0.121889
2,372,911,0.118327
2,372,911,0.118088
2,372,911,0.113397
2,372,911,0.110964
2,372,911,0.115474
2,372,911,0.115673
2,373,912,0.118684
2,373,912,0.117707
2,373,912,0.117677
2,373,912,0.113852
2,373,912,0.117217
2,373,912,0.112470
2,373,912,0.113493
2,373,912,0.115506
2,374,913,0.118580
2,374,913,0.114719
2,374,913,0.120375
2,374,913,0.115996
2,374,913,0.115595
2,374,913,0.115250
2,374,913,0.120090
2,374,913,0.117674
2,375,914,0.115997
2,375,914,0.115610
2,375,914,0.117519
2,375,914,0.115652
2,375,914,0.114958
2,375,914,0.116552
2,375,914,0.115214
2,375,914,0.115664
2,376,915,0.116808
2,376,915,0.116901
2,376,915,0.113671
2,376,915,0.119870
2,376,915,0.116658
2,376,915,0.113383
2,376,915,0.117522
2,376,915,0.118235
2,377,916,0.116749
2,377,916,0.118322
2,377,916,0.116114
2,377,916,0.114215
2,377,916,0.117276
2,377,916,0.119626
2,377,916,0.114699
2,377,916,0.117263
2,378,917,0.115267
2,378,917,0.117542
2,378,917,0.115975
2,378,917,0.114008
2,378,917,0.114636
2,378,917,0.115949
2,378,917,0.116192
2,378,917,0.112699
2,379,918,0.118234
2,379,918,0.118391
2,379,918,0.111861
2,379,918,0.113954
2,379,918,0.118595
2,379,918,0.119337
2,379,918,0.119710
2,379,918,0.118315
2,380,919,0.116552
2,380,919,0.115924
2,380,919,0.117867
2,380,919,0.118221
2,380,919,0.115561
2,380,919,0.116710
2,380,919,0.123978
2,380,919,0.118100
2,381,920,0.116543
2,381,920,0.114113
2,381,920,0.115052
2,381,920,0.116676
2,381,920,0.116074
2,381,920,0.114211
2,381,920,0.117755
2,381,920,0.119342
2,382,921,0.114600
2,382,921,0.119984
2,382,921,0.116500
2,382,921,0.114793
2,382,921,0.115799
2,382,921,0.117572
2,382,921,0.123247
2,382,921,0.116759
2,383,922,0.122429
2,383,922,0.118520
2,383,922,0.118445
2,383,922,0.120258
2,383,922,0.117808
2,383,922,0.115082
2,383,922,0.113394
2,383,922,0.120260
2,384,923,0.114092
2,384,923,0.116022
2,384,923,0.116600
2,384,923,0.117436
2,384,923,0.114728
2,384,923,0.112886
2,384,923,0.114072
2,384,923,0.116698
2,385,924,0.115639
2,385,924,0.115566
2,385,924,0.113581
2,385,924,0.115234
2,385,924,0.117634
2,385,924,0.117762
2,385,924,0.118814
2,385,924,0.114195
2,386,925,0.114896
2,386,925,0.116970
2,386,925,0.115798
2,386,925,0.120894
2,386,925,0.117921
2,386,925,0.115286
2,386,925,0.117408
2,386,925,0.119965
2,387,926,0.114462
2,387,926,0.115839
2,387,926,0.117120
2,387,926,0.115144
2,387,926,0.118416
2,387,926,0.118214
2,387,926,0.118605
2,387,926,0.115164
2,388,927,0.112877
2,388,927,0.119553
2,388,927,0.113903
2,388,927,0.119337
2,388,927,0.121952
2,388,927,0.121142
2,388,927,0.121070
2,388,927,0.118011
2,389,928,0.116813
2,389,928,0.115688
2,389,928,0.117700
2,389,928,0.117460
2,389,928,0.121183
2,389,928,0.116094
2,389,928,0.114823
2,389,928,0.115032
2,390,929,0.116451
2,390,929,0.118912
2,390,929,0.114406
2,390,929,0.115930
2,390,929,0.111898
2,390,929,0.117483
2,390,929,0.117669
2,390,929,0.119008
2,391,930,0.117415
2,391,930,0.115362
2,391,930,0.121033
2,391,930,0.115320
2,391,930,0.116917
2,391,930,0.118665
2,391,930,0.117356
2,391,930,0.117460
2,392,931,0.118930
2,392,931,0.117234
2,392,931,0.119023
2,392,931,0.120367
2,392,931,0.119318
2,392,931,0.120955
2,392,931,0.119232
2,392,931,0.119834
2,393,932,0.116196
2,393,932,0.115085
2,393,932,0.118341
2,393,932,0.120545
2,393,932,0.122262
2,393,932,0.118691
2,393,932,0.117513
2,393,932,0.116803
2,394,933,0.118127
2,394,933,0.115125
2,394,933,0.114402
2,394,933,0.116218
2,394,933,0.114989
2,394,933,0.119236
2,394,933,0.115485
2,394,933,0.114862
2,395,934,0.116949
2,395,934,0.122205
2,395,934,0.120135
2,395,934,0.113229
2,395,934,0.116582
2,395,934,0.115416
2,395,934,0.119193
2,395,934,0.122064
2,396,935,0.117202
2,396,935,0.116247
2,396,935,0.121756
2,396,935,0.114486
2,396,935,0.116306
2,396,935,0.116752
2,396,935,0.116873
2,396,935,0.115497
2,397,936,0.115883
2,397,936,0.119517
2,397,936,0.114325
2,397,936,0.116513
2,397,936,0.113871
2,397,936,0.118822
2,397,936,0.120739
2,397,936,0.116546
2,398,937,0.116774
2,398,937,0.121670
2,398,937,0.121106
2,398,937,0.114909
2,398,937,0.120564
2,398,937,0.115921
2,398,937,0.116341
2,398,937,0.118360
2,399,938,0.116915
2,399,938,0.118523
2,399,938,0.116159
2,399,938,0.117437
2,399,938,0.112301
2,399,938,0.115903
2,399,938,0.115918
2,399,938,0.115432
2,400,939,0.116803
2,400,939,0.120292
2,400,939,0.119340
2,400,939,0.114124
2,400,939,0.118898
2,400,939,0.114882
2,400,939,0.116816
2,400,939,0.114006
2,401,940,0.115011
2,401,940,0.117676
2,401,940,0.120632
2,401,940,0.118324
2,401,940,0.118334
2,401,940,0.119765
2,401,940,0.116855
2,401,940,0.116094
2,402,941,0.116276
2,402,941,0.121231
2,402,941,0.111239
2,402,941,0.112584
2,402,941,0.116219
2,402,941,0.116079
2,402,941,0.112825
2,402,941,0.110734
2,403,942,0.115961
2,403,942,0.114259
2,403,942,0.116640
2,403,942,0.115897
2,403,942,0.115197
2,403,942,0.118699
2,403,942,0.115528
2,403,942,0.115322
2,404,943,0.114514
2,404,943,0.115052
2,404,943,0.114988
2,404,943,0.113953
2,404,943,0.123636
2,404,943,0.120540
2,404,943,0.113349
2,404,943,0.122195
2,405,944,0.119670
2,405,944,0.118406
2,405,944,0.118343
2,405,944,0.115585
2,405,944,0.117705
2,405,944,0.118131
2,405,944,0.115376
2,405,944,0.122194
2,406,945,0.121002
2,406,945,0.116594
2,406,945,0.117098
2,406,945,0.114479
2,406,945,0.116380
2,406,945,0.114771
2,406,945,0.113039
2,406,945,0.115279
2,407,946,0.118131
2,407,946,0.119569
2,407,946,0.118828
2,407,946,0.115359
2,407,946,0.114887
2,407,946,0.116402
2,407,946,0.112769
2,407,946,0.115782
2,408,947,0.118950
2,408,947,0.115503
2,408,947,0.113602
2,408,947,0.115544
2,408,947,0.116017
2,408,947,0.116797
2,408,947,0.115730
2,408,947,0.117559
2,409,948,0.117113
2,409,948,0.114275
2,409,948,0.118389
2,409,948,0.118173
2,409,948,0.115805
2,409,948,0.121178
2,409,948,0.117581
2,409,948,0.115672
2,410,949,0.114153
2,410,949,0.121059
2,410,949,0.114235
2,410,949,0.114500
2,410,949,0.116300
2,410,949,0.111615
2,410,949,0.116647
2,410,949,0.118126
2,411,950,0.113770
2,411,950,0.118569
2,411,950,0.115856
2,411,950,0.122598
2,411,950,0.115478
2,411,950,0.117685
2,411,950,0.115004
2,411,950,0.113179
2,412,951,0.119150
2,412,951,0.115768
2,412,951,0.116393
2,412,951,0.115992
2,412,951,0.114314
2,412,951,0.115943
2,412,951,0.117868
2,412,951,0.116200
2,413,952,0.117813
2,413,952,0.118264
2,413,952,0.115595
2,413,952,0.114422
2,413,952,0.123416
2,413,952,0.118002
2,413,952,0.116358
2,413,952,0.117524
2,414,953,0.126489
2,414,953,0.118917
2,414,953,0.115620
2,414,953,0.118050
2,414,953,0.118530
2,414,953,0.115663
2,414,953,0.121740
2,414,953,0.116085
2,415,954,0.117727
2,415,954,0.117062
2,415,954,0.114556
2,415,954,0.117310
2,415,954,0.118964
2,415,954,0.118696
2,415,954,0.117081
2,415,954,0.115991
2,416,955,0.115786
2,416,955,0.120432
2,416,955,0.122245
2,416,955,0.114818
2,416,955,0.116874
2,416,955,0.119617
2,416,955,0.116772
2,416,955,0.117913
2,417,956,0.117505
2,417,956,0.116590
2,417,956,0.116182
2,417,956,0.119518
2,417,956,0.114825
2,417,956,0.116628
2,417,956,0.117121
2,417,956,0.118498
2,418,957,0.114834
2,418,957,0.117241
2,418,957,0.118268
2,418,957,0.115683
2,418,957,0.114496
2,418,957,0.112764
2,418,957,0.115333
2,418,957,0.113868
2,419,958,0.114660
2,419,958,0.120098
2,419,958,0.119757
2,419,958,0.114858
2,419,958,0.116406
2,419,958,0.117144
2,419,958,0.121420
2,419,958,0.116991
2,420,959,0.115168
2,420,959,0.113281
2,420,959,0.118232
2,420,959,0.117371
2,420,959,0.116063
2,420,959,0.115538
2,420,959,0.116859
2,420,959,0.119592
2,421,960,0.111790
2,421,960,0.112975
2,421,960,0.114215
2,421,960,0.118086
2,421,960,0.119937
2,421,960,0.114108
2,421,960,0.114636
2,421,960,0.118796
2,422,961,0.114679
2,422,961,0.115981
2,422,961,0.113161
2,422,961,0.118706
2,422,961,0.114107
2,422,961,0.117650
2,422,961,0.114451
2,422,961,0.114190
2,423,962,0.118120
2,423,962,0.116456
2,423,962,0.116990
2,423,962,0.117905
2,423,962,0.115832
2,423,962,0.115014
2,423,962,0.113833
2,423,962,0.116809
2,424,963,0.114593
2,424,963,0.116092
2,424,963,0.119076
2,424,963,0.115631
2,424,963,0.120039
2,424,963,0.118554
2,424,963,0.116549
2,424,963,0.116689
2,425,964,0.116780
2,425,964,0.116927
2,425,964,0.114692
2,425,964,0.123247
2,425,964,0.118249
2,425,964,0.114357
2,425,964,0.110666
2,425,964,0.115872
2,426,965,0.115848
2,426,965,0.115469
2,426,965,0.115257
2,426,965,0.112050
2,426,965,0.114260
2,426,965,0.110650
2,426,965,0.116700
2,426,965,0.113191
2,427,966,0.117939
2,427,966,0.116128
2,427,966,0.113427
2,427,966,0.118288
2,427,966,0.118197
2,427,966,0.113513
2,427,966,0.113575
2,427,966,0.116439
2,428,967,0.114789
2,428,967,0.118450
2,428,967,0.116816
2,428,967,0.116105
2,428,967,0.120170
2,428,967,0.115055
2,428,967,0.118951
2,428,967,0.119931
2,429,968,0.116997
2,429,968,0.115964
2,429,968,0.116985
2,429,968,0.118095
2,429,968,0.113859
2,429,968,0.113101
2,429,968,0.119941
2,429,968,0.115909
2,430,969,0.114496
2,430,969,0.117160
2,430,969,0.116666
2,430,969,0.115665
2,430,969,0.118209
2,430,969,0.113848
2,430,969,0.114762
2,430,969,0.121613
2,431,970,0.115672
2,431,970,0.114993
2,431,970,0.116667
2,431,970,0.111953
2,431,970,0.116050
2,431,970,0.115881
2,431,970,0.117309
2,431,970,0.117896
2,432,971,0.114944
2,432,971,0.114706
2,432,971,0.119170
2,432,971,0.114543
2,432,971,0.117037
2,432,971,0.114540
2,432,971,0.115163
2,432,971,0.115457
2,433,972,0.115556
2,433,972,0.113164
2,433,972,0.116848
2,433,972,0.115638
2,433,972,0.118050
2,433,972,0.114523
2,433,972,0.115988
2,433,972,0.116905
2,434,973,0.114282
2,434,973,0.113874
2,434,973,0.113675
2,434,973,0.116043
2,434,973,0.118839
2,434,973,0.112286
2,434,973,0.114940
2,434,973,0.113819
2,435,974,0.121403
2,435,974,0.115276
2,435,974,0.115526
2,435,974,0.117491
2,435,974,0.111760
2,435,974,0.117212
2,435,974,0.113494
2,435,974,0.114988
2,436,975,0.114950
2,436,975,0.115241
2,436,975,0.116567
2,436,975,0.113170
2,436,975,0.113888
2,436,975,0.114691
2,436,975,0.116112
2,436,975,0.114909
2,437,976,0.120796
2,437,976,0.119769
2,437,976,0.115765
2,437,976,0.116188
2,437,976,0.115239
2,437,976,0.114460
2,437,976,0.115123
2,437,976,0.116011
2,438,977,0.117166
2,438,977,0.111347
2,438,977,0.117092
2,438,977,0.115774
2,438,977,0.117586
2,438,977,0.117754
2,438,977,0.117812
2,438,977,0.120050
2,439,978,0.111960
2,439,978,0.114209
2,439,978,0.116541
2,439,978,0.119195
2,439,978,0.115958
2,439,978,0.116103
2,439,978,0.115610
2,439,978,0.117344
2,440,979,0.115215
2,440,979,0.112574
2,440,979,0.116444
2,440,979,0.115959
2,440,979,0.113880
2,440,979,0.116362
2,440,979,0.124280
2,440,979,0.115777
2,441,980,0.114449
2,441,980,0.118312
2,441,980,0.113317
2,441,980,0.115110
2,441,980,0.117975
2,441,980,0.114274
2,441,980,0.113557
2,441,980,0.117390
2,442,981,0.114513
2,442,981,0.116997
2,442,981,0.116577
2,442,981,0.116124
2,442,981,0.115881
2,442,981,0.117220
2,442,981,0.117189
2,442,981,0.113980
2,443,982,0.118849
2,443,982,0.115400
2,443,982,0.112906
2,443,982,0.118279
2,443,982,0.114038
2,443,982,0.118588
2,443,982,0.115744
2,443,982,0.117674
2,444,983,0.113925
2,444,983,0.114620
2,444,983,0.114350
2,444,983,0.112611
2,444,983,0.115095
2,444,983,0.115509
2,444,983,0.112393
2,444,983,0.115213
2,445,984,0.116513
2,445,984,0.115674
2,445,984,0.112628
2,445,984,0.114320
2,445,984,0.115328
2,445,984,0.112899
2,445,984,0.120795
2,445,984,0.114534
2,446,985,0.115535
2,446,985,0.121892
2,446,985,0.122665
2,446,985,0.111866
2,446,985,0.115476
2,446,985,0.118204
2,446,985,0.120039
2,446,985,0.121467
2,447,986,0.115443
2,447,986,0.113637
2,447,986,0.114365
2,447,986,0.118086
2,447,986,0.119462
2,447,986,0.115674
2,447,986,0.116267
2,447,986,0.115443
2,448,987,0.119251
2,448,987,0.116043
2,448,987,0.116292
2,448,987,0.115773
2,448,987,0.117996
2,448,987,0.116273
2,448,987,0.116750
2,448,987,0.120617
2,449,988,0.114252
2,449,988,0.112536
2,449,988,0.116844
2,449,988,0.118258
2,449,988,0.116373
2,449,988,0.114798
2,449,988,0.117345
2,449,988,0.116676
2,450,989,0.117077
2,450,989,0.116887
2,450,989,0.115833
2,450,989,0.114641
2,450,989,0.116404
2,450,989,0.115958
2,450,989,0.119829
2,450,989,0.117197
2,451,990,0.116220
2,451,990,0.113804
2,451,990,0.118588
2,451,990,0.118785
2,451,990,0.115851
2,451,990,0.111512
2,451,990,0.112666
2,451,990,0.116810
2,452,991,0.119595
2,452,991,0.112907
2,452,991,0.117124
2,452,991,0.114682
2,452,991,0.116535
2,452,991,0.115921
2,452,991,0.113257
2,452,991,0.114261
2,453,992,0.114679
2,453,992,0.112396
2,453,992,0.116789
2,453,992,0.115965
2,453,992,0.119476
2,453,992,0.114442
2,453,992,0.114531
2,453,992,0.118718
2,454,993,0.118487
2,454,993,0.115207
2,454,993,0.115533
2,454,993,0.115842
2,454,993,0.115740
2,454,993,0.119727
2,454,993,0.116550
2,454,993,0.112628
2,455,994,0.116252
2,455,994,0.116712
2,455,994,0.118353
2,455,994,0.115243
2,455,994,0.115937
2,455,994,0.116011
2,455,994,0.114730
2,455,994,0.114106
2,456,995,0.119914
2,456,995,0.114763
2,456,995,0.114185
2,456,995,0.116585
2,456,995,0.116533
2,456,995,0.115606
2,456,995,0.115921
2,456,995,0.113951
2,457,996,0.117175
2,457,996,0.119134
2,457,996,0.118682
2,457,996,0.113486
2,457,996,0.115755
2,457,996,0.116331
2,457,996,0.116493
2,457,996,0.112355
2,458,997,0.115422
2,458,997,0.123467
2,458,997,0.117308
2,458,997,0.118099
2,458,997,0.116783
2,458,997,0.116198
2,458,997,0.114278
2,458,997,0.117325
2,459,998,0.117786
2,459,998,0.116058
2,459,998,0.120799
2,459,998,0.117999
2,459,998,0.114148
2,459,998,0.117682
2,459,998,0.116417
2,459,998,0.115493
2,460,999,0.115474
2,460,999,0.115170
2,460,999,0.114779
2,460,999,0.117028
2,460,999,0.116382
2,460,999,0.113170
2,460,999,0.117086
2,460,999,0.112292
2,461,1000,0.117547
2,461,1000,0.114353
2,461,1000,0.118141
2,461,1000,0.119057
2,461,1000,0.117720
2,461,1000,0.115872
2,461,1000,0.114590
2,461,1000,0.117306
2,462,1001,0.115512
2,462,1001,0.116446
2,462,1001,0.118745
2,462,1001,0.112918
2,462,1001,0.114744
2,462,1001,0.113836
2,462,1001,0.113929
2,462,1001,0.116119
2,463,1002,0.112424
2,463,1002,0.120033
2,463,1002,0.114065
2,463,1002,0.118893
2,463,1002,0.114282
2,463,1002,0.114841
2,463,1002,0.112554
2,463,1002,0.114626
2,464,1003,0.116866
2,464,1003,0.116591
2,464,1003,0.113466
2,464,1003,0.120046
2,464,1003,0.118823
2,464,1003,0.116433
2,464,1003,0.113953
2,464,1003,0.113891
2,465,1004,0.117200
2,465,1004,0.114379
2,465,1004,0.113732
2,465,1004,0.116351
2,465,1004,0.115217
2,465,1004,0.118752
2,465,1004,0.116480
2,465,1004,0.115626
2,466,1005,0.115662
2,466,1005,0.119371
2,466,1005,0.117487
2,466,1005,0.114789
2,466,1005,0.116383
2,466,1005,0.117641
2,466,1005,0.114043
2,466,1005,0.112155
2,467,1006,0.119809
2,467,1006,0.118425
2,467,1006,0.115452
2,467,1006,0.114134
2,467,1006,0.119978
2,467,1006,0.120064
2,467,1006,0.113006
2,467,1006,0.111883
2,468,1007,0.117276
2,468,1007,0.121751
2,468,1007,0.111904
2,468,1007,0.116366
2,468,1007,0.121720
2,468,1007,0.116232
2,468,1007,0.114432
2,468,1007,0.120874
2,469,1008,0.118650
2,469,1008,0.118848
2,469,1008,0.115784
2,469,1008,0.118120
2,469,1008,0.115079
2,469,1008,0.115057
2,469,1008,0.118282
2,469,1008,0.118084
2,470,1009,0.111974
2,470,1009,0.116727
2,470,1009,0.114942
2,470,1009,0.115209
2,470,1009,0.116070
2,470,1009,0.122234
2,470,1009,0.113666
2,470,1009,0.116250
2,471,1010,0.116659
2,471,1010,0.120179
2,471,1010,0.120621
2,471,1010,0.115353
2,471,1010,0.115656
2,471,1010,0.115496
2,471,1010,0.113198
2,471,1010,0.117196
2,472,1011,0.114227
2,472,1011,0.117092
2,472,1011,0.119066
2,472,1011,0.118555
2,472,1011,0.114337
2,472,1011,0.115848
2,472,1011,0.114738
2,472,1011,0.119219
2,473,1012,0.116376
2,473,1012,0.116133
2,473,1012,0.114408
2,473,1012,0.118012
2,473,1012,0.125248
2,473,1012,0.117269
2,473,1012,0.116484
2,473,1012,0.124102
2,474,1013,0.113732
2,474,1013,0.112507
2,474,1013,0.116941
2,474,1013,0.116252
2,474,1013,0.115541
2,474,1013,0.113147
2,474,1013,0.114322
2,474,1013,0.117598
2,475,1014,0.114174
2,475,1014,0.117767
2,475,1014,0.115622
2,475,1014,0.116777
2,475,1014,0.115669
2,475,1014,0.115378
2,475,1014,0.113475
2,475,1014,0.114617
2,476,1015,0.113392
2,476,1015,0.116238
2,476,1015,0.115059
2,476,1015,0.118432
2,476,1015,0.116595
2,476,1015,0.116317
2,476,1015,0.115310
2,476,1015,0.115583
2,477,1016,0.116482
2,477,1016,0.116004
2,477,1016,0.120983
2,477,1016,0.114575
2,477,1016,0.115703
2,477,1016,0.114594
2,477,1016,0.114316
2,477,1016,0.117756
2,478,1017,0.114757
2,478,1017,0.116199
2,478,1017,0.116463
2,478,1017,0.114929
2,478,1017,0.115809
2,478,1017,0.123031
2,478,1017,0.118319
2,478,1017,0.112750
2,479,1018,0.117652
2,479,1018,0.115683
2,479,1018,0.114266
2,479,1018,0.116644
2,479,1018,0.114375
2,479,1018,0.116772
2,479,1018,0.114011
2,479,1018,0.113938
2,480,1019,0.114327
2,480,1019,0.115434
2,480,1019,0.118344
2,480,1019,0.118302
2,480,1019,0.115628
2,480,1019,0.115795
2,480,1019,0.113805
2,480,1019,0.115977
2,481,1020,0.115568
2,481,1020,0.114683
2,481,1020,0.114587
2,481,1020,0.116312
2,481,1020,0.115034
2,481,1020,0.115119
2,481,1020,0.117824
2,481,1020,0.114581
2,482,1021,0.114483
2,482,1021,0.118280
2,482,1021,0.115327
2,482,1021,0.113315
2,482,1021,0.115740
2,482,1021,0.115035
2,482,1021,0.119319
2,482,1021,0.117383
2,483,1022,0.113517
2,483,1022,0.114397
2,483,1022,0.110933
2,483,1022,0.115369
2,483,1022,0.111476
2,483,1022,0.119978
2,483,1022,0.116627
2,483,1022,0.117387
2,484,1023,0.115190
2,484,1023,0.111868
2,484,1023,0.113767
2,484,1023,0.115706
2,484,1023,0.114966
2,484,1023,0.113750
2,484,1023,0.112531
2,484,1023,0.113447
2,485,1024,0.117718
2,485,1024,0.117736
2,485,1024,0.116596
2,485,1024,0.118129
2,485,1024,0.113777
2,485,1024,0.114992
2,485,1024,0.117738
2,485,1024,0.123118
2,486,1025,0.118944
2,486,1025,0.114585
2,486,1025,0.115690
2,486,1025,0.116291
2,486,1025,0.116775
2,486,1025,0.120730
2,486,1025,0.116798
2,486,1025,0.117073
2,487,1026,0.117281
2,487,1026,0.117690
2,487,1026,0.113279
2,487,1026,0.117138
2,487,1026,0.117490
2,487,1026,0.115756
2,487,1026,0.115062
2,487,1026,0.117989
2,488,1027,0.115588
2,488,1027,0.115151
2,488,1027,0.116521
2,488,1027,0.115547
2,488,1027,0.117977
2,488,1027,0.111948
2,488,1027,0.121408
2,488,1027,0.118887
2,489,1028,0.115974
2,489,1028,0.115608
2,489,1028,0.120049
2,489,1028,0.115746
2,489,1028,0.118459
2,489,1028,0.118442
2,489,1028,0.115471
2,489,1028,0.113659
2,490,1029,0.114020
2,490,1029,0.111586
2,490,1029,0.115595
2,490,1029,0.117727
2,490,1029,0.114460
2,490,1029,0.118857
2,490,1029,0.116577
2,490,1029,0.118625
2,491,1030,0.120829
2,491,1030,0.115170
2,491,1030,0.118280
2,491,1030,0.116337
2,491,1030,0.112428
2,491,1030,0.111869
2,491,1030,0.115091
2,491,1030,0.114565
2,492,1031,0.116812
2,492,1031,0.121562
2,492,1031,0.118508
2,492,1031,0.117071
2,492,1031,0.120538
2,492,1031,0.112607
2,492,1031,0.115514
2,492,1031,0.116536
2,493,1032,0.112550
2,493,1032,0.119210
2,493,1032,0.115406
2,493,1032,0.112910
2,493,1032,0.116238
2,493,1032,0.116536
2,493,1032,0.113877
2,493,1032,0.113935
2,494,1033,0.114448
2,494,1033,0.118294
2,494,1033,0.114515
2,494,1033,0.117730
2,494,1033,0.116266
2,494,1033,0.115797
2,494,1033,0.116848
2,494,1033,0.119620
2,495,1034,0.116386
2,495,1034,0.112968
2,495,1034,0.115972
2,495,1034,0.115141
2,495,1034,0.115372
2,495,1034,0.110343
2,495,1034,0.112982
2,495,1034,0.117999
2,496,1035,0.114918
2,496,1035,0.113819
2,496,1035,0.115667
2,496,1035,0.115152
2,496,1035,0.116372
2,496,1035,0.115620
2,496,1035,0.117834
2,496,1035,0.113346
2,497,1036,0.115842
2,497,1036,0.117254
2,497,1036,0.115604
2,497,1036,0.113767
2,497,1036,0.114828
2,497,1036,0.115648
2,497,1036,0.116535
2,497,1036,0.116266
2,498,1037,0.114907
2,498,1037,0.114970
2,498,1037,0.114518
2,498,1037,0.116797
2,498,1037,0.113224
2,498,1037,0.116246
2,498,1037,0.115196
2,498,1037,0.116882
2,499,1038,0.112382
2,499,1038,0.116581
2,499,1038,0.116298
2,499,1038,0.113368
2,499,1038,0.113762
2,499,1038,0.115713
2,499,1038,0.117323
2,499,1038,0.115519
2,500,1039,0.121094
2,500,1039,0.114676
2,500,1039,0.118064
2,500,1039,0.114436
2,500,1039,0.123715
2,500,1039,0.118237
2,500,1039,0.115958
2,500,1039,0.113954
2,501,1040,0.113474
2,501,1040,0.116621
2,501,1040,0.115197
2,501,1040,0.117629
2,501,1040,0.116825
2,501,1040,0.115699
2,501,1040,0.111923
2,501,1040,0.115337
2,502,1041,0.119537
2,502,1041,0.117501
2,502,1041,0.119939
2,502,1041,0.113165
2,502,1041,0.119874
2,502,1041,0.116615
2,502,1041,0.113667
2,502,1041,0.119630
2,503,1042,0.115430
2,503,1042,0.116096
2,503,1042,0.114872
2,503,1042,0.115539
2,503,1042,0.113406
2,503,1042,0.115207
2,503,1042,0.114675
2,503,1042,0.116125
2,504,1043,0.115419
2,504,1043,0.114463
2,504,1043,0.110771
2,504,1043,0.125825
2,504,1043,0.113534
2,504,1043,0.113972
2,504,1043,0.115412
2,504,1043,0.117482
2,505,1044,0.112020
2,505,1044,0.116405
2,505,1044,0.115335
2,505,1044,0.112363
2,505,1044,0.119533
2,505,1044,0.115495
2,505,1044,0.114133
2,505,1044,0.115821
2,506,1045,0.113367
2,506,1045,0.115163
2,506,1045,0.114471
2,506,1045,0.113960
2,506,1045,0.116976
2,506,1045,0.118342
2,506,1045,0.115039
2,506,1045,0.120346
2,507,1046,0.115396
2,507,1046,0.116168
2,507,1046,0.113200
2,507,1046,0.115415
2,507,1046,0.114372
2,507,1046,0.115864
2,507,1046,0.116822
2,507,1046,0.114912
2,508,1047,0.116710
2,508,1047,0.114554
2,508,1047,0.114956
2,508,1047,0.116312
2,508,1047,0.118936
2,508,1047,0.112199
2,508,1047,0.112957
2,508,1047,0.122227
2,509,1048,0.112392
2,509,1048,0.118886
2,509,1048,0.116738
2,509,1048,0.114912
2,509,1048,0.115565
2,509,1048,0.116394
2,509,1048,0.117493
2,509,1048,0.115864
2,510,1049,0.115232
2,510,1049,0.115992
2,510,1049,0.112419
2,510,1049,0.117289
2,510,1049,0.116760
2,510,1049,0.113679
2,510,1049,0.115411
2,510,1049,0.118741
2,511,1050,0.112238
2,511,1050,0.117360
2,511,1050,0.113828
2,511,1050,0.117052
2,511,1050,0.113164
2,511,1050,0.113434
2,511,1050,0.116372
2,511,1050,0.116214
2,512,1051,0.117231
2,512,1051,0.114737
2,512,1051,0.114779
2,512,1051,0.113902
2,512,1051,0.115536
2,512,1051,0.122939
2,512,1051,0.112995
2,512,1051,0.116842
2,513,1052,0.113301
2,513,1052,0.114337
2,513,1052,0.117741
2,513,1052,0.115586
2,513,1052,0.115432
2,513,1052,0.119698
2,513,1052,0.117091
2,513,1052,0.113468
2,514,1053,0.118859
2,514,1053,0.117197
2,514,1053,0.114970
2,514,1053,0.114303
2,514,1053,0.115219
2,514,1053,0.113875
2,514,1053,0.117725
2,514,1053,0.115382
2,515,1054,0.112861
2,515,1054,0.118304
2,515,1054,0.114355
2,515,1054,0.114601
2,515,1054,0.117346
2,515,1054,0.115078
2,515,1054,0.118129
2,515,1054,0.114858
2,516,1055,0.115221
2,516,1055,0.119369
2,516,1055,0.117413
2,516,1055,0.113394
2,516,1055,0.117767
2,516,1055,0.118538
2,516,1055,0.111775
2,516,1055,0.115868
2,517,1056,0.113837
2,517,1056,0.114249
2,517,1056,0.113797
2,517,1056,0.117397
2,517,1056,0.118109
2,517,1056,0.115298
2,517,1056,0.117092
2,517,1056,0.115756
2,518,1057,0.112441
2,518,1057,0.115722
2,518,1057,0.113728
2,518,1057,0.119263
2,518,1057,0.113553
2,518,1057,0.114196
2,518,1057,0.116986
2,518,1057,0.114381
2,519,1058,0.114062
2,519,1058,0.112615
2,519,1058,0.116629
2,519,1058,0.120187
2,519,1058,0.117879
2,519,1058,0.120793
2,519,1058,0.114613
2,519,1058,0.114742
2,520,1059,0.117912
2,520,1059,0.115011
2,520,1059,0.114958
2,520,1059,0.116669
2,520,1059,0.118693
2,520,1059,0.116628
2,520,1059,0.120484
2,520,1059,0.115064
2,521,1060,0.117034
2,521,1060,0.119591
2,521,1060,0.114356
2,521,1060,0.111286
2,521,1060,0.112750
2,521,1060,0.115548
2,521,1060,0.114851
2,521,1060,0.114241
2,522,1061,0.116044
2,522,1061,0.115207
2,522,1061,0.115224
2,522,1061,0.116276
2,522,1061,0.114653
2,522,1061,0.116091
2,522,1061,0.121664
2,522,1061,0.115183
2,523,1062,0.112864
2,523,1062,0.115464
2,523,1062,0.113438
2,523,1062,0.116823
2,523,1062,0.113963
2,523,1062,0.119563
2,523,1062,0.117411
2,523,1062,0.114714
2,524,1063,0.113919
2,524,1063,0.113586
2,524,1063,0.117672
2,524,1063,0.110956
2,524,1063,0.115383
2,524,1063,0.116373
2,524,1063,0.115370
2,524,1063,0.116821
2,525,1064,0.116218
2,525,1064,0.118102
2,525,1064,0.114611
2,525,1064,0.118804
2,525,1064,0.113502
2,525,1064,0.116459
2,525,1064,0.113125
2,525,1064,0.118480
2,526,1065,0.113984
2,526,1065,0.117891
2,526,1065,0.115130
2,526,1065,0.118946
2,526,1065,0.114385
2,526,1065,0.115729
2,526,1065,0.117664
2,526,1065,0.115272
2,527,1066,0.112822
2,527,1066,0.121024
2,527,1066,0.119574
2,527,1066,0.118586
2,527,1066,0.115505
2,527,1066,0.118836
2,527,1066,0.119062
2,527,1066,0.115235
2,528,1067,0.121413
2,528,1067,0.122080
2,528,1067,0.114804
2,528,1067,0.113360
2,528,1067,0.113507
2,528,1067,0.117548
2,528,1067,0.117162
2,528,1067,0.117052
2,529,1068,0.114154
2,529,1068,0.115021
2,529,1068,0.121573
2,529,1068,0.115771
2,529,1068,0.114239
2,529,1068,0.116324
2,529,1068,0.115099
2,529,1068,0.114745
2,530,1069,0.111796
2,530,1069,0.115688
2,530,1069,0.114260
2,530,1069,0.114429
2,530,1069,0.120574
2,530,1069,0.115700
2,530,1069,0.112106
2,530,1069,0.117086
2,531,1070,0.121665
2,531,1070,0.114060
2,531,1070,0.115702
2,531,1070,0.116757
2,531,1070,0.114247
2,531,1070,0.115465
2,531,1070,0.112708
2,531,1070,0.114883
2,532,1071,0.115954
2,532,1071,0.114849
2,532,1071,0.118226
2,532,1071,0.115207
2,532,1071,0.116681
2,532,1071,0.112901
2,532,1071,0.113431
2,532,1071,0.112802
2,533,1072,0.113680
2,533,1072,0.113529
2,533,1072,0.113527
2,533,1072,0.116163
2,533,1072,0.114777
2,533,1072,0.121066
2,533,1072,0.114125
2,533,1072,0.112617
2,534,1073,0.119184
2,534,1073,0.116479
2,534,1073,0.114087
2,534,1073,0.113649
2,534,1073,0.116892
2,534,1073,0.113601
2,534,1073,0.115279
2,534,1073,0.111725
2,535,1074,0.113152
2,535,1074,0.111996
2,535,1074,0.112918
2,535,1074,0.115207
2,535,1074,0.119663
2,535,1074,0.120245
2,535,1074,0.114244
2,535,1074,0.116793
2,536,1075,0.113596
2,536,1075,0.114855
2,536,1075,0.116469
2,536,1075,0.114606
2,536,1075,0.113890
2,536,1075,0.114895
2,536,1075,0.114532
2,536,1075,0.117581
2,537,1076,0.116583
2,537,1076,0.115465
2,537,1076,0.123335
2,537,1076,0.118250
2,537,1076,0.116944
2,537,1076,0.116185
2,537,1076,0.115361
2,537,1076,0.117028
2,538,1077,0.115664
2,538,1077,0.114684
2,538,1077,0.114639
2,538,1077,0.122314
2,538,1077,0.119974
2,538,1077,0.116316
2,538,1077,0.121642
2,538,1077,0.114990
2,539,1078,0.113685
2,539,1078,0.114787
2,539,1078,0.117394
2,539,1078,0.111697
2,539,1078,0.114568
2,539,1078,0.115870
2,539,1078,0.115891
2,539,1078,0.115210
3,1,1079,0.111641
3,1,1079,0.115355
3,1,1079,0.116583
3,1,1079,0.118359
3,1,1079,0.114807
3,1,1079,0.116325
3,1,1079,0.117217
3,1,1079,0.113608
3,2,1080,0.115552
3,2,1080,0.116319
3,2,1080,0.120856
3,2,1080,0.117982
3,2,1080,0.114692
3,2,1080,0.116202
3,2,1080,0.113645
3,2,1080,0.116000
3,3,1081,0.115574
3,3,1081,0.114486
3,3,1081,0.119578
3,3,1081,0.118942
3,3,1081,0.118063
3,3,1081,0.116680
3,3,1081,0.116541
3,3,1081,0.115545
3,4,1082,0.116032
3,4,1082,0.120808
3,4,1082,0.118116
3,4,1082,0.113018
3,4,1082,0.116501
3,4,1082,0.111800
3,4,1082,0.114178
3,4,1082,0.114151
3,5,1083,0.117969
3,5,1083,0.114271
3,5,1083,0.114337
3,5,1083,0.113941
3,5,1083,0.116167
3,5,1083,0.115577
3,5,1083,0.113681
3,5,1083,0.115706
3,6,1084,0.118903
3,6,1084,0.117956
3,6,1084,0.116324
3,6,1084,0.111748
3,6,1084,0.116473
3,6,1084,0.117174
3,6,1084,0.116712
3,6,1084,0.114686
3,7,1085,0.114577
3,7,1085,0.113929
3,7,1085,0.113653
3,7,1085,0.116154
3,7,1085,0.118672
3,7,1085,0.113288
3,7,1085,0.112910
3,7,1085,0.113495
3,8,1086,0.121630
3,8,1086,0.117456
3,8,1086,0.115664
3,8,1086,0.117009
3,8,1086,0.116019
3,8,1086,0.117462
3,8,1086,0.116171
3,8,1086,0.117500
3,9,1087,0.116607
3,9,1087,0.115641
3,9,1087,0.118668
3,9,1087,0.113380
3,9,1087,0.116961
3,9,1087,0.120747
3,9,1087,0.120685
3,9,1087,0.111763
3,10,1088,0.116920
3,10,1088,0.114964
3,10,1088,0.118296
3,10,1088,0.119241
3,10,1088,0.114134
3,10,1088,0.115531
3,10,1088,0.116579
3,10,1088,0.115476
3,11,1089,0.116380
3,11,1089,0.113869
3,11,1089,0.117940
3,11,1089,0.116346
3,11,1089,0.118561
3,11,1089,0.113802
3,11,1089,0.121849
3,11,1089,0.116777
3,12,1090,0.117306
3,12,1090,0.118246
3,12,1090,0.114382
3,12,1090,0.112505
3,12,1090,0.113865
3,12,1090,0.118500
3,12,1090,0.117655
3,12,1090,0.115183
3,13,1091,0.112672
3,13,1091,0.116722
3,13,1091,0.115032
3,13,1091,0.113082
3,13,1091,0.114689
3,13,1091,0.121477
3,13,1091,0.112407
3,13,1091,0.115175
3,14,1092,0.116975
3,14,1092,0.118892
3,14,1092,0.119494
3,14,1092,0.115151
3,14,1092,0.122946
3,14,1092,0.115790
3,14,1092,0.111629
3,14,1092,0.112057
3,15,1093,0.114215
3,15,1093,0.116711
3,15,1093,0.115695
3,15,1093,0.118314
3,15,1093,0.122098
3,15,1093,0.116321
3,15,1093,0.114329
3,15,1093,0.114979
3,16,1094,0.115063
3,16,1094,0.114958
3,16,1094,0.115722
3,16,1094,0.113803
3,16,1094,0.115506
3,16,1094,0.114831
3,16,1094,0.112978
3,16,1094,0.115845
3,17,1095,0.115754
3,17,1095,0.114497
3,17,1095,0.115617
3,17,1095,0.116760
3,17,1095,0.114576
3,17,1095,0.113751
3,17,1095,0.113422
3,17,1095,0.120678
3,18,1096,0.117403
3,18,1096,0.114835
3,18,1096,0.117349
3,18,1096,0.116073
3,18,1096,0.111591
3,18,1096,0.115025
3,18,1096,0.114971
3,18,1096,0.117975
3,19,1097,0.117918
3,19,1097,0.120450
3,19,1097,0.115392
3,19,1097,0.112171
3,19,1097,0.117831
3,19,1097,0.113083
3,19,1097,0.115348
3,19,1097,0.115311
3,20,1098,0.117365
3,20,1098,0.113635
3,20,1098,0.114241
3,20,1098,0.117693
3,20,1098,0.115663
3,20,1098,0.116073
3,20,1098,0.114241
3,20,1098,0.123452
3,21,1099,0.112047
3,21,1099,0.114594
3,21,1099,0.116646
3,21,1099,0.116579
3,21,1099,0.115242
3,21,1099,0.113258
3,21,1099,0.116416
3,21,1099,0.116521
3,22,1100,0.114241
3,22,1100,0.115062
3,22,1100,0.116354
3,22,1100,0.115308
3,22,1100,0.112563
3,22,1100,0.114893
3,22,1100,0.113743
3,22,1100,0.117798
3,23,1101,0.117670
3,23,1101,0.119183
3,23,1101,0.117461
3,23,1101,0.120127
3,23,1101,0.114740
3,23,1101,0.115860
3,23,1101,0.116112
3,23,1101,0.113867
3,24,1102,0.116790
3,24,1102,0.115412
3,24,1102,0.117886
3,24,1102,0.115628
3,24,1102,0.113847
3,24,1102,0.119886
3,24,1102,0.116863
3,24,1102,0.117025
3,25,1103,0.117837
3,25,1103,0.114907
3,25,1103,0.118107
3,25,1103,0.114676
3,25,1103,0.120768
3,25,1103,0.116847
3,25,1103,0.119974
3,25,1103,0.117524
3,26,1104,0.116602
3,26,1104,0.114482
3,26,1104,0.118841
3,26,1104,0.115180
3,26,1104,0.119179
3,26,1104,0.113342
3,26,1104,0.117258
3,26,1104,0.115763
3,27,1105,0.117063
3,27,1105,0.115963
3,27,1105,0.116863
3,27,1105,0.117922
3,27,1105,0.112244
3,27,1105,0.116292
3,27,1105,0.115159
3,27,1105,0.122293
3,28,1106,0.119781
3,28,1106,0.116130
3,28,1106,0.116528
3,28,1106,0.117923
3,28,1106,0.118011
3,28,1106,0.116108
3,28,1106,0.117733
3,28,1106,0.114798
3,29,1107,0.115745
3,29,1107,0.113968
3,29,1107,0.117952
3,29,1107,0.124753
3,29,1107,0.119390
3,29,1107,0.117812
3,29,1107,0.116099
3,29,1107,0.118697
3,30,1108,0.114366
3,30,1108,0.117749
3,30,1108,0.114317
3,30,1108,0.114617
3,30,1108,0.115922
3,30,1108,0.112276
3,30,1108,0.120506
3,30,1108,0.114333
3,31,1109,0.121702
3,31,1109,0.117673
3,31,1109,0.112264
3,31,1109,0.114956
3,31,1109,0.113683
3,31,1109,0.116479
3,31,1109,0.115354
3,31,1109,0.116185
3,32,1110,0.115409
3,32,1110,0.118976
3,32,1110,0.123521
3,32,1110,0.115987
3,32,1110,0.115311
3,32,1110,0.116813
3,32,1110,0.119589
3,32,1110,0.114655
3,33,1111,0.114610
3,33,1111,0.113771
3,33,1111,0.120044
3,33,1111,0.120015
3,33,1111,0.118947
3,33,1111,0.114637
3,33,1111,0.115699
3,33,1111,0.114318
3,34,1112,0.112149
3,34,1112,0.115341
3,34,1112,0.115011
3,34,1112,0.114940
3,34,1112,0.119679
3,34,1112,0.113761
3,34,1112,0.118476
3,34,1112,0.116467
3,35,1113,0.115043
3,35,1113,0.116723
3,35,1113,0.114209
3,35,1113,0.118977
3,35,1113,0.117789
3,35,1113,0.114397
3,35,1113,0.115420
3,35,1113,0.117907
3,36,1114,0.117240
3,36,1114,0.118341
3,36,1114,0.116473
3,36,1114,0.114632
3,36,1114,0.113948
3,36,1114,0.118003
3,36,1114,0.116041
3,36,1114,0.116242
3,37,1115,0.114889
3,37,1115,0.112583
3,37,1115,0.116461
3,37,1115,0.114987
3,37,1115,0.117905
3,37,1115,0.115621
3,37,1115,0.118751
3,37,1115,0.117775
3,38,1116,0.114247
3,38,1116,0.116173
3,38,1116,0.116439
3,38,1116,0.114140
3,38,1116,0.116971
3,38,1116,0.114010
3,38,1116,0.118175
3,38,1116,0.120022
3,39,1117,0.115609
3,39,1117,0.116479
3,39,1117,0.113064
3,39,1117,0.117592
3,39,1117,0.116820
3,39,1117,0.112684
3,39,1117,0.118709
3,39,1117,0.119114
3,40,1118,0.116040
3,40,1118,0.121945
3,40,1118,0.119879
3,40,1118,0.116828
3,40,1118,0.115939
3,40,1118,0.117343
3,40,1118,0.116733
3,40,1118,0.115158
3,41,1119,0.118876
3,41,1119,0.116153
3,41,1119,0.119114
3,41,1119,0.115177
3,41,1119,0.118524
3,41,1119,0.113780
3,41,1119,0.113761
3,41,1119,0.115605
3,42,1120,0.118048
3,42,1120,0.114591
3,42,1120,0.116885
3,42,1120,0.117499
3,42,1120,0.115968
3,42,1120,0.118178
3,42,1120,0.115644
3,42,1120,0.113809
3,43,1121,0.113448
3,43,1121,0.116298
3,43,1121,0.112848
3,43,1121,0.121851
3,43,1121,0.116243
3,43,1121,0.114183
3,43,1121,0.111556
3,43,1121,0.115458
3,44,1122,0.114068
3,44,1122,0.113668
3,44,1122,0.115668
3,44,1122,0.115417
3,44,1122,0.113243
3,44,1122,0.118997
3,44,1122,0.116331
3,44,1122,0.112935
3,45,1123,0.116692
3,45,1123,0.114609
3,45,1123,0.115526
3,45,1123,0.115347
3,45,1123,0.117762
3,45,1123,0.117602
3,45,1123,0.116321
3,45,1123,0.117838
3,46,1124,0.114971
3,46,1124,0.115566
3,46,1124,0.113737
3,46,1124,0.114551
3,46,1124,0.113267
3,46,1124,0.119383
3,46,1124,0.116560
3,46,1124,0.114621
3,47,1125,0.115525
3,47,1125,0.117189
3,47,1125,0.113903
3,47,1125,0.114472
3,47,1125,0.114624
3,47,1125,0.115381
3,47,1125,0.115169
3,47,1125,0.117453
3,48,1126,0.113111
3,48,1126,0.116047
3,48,1126,0.111817
3,48,1126,0.111238
3,48,1126,0.114456
3,48,1126,0.115623
3,48,1126,0.118428
3,48,1126,0.115416
3,49,1127,0.114961
3,49,1127,0.115352
3,49,1127,0.117210
3,49,1127,0.117869
3,49,1127,0.111996
3,49,1127,0.114514
3,49,1127,0.118081
3,49,1127,0.116956
3,50,1128,0.111297
3,50,1128,0.121821
3,50,1128,0.116804
3,50,1128,0.116197
3,50,1128,0.118254
3,50,1128,0.115602
3,50,1128,0.117399
3,50,1128,0.121435
3,51,1129,0.118706
3,51,1129,0.115182
3,51,1129,0.114605
3,51,1129,0.115507
3,51,1129,0.113268
3,51,1129,0.112404
3,51,1129,0.117076
3,51,1129,0.113775
3,52,1130,0.114840
3,52,1130,0.116494
3,52,1130,0.116939
3,52,1130,0.116317
3,52,1130,0.120447
3,52,1130,0.118754
3,52,1130,0.113778
3,52,1130,0.112554
3,53,1131,0.116368
3,53,1131,0.114057
3,53,1131,0.115018
3,53,1131,0.117138
3,53,1131,0.114750
3,53,1131,0.112226
3,53,1131,0.115728
3,53,1131,0.121025
3,54,1132,0.117032
3,54,1132,0.116539
3,54,1132,0.113588
3,54,1132,0.117789
3,54,1132,0.115414
3,54,1132,0.115954
3,54,1132,0.112767
3,54,1132,0.118062
3,55,1133,0.113571
3,55,1133,0.115910
3,55,1133,0.117360
3,55,1133,0.119850
3,55,1133,0.116148
3,55,1133,0.114674
3,55,1133,0.115549
3,55,1133,0.113774
3,56,1134,0.112606
3,56,1134,0.115417
3,56,1134,0.116490
3,56,1134,0.114900
3,56,1134,0.120897
3,56,1134,0.117528
3,56,1134,0.116400
3,56,1134,0.116670
3,57,1135,0.114072
3,57,1135,0.113093
3,57,1135,0.113323
3,57,1135,0.112365
3,57,1135,0.119050
3,57,1135,0.115242
3,57,1135,0.119844
3,57,1135,0.112764
3,58,1136,0.115411
3,58,1136,0.116588
3,58,1136,0.115699
3,58,1136,0.117921
3,58,1136,0.119555
3,58,1136,0.117909
3,58,1136,0.114620
3,58,1136,0.116057
3,59,1137,0.118054
3,59,1137,0.124012
3,59,1137,0.113787
3,59,1137,0.116768
3,59,1137,0.112650
3,59,1137,0.116798
3,59,1137,0.113970
3,59,1137,0.119044
3,60,1138,0.115309
3,60,1138,0.116837
3,60,1138,0.113178
3,60,1138,0.115411
3,60,1138,0.113403
3,60,1138,0.115172
3,60,1138,0.114129
3,60,1138,0.117590
3,61,1139,0.115161
3,61,1139,0.116753
3,61,1139,0.115624
3,61,1139,0.116443
3,61,1139,0.116162
3,61,1139,0.116905
3,61,1139,0.118005
3,61,1139,0.116567
3,62,1140,0.117998
3,62,1140,0.113355
3,62,1140,0.119316
3,62,1140,0.114061
3,62,1140,0.116521
3,62,1140,0.117491
3,62,1140,0.117099
3,62,1140,0.113707
3,63,1141,0.117097
3,63,1141,0.114651
3,63,1141,0.116397
3,63,1141,0.115374
3,63,1141,0.116063
3,63,1141,0.118087
3,63,1141,0.113331
3,63,1141,0.118282
3,64,1142,0.111534
3,64,1142,0.116575
3,64,1142,0.114501
3,64,1142,0.114770
3,64,1142,0.120692
3,64,1142,0.114966
3,64,1142,0.115100
3,64,1142,0.114683
3,65,1143,0.112904
3,65,1143,0.115681
3,65,1143,0.117542
3,65,1143,0.113404
3,65,1143,0.114063
3,65,1143,0.117117
3,65,1143,0.112484
3,65,1143,0.118975
3,66,1144,0.114723
3,66,1144,0.117028
3,66,1144,0.115449
3,66,1144,0.117298
3,66,1144,0.117413
3,66,1144,0.115106
3,66,1144,0.115472
3,66,1144,0.117334
3,67,1145,0.115166
3,67,1145,0.109673
3,67,1145,0.112995
3,67,1145,0.116338
3,67,1145,0.121283
3,67,1145,0.110848
3,67,1145,0.112902
3,67,1145,0.113420
3,68,1146,0.121532
3,68,1146,0.112800
3,68,1146,0.115224
3,68,1146,0.114084
3,68,1146,0.114386
3,68,1146,0.115182
3,68,1146,0.115350
3,68,1146,0.113131
3,69,1147,0.115967
3,69,1147,0.113841
3,69,1147,0.115061
3,69,1147,0.112625
3,69,1147,0.113614
3,69,1147,0.113824
3,69,1147,0.111387
3,69,1147,0.112182
3,70,1148,0.115999
3,70,1148,0.114736
3,70,1148,0.117040
3,70,1148,0.114099
3,70,1148,0.122731
3,70,1148,0.113662
3,70,1148,0.118366
3,70,1148,0.111885
3,71,1149,0.114328
3,71,1149,0.111614
3,71,1149,0.119945
3,71,1149,0.118439
3,71,1149,0.118990
3,71,1149,0.112853
3,71,1149,0.114466
3,71,1149,0.112138
3,72,1150,0.113636
3,72,1150,0.114334
3,72,1150,0.111956
3,72,1150,0.113059
3,72,1150,0.117340
3,72,1150,0.116761
3,72,1150,0.117639
3,72,1150,0.114218
3,73,1151,0.112739
3,73,1151,0.118811
3,73,1151,0.112186
3,73,1151,0.113523
3,73,1151,0.111853
3,73,1151,0.113911
3,73,1151,0.121241
3,73,1151,0.113718
3,74,1152,0.114257
3,74,1152,0.113933
3,74,1152,0.116251
3,74,1152,0.115507
3,74,1152,0.112017
3,74,1152,0.116397
3,74,1152,0.122586
3,74,1152,0.115662
3,75,1153,0.114113
3,75,1153,0.120302
3,75,1153,0.118376
3,75,1153,0.115206
3,75,1153,0.115649
3,75,1153,0.114605
3,75,1153,0.114342
3,75,1153,0.112686
3,76,1154,0.110308
3,76,1154,0.113790
3,76,1154,0.114157
3,76,1154,0.114606
3,76,1154,0.112532
3,76,1154,0.112057
3,76,1154,0.112926
3,76,1154,0.114316
3,77,1155,0.116690
3,77,1155,0.113203
3,77,1155,0.117077
3,77,1155,0.114166
3,77,1155,0.109746
3,77,1155,0.114056
3,77,1155,0.114889
3,77,1155,0.113247
3,78,1156,0.117140
3,78,1156,0.121040
3,78,1156,0.115155
3,78,1156,0.113058
3,78,1156,0.119262
3,78,1156,0.112742
3,78,1156,0.113075
3,78,1156,0.116414
3,79,1157,0.118092
3,79,1157,0.115111
3,79,1157,0.115861
3,79,1157,0.115589
3,79,1157,0.114655
3,79,1157,0.114347
3,79,1157,0.115882
3,79,1157,0.117082
3,80,1158,0.116138
3,80,1158,0.115361
3,80,1158,0.118804
3,80,1158,0.114112
3,80,1158,0.115183
3,80,1158,0.119280
3,80,1158,0.115121
3,80,1158,0.115053
3,81,1159,0.114433
3,81,1159,0.116141
3,81,1159,0.112007
3,81,1159,0.114312
3,81,1159,0.114859
3,81,1159,0.115030
3,81,1159,0.115472
3,81,1159,0.117015
3,82,1160,0.112200
3,82,1160,0.115395
3,82,1160,0.110862
3,82,1160,0.112164
3,82,1160,0.115124
3,82,1160,0.112221
3,82,1160,0.119047
3,82,1160,0.118042
3,83,1161,0.114645
3,83,1161,0.112839
3,83,1161,0.112188
3,83,1161,0.113664
3,83,1161,0.114624
3,83,1161,0.114390
3,83,1161,0.112939
3,83,1161,0.116868
3,84,1162,0.113010
3,84,1162,0.116146
3,84,1162,0.116215
3,84,1162,0.112681
3,84,1162,0.114539
3,84,1162,0.118221
3,84,1162,0.110678
3,84,1162,0.112957
3,85,1163,0.114778
3,85,1163,0.120604
3,85,1163,0.114400
3,85,1163,0.111982
3,85,1163,0.116008
3,85,1163,0.119075
3,85,1163,0.113373
3,85,1163,0.111456
3,86,1164,0.114960
3,86,1164,0.114936
3,86,1164,0.113703
3,86,1164,0.114337
3,86,1164,0.114856
3,86,1164,0.111962
3,86,1164,0.118508
3,86,1164,0.115874
3,87,1165,0.114598
3,87,1165,0.115238
3,87,1165,0.116748
3,87,1165,0.119846
3,87,1165,0.115889
3,87,1165,0.119414
3,87,1165,0.113499
3,87,1165,0.112964
3,88,1166,0.113053
3,88,1166,0.111868
3,88,1166,0.114920
3,88,1166,0.115666
3,88,1166,0.113801
3,88,1166,0.113739
3,88,1166,0.112655
3,88,1166,0.112694
3,89,1167,0.113076
3,89,1167,0.113633
3,89,1167,0.115065
3,89,1167,0.115207
3,89,1167,0.116936
3,89,1167,0.113803
3,89,1167,0.112508
3,89,1167,0.118456
3,90,1168,0.116662
3,90,1168,0.113962
3,90,1168,0.114925
3,90,1168,0.122211
3,90,1168,0.115914
3,90,1168,0.113731
3,90,1168,0.117033
3,90,1168,0.114550
3,91,1169,0.118746
3,91,1169,0.114594
3,91,1169,0.116491
3,91,1169,0.113977
3,91,1169,0.116373
3,91,1169,0.120831
3,91,1169,0.115533
3,91,1169,0.116009
3,92,1170,0.110932
3,92,1170,0.112888
3,92,1170,0.111149
3,92,1170,0.114904
3,92,1170,0.113121
3,92,1170,0.112682
3,92,1170,0.114038
3,92,1170,0.113717
3,93,1171,0.119667
3,93,1171,0.116454
3,93,1171,0.116622
3,93,1171,0.113621
3,93,1171,0.115494
3,93,1171,0.119909
3,93,1171,0.112415
3,93,1171,0.113685
3,94,1172,0.114516
3,94,1172,0.110995
3,94,1172,0.111615
3,94,1172,0.114605
3,94,1172,0.114056
3,94,1172,0.115032
3,94,1172,0.114720
3,94,1172,0.116448
3,95,1173,0.115138
3,95,1173,0.112942
3,95,1173,0.112649
3,95,1173,0.116687
3,95,1173,0.116663
3,95,1173,0.114198
3,95,1173,0.114780
3,95,1173,0.115753
3,96,1174,0.113212
3,96,1174,0.112877
3,96,1174,0.112771
3,96,1174,0.115611
3,96,1174,0.117614
3,96,1174,0.115623
3,96,1174,0.113836
3,96,1174,0.117330
3,97,1175,0.112443
3,97,1175,0.117474
3,97,1175,0.113987
3,97,1175,0.114355
3,97,1175,0.115171
3,97,1175,0.117606
3,97,1175,0.114561
3,97,1175,0.116094
3,98,1176,0.114085
3,98,1176,0.115697
3,98,1176,0.113597
3,98,1176,0.110910
3,98,1176,0.114053
3,98,1176,0.114285
3,98,1176,0.115084
3,98,1176,0.113402
3,99,1177,0.113830
3,99,1177,0.119317
3,99,1177,0.115113
3,99,1177,0.116588
3,99,1177,0.115595
3,99,1177,0.117528
3,99,1177,0.113600
3,99,1177,0.113707
3,100,1178,0.116566
3,100,1178,0.117364
3,100,1178,0.117980
3,100,1178,0.113957
3,100,1178,0.117644
3,100,1178,0.118311
3,100,1178,0.112184
3,100,1178,0.115242
3,101,1179,0.118685
3,101,1179,0.118547
3,101,1179,0.115109
3,101,1179,0.114421
3,101,1179,0.112348
3,101,1179,0.114176
3,101,1179,0.111043
3,101,1179,0.113922
3,102,1180,0.117138
3,102,1180,0.113660
3,102,1180,0.119702
3,102,1180,0.114124
3,102,1180,0.114695
3,102,1180,0.117356
3,102,1180,0.113804
3,102,1180,0.114390
3,103,1181,0.114780
3,103,1181,0.111531
3,103,1181,0.115547
3,103,1181,0.115432
3,103,1181,0.112451
3,103,1181,0.115124
3,103,1181,0.113377
3,103,1181,0.119871
3,104,1182,0.112532
3,104,1182,0.117509
3,104,1182,0.113853
3,104,1182,0.112693
3,104,1182,0.114415
3,104,1182,0.114415
3,104,1182,0.114967
3,104,1182,0.114532
3,105,1183,0.115315
3,105,1183,0.116603
3,105,1183,0.115377
3,105,1183,0.115374
3,105,1183,0.114339
3,105,1183,0.113408
3,105,1183,0.114833
3,105,1183,0.114300
3,106,1184,0.114121
3,106,1184,0.110273
3,106,1184,0.116526
3,106,1184,0.117230
3,106,1184,0.116049
3,106,1184,0.115226
3,106,1184,0.112728
3,106,1184,0.115296
3,107,1185,0.114871
3,107,1185,0.118340
3,107,1185,0.115712
3,107,1185,0.119254
3,107,1185,0.123733
3,107,1185,0.114374
3,107,1185,0.114640
3,107,1185,0.114704
3,108,1186,0.119134
3,108,1186,0.113152
3,108,1186,0.118509
3,108,1186,0.120719
3,108,1186,0.115267
3,108,1186,0.115813
3,108,1186,0.116022
3,108,1186,0.114507
3,109,1187,0.111515
3,109,1187,0.114857
3,109,1187,0.115644
3,109,1187,0.109948
3,109,1187,0.115225
3,109,1187,0.113437
3,109,1187,0.120766
3,109,1187,0.116750
3,110,1188,0.113225
3,110,1188,0.116101
3,110,1188,0.115875
3,110,1188,0.117013
3,110,1188,0.115617
3,110,1188,0.118402
3,110,1188,0.117574
3,110,1188,0.113266
3,111,1189,0.118063
3,111,1189,0.116915
3,111,1189,0.113125
3,111,1189,0.114657
3,111,1189,0.114246
3,111,1189,0.115896
3,111,1189,0.113380
3,111,1189,0.112682
3,112,1190,0.116890
3,112,1190,0.114238
3,112,1190,0.116593
3,112,1190,0.114318
3,112,1190,0.117478
3,112,1190,0.113220
3,112,1190,0.115632
3,112,1190,0.112524
3,113,1191,0.113056
3,113,1191,0.115667
3,113,1191,0.114037
3,113,1191,0.118329
3,113,1191,0.112772
3,113,1191,0.117298
3,113,1191,0.116071
3,113,1191,0.110346
3,114,1192,0.115505
3,114,1192,0.114754
3,114,1192,0.116024
3,114,1192,0.115641
3,114,1192,0.114284
3,114,1192,0.118002
3,114,1192,0.114595
3,114,1192,0.116175
3,115,1193,0.112982
3,115,1193,0.113777
3,115,1193,0.114524
3,115,1193,0.115061
3,115,1193,0.116456
3,115,1193,0.111559
3,115,1193,0.112795
3,115,1193,0.117738
3,116,1194,0.118586
3,116,1194,0.121207
3,116,1194,0.113116
3,116,1194,0.119232
3,116,1194,0.118152
3,116,1194,0.117396
3,116,1194,0.116629
3,116,1194,0.110256
3,117,1195,0.114179
3,117,1195,0.113000
3,117,1195,0.113554
3,117,1195,0.112929
3,117,1195,0.122574
3,117,1195,0.111378
3,117,1195,0.115283
3,117,1195,0.116087
3,118,1196,0.113003
3,118,1196,0.113455
3,118,1196,0.116126
3,118,1196,0.115723
3,118,1196,0.116148
3,118,1196,0.113933
3,118,1196,0.116306
3,118,1196,0.116356
3,119,1197,0.114231
3,119,1197,0.114147
3,119,1197,0.115857
3,119,1197,0.118139
3,119,1197,0.111925
3,119,1197,0.112389
3,119,1197,0.114745
3,119,1197,0.115169
3,120,1198,0.116873
3,120,1198,0.114641
3,120,1198,0.119119
3,120,1198,0.115386
3,120,1198,0.113503
3,120,1198,0.114816
3,120,1198,0.115076
3,120,1198,0.111884
3,121,1199,0.116027
3,121,1199,0.112735
3,121,1199,0.118350
3,121,1199,0.113862
3,121,1199,0.115141
3,121,1199,0.118085
3,121,1199,0.120235
3,121,1199,0.112606
3,122,1200,0.119494
3,122,1200,0.118952
3,122,1200,0.112659
3,122,1200,0.117386
3,122,1200,0.115316
3,122,1200,0.111298
3,122,1200,0.114131
3,122,1200,0.113933
3,123,1201,0.114422
3,123,1201,0.117519
3,123,1201,0.116775
3,123,1201,0.115228
3,123,1201,0.122036
3,123,1201,0.115168
3,123,1201,0.112845
3,123,1201,0.113948
3,124,1202,0.116476
3,124,1202,0.116252
3,124,1202,0.116207
3,124,1202,0.116806
3,124,1202,0.113284
3,124,1202,0.115846
3,124,1202,0.116145
3,124,1202,0.115461
3,125,1203,0.114199
3,125,1203,0.113397
3,125,1203,0.112129
3,125,1203,0.114958
3,125,1203,0.114892
3,125,1203,0.117787
3,125,1203,0.120032
3,125,1203,0.113929
3,126,1204,0.114275
3,126,1204,0.115803
3,126,1204,0.118898
3,126,1204,0.115229
3,126,1204,0.113821
3,126,1204,0.117956
3,126,1204,0.115138
3,126,1204,0.116722
3,127,1205,0.114533
3,127,1205,0.113809
3,127,1205,0.114049
3,127,1205,0.115054
3,127,1205,0.115607
3,127,1205,0.115032
3,127,1205,0.112756
3,127,1205,0.116773
3,128,1206,0.113602
3,128,1206,0.114963
3,128,1206,0.113862
3,128,1206,0.112009
3,128,1206,0.112959
3,128,1206,0.116279
3,128,1206,0.121883
3,128,1206,0.115355
3,129,1207,0.117604
3,129,1207,0.114994
3,129,1207,0.115421
3,129,1207,0.115249
3,129,1207,0.112618
3,129,1207,0.112424
3,129,1207,0.119099
3,129,1207,0.119727
3,130,1208,0.118608
3,130,1208,0.119807
3,130,1208,0.111797
3,130,1208,0.115836
3,130,1208,0.113560
3,130,1208,0.121371
3,130,1208,0.115296
3,130,1208,0.118500
3,131,1209,0.113968
3,131,1209,0.112854
3,131,1209,0.111681
3,131,1209,0.115890
3,131,1209,0.114777
3,131,1209,0.114688
3,131,1209,0.117213
3,131,1209,0.115546
3,132,1210,0.116933
3,132,1210,0.116848
3,132,1210,0.114868
3,132,1210,0.111529
3,132,1210,0.113980
3,132,1210,0.112127
3,132,1210,0.112863
3,132,1210,0.115649
3,133,1211,0.115703
3,133,1211,0.112699
3,133,1211,0.118897
3,133,1211,0.114504
3,133,1211,0.114790
3,133,1211,0.113796
3,133,1211,0.115765
3,133,1211,0.119518
3,134,1212,0.117925
3,134,1212,0.120149
3,134,1212,0.113439
3,134,1212,0.122515
3,134,1212,0.114298
3,134,1212,0.117786
3,134,1212,0.117846
3,134,1212,0.117176
3,135,1213,0.113869
3,135,1213,0.116384
3,135,1213,0.113542
3,135,1213,0.114344
3,135,1213,0.119467
3,135,1213,0.118631
3,135,1213,0.115104
3,135,1213,0.114813
3,136,1214,0.116595
3,136,1214,0.110835
3,136,1214,0.114311
3,136,1214,0.113703
3,136,1214,0.116129
3,136,1214,0.116111
3,136,1214,0.115793
3,136,1214,0.114913
3,137,1215,0.112275
3,137,1215,0.114406
3,137,1215,0.115340
3,137,1215,0.112692
3,137,1215,0.115574
3,137,1215,0.118158
3,137,1215,0.111101
3,137,1215,0.113339
3,138,1216,0.114141
3,138,1216,0.114440
3,138,1216,0.116596
3,138,1216,0.112708
3,138,1216,0.113278
3,138,1216,0.111143
3,138,1216,0.113887
3,138,1216,0.117016
3,139,1217,0.114188
3,139,1217,0.118719
3,139,1217,0.113407
3,139,1217,0.116948
3,139,1217,0.112137
3,139,1217,0.120382
3,139,1217,0.115457
3,139,1217,0.116292
3,140,1218,0.113120
3,140,1218,0.114452
3,140,1218,0.117516
3,140,1218,0.117907
3,140,1218,0.115765
3,140,1218,0.115761
3,140,1218,0.116944
3,140,1218,0.113439
3,141,1219,0.120246
3,141,1219,0.118592
3,141,1219,0.114405
3,141,1219,0.113251
3,141,1219,0.115460
3,141,1219,0.124634
3,141,1219,0.114517
3,141,1219,0.110184
3,142,1220,0.114860
3,142,1220,0.110713
3,142,1220,0.115416
3,142,1220,0.114512
3,142,1220,0.113086
3,142,1220,0.113660
3,142,1220,0.115864
3,142,1220,0.116385
3,143,1221,0.114936
3,143,1221,0.117515
3,143,1221,0.115384
3,143,1221,0.117534
3,143,1221,0.117188
3,143,1221,0.116179
3,143,1221,0.116393
3,143,1221,0.115227
3,144,1222,0.113097
3,144,1222,0.117718
3,144,1222,0.112884
3,144,1222,0.113808
3,144,1222,0.116450
3,144,1222,0.111672
3,144,1222,0.116238
3,144,1222,0.120892
3,145,1223,0.113912
3,145,1223,0.117645
3,145,1223,0.111470
3,145,1223,0.114880
3,145,1223,0.112011
3,145,1223,0.116999
3,145,1223,0.112918
3,145,1223,0.117509
3,146,1224,0.118813
3,146,1224,0.114773
3,146,1224,0.113187
3,146,1224,0.118958
3,146,1224,0.115315
3,146,1224,0.113310
3,146,1224,0.113723
3,146,1224,0.114900
3,147,1225,0.110811
3,147,1225,0.115630
3,147,1225,0.114865
3,147,1225,0.116787
3,147,1225,0.116718
3,147,1225,0.118055
3,147,1225,0.114668
3,147,1225,0.117676
3,148,1226,0.114351
3,148,1226,0.120530
3,148,1226,0.116608
3,148,1226,0.115936
3,148,1226,0.117510
3,148,1226,0.113036
3,148,1226,0.115167
3,148,1226,0.117753
3,149,1227,0.115040
3,149,1227,0.116885
3,149,1227,0.121426
3,149,1227,0.114394
3,149,1227,0.114867
3,149,1227,0.112740
3,149,1227,0.116275
3,149,1227,0.111660
3,150,1228,0.112614
3,150,1228,0.116882
3,150,1228,0.117644
3,150,1228,0.118713
3,150,1228,0.112389
3,150,1228,0.116640
3,150,1228,0.114297
3,150,1228,0.116919
3,151,1229,0.116102
3,151,1229,0.112974
3,151,1229,0.117733
3,151,1229,0.117562
3,151,1229,0.112182
3,151,1229,0.122147
3,151,1229,0.117636
3,151,1229,0.117137
3,152,1230,0.125915
3,152,1230,0.116036
3,152,1230,0.116438
3,152,1230,0.115607
3,152,1230,0.119274
3,152,1230,0.114317
3,152,1230,0.116096
3,152,1230,0.114185
3,153,1231,0.118400
3,153,1231,0.121041
3,153,1231,0.116866
3,153,1231,0.116836
3,153,1231,0.117235
3,153,1231,0.117735
3,153,1231,0.117121
3,153,1231,0.115839
3,154,1232,0.110458
3,154,1232,0.114717
3,154,1232,0.112621
3,154,1232,0.114900
3,154,1232,0.116199
3,154,1232,0.116546
3,154,1232,0.116465
3,154,1232,0.115381
3,155,1233,0.114154
3,155,1233,0.113739
3,155,1233,0.114516
3,155,1233,0.115861
3,155,1233,0.116506
3,155,1233,0.121589
3,155,1233,0.116359
3,155,1233,0.114400
3,156,1234,0.116959
3,156,1234,0.116381
3,156,1234,0.119250
3,156,1234,0.117468
3,156,1234,0.116284
3,156,1234,0.115701
3,156,1234,0.115126
3,156,1234,0.114214
3,157,1235,0.116753
3,157,1235,0.118037
3,157,1235,0.113414
3,157,1235,0.113527
3,157,1235,0.114524
3,157,1235,0.112089
3,157,1235,0.115995
3,157,1235,0.112549
3,158,1236,0.114404
3,158,1236,0.120121
3,158,1236,0.113892
3,158,1236,0.114249
3,158,1236,0.115580
3,158,1236,0.112906
3,158,1236,0.116173
3,158,1236,0.115891
3,159,1237,0.114056
3,159,1237,0.113847
3,159,1237,0.117207
3,159,1237,0.111596
3,159,1237,0.112210
3,159,1237,0.115349
3,159,1237,0.117647
3,159,1237,0.118277
3,160,1238,0.109878
3,160,1238,0.115042
3,160,1238,0.115566
3,160,1238,0.122437
3,160,1238,0.117161
3,160,1238,0.119190
3,160,1238,0.114649
3,160,1238,0.114749
3,161,1239,0.114756
3,161,1239,0.117778
3,161,1239,0.116822
3,161,1239,0.113678
3,161,1239,0.113756
3,161,1239,0.117706
3,161,1239,0.112417
3,161,1239,0.116081
3,162,1240,0.115063
3,162,1240,0.118314
3,162,1240,0.114109
3,162,1240,0.112884
3,162,1240,0.111872
3,162,1240,0.113068
3,162,1240,0.114623
3,162,1240,0.113424
3,163,1241,0.116664
3,163,1241,0.115605
3,163,1241,0.113631
3,163,1241,0.116334
3,163,1241,0.115759
3,163,1241,0.114362
3,163,1241,0.115232
3,163,1241,0.119916
3,164,1242,0.117491
3,164,1242,0.123051
3,164,1242,0.118188
3,164,1242,0.117184
3,164,1242,0.114612
3,164,1242,0.114637
3,164,1242,0.115361
3,164,1242,0.114641
3,165,1243,0.117514
3,165,1243,0.119305
3,165,1243,0.112431
3,165,1243,0.117969
3,165,1243,0.112482
3,165,1243,0.119777
3,165,1243,0.115491
3,165,1243,0.115236
3,166,1244,0.115514
3,166,1244,0.118669
3,166,1244,0.116139
3,166,1244,0.113322
3,166,1244,0.117662
3,166,1244,0.116742
3,166,1244,0.113938
3,166,1244,0.114033
3,167,1245,0.115828
3,167,1245,0.116750
3,167,1245,0.113197
3,167,1245,0.118854
3,167,1245,0.112881
3,167,1245,0.116494
3,167,1245,0.119595
3,167,1245,0.115861
3,168,1246,0.114392
3,168,1246,0.113309
3,168,1246,0.113443
3,168,1246,0.114944
3,168,1246,0.112689
3,168,1246,0.114528
3,168,1246,0.117113
3,168,1246,0.116550
3,169,1247,0.112732
3,169,1247,0.120128
3,169,1247,0.115709
3,169,1247,0.116092
3,169,1247,0.113677
3,169,1247,0.117626
3,169,1247,0.111876
3,169,1247,0.117121
3,170,1248,0.116264
3,170,1248,0.115966
3,170,1248,0.114008
3,170,1248,0.111209
3,170,1248,0.114030
3,170,1248,0.110914
3,170,1248,0.115249
3,170,1248,0.116865
3,171,1249,0.113708
3,171,1249,0.115867
3,171,1249,0.112861
3,171,1249,0.115403
3,171,1249,0.113082
3,171,1249,0.115490
3,171,1249,0.113702
3,171,1249,0.114127
3,172,1250,0.115923
3,172,1250,0.115136
3,172,1250,0.116217
3,172,1250,0.114092
3,172,1250,0.113026
3,172,1250,0.120064
3,172,1250,0.117184
3,172,1250,0.113502
3,173,1251,0.115254
3,173,1251,0.116047
3,173,1251,0.121952
3,173,1251,0.112462
3,173,1251,0.114516
3,173,1251,0.113718
3,173,1251,0.115128
3,173,1251,0.115596
3,174,1252,0.111607
3,174,1252,0.115308
3,174,1252,0.114366
3,174,1252,0.114926
3,174,1252,0.118162
3,174,1252,0.115410
3,174,1252,0.117171
3,174,1252,0.114078
3,175,1253,0.115459
3,175,1253,0.116279
3,175,1253,0.114570
3,175,1253,0.112845
3,175,1253,0.116393
3,175,1253,0.111526
3,175,1253,0.120195
3,175,1253,0.113416
3,176,1254,0.112247
3,176,1254,0.114151
3,176,1254,0.113852
3,176,1254,0.121472
3,176,1254,0.120328
3,176,1254,0.117188
3,176,1254,0.114717
3,176,1254,0.113160
3,177,1255,0.116161
3,177,1255,0.114947
3,177,1255,0.112705
3,177,1255,0.117499
3,177,1255,0.114074
3,177,1255,0.111782
3,177,1255,0.110410
3,177,1255,0.114065
3,178,1256,0.112605
3,178,1256,0.116698
3,178,1256,0.115600
3,178,1256,0.117783
3,178,1256,0.114754
3,178,1256,0.114644
3,178,1256,0.115372
3,178,1256,0.114624
3,179,1257,0.117340
3,179,1257,0.115212
3,179,1257,0.113626
3,179,1257,0.117346
3,179,1257,0.116731
3,179,1257,0.112634
3,179,1257,0.113894
3,179,1257,0.117848
3,180,1258,0.115353
3,180,1258,0.116182
3,180,1258,0.114149
3,180,1258,0.116213
3,180,1258,0.111632
3,180,1258,0.119138
3,180,1258,0.116631
3,180,1258,0.118805
3,181,1259,0.114509
3,181,1259,0.115972
3,181,1259,0.113872
3,181,1259,0.113452
3,181,1259,0.116754
3,181,1259,0.121986
3,181,1259,0.117295
3,181,1259,0.115800
3,182,1260,0.114775
3,182,1260,0.116641
3,182,1260,0.116924
3,182,1260,0.117095
3,182,1260,0.114726
3,182,1260,0.113750
3,182,1260,0.117667
3,182,1260,0.116880
3,183,1261,0.115724
3,183,1261,0.120662
3,183,1261,0.113813
3,183,1261,0.113347
3,183,1261,0.114790
3,183,1261,0.113413
3,183,1261,0.116685
3,183,1261,0.116217
3,184,1262,0.114194
3,184,1262,0.112361
3,184,1262,0.115232
3,184,1262,0.116972
3,184,1262,0.117225
3,184,1262,0.117605
3,184,1262,0.114010
3,184,1262,0.116289
3,185,1263,0.117403
3,185,1263,0.114962
3,185,1263,0.115971
3,185,1263,0.115529
3,185,1263,0.113965
3,185,1263,0.117881
3,185,1263,0.113983
3,185,1263,0.118666
3,186,1264,0.120317
3,186,1264,0.115186
3,186,1264,0.113519
3,186,1264,0.112713
3,186,1264,0.117328
3,186,1264,0.115773
3,186,1264,0.113682
3,186,1264,0.114898
3,187,1265,0.121916
3,187,1265,0.113809
3,187,1265,0.112760
3,187,1265,0.114229
3,187,1265,0.117000
3,187,1265,0.115402
3,187,1265,0.114820
3,187,1265,0.114625
3,188,1266,0.120809
3,188,1266,0.114729
3,188,1266,0.113441
3,188,1266,0.114270
3,188,1266,0.114235
3,188,1266,0.115995
3,188,1266,0.114517
3,188,1266,0.115076
3,189,1267,0.113322
3,189,1267,0.118964
3,189,1267,0.115828
3,189,1267,0.110931
3,189,1267,0.113505
3,189,1267,0.120374
3,189,1267,0.116363
3,189,1267,0.114623
3,190,1268,0.111617
3,190,1268,0.115682
3,190,1268,0.116231
3,190,1268,0.115002
3,190,1268,0.116212
3,190,1268,0.115544
3,190,1268,0.114093
3,190,1268,0.113619
3,191,1269,0.113588
3,191,1269,0.116453
3,191,1269,0.114722
3,191,1269,0.118324
3,191,1269,0.113848
3,191,1269,0.114249
3,191,1269,0.115027
3,191,1269,0.116448
3,192,1270,0.112591
3,192,1270,0.118447
3,192,1270,0.116394
3,192,1270,0.114685
3,192,1270,0.115378
3,192,1270,0.113142
3,192,1270,0.114080
3,192,1270,0.116571
3,193,1271,0.115379
3,193,1271,0.119180
3,193,1271,0.115386
3,193,1271,0.112561
3,193,1271,0.114403
3,193,1271,0.116869
3,193,1271,0.112510
3,193,1271,0.114637
3,194,1272,0.115663
3,194,1272,0.113867
3,194,1272,0.114992
3,194,1272,0.117486
3,194,1272,0.118981
3,194,1272,0.116272
3,194,1272,0.113087
3,194,1272,0.118074
3,195,1273,0.114947
3,195,1273,0.118182
3,195,1273,0.121704
3,195,1273,0.114963
3,195,1273,0.113608
3,195,1273,0.115560
3,195,1273,0.114832
3,195,1273,0.114074
3,196,1274,0.114716
3,196,1274,0.113276
3,196,1274,0.114789
3,196,1274,0.116328
3,196,1274,0.117568
3,196,1274,0.117010
3,196,1274,0.113961
3,196,1274,0.117023
3,197,1275,0.115863
3,197,1275,0.117590
3,197,1275,0.115054
3,197,1275,0.117207
3,197,1275,0.115275
3,197,1275,0.116379
3,197,1275,0.114076
3,197,1275,0.116102
3,198,1276,0.115155
3,198,1276,0.114975
3,198,1276,0.120198
3,198,1276,0.111715
3,198,1276,0.110092
3,198,1276,0.116888
3,198,1276,0.113729
3,198,1276,0.117770
3,199,1277,0.117365
3,199,1277,0.115191
3,199,1277,0.117007
3,199,1277,0.115580
3,199,1277,0.118583
3,199,1277,0.115812
3,199,1277,0.115252
3,199,1277,0.114375
3,200,1278,0.116664
3,200,1278,0.115710
3,200,1278,0.116944
3,200,1278,0.116471
3,200,1278,0.116663
3,200,1278,0.111529
3,200,1278,0.113275
3,200,1278,0.114516
3,201,1279,0.114773
3,201,1279,0.116343
3,201,1279,0.111641
3,201,1279,0.113928
3,201,1279,0.114133
3,201,1279,0.115916
3,201,1279,0.112754
3,201,1279,0.114575
3,202,1280,0.114999
3,202,1280,0.116722
3,202,1280,0.114301
3,202,1280,0.116122
3,202,1280,0.113780
3,202,1280,0.114955
3,202,1280,0.115021
3,202,1280,0.116097
3,203,1281,0.116593
3,203,1281,0.116201
3,203,1281,0.112507
3,203,1281,0.113735
3,203,1281,0.120733
3,203,1281,0.115223
3,203,1281,0.116752
3,203,1281,0.112472
3,204,1282,0.113689
3,204,1282,0.117229
3,204,1282,0.117415
3,204,1282,0.114645
3,204,1282,0.114777
3,204,1282,0.114036
3,204,1282,0.113095
3,204,1282,0.114435
3,205,1283,0.112911
3,205,1283,0.117413
3,205,1283,0.115831
3,205,1283,0.115179
3,205,1283,0.114702
3,205,1283,0.120747
3,205,1283,0.117451
3,205,1283,0.116082
3,206,1284,0.124690
3,206,1284,0.130971
3,206,1284,0.125854
3,206,1284,0.130228
3,206,1284,0.124249
3,206,1284,0.123662
3,206,1284,0.122908
3,206,1284,0.132187
3,207,1285,0.117559
3,207,1285,0.116149
3,207,1285,0.115814
3,207,1285,0.117081
3,207,1285,0.119854
3,207,1285,0.119516
3,207,1285,0.117455
3,207,1285,0.115387
3,208,1286,0.117425
3,208,1286,0.118802
3,208,1286,0.116908
3,208,1286,0.114500
3,208,1286,0.119170
3,208,1286,0.122186
3,208,1286,0.118304
3,208,1286,0.118447
3,209,1287,0.119422
3,209,1287,0.121445
3,209,1287,0.120519
3,209,1287,0.117409
3,209,1287,0.119632
3,209,1287,0.124262
3,209,1287,0.122769
3,209,1287,0.118837
3,210,1288,0.118741
3,210,1288,0.112989
3,210,1288,0.117861
3,210,1288,0.117358
3,210,1288,0.115665
3,210,1288,0.119002
3,210,1288,0.119334
3,210,1288,0.112653
3,211,1289,0.118849
3,211,1289,0.119094
3,211,1289,0.123585
3,211,1289,0.117385
3,211,1289,0.121477
3,211,1289,0.118950
3,211,1289,0.119595
3,211,1289,0.117285
3,212,1290,0.114944
3,212,1290,0.115623
3,212,1290,0.125983
3,212,1290,0.119872
3,212,1290,0.115149
3,212,1290,0.119519
3,212,1290,0.121429
3,212,1290,0.117348
3,213,1291,0.118499
3,213,1291,0.115058
3,213,1291,0.114986
3,213,1291,0.123518
3,213,1291,0.122610
3,213,1291,0.118322
3,213,1291,0.117250
3,213,1291,0.117178
3,214,1292,0.117494
3,214,1292,0.115464
3,214,1292,0.118083
3,214,1292,0.124270
3,214,1292,0.114689
3,214,1292,0.115381
3,214,1292,0.119355
3,214,1292,0.118239
3,215,1293,0.118925
3,215,1293,0.118514
3,215,1293,0.118082
3,215,1293,0.117964
3,215,1293,0.118809
3,215,1293,0.113605
3,215,1293,0.115734
3,215,1293,0.116487
3,216,1294,0.115615
3,216,1294,0.118900
3,216,1294,0.119322
3,216,1294,0.118776
3,216,1294,0.120032
3,216,1294,0.114837
3,216,1294,0.115912
3,216,1294,0.117436
3,217,1295,0.115565
3,217,1295,0.113698
3,217,1295,0.117024
3,217,1295,0.115117
3,217,1295,0.116382
3,217,1295,0.114877
3,217,1295,0.114937
3,217,1295,0.117428
3,218,1296,0.119461
3,218,1296,0.115486
3,218,1296,0.113180
3,218,1296,0.113800
3,218,1296,0.115436
3,218,1296,0.118175
3,218,1296,0.118325
3,218,1296,0.112939
3,219,1297,0.112590
3,219,1297,0.115246
3,219,1297,0.113183
3,219,1297,0.113844
3,219,1297,0.117145
3,219,1297,0.121901
3,219,1297,0.117651
3,219,1297,0.117288
3,220,1298,0.117713
3,220,1298,0.115825
3,220,1298,0.118494
3,220,1298,0.115947
3,220,1298,0.113490
3,220,1298,0.112673
3,220,1298,0.112934
3,220,1298,0.117668
3,221,1299,0.117099
3,221,1299,0.116413
3,221,1299,0.118562
3,221,1299,0.121938
3,221,1299,0.116545
3,221,1299,0.115892
3,221,1299,0.110744
3,221,1299,0.115940
3,222,1300,0.117515
3,222,1300,0.120032
3,222,1300,0.113804
3,222,1300,0.115119
3,222,1300,0.115416
3,222,1300,0.117554
3,222,1300,0.115166
3,222,1300,0.117061
3,223,1301,0.115389
3,223,1301,0.117876
3,223,1301,0.110277
3,223,1301,0.115907
3,223,1301,0.115726
3,223,1301,0.117956
3,223,1301,0.115260
3,223,1301,0.115205
3,224,1302,0.114783
3,224,1302,0.112881
3,224,1302,0.114111
3,224,1302,0.114398
3,224,1302,0.115128
3,224,1302,0.114223
3,224,1302,0.119558
3,224,1302,0.113535
3,225,1303,0.112727
3,225,1303,0.113195
3,225,1303,0.115933
3,225,1303,0.117332
3,225,1303,0.113195
3,225,1303,0.115442
3,225,1303,0.116125
3,225,1303,0.115225
3,226,1304,0.116614
3,226,1304,0.114939
3,226,1304,0.112804
3,226,1304,0.113909
3,226,1304,0.115234
3,226,1304,0.117218
3,226,1304,0.113981
3,226,1304,0.113752
3,227,1305,0.112818
3,227,1305,0.120473
3,227,1305,0.118146
3,227,1305,0.112983
3,227,1305,0.113138
3,227,1305,0.117794
3,227,1305,0.112466
3,227,1305,0.112906
3,228,1306,0.112902
3,228,1306,0.112893
3,228,1306,0.121494
3,228,1306,0.121406
3,228,1306,0.112479
3,228,1306,0.111906
3,228,1306,0.117029
3,228,1306,0.115780
3,229,1307,0.114730
3,229,1307,0.115133
3,229,1307,0.114069
3,229,1307,0.114636
3,229,1307,0.117469
3,229,1307,0.111912
3,229,1307,0.114877
3,229,1307,0.113757
3,230,1308,0.114838
3,230,1308,0.113858
3,230,1308,0.111548
3,230,1308,0.114186
3,230,1308,0.113336
3,230,1308,0.114382
3,230,1308,0.117641
3,230,1308,0.109776
3,231,1309,0.114217
3,231,1309,0.113898
3,231,1309,0.115239
3,231,1309,0.122719
3,231,1309,0.113956
3,231,1309,0.111061
3,231,1309,0.116000
3,231,1309,0.110100
3,232,1310,0.109907
3,232,1310,0.113600
3,232,1310,0.112962
3,232,1310,0.113945
3,232,1310,0.110438
3,232,1310,0.117783
3,232,1310,0.114747
3,232,1310,0.114858
3,233,1311,0.116375
3,233,1311,0.110603
3,233,1311,0.114180
3,233,1311,0.117128
3,233,1311,0.116325
3,233,1311,0.113545
3,233,1311,0.115948
3,233,1311,0.111713
3,234,1312,0.112778
3,234,1312,0.112399
3,234,1312,0.112685
3,234,1312,0.111081
3,234,1312,0.113209
3,234,1312,0.114481
3,234,1312,0.117283
3,234,1312,0.113929
3,235,1313,0.114149
3,235,1313,0.113774
3,235,1313,0.116091
3,235,1313,0.113686
3,235,1313,0.111048
3,235,1313,0.111640
3,235,1313,0.113197
3,235,1313,0.116485
3,236,1314,0.123687
3,236,1314,0.111451
3,236,1314,0.112391
3,236,1314,0.116391
3,236,1314,0.120919
3,236,1314,0.116478
3,236,1314,0.114629
3,236,1314,0.116909
3,237,1315,0.113222
3,237,1315,0.112418
3,237,1315,0.115244
3,237,1315,0.115080
3,237,1315,0.114278
3,237,1315,0.109652
3,237,1315,0.112486
3,237,1315,0.116811
3,238,1316,0.111966
3,238,1316,0.117411
3,238,1316,0.111979
3,238,1316,0.114627
3,238,1316,0.112807
3,238,1316,0.112240
3,238,1316,0.114020
3,238,1316,0.119261
3,239,1317,0.113698
3,239,1317,0.115490
3,239,1317,0.113250
3,239,1317,0.112747
3,239,1317,0.110928
3,239,1317,0.114225
3,239,1317,0.118903
3,239,1317,0.113214
3,240,1318,0.116173
3,240,1318,0.112681
3,240,1318,0.112457
3,240,1318,0.116969
3,240,1318,0.114255
3,240,1318,0.115974
3,240,1318,0.110814
3,240,1318,0.120788
3,241,1319,0.115240
3,241,1319,0.115046
3,241,1319,0.115982
3,241,1319,0.113499
3,241,1319,0.113555
3,241,1319,0.115193
3,241,1319,0.112568
3,241,1319,0.111145
3,242,1320,0.116377
3,242,1320,0.112262
3,242,1320,0.113550
3,242,1320,0.114169
3,242,1320,0.116206
3,242,1320,0.112077
3,242,1320,0.116326
3,242,1320,0.114626
3,243,1321,0.111426
3,243,1321,0.112222
3,243,1321,0.114569
3,243,1321,0.115445
3,243,1321,0.113499
3,243,1321,0.112799
3,243,1321,0.114429
3,243,1321,0.114745
3,244,1322,0.119261
3,244,1322,0.112156
3,244,1322,0.112845
3,244,1322,0.114550
3,244,1322,0.116466
3,244,1322,0.113711
3,244,1322,0.114193
3,244,1322,0.112378
3,245,1323,0.111125
3,245,1323,0.112491
3,245,1323,0.114832
3,245,1323,0.117626
3,245,1323,0.116008
3,245,1323,0.111009
3,245,1323,0.114196
3,245,1323,0.118742
3,246,1324,0.115111
3,246,1324,0.116559
3,246,1324,0.113039
3,246,1324,0.116761
3,246,1324,0.114472
3,246,1324,0.113744
3,246,1324,0.117334
3,246,1324,0.112953
3,247,1325,0.111574
3,247,1325,0.112020
3,247,1325,0.114558
3,247,1325,0.119440
3,247,1325,0.113385
3,247,1325,0.110911
3,247,1325,0.114712
3,247,1325,0.116384
3,248,1326,0.113216
3,248,1326,0.114974
3,248,1326,0.121062
3,248,1326,0.112408
3,248,1326,0.116162
3,248,1326,0.115708
3,248,1326,0.114085
3,248,1326,0.109764
3,249,1327,0.113760
3,249,1327,0.115225
3,249,1327,0.113694
3,249,1327,0.116333
3,249,1327,0.116471
3,249,1327,0.112840
3,249,1327,0.115858
3,249,1327,0.113047
3,250,1328,0.114087
3,250,1328,0.119453
3,250,1328,0.117766
3,250,1328,0.117154
3,250,1328,0.112622
3,250,1328,0.115901
3,250,1328,0.113368
3,250,1328,0.114144
3,251,1329,0.121824
3,251,1329,0.116113
3,251,1329,0.115351
3,251,1329,0.113234
3,251,1329,0.114597
3,251,1329,0.114635
3,251,1329,0.115431
3,251,1329,0.112464
3,252,1330,0.116048
3,252,1330,0.118949
3,252,1330,0.116128
3,252,1330,0.117300
3,252,1330,0.115699
3,252,1330,0.117260
3,252,1330,0.116531
3,252,1330,0.115377
3,253,1331,0.115282
3,253,1331,0.114085
3,253,1331,0.113471
3,253,1331,0.112216
3,253,1331,0.117455
3,253,1331,0.116746
3,253,1331,0.113172
3,253,1331,0.117410
3,254,1332,0.115660
3,254,1332,0.113948
3,254,1332,0.113713
3,254,1332,0.112172
3,254,1332,0.114399
3,254,1332,0.115248
3,254,1332,0.114395
3,254,1332,0.116039
3,255,1333,0.116416
3,255,1333,0.112670
3,255,1333,0.117299
3,255,1333,0.116282
3,255,1333,0.117368
3,255,1333,0.112372
3,255,1333,0.112573
3,255,1333,0.112988
3,256,1334,0.116888
3,256,1334,0.118334
3,256,1334,0.116893
3,256,1334,0.115478
3,256,1334,0.122355
3,256,1334,0.115036
3,256,1334,0.113009
3,256,1334,0.113580
3,257,1335,0.113241
3,257,1335,0.110616
3,257,1335,0.111729
3,257,1335,0.112113
3,257,1335,0.115302
3,257,1335,0.112801
3,257,1335,0.116966
3,257,1335,0.112278
3,258,1336,0.113751
3,258,1336,0.117999
3,258,1336,0.113150
3,258,1336,0.115656
3,258,1336,0.122650
3,258,1336,0.110657
3,258,1336,0.116447
3,258,1336,0.113212
3,259,1337,0.114118
3,259,1337,0.115768
3,259,1337,0.115709
3,259,1337,0.115891
3,259,1337,0.115913
3,259,1337,0.120124
3,259,1337,0.112729
3,259,1337,0.116416
3,260,1338,0.121772
3,260,1338,0.111904
3,260,1338,0.112852
3,260,1338,0.112271
3,260,1338,0.114104
3,260,1338,0.117397
3,260,1338,0.112002
3,260,1338,0.115738
3,261,1339,0.113480
3,261,1339,0.110312
3,261,1339,0.122922
3,261,1339,0.117094
3,261,1339,0.114890
3,261,1339,0.119968
3,261,1339,0.111058
3,261,1339,0.114010
3,262,1340,0.119243
3,262,1340,0.114362
3,262,1340,0.120856
3,262,1340,0.114825
3,262,1340,0.111658
3,262,1340,0.114066
3,262,1340,0.114901
3,262,1340,0.114785
3,263,1341,0.111107
3,263,1341,0.116680
3,263,1341,0.114900
3,263,1341,0.116414
3,263,1341,0.111680
3,263,1341,0.113278
3,263,1341,0.116308
3,263,1341,0.115977
3,264,1342,0.117018
3,264,1342,0.113763
3,264,1342,0.114200
3,264,1342,0.114818
3,264,1342,0.116714
3,264,1342,0.115712
3,264,1342,0.109953
3,264,1342,0.119971
3,265,1343,0.112836
3,265,1343,0.113033
3,265,1343,0.115506
3,265,1343,0.114980
3,265,1343,0.114200
3,265,1343,0.113963
3,265,1343,0.119107
3,265,1343,0.114661
3,266,1344,0.115543
3,266,1344,0.115207
3,266,1344,0.113712
3,266,1344,0.113545
3,266,1344,0.113935
3,266,1344,0.112745
3,266,1344,0.115947
3,266,1344,0.115342
3,267,1345,0.112336
3,267,1345,0.113031
3,267,1345,0.114125
3,267,1345,0.117988
3,267,1345,0.110607
3,267,1345,0.116638
3,267,1345,0.111441
3,267,1345,0.115291
3,268,1346,0.118407
3,268,1346,0.118690
3,268,1346,0.115497
3,268,1346,0.112682
3,268,1346,0.119035
3,268,1346,0.111926
3,268,1346,0.115883
3,268,1346,0.116358
3,269,1347,0.113557
3,269,1347,0.118759
3,269,1347,0.113422
3,269,1347,0.116938
3,269,1347,0.112744
3,269,1347,0.114004
3,269,1347,0.121954
3,269,1347,0.113292
3,270,1348,0.115508
3,270,1348,0.110502
3,270,1348,0.114712
3,270,1348,0.114726
3,270,1348,0.115535
3,270,1348,0.113978
3,270,1348,0.114670
3,270,1348,0.111582
3,271,1349,0.113463
3,271,1349,0.114531
3,271,1349,0.112780
3,271,1349,0.113304
3,271,1349,0.112998
3,271,1349,0.117209
3,271,1349,0.110795
3,271,1349,0.116280
3,272,1350,0.115209
3,272,1350,0.116843
3,272,1350,0.116746
3,272,1350,0.117379
3,272,1350,0.115852
3,272,1350,0.116228
3,272,1350,0.113847
3,272,1350,0.114715
3,273,1351,0.118744
3,273,1351,0.115588
3,273,1351,0.118940
3,273,1351,0.110189
3,273,1351,0.117086
3,273,1351,0.111550
3,273,1351,0.113472
3,273,1351,0.113903
3,274,1352,0.116074
3,274,1352,0.114302
3,274,1352,0.113947
3,274,1352,0.114195
3,274,1352,0.110536
3,274,1352,0.116558
3,274,1352,0.113646
3,274,1352,0.118666
3,275,1353,0.114132
3,275,1353,0.112777
3,275,1353,0.114188
3,275,1353,0.111937
3,275,1353,0.114523
3,275,1353,0.116526
3,275,1353,0.114017
3,275,1353,0.113468
3,276,1354,0.115660
3,276,1354,0.117010
3,276,1354,0.114652
3,276,1354,0.113077
3,276,1354,0.114776
3,276,1354,0.114771
3,276,1354,0.117614
3,276,1354,0.112031
3,277,1355,0.109677
3,277,1355,0.114955
3,277,1355,0.112090
3,277,1355,0.114502
3,277,1355,0.112418
3,277,1355,0.111344
3,277,1355,0.111802
3,277,1355,0.112517
3,278,1356,0.110069
3,278,1356,0.114693
3,278,1356,0.115470
3,278,1356,0.112054
3,278,1356,0.116921
3,278,1356,0.115434
3,278,1356,0.113888
3,278,1356,0.113134
3,279,1357,0.113978
3,279,1357,0.113813
3,279,1357,0.113984
3,279,1357,0.114602
3,279,1357,0.117071
3,279,1357,0.114651
3,279,1357,0.117375
3,279,1357,0.114582
3,280,1358,0.113979
3,280,1358,0.111369
3,280,1358,0.115757
3,280,1358,0.113817
3,280,1358,0.113537
3,280,1358,0.111998
3,280,1358,0.115264
3,280,1358,0.114392
3,281,1359,0.117272
3,281,1359,0.118135
3,281,1359,0.114190
3,281,1359,0.113082
3,281,1359,0.119344
3,281,1359,0.115472
3,281,1359,0.112247
3,281,1359,0.115427
3,282,1360,0.112614
3,282,1360,0.121327
3,282,1360,0.114651
3,282,1360,0.113196
3,282,1360,0.112276
3,282,1360,0.112343
3,282,1360,0.118875
3,282,1360,0.111579
3,283,1361,0.114032
3,283,1361,0.115534
3,283,1361,0.113922
3,283,1361,0.113138
3,283,1361,0.117876
3,283,1361,0.112999
3,283,1361,0.112604
3,283,1361,0.114212
3,284,1362,0.118000
3,284,1362,0.111003
3,284,1362,0.116939
3,284,1362,0.113329
3,284,1362,0.117036
3,284,1362,0.112120
3,284,1362,0.114649
3,284,1362,0.113146
3,285,1363,0.115877
3,285,1363,0.112894
3,285,1363,0.114931
3,285,1363,0.112797
3,285,1363,0.112367
3,285,1363,0.115363
3,285,1363,0.116749
3,285,1363,0.113167
3,286,1364,0.112289
3,286,1364,0.112806
3,286,1364,0.111399
3,286,1364,0.120033
3,286,1364,0.116214
3,286,1364,0.112812
3,286,1364,0.113513
3,286,1364,0.113558
3,287,1365,0.111528
3,287,1365,0.118263
3,287,1365,0.113554
3,287,1365,0.117693
3,287,1365,0.113990
3,287,1365,0.113557
3,287,1365,0.114750
3,287,1365,0.113922
3,288,1366,0.117942
3,288,1366,0.115428
3,288,1366,0.116769
3,288,1366,0.116041
3,288,1366,0.115149
3,288,1366,0.117847
3,288,1366,0.114955
3,288,1366,0.113828
3,289,1367,0.111929
3,289,1367,0.117733
3,289,1367,0.114339
3,289,1367,0.111837
3,289,1367,0.118261
3,289,1367,0.111963
3,289,1367,0.111817
3,289,1367,0.115062
3,290,1368,0.117155
3,290,1368,0.116459
3,290,1368,0.119698
3,290,1368,0.115364
3,290,1368,0.113818
3,290,1368,0.110856
3,290,1368,0.115298
3,290,1368,0.115819
3,291,1369,0.114219
3,291,1369,0.116017
3,291,1369,0.113489
3,291,1369,0.115880
3,291,1369,0.115309
3,291,1369,0.113802
3,291,1369,0.112368
3,291,1369,0.115475
3,292,1370,0.115560
3,292,1370,0.118927
3,292,1370,0.113418
3,292,1370,0.117536
3,292,1370,0.113447
3,292,1370,0.116562
3,292,1370,0.115979
3,292,1370,0.116152
3,293,1371,0.115977
3,293,1371,0.112949
3,293,1371,0.117413
3,293,1371,0.112698
3,293,1371,0.110920
3,293,1371,0.118937
3,293,1371,0.115934
3,293,1371,0.114507
3,294,1372,0.114373
3,294,1372,0.116956
3,294,1372,0.112748
3,294,1372,0.116349
3,294,1372,0.118088
3,294,1372,0.114564
3,294,1372,0.111130
3,294,1372,0.114134
3,295,1373,0.115191
3,295,1373,0.116253
3,295,1373,0.116549
3,295,1373,0.114321
3,295,1373,0.114006
3,295,1373,0.113642
3,295,1373,0.116696
3,295,1373,0.112154
3,296,1374,0.113993
3,296,1374,0.120074
3,296,1374,0.119646
3,296,1374,0.115997
3,296,1374,0.112072
3,296,1374,0.115511
3,296,1374,0.109442
3,296,1374,0.119796
3,297,1375,0.116155
3,297,1375,0.114789
3,297,1375,0.112619
3,297,1375,0.113377
3,297,1375,0.112934
3,297,1375,0.116890
3,297,1375,0.114378
3,297,1375,0.115584
3,298,1376,0.114170
3,298,1376,0.116204
3,298,1376,0.115660
3,298,1376,0.113145
3,298,1376,0.114232
3,298,1376,0.116806
3,298,1376,0.116992
3,298,1376,0.114510
3,299,1377,0.118450
3,299,1377,0.115743
3,299,1377,0.112524
3,299,1377,0.114083
3,299,1377,0.114286
3,299,1377,0.116087
3,299,1377,0.112294
3,299,1377,0.115172
3,300,1378,0.114009
3,300,1378,0.115124
3,300,1378,0.112413
3,300,1378,0.118696
3,300,1378,0.115388
3,300,1378,0.116736
3,300,1378,0.116862
3,300,1378,0.114143
3,301,1379,0.115736
3,301,1379,0.113872
3,301,1379,0.119439
3,301,1379,0.112804
3,301,1379,0.112617
3,301,1379,0.112595
3,301,1379,0.114629
3,301,1379,0.114448
3,302,1380,0.117264
3,302,1380,0.115536
3,302,1380,0.113143
3,302,1380,0.120254
3,302,1380,0.112660
3,302,1380,0.116408
3,302,1380,0.113963
3,302,1380,0.116078
3,303,1381,0.113403
3,303,1381,0.116294
3,303,1381,0.113399
3,303,1381,0.113257
3,303,1381,0.116532
3,303,1381,0.120019
3,303,1381,0.117041
3,303,1381,0.116642
3,304,1382,0.118537
3,304,1382,0.112792
3,304,1382,0.117515
3,304,1382,0.113987
3,304,1382,0.115594
3,304,1382,0.114975
3,304,1382,0.111096
3,304,1382,0.116024
3,305,1383,0.116413
3,305,1383,0.118219
3,305,1383,0.121533
3,305,1383,0.113315
3,305,1383,0.121509
3,305,1383,0.116805
3,305,1383,0.113469
3,305,1383,0.114225
3,306,1384,0.111911
3,306,1384,0.117971
3,306,1384,0.114984
3,306,1384,0.118286
3,306,1384,0.114134
3,306,1384,0.116175
3,306,1384,0.111887
3,306,1384,0.113877
3,307,1385,0.113730
3,307,1385,0.113184
3,307,1385,0.119043
3,307,1385,0.110585
3,307,1385,0.117015
3,307,1385,0.118928
3,307,1385,0.114212
3,307,1385,0.116241
3,308,1386,0.111810
3,308,1386,0.111407
3,308,1386,0.113673
3,308,1386,0.113890
3,308,1386,0.112287
3,308,1386,0.111740
3,308,1386,0.115451
3,308,1386,0.116273
3,309,1387,0.115231
3,309,1387,0.117260
3,309,1387,0.112019
3,309,1387,0.114511
3,309,1387,0.120158
3,309,1387,0.116730
3,309,1387,0.113641
3,309,1387,0.112901
3,310,1388,0.120235
3,310,1388,0.117049
3,310,1388,0.111983
3,310,1388,0.112354
3,310,1388,0.111812
3,310,1388,0.114067
3,310,1388,0.118477
3,310,1388,0.115772
3,311,1389,0.115804
3,311,1389,0.113868
3,311,1389,0.113425
3,311,1389,0.114639
3,311,1389,0.117093
3,311,1389,0.111461
3,311,1389,0.112300
3,311,1389,0.113148
3,312,1390,0.112061
3,312,1390,0.113270
3,312,1390,0.114020
3,312,1390,0.112612
3,312,1390,0.117254
3,312,1390,0.113118
3,312,1390,0.113300
3,312,1390,0.112531
3,313,1391,0.114750
3,313,1391,0.115075
3,313,1391,0.116423
3,313,1391,0.116895
3,313,1391,0.110811
3,313,1391,0.112844
3,313,1391,0.113657
3,313,1391,0.117397
3,314,1392,0.114115
3,314,1392,0.113737
3,314,1392,0.110863
3,314,1392,0.115035
3,314,1392,0.113614
3,314,1392,0.112777
3,314,1392,0.112038
3,314,1392,0.114111
3,315,1393,0.115723
3,315,1393,0.113122
3,315,1393,0.113596
3,315,1393,0.117002
3,315,1393,0.115034
3,315,1393,0.116236
3,315,1393,0.111038
3,315,1393,0.114366
3,316,1394,0.117000
3,316,1394,0.115257
3,316,1394,0.114632
3,316,1394,0.113462
3,316,1394,0.115420
3,316,1394,0.114182
3,316,1394,0.112208
3,316,1394,0.115079
3,317,1395,0.110888
3,317,1395,0.114835
3,317,1395,0.113958
3,317,1395,0.115417
3,317,1395,0.112684
3,317,1395,0.112335
3,317,1395,0.116686
3,317,1395,0.113806
3,318,1396,0.112699
3,318,1396,0.115796
3,318,1396,0.111041
3,318,1396,0.113588
3,318,1396,0.116414
3,318,1396,0.112572
3,318,1396,0.112520
3,318,1396,0.117652
3,319,1397,0.112282
3,319,1397,0.112301
3,319,1397,0.113271
3,319,1397,0.114269
3,319,1397,0.120037
3,319,1397,0.117832
3,319,1397,0.111959
3,319,1397,0.111340
3,320,1398,0.117385
3,320,1398,0.112047
3,320,1398,0.110197
3,320,1398,0.114677
3,320,1398,0.110660
3,320,1398,0.115917
3,320,1398,0.115003
3,320,1398,0.112960
3,321,1399,0.116688
3,321,1399,0.118323
3,321,1399,0.115887
3,321,1399,0.113697
3,321,1399,0.112874
3,321,1399,0.116229
3,321,1399,0.112955
3,321,1399,0.114258
3,322,1400,0.115724
3,322,1400,0.114924
3,322,1400,0.115082
3,322,1400,0.111663
3,322,1400,0.114919
3,322,1400,0.112515
3,322,1400,0.113251
3,322,1400,0.115205
3,323,1401,0.120458
3,323,1401,0.111908
3,323,1401,0.115703
3,323,1401,0.113328
3,323,1401,0.113022
3,323,1401,0.113152
3,323,1401,0.114967
3,323,1401,0.114359
3,324,1402,0.111214
3,324,1402,0.114086
3,324,1402,0.114156
3,324,1402,0.118065
3,324,1402,0.117402
3,324,1402,0.114171
3,324,1402,0.112837
3,324,1402,0.115250
3,325,1403,0.114716
3,325,1403,0.115642
3,325,1403,0.115046
3,325,1403,0.112631
3,325,1403,0.116005
3,325,1403,0.117834
3,325,1403,0.112715
3,325,1403,0.114849
3,326,1404,0.114850
3,326,1404,0.114614
3,326,1404,0.112774
3,326,1404,0.113231
3,326,1404,0.113837
3,326,1404,0.111991
3,326,1404,0.115919
3,326,1404,0.114384
3,327,1405,0.114461
3,327,1405,0.109991
3,327,1405,0.113300
3,327,1405,0.112635
3,327,1405,0.112297
3,327,1405,0.114046
3,327,1405,0.112594
3,327,1405,0.115121
3,328,1406,0.117048
3,328,1406,0.113102
3,328,1406,0.114950
3,328,1406,0.112459
3,328,1406,0.112081
3,328,1406,0.118265
3,328,1406,0.115054
3,328,1406,0.115923
3,329,1407,0.115518
3,329,1407,0.113882
3,329,1407,0.113925
3,329,1407,0.111092
3,329,1407,0.115602
3,329,1407,0.117904
3,329,1407,0.113874
3,329,1407,0.114217
3,330,1408,0.120157
3,330,1408,0.115144
3,330,1408,0.117251
3,330,1408,0.112949
3,330,1408,0.113675
3,330,1408,0.111238
3,330,1408,0.110159
3,330,1408,0.113919
3,331,1409,0.112797
3,331,1409,0.111855
3,331,1409,0.114902
3,331,1409,0.112045
3,331,1409,0.113626
3,331,1409,0.113595
3,331,1409,0.114139
3,331,1409,0.116444
3,332,1410,0.109194
3,332,1410,0.118078
3,332,1410,0.112892
3,332,1410,0.115523
3,332,1410,0.110468
3,332,1410,0.113870
3,332,1410,0.116112
3,332,1410,0.110475
3,333,1411,0.114438
3,333,1411,0.113385
3,333,1411,0.114735
3,333,1411,0.113494
3,333,1411,0.115267
3,333,1411,0.113054
3,333,1411,0.115070
3,333,1411,0.112113
3,334,1412,0.118861
3,334,1412,0.113010
3,334,1412,0.116229
3,334,1412,0.116462
3,334,1412,0.115456
3,334,1412,0.113570
3,334,1412,0.110585
3,334,1412,0.111990
3,335,1413,0.114989
3,335,1413,0.115887
3,335,1413,0.116552
3,335,1413,0.114606
3,335,1413,0.114310
3,335,1413,0.117682
3,335,1413,0.118351
3,335,1413,0.114395
3,336,1414,0.112768
3,336,1414,0.111444
3,336,1414,0.115872
3,336,1414,0.114787
3,336,1414,0.115480
3,336,1414,0.112108
3,336,1414,0.111097
3,336,1414,0.112909
3,337,1415,0.112792
3,337,1415,0.112861
3,337,1415,0.113164
3,337,1415,0.112729
3,337,1415,0.113309
3,337,1415,0.114235
3,337,1415,0.115054
3,337,1415,0.113060
3,338,1416,0.115431
3,338,1416,0.115188
3,338,1416,0.113207
3,338,1416,0.113907
3,338,1416,0.114570
3,338,1416,0.115962
3,338,1416,0.115591
3,338,1416,0.117241
3,339,1417,0.109867
3,339,1417,0.113853
3,339,1417,0.114137
3,339,1417,0.112985
3,339,1417,0.115082
3,339,1417,0.113333
3,339,1417,0.112773
3,339,1417,0.112943
3,340,1418,0.111015
3,340,1418,0.117869
3,340,1418,0.116048
3,340,1418,0.114664
3,340,1418,0.118317
3,340,1418,0.116223
3,340,1418,0.115694
3,340,1418,0.115917
3,341,1419,0.114315
3,341,1419,0.115968
3,341,1419,0.119919
3,341,1419,0.113144
3,341,1419,0.113431
3,341,1419,0.114658
3,341,1419,0.113512
3,341,1419,0.114188
3,342,1420,0.114746
3,342,1420,0.115972
3,342,1420,0.111148
3,342,1420,0.119168
3,342,1420,0.117617
3,342,1420,0.116370
3,342,1420,0.115844
3,342,1420,0.115076
3,343,1421,0.112570
3,343,1421,0.114944
3,343,1421,0.112754
3,343,1421,0.115744
3,343,1421,0.112296
3,343,1421,0.114169
3,343,1421,0.115679
3,343,1421,0.119867
3,344,1422,0.115905
3,344,1422,0.117334
3,344,1422,0.118422
3,344,1422,0.117074
3,344,1422,0.113397
3,344,1422,0.115119
3,344,1422,0.116430
3,344,1422,0.115288
3,345,1423,0.114703
3,345,1423,0.116782
3,345,1423,0.113248
3,345,1423,0.111834
3,345,1423,0.114687
3,345,1423,0.119776
3,345,1423,0.113385
3,345,1423,0.119537
3,346,1424,0.114319
3,346,1424,0.117187
3,346,1424,0.112090
3,346,1424,0.115215
3,346,1424,0.115538
3,346,1424,0.118072
3,346,1424,0.113336
3,346,1424,0.116014
3,347,1425,0.112563
3,347,1425,0.119033
3,347,1425,0.113112
3,347,1425,0.113634
3,347,1425,0.112312
3,347,1425,0.116220
3,347,1425,0.113657
3,347,1425,0.115131
3,348,1426,0.112118
3,348,1426,0.116509
3,348,1426,0.114388
3,348,1426,0.119673
3,348,1426,0.112183
3,348,1426,0.115839
3,348,1426,0.111239
3,348,1426,0.114121
3,349,1427,0.114754
3,349,1427,0.113979
3,349,1427,0.114961
3,349,1427,0.116649
3,349,1427,0.113092
3,349,1427,0.114744
3,349,1427,0.118288
3,349,1427,0.115160
3,350,1428,0.119156
3,350,1428,0.119626
3,350,1428,0.115884
3,350,1428,0.114258
3,350,1428,0.115564
3,350,1428,0.115339
3,350,1428,0.115465
3,350,1428,0.112569
3,351,1429,0.110680
3,351,1429,0.116004
3,351,1429,0.110421
3,351,1429,0.112988
3,351,1429,0.114081
3,351,1429,0.114205
3,351,1429,0.111540
3,351,1429,0.117086
3,352,1430,0.113383
3,352,1430,0.110009
3,352,1430,0.112399
3,352,1430,0.114655
3,352,1430,0.112028
3,352,1430,0.114838
3,352,1430,0.118479
3,352,1430,0.113476
3,353,1431,0.119096
3,353,1431,0.114231
3,353,1431,0.115181
3,353,1431,0.115991
3,353,1431,0.118395
3,353,1431,0.113538
3,353,1431,0.114279
3,353,1431,0.109175
3,354,1432,0.115394
3,354,1432,0.114322
3,354,1432,0.112969
3,354,1432,0.112952
3,354,1432,0.115862
3,354,1432,0.113105
3,354,1432,0.115377
3,354,1432,0.114165
3,355,1433,0.115273
3,355,1433,0.115958
3,355,1433,0.116296
3,355,1433,0.116824
3,355,1433,0.116752
3,355,1433,0.111779
3,355,1433,0.113881
3,355,1433,0.112959
3,356,1434,0.112089
3,356,1434,0.115260
3,356,1434,0.114030
3,356,1434,0.113709
3,356,1434,0.111698
3,356,1434,0.115764
3,356,1434,0.115867
3,356,1434,0.117753
3,357,1435,0.116215
3,357,1435,0.113134
3,357,1435,0.117034
3,357,1435,0.114828
3,357,1435,0.113667
3,357,1435,0.117518
3,357,1435,0.115003
3,357,1435,0.111717
3,358,1436,0.114531
3,358,1436,0.112756
3,358,1436,0.112267
3,358,1436,0.114409
3,358,1436,0.110353
3,358,1436,0.117181
3,358,1436,0.116830
3,358,1436,0.118420
3,359,1437,0.123246
3,359,1437,0.113943
3,359,1437,0.114484
3,359,1437,0.117459
3,359,1437,0.116257
3,359,1437,0.113888
3,359,1437,0.112645
3,359,1437,0.113190
3,360,1438,0.117252
3,360,1438,0.113475
3,360,1438,0.113084
3,360,1438,0.112913
3,360,1438,0.112203
3,360,1438,0.113996
3,360,1438,0.113880
3,360,1438,0.114479
3,361,1439,0.111471
3,361,1439,0.113907
3,361,1439,0.117028
3,361,1439,0.110876
3,361,1439,0.116393
3,361,1439,0.113347
3,361,1439,0.115493
3,361,1439,0.114849
3,362,1440,0.114790
3,362,1440,0.114358
3,362,1440,0.115165
3,362,1440,0.117386
3,362,1440,0.114915
3,362,1440,0.113475
3,362,1440,0.113062
3,362,1440,0.112704
3,363,1441,0.115629
3,363,1441,0.113824
3,363,1441,0.116894
3,363,1441,0.113631
3,363,1441,0.116113
3,363,1441,0.119917
3,363,1441,0.115899
3,363,1441,0.112502
3,364,1442,0.114711
3,364,1442,0.112948
3,364,1442,0.116835
3,364,1442,0.118454
3,364,1442,0.116360
3,364,1442,0.112850
3,364,1442,0.121404
3,364,1442,0.112555
3,365,1443,0.113139
3,365,1443,0.115763
3,365,1443,0.115490
3,365,1443,0.113969
3,365,1443,0.117020
3,365,1443,0.116243
3,365,1443,0.114804
3,365,1443,0.115124
3,366,1444,0.112798
3,366,1444,0.118262
3,366,1444,0.113019
3,366,1444,0.114054
3,366,1444,0.114950
3,366,1444,0.115607
3,366,1444,0.115922
3,366,1444,0.113671
3,367,1445,0.117320
3,367,1445,0.116084
3,367,1445,0.112731
3,367,1445,0.112756
3,367,1445,0.113032
3,367,1445,0.114571
3,367,1445,0.119089
3,367,1445,0.117142
3,368,1446,0.110898
3,368,1446,0.114345
3,368,1446,0.115091
3,368,1446,0.116663
3,368,1446,0.116509
3,368,1446,0.112952
3,368,1446,0.113947
3,368,1446,0.111994
3,369,1447,0.120146
3,369,1447,0.112298
3,369,1447,0.118132
3,369,1447,0.117198
3,369,1447,0.114179
3,369,1447,0.112303
3,369,1447,0.114220
3,369,1447,0.111856
3,370,1448,0.115674
3,370,1448,0.113980
3,370,1448,0.116715
3,370,1448,0.111584
3,370,1448,0.111427
3,370,1448,0.114737
3,370,1448,0.112255
3,370,1448,0.118539
3,371,1449,0.114986
3,371,1449,0.112315
3,371,1449,0.115111
3,371,1449,0.114484
3,371,1449,0.118922
3,371,1449,0.116737
3,371,1449,0.114826
3,371,1449,0.116185
3,372,1450,0.115381
3,372,1450,0.117471
3,372,1450,0.115599
3,372,1450,0.115219
3,372,1450,0.113823
3,372,1450,0.114246
3,372,1450,0.114082
3,372,1450,0.112369
3,373,1451,0.113595
3,373,1451,0.112489
3,373,1451,0.114961
3,373,1451,0.119612
3,373,1451,0.115907
3,373,1451,0.116713
3,373,1451,0.114397
3,373,1451,0.118821
3,374,1452,0.112059
3,374,1452,0.113171
3,374,1452,0.113333
3,374,1452,0.114291
3,374,1452,0.112774
3,374,1452,0.114389
3,374,1452,0.113320
3,374,1452,0.115465
3,375,1453,0.121319
3,375,1453,0.113630
3,375,1453,0.113523
3,375,1453,0.114922
3,375,1453,0.115375
3,375,1453,0.115649
3,375,1453,0.115040
3,375,1453,0.112979
3,376,1454,0.115272
3,376,1454,0.111839
3,376,1454,0.113812
3,376,1454,0.115213
3,376,1454,0.117140
3,376,1454,0.114132
3,376,1454,0.110800
3,376,1454,0.118004
3,377,1455,0.113759
3,377,1455,0.115652
3,377,1455,0.112093
3,377,1455,0.113847
3,377,1455,0.110746
3,377,1455,0.120232
3,377,1455,0.115095
3,377,1455,0.116062
3,378,1456,0.112312
3,378,1456,0.113291
3,378,1456,0.116730
3,378,1456,0.111494
3,378,1456,0.112792
3,378,1456,0.117001
3,378,1456,0.117085
3,378,1456,0.115413
3,379,1457,0.114608
3,379,1457,0.115160
3,379,1457,0.116080
3,379,1457,0.119148
3,379,1457,0.111841
3,379,1457,0.110751
3,379,1457,0.112320
3,379,1457,0.112861
3,380,1458,0.111305
3,380,1458,0.114134
3,380,1458,0.116261
3,380,1458,0.115766
3,380,1458,0.116145
3,380,1458,0.113641
3,380,1458,0.114190
3,380,1458,0.114351
3,381,1459,0.117458
3,381,1459,0.118372
3,381,1459,0.115944
3,381,1459,0.120869
3,381,1459,0.117272
3,381,1459,0.114970
3,381,1459,0.115083
3,381,1459,0.121004
3,382,1460,0.116871
3,382,1460,0.110558
3,382,1460,0.114070
3,382,1460,0.117730
3,382,1460,0.111738
3,382,1460,0.113819
3,382,1460,0.114625
3,382,1460,0.116548
3,383,1461,0.113804
3,383,1461,0.117281
3,383,1461,0.114715
3,383,1461,0.116796
3,383,1461,0.115501
3,383,1461,0.115006
3,383,1461,0.116504
3,383,1461,0.113252
3,384,1462,0.113486
3,384,1462,0.120005
3,384,1462,0.115714
3,384,1462,0.115162
3,384,1462,0.115701
3,384,1462,0.112932
3,384,1462,0.113196
3,384,1462,0.116406
3,385,1463,0.110696
3,385,1463,0.114254
3,385,1463,0.111946
3,385,1463,0.113381
3,385,1463,0.117147
3,385,1463,0.115627
3,385,1463,0.115281
3,385,1463,0.115230
3,386,1464,0.109996
3,386,1464,0.113178
3,386,1464,0.113603
3,386,1464,0.114361
3,386,1464,0.115571
3,386,1464,0.113526
3,386,1464,0.112715
3,386,1464,0.114181
3,387,1465,0.116215
3,387,1465,0.116947
3,387,1465,0.111774
3,387,1465,0.114664
3,387,1465,0.110430
3,387,1465,0.115289
3,387,1465,0.117114
3,387,1465,0.112910
3,388,1466,0.111512
3,388,1466,0.114905
3,388,1466,0.114367
3,388,1466,0.119051
3,388,1466,0.111184
3,388,1466,0.113376
3,388,1466,0.110647
3,388,1466,0.118760
3,389,1467,0.116408
3,389,1467,0.113381
3,389,1467,0.114232
3,389,1467,0.117274
3,389,1467,0.111980
3,389,1467,0.115926
3,389,1467,0.114305
3,389,1467,0.114283
3,390,1468,0.114039
3,390,1468,0.114714
3,390,1468,0.113128
3,390,1468,0.119410
3,390,1468,0.112829
3,390,1468,0.113952
3,390,1468,0.110639
3,390,1468,0.114429
3,391,1469,0.118532
3,391,1469,0.112077
3,391,1469,0.124023
3,391,1469,0.111605
3,391,1469,0.112084
3,391,1469,0.111351
3,391,1469,0.115686
3,391,1469,0.111482
3,392,1470,0.115028
3,392,1470,0.117482
3,392,1470,0.112445
3,392,1470,0.114918
3,392,1470,0.120997
3,392,1470,0.112416
3,392,1470,0.114836
3,392,1470,0.111478
3,393,1471,0.113892
3,393,1471,0.118497
3,393,1471,0.116425
3,393,1471,0.112720
3,393,1471,0.113976
3,393,1471,0.115757
3,393,1471,0.112450
3,393,1471,0.112948
3,394,1472,0.113803
3,394,1472,0.116123
3,394,1472,0.109058
3,394,1472,0.112424
3,394,1472,0.116267
3,394,1472,0.115133
3,394,1472,0.112581
3,394,1472,0.112495
3,395,1473,0.114093
3,395,1473,0.117849
3,395,1473,0.114368
3,395,1473,0.111141
3,395,1473,0.110652
3,395,1473,0.111731
3,395,1473,0.111315
3,395,1473,0.112930
3,396,1474,0.116355
3,396,1474,0.114448
3,396,1474,0.113960
3,396,1474,0.114923
3,396,1474,0.119097
3,396,1474,0.115574
3,396,1474,0.113193
3,396,1474,0.113079
3,397,1475,0.110418
3,397,1475,0.115087
3,397,1475,0.115303
3,397,1475,0.114718
3,397,1475,0.117276
3,397,1475,0.112891
3,397,1475,0.113141
3,397,1475,0.111248
3,398,1476,0.115524
3,398,1476,0.110490
3,398,1476,0.112030
3,398,1476,0.114695
3,398,1476,0.110773
3,398,1476,0.114072
3,398,1476,0.115118
3,398,1476,0.114704
3,399,1477,0.112212
3,399,1477,0.118051
3,399,1477,0.114273
3,399,1477,0.118844
3,399,1477,0.112039
3,399,1477,0.112280
3,399,1477,0.114595
3,399,1477,0.114523
3,400,1478,0.114427
3,400,1478,0.112728
3,400,1478,0.109600
3,400,1478,0.114900
3,400,1478,0.116520
3,400,1478,0.112671
3,400,1478,0.116196
3,400,1478,0.112102
3,401,1479,0.113895
3,401,1479,0.116757
3,401,1479,0.113048
3,401,1479,0.116640
3,401,1479,0.112135
3,401,1479,0.110998
3,401,1479,0.109906
3,401,1479,0.120543
3,402,1480,0.113511
3,402,1480,0.115302
3,402,1480,0.115393
3,402,1480,0.114291
3,402,1480,0.119275
3,402,1480,0.111919
3,402,1480,0.118742
3,402,1480,0.113317
3,403,1481,0.119380
3,403,1481,0.115456
3,403,1481,0.114056
3,403,1481,0.115839
3,403,1481,0.115598
3,403,1481,0.116396
3,403,1481,0.112267
3,403,1481,0.114341
3,404,1482,0.113585
3,404,1482,0.114438
3,404,1482,0.112446
3,404,1482,0.115921
3,404,1482,0.111634
3,404,1482,0.113826
3,404,1482,0.113228
3,404,1482,0.111862
3,405,1483,0.117528
3,405,1483,0.115255
3,405,1483,0.113438
3,405,1483,0.115427
3,405,1483,0.113296
3,405,1483,0.118674
3,405,1483,0.115332
3,405,1483,0.119884
3,406,1484,0.113635
3,406,1484,0.116971
3,406,1484,0.117090
3,406,1484,0.113349
3,406,1484,0.115878
3,406,1484,0.112464
3,406,1484,0.113337
3,406,1484,0.114844
3,407,1485,0.114212
3,407,1485,0.111386
3,407,1485,0.113773
3,407,1485,0.118064
3,407,1485,0.111218
3,407,1485,0.112692
3,407,1485,0.111752
3,407,1485,0.120707
3,408,1486,0.114993
3,408,1486,0.112153
3,408,1486,0.115776
3,408,1486,0.114976
3,408,1486,0.114366
3,408,1486,0.112355
3,408,1486,0.115448
3,408,1486,0.122645
3,409,1487,0.113915
3,409,1487,0.115758
3,409,1487,0.111165
3,409,1487,0.116180
3,409,1487,0.112844
3,409,1487,0.115621
3,409,1487,0.111201
3,409,1487,0.114984
3,410,1488,0.111504
3,410,1488,0.110782
3,410,1488,0.115381
3,410,1488,0.114851
3,410,1488,0.112724
3,410,1488,0.111724
3,410,1488,0.113093
3,410,1488,0.113966
3,411,1489,0.118645
3,411,1489,0.111907
3,411,1489,0.113323
3,411,1489,0.114340
3,411,1489,0.112577
3,411,1489,0.111038
3,411,1489,0.111581
3,411,1489,0.111245
3,412,1490,0.111381
3,412,1490,0.111423
3,412,1490,0.111109
3,412,1490,0.110901
3,412,1490,0.115254
3,412,1490,0.115246
3,412,1490,0.113587
3,412,1490,0.113971
3,413,1491,0.113011
3,413,1491,0.112800
3,413,1491,0.111753
3,413,1491,0.113209
3,413,1491,0.117937
3,413,1491,0.114864
3,413,1491,0.113088
3,413,1491,0.116713
3,414,1492,0.116127
3,414,1492,0.110918
3,414,1492,0.114370
3,414,1492,0.114342
3,414,1492,0.112715
3,414,1492,0.114794
3,414,1492,0.114490
3,414,1492,0.115913
3,415,1493,0.113401
3,415,1493,0.113052
3,415,1493,0.114331
3,415,1493,0.114268
3,415,1493,0.112561
3,415,1493,0.112481
3,415,1493,0.113092
3,415,1493,0.117220
3,416,1494,0.117092
3,416,1494,0.116280
3,416,1494,0.115274
3,416,1494,0.111101
3,416,1494,0.113123
3,416,1494,0.112220
3,416,1494,0.116268
3,416,1494,0.109784
3,417,1495,0.113406
3,417,1495,0.111989
3,417,1495,0.116942
3,417,1495,0.113396
3,417,1495,0.114683
3,417,1495,0.112592
3,417,1495,0.116991
3,417,1495,0.112664
3,418,1496,0.111717
3,418,1496,0.114110
3,418,1496,0.116994
3,418,1496,0.115600
3,418,1496,0.113601
3,418,1496,0.113862
3,418,1496,0.111055
3,418,1496,0.112242
3,419,1497,0.112208
3,419,1497,0.113801
3,419,1497,0.112478
3,419,1497,0.114609
3,419,1497,0.111562
3,419,1497,0.110961
3,419,1497,0.110861
3,419,1497,0.113696
3,420,1498,0.113552
3,420,1498,0.116122
3,420,1498,0.115519
3,420,1498,0.113003
3,420,1498,0.112775
3,420,1498,0.113390
3,420,1498,0.117347
3,420,1498,0.112038
3,421,1499,0.114353
3,421,1499,0.112839
3,421,1499,0.120302
3,421,1499,0.116230
3,421,1499,0.113261
3,421,1499,0.114089
3,421,1499,0.112561
3,421,1499,0.110585
3,422,1500,0.115751
3,422,1500,0.113599
3,422,1500,0.113687
3,422,1500,0.111257
3,422,1500,0.116267
3,422,1500,0.116656
3,422,1500,0.119224
3,422,1500,0.111730
3,423,1501,0.113980
3,423,1501,0.118018
3,423,1501,0.117710
3,423,1501,0.119740
3,423,1501,0.114392
3,423,1501,0.114432
3,423,1501,0.113367
3,423,1501,0.113785
3,424,1502,0.112834
3,424,1502,0.113468
3,424,1502,0.109455
3,424,1502,0.112846
3,424,1502,0.114211
3,424,1502,0.113210
3,424,1502,0.115943
3,424,1502,0.112682
3,425,1503,0.113329
3,425,1503,0.118429
3,425,1503,0.114364
3,425,1503,0.109307
3,425,1503,0.115789
3,425,1503,0.113412
3,425,1503,0.111367
3,425,1503,0.114087
3,426,1504,0.111437
3,426,1504,0.114241
3,426,1504,0.114004
3,426,1504,0.113603
3,426,1504,0.116698
3,426,1504,0.116377
3,426,1504,0.110461
3,426,1504,0.111891
3,427,1505,0.115211
3,427,1505,0.115894
3,427,1505,0.117420
3,427,1505,0.111232
3,427,1505,0.112576
3,427,1505,0.114824
3,427,1505,0.114732
3,427,1505,0.113572
3,428,1506,0.113469
3,428,1506,0.115563
3,428,1506,0.113112
3,428,1506,0.114181
3,428,1506,0.112460
3,428,1506,0.113132
3,428,1506,0.115423
3,428,1506,0.114672
3,429,1507,0.111262
3,429,1507,0.114366
3,429,1507,0.117058
3,429,1507,0.112655
3,429,1507,0.113057
3,429,1507,0.113974
3,429,1507,0.114907
3,429,1507,0.114540
3,430,1508,0.114277
3,430,1508,0.116237
3,430,1508,0.115484
3,430,1508,0.111982
3,430,1508,0.116776
3,430,1508,0.112615
3,430,1508,0.114446
3,430,1508,0.115485
3,431,1509,0.112173
3,431,1509,0.113177
3,431,1509,0.114058
3,431,1509,0.114326
3,431,1509,0.114598
3,431,1509,0.111663
3,431,1509,0.117218
3,431,1509,0.114343
3,432,1510,0.113661
3,432,1510,0.114252
3,432,1510,0.113194
3,432,1510,0.116956
3,432,1510,0.115288
3,432,1510,0.115058
3,432,1510,0.113898
3,432,1510,0.115333
3,433,1511,0.116862
3,433,1511,0.114697
3,433,1511,0.114525
3,433,1511,0.113235
3,433,1511,0.118790
3,433,1511,0.118461
3,433,1511,0.113749
3,433,1511,0.114703
3,434,1512,0.113730
3,434,1512,0.116908
3,434,1512,0.116665
3,434,1512,0.114282
3,434,1512,0.118277
3,434,1512,0.114463
3,434,1512,0.114562
3,434,1512,0.111978
3,435,1513,0.111800
3,435,1513,0.115545
3,435,1513,0.113215
3,435,1513,0.114187
3,435,1513,0.116339
3,435,1513,0.117904
3,435,1513,0.117845
3,435,1513,0.112718
3,436,1514,0.111595
3,436,1514,0.116257
3,436,1514,0.117628
3,436,1514,0.109592
3,436,1514,0.114851
3,436,1514,0.116120
3,436,1514,0.111304
3,436,1514,0.114083
3,437,1515,0.115699
3,437,1515,0.115109
3,437,1515,0.115571
3,437,1515,0.114920
3,437,1515,0.113689
3,437,1515,0.120568
3,437,1515,0.115230
3,437,1515,0.112963
3,438,1516,0.110300
3,438,1516,0.114472
3,438,1516,0.114012
3,438,1516,0.113404
3,438,1516,0.113144
3,438,1516,0.112920
3,438,1516,0.115597
3,438,1516,0.116422
3,439,1517,0.111481
3,439,1517,0.119166
3,439,1517,0.116623
3,439,1517,0.114861
3,439,1517,0.111571
3,439,1517,0.113091
3,439,1517,0.117893
3,439,1517,0.115429
3,440,1518,0.117438
3,440,1518,0.114191
3,440,1518,0.112949
3,440,1518,0.116013
3,440,1518,0.111438
3,440,1518,0.113650
3,440,1518,0.115103
3,440,1518,0.112029
3,441,1519,0.119108
3,441,1519,0.116676
3,441,1519,0.111882
3,441,1519,0.113668
3,441,1519,0.118604
3,441,1519,0.114427
3,441,1519,0.116869
3,441,1519,0.114274
3,442,1520,0.112810
3,442,1520,0.113138
3,442,1520,0.112876
3,442,1520,0.114852
3,442,1520,0.116619
3,442,1520,0.111505
3,442,1520,0.114298
3,442,1520,0.113459
3,443,1521,0.113652
3,443,1521,0.110226
3,443,1521,0.118971
3,443,1521,0.117176
3,443,1521,0.112639
3,443,1521,0.114566
3,443,1521,0.116122
3,443,1521,0.115653
3,444,1522,0.114474
3,444,1522,0.113135
3,444,1522,0.122083
3,444,1522,0.114375
3,444,1522,0.116709
3,444,1522,0.118029
3,444,1522,0.115949
3,444,1522,0.111740
3,445,1523,0.113226
3,445,1523,0.114991
3,445,1523,0.112806
3,445,1523,0.114953
3,445,1523,0.116694
3,445,1523,0.115148
3,445,1523,0.114206
3,445,1523,0.113467
3,446,1524,0.112037
3,446,1524,0.113124
3,446,1524,0.125550
3,446,1524,0.115501
3,446,1524,0.114915
3,446,1524,0.113531
3,446,1524,0.113168
3,446,1524,0.117050
3,447,1525,0.115687
3,447,1525,0.111355
3,447,1525,0.113434
3,447,1525,0.118920
3,447,1525,0.119767
3,447,1525,0.118460
3,447,1525,0.117026
3,447,1525,0.112512
3,448,1526,0.113996
3,448,1526,0.115498
3,448,1526,0.113714
3,448,1526,0.118606
3,448,1526,0.113307
3,448,1526,0.116911
3,448,1526,0.118851
3,448,1526,0.113494
3,449,1527,0.113811
3,449,1527,0.116121
3,449,1527,0.113847
3,449,1527,0.111769
3,449,1527,0.112915
3,449,1527,0.117262
3,449,1527,0.116675
3,449,1527,0.113336
3,450,1528,0.117028
3,450,1528,0.112355
3,450,1528,0.115620
3,450,1528,0.113664
3,450,1528,0.115257
3,450,1528,0.113547
3,450,1528,0.115345
3,450,1528,0.113580
3,451,1529,0.112080
3,451,1529,0.116651
3,451,1529,0.117667
3,451,1529,0.113299
3,451,1529,0.115745
3,451,1529,0.115403
3,451,1529,0.114182
3,451,1529,0.115031
3,452,1530,0.115138
3,452,1530,0.118181
3,452,1530,0.114139
3,452,1530,0.113625
3,452,1530,0.112050
3,452,1530,0.115303
3,452,1530,0.112046
3,452,1530,0.113209
3,453,1531,0.115905
3,453,1531,0.111819
3,453,1531,0.114728
3,453,1531,0.121067
3,453,1531,0.113592
3,453,1531,0.114264
3,453,1531,0.111749
3,453,1531,0.111567
3,454,1532,0.113486
3,454,1532,0.112381
3,454,1532,0.112020
3,454,1532,0.120707
3,454,1532,0.116448
3,454,1532,0.115517
3,454,1532,0.112821
3,454,1532,0.112377
3,455,1533,0.110763
3,455,1533,0.110593
3,455,1533,0.112707
3,455,1533,0.119097
3,455,1533,0.113298
3,455,1533,0.112479
3,455,1533,0.115301
3,455,1533,0.114765
3,456,1534,0.119733
3,456,1534,0.114908
3,456,1534,0.113290
3,456,1534,0.111525
3,456,1534,0.112040
3,456,1534,0.111247
3,456,1534,0.113829
3,456,1534,0.112748
3,457,1535,0.113280
3,457,1535,0.111792
3,457,1535,0.111765
3,457,1535,0.113554
3,457,1535,0.113799
3,457,1535,0.115082
3,457,1535,0.115885
3,457,1535,0.113207
3,458,1536,0.112122
3,458,1536,0.112930
3,458,1536,0.114124
3,458,1536,0.113433
3,458,1536,0.114027
3,458,1536,0.116984
3,458,1536,0.113648
3,458,1536,0.111092
3,459,1537,0.113861
3,459,1537,0.118127
3,459,1537,0.113482
3,459,1537,0.116316
3,459,1537,0.113294
3,459,1537,0.111344
3,459,1537,0.113460
3,459,1537,0.112107
3,460,1538,0.112987
3,460,1538,0.116321
3,460,1538,0.112234
3,460,1538,0.115023
3,460,1538,0.113603
3,460,1538,0.113780
3,460,1538,0.112637
3,460,1538,0.113322
3,461,1539,0.116474
3,461,1539,0.113962
3,461,1539,0.113598
3,461,1539,0.115625
3,461,1539,0.114918
3,461,1539,0.113944
3,461,1539,0.118441
3,461,1539,0.113798
3,462,1540,0.109600
3,462,1540,0.118243
3,462,1540,0.119274
3,462,1540,0.115634
3,462,1540,0.112546
3,462,1540,0.116465
3,462,1540,0.117205
3,462,1540,0.115775
3,463,1541,0.114254
3,463,1541,0.112598
3,463,1541,0.115705
3,463,1541,0.120863
3,463,1541,0.116583
3,463,1541,0.110970
3,463,1541,0.113354
3,463,1541,0.116641
3,464,1542,0.115456
3,464,1542,0.120665
3,464,1542,0.116383
3,464,1542,0.114347
3,464,1542,0.113016
3,464,1542,0.115353
3,464,1542,0.121725
3,464,1542,0.112630
3,465,1543,0.115029
3,465,1543,0.111519
3,465,1543,0.113952
3,465,1543,0.115875
3,465,1543,0.112674
3,465,1543,0.113083
3,465,1543,0.116388
3,465,1543,0.112582
3,466,1544,0.112021
3,466,1544,0.113236
3,466,1544,0.115162
3,466,1544,0.116782
3,466,1544,0.116403
3,466,1544,0.114279
3,466,1544,0.114503
3,466,1544,0.109860
3,467,1545,0.113087
3,467,1545,0.113873
3,467,1545,0.114903
3,467,1545,0.112148
3,467,1545,0.112470
3,467,1545,0.116422
3,467,1545,0.114195
3,467,1545,0.114897
3,468,1546,0.112837
3,468,1546,0.111329
3,468,1546,0.117115
3,468,1546,0.116199
3,468,1546,0.116518
3,468,1546,0.111467
3,468,1546,0.114021
3,468,1546,0.115562
3,469,1547,0.111191
3,469,1547,0.114809
3,469,1547,0.111513
3,469,1547,0.115619
3,469,1547,0.113634
3,469,1547,0.114202
3,469,1547,0.114709
3,469,1547,0.112007
3,470,1548,0.114877
3,470,1548,0.112024
3,470,1548,0.120774
3,470,1548,0.115526
3,470,1548,0.119607
3,470,1548,0.109617
3,470,1548,0.110981
3,470,1548,0.111899
3,471,1549,0.112812
3,471,1549,0.111232
3,471,1549,0.117086
3,471,1549,0.113726
3,471,1549,0.116670
3,471,1549,0.112406
3,471,1549,0.114814
3,471,1549,0.113269
3,472,1550,0.111994
3,472,1550,0.117256
3,472,1550,0.112056
3,472,1550,0.114648
3,472,1550,0.120226
3,472,1550,0.113402
3,472,1550,0.115717
3,472,1550,0.112594
3,473,1551,0.112746
3,473,1551,0.111689
3,473,1551,0.115188
3,473,1551,0.111813
3,473,1551,0.110128
3,473,1551,0.115004
3,473,1551,0.112597
3,473,1551,0.114366
3,474,1552,0.113992
3,474,1552,0.112996
3,474,1552,0.114565
3,474,1552,0.118481
3,474,1552,0.113783
3,474,1552,0.115031
3,474,1552,0.117238
3,474,1552,0.113526
3,475,1553,0.115178
3,475,1553,0.113394
3,475,1553,0.116558
3,475,1553,0.112910
3,475,1553,0.111678
3,475,1553,0.117721
3,475,1553,0.112515
3,475,1553,0.115393
3,476,1554,0.112564
3,476,1554,0.112036
3,476,1554,0.116255
3,476,1554,0.116317
3,476,1554,0.117553
3,476,1554,0.112737
3,476,1554,0.111160
3,476,1554,0.113307
3,477,1555,0.113193
3,477,1555,0.114633
3,477,1555,0.114161
3,477,1555,0.114884
3,477,1555,0.115625
3,477,1555,0.115260
3,477,1555,0.113549
3,477,1555,0.115474
3,478,1556,0.114507
3,478,1556,0.113838
3,478,1556,0.116434
3,478,1556,0.111078
3,478,1556,0.112954
3,478,1556,0.112219
3,478,1556,0.113526
3,478,1556,0.110568
3,479,1557,0.113272
3,479,1557,0.121106
3,479,1557,0.112574
3,479,1557,0.112476
3,479,1557,0.111161
3,479,1557,0.113029
3,479,1557,0.116091
3,479,1557,0.116774
3,480,1558,0.112417
3,480,1558,0.112181
3,480,1558,0.115160
3,480,1558,0.113847
3,480,1558,0.114323
3,480,1558,0.113877
3,480,1558,0.115240
3,480,1558,0.114506
3,481,1559,0.113257
3,481,1559,0.111757
3,481,1559,0.113210
3,481,1559,0.115667
3,481,1559,0.114090
3,481,1559,0.114327
3,481,1559,0.109574
3,481,1559,0.111125
3,482,1560,0.112922
3,482,1560,0.115611
3,482,1560,0.112408
3,482,1560,0.117326
3,482,1560,0.123724
3,482,1560,0.115061
3,482,1560,0.115029
3,482,1560,0.114829
3,483,1561,0.111963
3,483,1561,0.117273
3,483,1561,0.114937
3,483,1561,0.113298
3,483,1561,0.114070
3,483,1561,0.115932
3,483,1561,0.115474
3,483,1561,0.116889
3,484,1562,0.118632
3,484,1562,0.114148
3,484,1562,0.115499
3,484,1562,0.113361
3,484,1562,0.116358
3,484,1562,0.114061
3,484,1562,0.113627
3,484,1562,0.113537
3,485,1563,0.113183
3,485,1563,0.113396
3,485,1563,0.114078
3,485,1563,0.111348
3,485,1563,0.117258
3,485,1563,0.114464
3,485,1563,0.111914
3,485,1563,0.116066
3,486,1564,0.112164
3,486,1564,0.115266
3,486,1564,0.113507
3,486,1564,0.118394
3,486,1564,0.113375
3,486,1564,0.112654
3,486,1564,0.113165
3,486,1564,0.112925
3,487,1565,0.118136
3,487,1565,0.115903
3,487,1565,0.113525
3,487,1565,0.115320
3,487,1565,0.113280
3,487,1565,0.111784
3,487,1565,0.114510
3,487,1565,0.112451
3,488,1566,0.111931
3,488,1566,0.113870
3,488,1566,0.113950
3,488,1566,0.120296
3,488,1566,0.111732
3,488,1566,0.112175
3,488,1566,0.110989
3,488,1566,0.115343
3,489,1567,0.114939
3,489,1567,0.111889
3,489,1567,0.114939
3,489,1567,0.114329
3,489,1567,0.114431
3,489,1567,0.112369
3,489,1567,0.114108
3,489,1567,0.119942
3,490,1568,0.116803
3,490,1568,0.114569
3,490,1568,0.118254
3,490,1568,0.114521
3,490,1568,0.113075
3,490,1568,0.116373
3,490,1568,0.111489
3,490,1568,0.114422
3,491,1569,0.114461
3,491,1569,0.118358
3,491,1569,0.115192
3,491,1569,0.113102
3,491,1569,0.112730
3,491,1569,0.118255
3,491,1569,0.113673
3,491,1569,0.115820
3,492,1570,0.116134
3,492,1570,0.113576
3,492,1570,0.114696
3,492,1570,0.112761
3,492,1570,0.120607
3,492,1570,0.113895
3,492,1570,0.118361
3,492,1570,0.114736
3,493,1571,0.111144
3,493,1571,0.110987
3,493,1571,0.119144
3,493,1571,0.112702
3,493,1571,0.114173
3,493,1571,0.114728
3,493,1571,0.113244
3,493,1571,0.118007
3,494,1572,0.115762
3,494,1572,0.114723
3,494,1572,0.113825
3,494,1572,0.118863
3,494,1572,0.113490
3,494,1572,0.115107
3,494,1572,0.110618
3,494,1572,0.114268
3,495,1573,0.114328
3,495,1573,0.112388
3,495,1573,0.118164
3,495,1573,0.113336
3,495,1573,0.114582
3,495,1573,0.109795
3,495,1573,0.112264
3,495,1573,0.108629
3,496,1574,0.112094
3,496,1574,0.112168
3,496,1574,0.114415
3,496,1574,0.113406
3,496,1574,0.111447
3,496,1574,0.112137
3,496,1574,0.113074
3,496,1574,0.113937
3,497,1575,0.115960
3,497,1575,0.115047
3,497,1575,0.111038
3,497,1575,0.115211
3,497,1575,0.112915
3,497,1575,0.109353
3,497,1575,0.111355
3,497,1575,0.112869
3,498,1576,0.113480
3,498,1576,0.114867
3,498,1576,0.116701
3,498,1576,0.116645
3,498,1576,0.113370
3,498,1576,0.114934
3,498,1576,0.118248
3,498,1576,0.111569
3,499,1577,0.114889
3,499,1577,0.116599
3,499,1577,0.112851
3,499,1577,0.112652
3,499,1577,0.115454
3,499,1577,0.114975
3,499,1577,0.112021
3,499,1577,0.114580
3,500,1578,0.114858
3,500,1578,0.114221
3,500,1578,0.116946
3,500,1578,0.111282
3,500,1578,0.115298
3,500,1578,0.113682
3,500,1578,0.114113
3,500,1578,0.114697
3,501,1579,0.113029
3,501,1579,0.118836
3,501,1579,0.112757
3,501,1579,0.114787
3,501,1579,0.111883
3,501,1579,0.113356
3,501,1579,0.114039
3,501,1579,0.112589
3,502,1580,0.117783
3,502,1580,0.109558
3,502,1580,0.113884
3,502,1580,0.117015
3,502,1580,0.113754
3,502,1580,0.111871
3,502,1580,0.114035
3,502,1580,0.114659
3,503,1581,0.111570
3,503,1581,0.113057
3,503,1581,0.113367
3,503,1581,0.110584
3,503,1581,0.113703
3,503,1581,0.113118
3,503,1581,0.118956
3,503,1581,0.112836
3,504,1582,0.111128
3,504,1582,0.112744
3,504,1582,0.112348
3,504,1582,0.115218
3,504,1582,0.113490
3,504,1582,0.110839
3,504,1582,0.115020
3,504,1582,0.114588
3,505,1583,0.112169
3,505,1583,0.119419
3,505,1583,0.114699
3,505,1583,0.112246
3,505,1583,0.112286
3,505,1583,0.112450
3,505,1583,0.114402
3,505,1583,0.114248
3,506,1584,0.112890
3,506,1584,0.116080
3,506,1584,0.112745
3,506,1584,0.114288
3,506,1584,0.114492
3,506,1584,0.118454
3,506,1584,0.115979
3,506,1584,0.114533
3,507,1585,0.117000
3,507,1585,0.113132
3,507,1585,0.112252
3,507,1585,0.113160
3,507,1585,0.111781
3,507,1585,0.114752
3,507,1585,0.120005
3,507,1585,0.113792
3,508,1586,0.117311
3,508,1586,0.113589
3,508,1586,0.116152
3,508,1586,0.113988
3,508,1586,0.113448
3,508,1586,0.114543
3,508,1586,0.115278
3,508,1586,0.114144
3,509,1587,0.120607
3,509,1587,0.114841
3,509,1587,0.111884
3,509,1587,0.117700
3,509,1587,0.111448
3,509,1587,0.112542
3,509,1587,0.112987
3,509,1587,0.109468
3,510,1588,0.113487
3,510,1588,0.113065
3,510,1588,0.111415
3,510,1588,0.116707
3,510,1588,0.112687
3,510,1588,0.111306
3,510,1588,0.112906
3,510,1588,0.113590
3,511,1589,0.118260
3,511,1589,0.118424
3,511,1589,0.116760
3,511,1589,0.120374
3,511,1589,0.115455
3,511,1589,0.109787
3,511,1589,0.114769
3,511,1589,0.113817
3,512,1590,0.115284
3,512,1590,0.108737
3,512,1590,0.113025
3,512,1590,0.115145
3,512,1590,0.113969
3,512,1590,0.112950
3,512,1590,0.112907
3,512,1590,0.113345
3,513,1591,0.112009
3,513,1591,0.118184
3,513,1591,0.112378
3,513,1591,0.119020
3,513,1591,0.110742
3,513,1591,0.114435
3,513,1591,0.113770
3,513,1591,0.115935
3,514,1592,0.112743
3,514,1592,0.116649
3,514,1592,0.115881
3,514,1592,0.113799
3,514,1592,0.112691
3,514,1592,0.112574
3,514,1592,0.115743
3,514,1592,0.113675
3,515,1593,0.110697
3,515,1593,0.115058
3,515,1593,0.115272
3,515,1593,0.114196
3,515,1593,0.112492
3,515,1593,0.119529
3,515,1593,0.112318
3,515,1593,0.112354
3,516,1594,0.116145
3,516,1594,0.109884
3,516,1594,0.112840
3,516,1594,0.116025
3,516,1594,0.113550
3,516,1594,0.115664
3,516,1594,0.115624
3,516,1594,0.116998
3,517,1595,0.112767
3,517,1595,0.114730
3,517,1595,0.111989
3,517,1595,0.111578
3,517,1595,0.113274
3,517,1595,0.116923
3,517,1595,0.111694
3,517,1595,0.114707
3,518,1596,0.119361
3,518,1596,0.113541
3,518,1596,0.110761
3,518,1596,0.115844
3,518,1596,0.111667
3,518,1596,0.118319
3,518,1596,0.112325
3,518,1596,0.112520
3,519,1597,0.110298
3,519,1597,0.116766
3,519,1597,0.115422
3,519,1597,0.110766
3,519,1597,0.112851
3,519,1597,0.112874
3,519,1597,0.116331
3,519,1597,0.113983
3,520,1598,0.112586
3,520,1598,0.114529
3,520,1598,0.112715
3,520,1598,0.111804
3,520,1598,0.111658
3,520,1598,0.117070
3,520,1598,0.112530
3,520,1598,0.117871
3,521,1599,0.111968
3,521,1599,0.116039
3,521,1599,0.115864
3,521,1599,0.113361
3,521,1599,0.112628
3,521,1599,0.109936
3,521,1599,0.114471
3,521,1599,0.112586
3,522,1600,0.112557
3,522,1600,0.115096
3,522,1600,0.120039
3,522,1600,0.112311
3,522,1600,0.112943
3,522,1600,0.111743
3,522,1600,0.113082
3,522,1600,0.113899
3,523,1601,0.113678
3,523,1601,0.120191
3,523,1601,0.111078
3,523,1601,0.114314
3,523,1601,0.113568
3,523,1601,0.116081
3,523,1601,0.116944
3,523,1601,0.112275
3,524,1602,0.113304
3,524,1602,0.111684
3,524,1602,0.114313
3,524,1602,0.117616
3,524,1602,0.112910
3,524,1602,0.119818
3,524,1602,0.112898
3,524,1602,0.114007
3,525,1603,0.110589
3,525,1603,0.114826
3,525,1603,0.114638
3,525,1603,0.112887
3,525,1603,0.112469
3,525,1603,0.117789
3,525,1603,0.112192
3,525,1603,0.114790
3,526,1604,0.112529
3,526,1604,0.111902
3,526,1604,0.115143
3,526,1604,0.116472
3,526,1604,0.114079
3,526,1604,0.111963
3,526,1604,0.113131
3,526,1604,0.113627
3,527,1605,0.112428
3,527,1605,0.113397
3,527,1605,0.114199
3,527,1605,0.115582
3,527,1605,0.113617
3,527,1605,0.115208
3,527,1605,0.117329
3,527,1605,0.122196
3,528,1606,0.114764
3,528,1606,0.114161
3,528,1606,0.115160
3,528,1606,0.116499
3,528,1606,0.112246
3,528,1606,0.115633
3,528,1606,0.115387
3,528,1606,0.116425
3,529,1607,0.113320
3,529,1607,0.113504
3,529,1607,0.113310
3,529,1607,0.117524
3,529,1607,0.116148
3,529,1607,0.112104
3,529,1607,0.114470
3,529,1607,0.111567
3,530,1608,0.113553
3,530,1608,0.112129
3,530,1608,0.118110
3,530,1608,0.118875
3,530,1608,0.116497
3,530,1608,0.112453
3,530,1608,0.111121
3,530,1608,0.114252
3,531,1609,0.118278
3,531,1609,0.113368
3,531,1609,0.110870
3,531,1609,0.109019
3,531,1609,0.112690
3,531,1609,0.109513
3,531,1609,0.112361
3,531,1609,0.114919
3,532,1610,0.114534
3,532,1610,0.113783
3,532,1610,0.116411
3,532,1610,0.114668
3,532,1610,0.115434
3,532,1610,0.115305
3,532,1610,0.110022
3,532,1610,0.114939
3,533,1611,0.112609
3,533,1611,0.113117
3,533,1611,0.115057
3,533,1611,0.110375
3,533,1611,0.113575
3,533,1611,0.114761
3,533,1611,0.113889
3,533,1611,0.116482
3,534,1612,0.111395
3,534,1612,0.110857
3,534,1612,0.116962
3,534,1612,0.116293
3,534,1612,0.111879
3,534,1612,0.113996
3,534,1612,0.116448
3,534,1612,0.113956
3,535,1613,0.116660
3,535,1613,0.111953
3,535,1613,0.116450
3,535,1613,0.117244
3,535,1613,0.115726
3,535,1613,0.110933
3,535,1613,0.116475
3,535,1613,0.115372
3,536,1614,0.111530
3,536,1614,0.115434
3,536,1614,0.113775
3,536,1614,0.114361
3,536,1614,0.114456
3,536,1614,0.112937
3,536,1614,0.113197
3,536,1614,0.116635
3,537,1615,0.112978
3,537,1615,0.115988
3,537,1615,0.112467
3,537,1615,0.115448
3,537,1615,0.110572
3,537,1615,0.114106
3,537,1615,0.112009
3,537,1615,0.118867
3,538,1616,0.119773
3,538,1616,0.109323
3,538,1616,0.112610
3,538,1616,0.116184
3,538,1616,0.117677
3,538,1616,0.116670
3,538,1616,0.114953
3,538,1616,0.109163
3,539,1617,0.111802
3,539,1617,0.115612
3,539,1617,0.113289
3,539,1617,0.115392
3,539,1617,0.121412
3,539,1617,0.116188
3,539,1617,0.113858
3,539,1617,0.114727
4,1,1618,0.112879
4,1,1618,0.117183
4,1,1618,0.115715
4,1,1618,0.114762
4,1,1618,0.113462
4,1,1618,0.114316
4,1,1618,0.112235
4,1,1618,0.114698
4,2,1619,0.114675
4,2,1619,0.114350
4,2,1619,0.112630
4,2,1619,0.111235
4,2,1619,0.112094
4,2,1619,0.110914
4,2,1619,0.111992
4,2,1619,0.114894
4,3,1620,0.119039
4,3,1620,0.115193
4,3,1620,0.120725
4,3,1620,0.111793
4,3,1620,0.114256
4,3,1620,0.114063
4,3,1620,0.115002
4,3,1620,0.113174
4,4,1621,0.113548
4,4,1621,0.111877
4,4,1621,0.112589
4,4,1621,0.112802
4,4,1621,0.111871
4,4,1621,0.119323
4,4,1621,0.112477
4,4,1621,0.116653
4,5,1622,0.112294
4,5,1622,0.116665
4,5,1622,0.114815
4,5,1622,0.113758
4,5,1622,0.111571
4,5,1622,0.116621
4,5,1622,0.113897
4,5,1622,0.113182
4,6,1623,0.110490
4,6,1623,0.113511
4,6,1623,0.115330
4,6,1623,0.114594
4,6,1623,0.115840
4,6,1623,0.114665
4,6,1623,0.114736
4,6,1623,0.114842
4,7,1624,0.119529
4,7,1624,0.116130
4,7,1624,0.115924
4,7,1624,0.118397
4,7,1624,0.110101
4,7,1624,0.112642
4,7,1624,0.113249
4,7,1624,0.114409
4,8,1625,0.118236
4,8,1625,0.113544
4,8,1625,0.115422
4,8,1625,0.112166
4,8,1625,0.112879
4,8,1625,0.119370
4,8,1625,0.115141
4,8,1625,0.113900
4,9,1626,0.113700
4,9,1626,0.110403
4,9,1626,0.113316
4,9,1626,0.114061
4,9,1626,0.117806
4,9,1626,0.112688
4,9,1626,0.116998
4,9,1626,0.114479
4,10,1627,0.113086
4,10,1627,0.112007
4,10,1627,0.111523
4,10,1627,0.117343
4,10,1627,0.116629
4,10,1627,0.113433
4,10,1627,0.112713
4,10,1627,0.115618
4,11,1628,0.111769
4,11,1628,0.113652
4,11,1628,0.114067
4,11,1628,0.111973
4,11,1628,0.110415
4,11,1628,0.115690
4,11,1628,0.112823
4,11,1628,0.111856
4,12,1629,0.113669
4,12,1629,0.116027
4,12,1629,0.117739
4,12,1629,0.113740
4,12,1629,0.112494
4,12,1629,0.114902
4,12,1629,0.114907
4,12,1629,0.115414
4,13,1630,0.116966
4,13,1630,0.113552
4,13,1630,0.113770
4,13,1630,0.113715
4,13,1630,0.111733
4,13,1630,0.120927
4,13,1630,0.112953
4,13,1630,0.115372
4,14,1631,0.118121
4,14,1631,0.112579
4,14,1631,0.115811
4,14,1631,0.116113
4,14,1631,0.112107
4,14,1631,0.115171
4,14,1631,0.117470
4,14,1631,0.115224
4,15,1632,0.118349
4,15,1632,0.114594
4,15,1632,0.114841
4,15,1632,0.114164
4,15,1632,0.113337
4,15,1632,0.112848
4,15,1632,0.117470
4,15,1632,0.111865
4,16,1633,0.113333
4,16,1633,0.113417
4,16,1633,0.114805
4,16,1633,0.117204
4,16,1633,0.113379
4,16,1633,0.114090
4,16,1633,0.114228
4,16,1633,0.114386
4,17,1634,0.112324
4,17,1634,0.116996
4,17,1634,0.113964
4,17,1634,0.114929
4,17,1634,0.117978
4,17,1634,0.113247
4,17,1634,0.113696
4,17,1634,0.114198
4,18,1635,0.113163
4,18,1635,0.113531
4,18,1635,0.111248
4,18,1635,0.112495
4,18,1635,0.116391
4,18,1635,0.112550
4,18,1635,0.113949
4,18,1635,0.116934
4,19,1636,0.113118
4,19,1636,0.112874
4,19,1636,0.114843
4,19,1636,0.115613
4,19,1636,0.112073
4,19,1636,0.115889
4,19,1636,0.116778
4,19,1636,0.118143
4,20,1637,0.113635
4,20,1637,0.115347
4,20,1637,0.115975
4,20,1637,0.111132
4,20,1637,0.116744
4,20,1637,0.115611
4,20,1637,0.114280
4,20,1637,0.114256
4,21,1638,0.117040
4,21,1638,0.115928
4,21,1638,0.111771
4,21,1638,0.113143
4,21,1638,0.114225
4,21,1638,0.116218
4,21,1638,0.117032
4,21,1638,0.109527
4,22,1639,0.112451
4,22,1639,0.118214
4,22,1639,0.115917
4,22,1639,0.115482
4,22,1639,0.111814
4,22,1639,0.114895
4,22,1639,0.119030
4,22,1639,0.113310
4,23,1640,0.114042
4,23,1640,0.116363
4,23,1640,0.114465
4,23,1640,0.115186
4,23,1640,0.113155
4,23,1640,0.114880
4,23,1640,0.113555
4,23,1640,0.116865
4,24,1641,0.115915
4,24,1641,0.116590
4,24,1641,0.114876
4,24,1641,0.111540
4,24,1641,0.116346
4,24,1641,0.114496
4,24,1641,0.113883
4,24,1641,0.118397
4,25,1642,0.114245
4,25,1642,0.120552
4,25,1642,0.120344
4,25,1642,0.115194
4,25,1642,0.117711
4,25,1642,0.112599
4,25,1642,0.117208
4,25,1642,0.113488
4,26,1643,0.118229
4,26,1643,0.120874
4,26,1643,0.123072
4,26,1643,0.120526
4,26,1643,0.114791
4,26,1643,0.113831
4,26,1643,0.118399
4,26,1643,0.123941
4,27,1644,0.115841
4,27,1644,0.118083
4,27,1644,0.122990
4,27,1644,0.113567
4,27,1644,0.113346
4,27,1644,0.114350
4,27,1644,0.115312
4,27,1644,0.123450
4,28,1645,0.127110
4,28,1645,0.137363
4,28,1645,0.130573
4,28,1645,0.128147
4,28,1645,0.131005
4,28,1645,0.136239
4,28,1645,0.132946
4,28,1645,0.129063
4,29,1646,0.124458
4,29,1646,0.127245
4,29,1646,0.126356
4,29,1646,0.128920
4,29,1646,0.125062
4,29,1646,0.137452
4,29,1646,0.131488
4,29,1646,0.127319
4,30,1647,0.122585
4,30,1647,0.120027
4,30,1647,0.126133
4,30,1647,0.123012
4,30,1647,0.125672
4,30,1647,0.125697
4,30,1647,0.121487
4,30,1647,0.126280
4,31,1648,0.129181
4,31,1648,0.127087
4,31,1648,0.127314
4,31,1648,0.130785
4,31,1648,0.130355
4,31,1648,0.126837
4,31,1648,0.126643
4,31,1648,0.124125
4,32,1649,0.118012
4,32,1649,0.119731
4,32,1649,0.121107
4,32,1649,0.118933
4,32,1649,0.121672
4,32,1649,0.120805
4,32,1649,0.121002
4,32,1649,0.127107
4,33,1650,0.129703
4,33,1650,0.130105
4,33,1650,0.130940
4,33,1650,0.135001
4,33,1650,0.135064
4,33,1650,0.131816
4,33,1650,0.132209
4,33,1650,0.128650
4,34,1651,0.134181
4,34,1651,0.133299
4,34,1651,0.130105
4,34,1651,0.131177
4,34,1651,0.131069
4,34,1651,0.133694
4,34,1651,0.130188
4,34,1651,0.126831
4,35,1652,0.119252
4,35,1652,0.121583
4,35,1652,0.120401
4,35,1652,0.118807
4,35,1652,0.122713
4,35,1652,0.117553
4,35,1652,0.116658
4,35,1652,0.124498
4,36,1653,0.122533
4,36,1653,0.127413
4,36,1653,0.118006
4,36,1653,0.122293
4,36,1653,0.121283
4,36,1653,0.124008
4,36,1653,0.125296
4,36,1653,0.127766
4,37,1654,0.127546
4,37,1654,0.121159
4,37,1654,0.122424
4,37,1654,0.124480
4,37,1654,0.121427
4,37,1654,0.128836
4,37,1654,0.124834
4,37,1654,0.122100
4,38,1655,0.119483
4,38,1655,0.122627
4,38,1655,0.123261
4,38,1655,0.117206
4,38,1655,0.122257
4,38,1655,0.117991
4,38,1655,0.128318
4,38,1655,0.117960
4,39,1656,0.122002
4,39,1656,0.118106
4,39,1656,0.120495
4,39,1656,0.121208
4,39,1656,0.123062
4,39,1656,0.118831
4,39,1656,0.122056
4,39,1656,0.119970
4,40,1657,0.126268
4,40,1657,0.121077
4,40,1657,0.124578
4,40,1657,0.124103
4,40,1657,0.120076
4,40,1657,0.121820
4,40,1657,0.123254
4,40,1657,0.121316
4,41,1658,0.119226
4,41,1658,0.122945
4,41,1658,0.117412
4,41,1658,0.119458
4,41,1658,0.117531
4,41,1658,0.119103
4,41,1658,0.116317
4,41,1658,0.119368
4,42,1659,0.118849
4,42,1659,0.122127
4,42,1659,0.126934
4,42,1659,0.118125
4,42,1659,0.120423
4,42,1659,0.119342
4,42,1659,0.117693
4,42,1659,0.118344
4,43,1660,0.119718
4,43,1660,0.118753
4,43,1660,0.116541
4,43,1660,0.117417
4,43,1660,0.118224
4,43,1660,0.119219
4,43,1660,0.119023
4,43,1660,0.121839
4,44,1661,0.120979
4,44,1661,0.117399
4,44,1661,0.117788
4,44,1661,0.119674
4,44,1661,0.115467
4,44,1661,0.118644
4,44,1661,0.114540
4,44,1661,0.117990
4,45,1662,0.117100
4,45,1662,0.117147
4,45,1662,0.115604
4,45,1662,0.118461
4,45,1662,0.115487
4,45,1662,0.119059
4,45,1662,0.119228
4,45,1662,0.114862
4,46,1663,0.117681
4,46,1663,0.124114
4,46,1663,0.114740
4,46,1663,0.116635
4,46,1663,0.116080
4,46,1663,0.117988
4,46,1663,0.114885
4,46,1663,0.115266
4,47,1664,0.116889
4,47,1664,0.112505
4,47,1664,0.117951
4,47,1664,0.116472
4,47,1664,0.115610
4,47,1664,0.112357
4,47,1664,0.113844
4,47,1664,0.113946
4,48,1665,0.122150
4,48,1665,0.113256
4,48,1665,0.118393
4,48,1665,0.111922
4,48,1665,0.119028
4,48,1665,0.114204
4,48,1665,0.112969
4,48,1665,0.115977
4,49,1666,0.116420
4,49,1666,0.112638
4,49,1666,0.112128
4,49,1666,0.113695
4,49,1666,0.113532
4,49,1666,0.111665
4,49,1666,0.115722
4,49,1666,0.115214
4,50,1667,0.115266
4,50,1667,0.116676
4,50,1667,0.117842
4,50,1667,0.115367
4,50,1667,0.117381
4,50,1667,0.113496
4,50,1667,0.111996
4,50,1667,0.114678
4,51,1668,0.116802
4,51,1668,0.112658
4,51,1668,0.115088
4,51,1668,0.117714
4,51,1668,0.121280
4,51,1668,0.116386
4,51,1668,0.114260
4,51,1668,0.113101
4,52,1669,0.114407
4,52,1669,0.114325
4,52,1669,0.113923
4,52,1669,0.116810
4,52,1669,0.115142
4,52,1669,0.114282
4,52,1669,0.116838
4,52,1669,0.118839
4,53,1670,0.116553
4,53,1670,0.113736
4,53,1670,0.114094
4,53,1670,0.112824
4,53,1670,0.112881
4,53,1670,0.114632
4,53,1670,0.113569
4,53,1670,0.115837
4,54,1671,0.117379
4,54,1671,0.115192
4,54,1671,0.114153
4,54,1671,0.109856
4,54,1671,0.113168
4,54,1671,0.118380
4,54,1671,0.114358
4,54,1671,0.110141
4,55,1672,0.116860
4,55,1672,0.118342
4,55,1672,0.113695
4,55,1672,0.115260
4,55,1672,0.114485
4,55,1672,0.116445
4,55,1672,0.112351
4,55,1672,0.114295
4,56,1673,0.115268
4,56,1673,0.115820
4,56,1673,0.113627
4,56,1673,0.114954
4,56,1673,0.115727
4,56,1673,0.114668
4,56,1673,0.114641
4,56,1673,0.111753
4,57,1674,0.118323
4,57,1674,0.118185
4,57,1674,0.117154
4,57,1674,0.114425
4,57,1674,0.112710
4,57,1674,0.117210
4,57,1674,0.112350
4,57,1674,0.115272
4,58,1675,0.120955
4,58,1675,0.118161
4,58,1675,0.116027
4,58,1675,0.119029
4,58,1675,0.113173
4,58,1675,0.115017
4,58,1675,0.113090
4,58,1675,0.114635
4,59,1676,0.116063
4,59,1676,0.111872
4,59,1676,0.113125
4,59,1676,0.113267
4,59,1676,0.114272
4,59,1676,0.115394
4,59,1676,0.112233
4,59,1676,0.118146
4,60,1677,0.112217
4,60,1677,0.111677
4,60,1677,0.115429
4,60,1677,0.112741
4,60,1677,0.114912
4,60,1677,0.110975
4,60,1677,0.115875
4,60,1677,0.116056
4,61,1678,0.113810
4,61,1678,0.116093
4,61,1678,0.113658
4,61,1678,0.113653
4,61,1678,0.114698
4,61,1678,0.114431
4,61,1678,0.110482
4,61,1678,0.114713
4,62,1679,0.111251
4,62,1679,0.113363
4,62,1679,0.115330
4,62,1679,0.116030
4,62,1679,0.116639
4,62,1679,0.113421
4,62,1679,0.116006
4,62,1679,0.111457
4,63,1680,0.114562
4,63,1680,0.112278
4,63,1680,0.109275
4,63,1680,0.116232
4,63,1680,0.112171
4,63,1680,0.113026
4,63,1680,0.115620
4,63,1680,0.110192
4,64,1681,0.110106
4,64,1681,0.114697
4,64,1681,0.114105
4,64,1681,0.114233
4,64,1681,0.111096
4,64,1681,0.113733
4,64,1681,0.114047
4,64,1681,0.115174
4,65,1682,0.112967
4,65,1682,0.112816
4,65,1682,0.116020
4,65,1682,0.115223
4,65,1682,0.122881
4,65,1682,0.114910
4,65,1682,0.112163
4,65,1682,0.115054
4,66,1683,0.113861
4,66,1683,0.113580
4,66,1683,0.116638
4,66,1683,0.111417
4,66,1683,0.112625
4,66,1683,0.114559
4,66,1683,0.113727
4,66,1683,0.112768
4,67,1684,0.115255
4,67,1684,0.118238
4,67,1684,0.119462
4,67,1684,0.121363
4,67,1684,0.111614
4,67,1684,0.114946
4,67,1684,0.108270
4,67,1684,0.110343
4,68,1685,0.114185
4,68,1685,0.112337
4,68,1685,0.111017
4,68,1685,0.113127
4,68,1685,0.111101
4,68,1685,0.109353
4,68,1685,0.113152
4,68,1685,0.113621
4,69,1686,0.113493
4,69,1686,0.114574
4,69,1686,0.113288
4,69,1686,0.111900
4,69,1686,0.113340
4,69,1686,0.112857
4,69,1686,0.115164
4,69,1686,0.111114
4,70,1687,0.113620
4,70,1687,0.113000
4,70,1687,0.112484
4,70,1687,0.114327
4,70,1687,0.111797
4,70,1687,0.114964
4,70,1687,0.114611
4,70,1687,0.114663
4,71,1688,0.115243
4,71,1688,0.115068
4,71,1688,0.113908
4,71,1688,0.110304
4,71,1688,0.117328
4,71,1688,0.111632
4,71,1688,0.113674
4,71,1688,0.113390
4,72,1689,0.112470
4,72,1689,0.117354
4,72,1689,0.114563
4,72,1689,0.116913
4,72,1689,0.114195
4,72,1689,0.111178
4,72,1689,0.113984
4,72,1689,0.112339
4,73,1690,0.118706
4,73,1690,0.114905
4,73,1690,0.112511
4,73,1690,0.111623
4,73,1690,0.111759
4,73,1690,0.115058
4,73,1690,0.113179
4,73,1690,0.113389
4,74,1691,0.113098
4,74,1691,0.108650
4,74,1691,0.113396
4,74,1691,0.112942
4,74,1691,0.112270
4,74,1691,0.111584
4,74,1691,0.115033
4,74,1691,0.112087
4,75,1692,0.109735
4,75,1692,0.111506
4,75,1692,0.113906
4,75,1692,0.114875
4,75,1692,0.113980
4,75,1692,0.112528
4,75,1692,0.109955
4,75,1692,0.113052
4,76,1693,0.113031
4,76,1693,0.112450
4,76,1693,0.112841
4,76,1693,0.114864
4,76,1693,0.114333
4,76,1693,0.114944
4,76,1693,0.115447
4,76,1693,0.115845
4,77,1694,0.113407
4,77,1694,0.111458
4,77,1694,0.111477
4,77,1694,0.114680
4,77,1694,0.117881
4,77,1694,0.113574
4,77,1694,0.111107
4,77,1694,0.113444
4,78,1695,0.109665
4,78,1695,0.112133
4,78,1695,0.112379
4,78,1695,0.111906
4,78,1695,0.114436
4,78,1695,0.116493
4,78,1695,0.113062
4,78,1695,0.112215
4,79,1696,0.113020
4,79,1696,0.114153
4,79,1696,0.112713
4,79,1696,0.115469
4,79,1696,0.112906
4,79,1696,0.113589
4,79,1696,0.114516
4,79,1696,0.114352
4,80,1697,0.110241
4,80,1697,0.111931
4,80,1697,0.121288
4,80,1697,0.114245
4,80,1697,0.114048
4,80,1697,0.112099
4,80,1697,0.116074
4,80,1697,0.115202
4,81,1698,0.110116
4,81,1698,0.113614
4,81,1698,0.112464
4,81,1698,0.110730
4,81,1698,0.114657
4,81,1698,0.112717
4,81,1698,0.111966
4,81,1698,0.113249
4,82,1699,0.115705
4,82,1699,0.113654
4,82,1699,0.118247
4,82,1699,0.111875
4,82,1699,0.115275
4,82,1699,0.113505
4,82,1699,0.112505
4,82,1699,0.112900
4,83,1700,0.109052
4,83,1700,0.115522
4,83,1700,0.114970
4,83,1700,0.112963
4,83,1700,0.113955
4,83,1700,0.112205
4,83,1700,0.112671
4,83,1700,0.110940
4,84,1701,0.114997
4,84,1701,0.110780
4,84,1701,0.110230
4,84,1701,0.113105
4,84,1701,0.117126
4,84,1701,0.113784
4,84,1701,0.113881
4,84,1701,0.118574
4,85,1702,0.113294
4,85,1702,0.112576
4,85,1702,0.114593
4,85,1702,0.111932
4,85,1702,0.119105
4,85,1702,0.116933
4,85,1702,0.118730
4,85,1702,0.110934
4,86,1703,0.112148
4,86,1703,0.115285
4,86,1703,0.117443
4,86,1703,0.115533
4,86,1703,0.117868
4,86,1703,0.112056
4,86,1703,0.112424
4,86,1703,0.111087
4,87,1704,0.120994
4,87,1704,0.113343
4,87,1704,0.113940
4,87,1704,0.109440
4,87,1704,0.116343
4,87,1704,0.115048
4,87,1704,0.115382
4,87,1704,0.114621
4,88,1705,0.120360
4,88,1705,0.108621
4,88,1705,0.114298
4,88,1705,0.111114
4,88,1705,0.113517
4,88,1705,0.117377
4,88,1705,0.115073
4,88,1705,0.111897
4,89,1706,0.115046
4,89,1706,0.112214
4,89,1706,0.117724
4,89,1706,0.112296
4,89,1706,0.112476
4,89,1706,0.115359
4,89,1706,0.114273
4,89,1706,0.110646
4,90,1707,0.115832
4,90,1707,0.116727
4,90,1707,0.110854
4,90,1707,0.114606
4,90,1707,0.113677
4,90,1707,0.112002
4,90,1707,0.113250
4,90,1707,0.111404
4,91,1708,0.113764
4,91,1708,0.111827
4,91,1708,0.112882
4,91,1708,0.115433
4,91,1708,0.110429
4,91,1708,0.115196
4,91,1708,0.114718
4,91,1708,0.111050
4,92,1709,0.108625
4,92,1709,0.112756
4,92,1709,0.112772
4,92,1709,0.113094
4,92,1709,0.115232
4,92,1709,0.115630
4,92,1709,0.114853
4,92,1709,0.115549
4,93,1710,0.111904
4,93,1710,0.112421
4,93,1710,0.113083
4,93,1710,0.114464
4,93,1710,0.116155
4,93,1710,0.111804
4,93,1710,0.117661
4,93,1710,0.116962
4,94,1711,0.111360
4,94,1711,0.115606
4,94,1711,0.114050
4,94,1711,0.113915
4,94,1711,0.114236
4,94,1711,0.112043
4,94,1711,0.112429
4,94,1711,0.112704
4,95,1712,0.115811
4,95,1712,0.114106
4,95,1712,0.111357
4,95,1712,0.116722
4,95,1712,0.115097
4,95,1712,0.115368
4,95,1712,0.119680
4,95,1712,0.112660
4,96,1713,0.112615
4,96,1713,0.112075
4,96,1713,0.110887
4,96,1713,0.113331
4,96,1713,0.117327
4,96,1713,0.110823
4,96,1713,0.114044
4,96,1713,0.112264
4,97,1714,0.122462
4,97,1714,0.114824
4,97,1714,0.112292
4,97,1714,0.113555
4,97,1714,0.114781
4,97,1714,0.117037
4,97,1714,0.115101
4,97,1714,0.112552
4,98,1715,0.112202
4,98,1715,0.114080
4,98,1715,0.112419
4,98,1715,0.111730
4,98,1715,0.114981
4,98,1715,0.113913
4,98,1715,0.115374
4,98,1715,0.115458
4,99,1716,0.113571
4,99,1716,0.112311
4,99,1716,0.114666
4,99,1716,0.113618
4,99,1716,0.114216
4,99,1716,0.112864
4,99,1716,0.117044
4,99,1716,0.113697
4,100,1717,0.114544
4,100,1717,0.113220
4,100,1717,0.114221
4,100,1717,0.108500
4,100,1717,0.118108
4,100,1717,0.114115
4,100,1717,0.115400
4,100,1717,0.113317
4,101,1718,0.115080
4,101,1718,0.113126
4,101,1718,0.114921
4,101,1718,0.116453
4,101,1718,0.115445
4,101,1718,0.112274
4,101,1718,0.112549
4,101,1718,0.112069
4,102,1719,0.113390
4,102,1719,0.113713
4,102,1719,0.114101
4,102,1719,0.113186
4,102,1719,0.115547
4,102,1719,0.111710
4,102,1719,0.109401
4,102,1719,0.112652
4,103,1720,0.113564
4,103,1720,0.111295
4,103,1720,0.113912
4,103,1720,0.109493
4,103,1720,0.113321
4,103,1720,0.112734
4,103,1720,0.114973
4,103,1720,0.113592
4,104,1721,0.112987
4,104,1721,0.113051
4,104,1721,0.110892
4,104,1721,0.116629
4,104,1721,0.113974
4,104,1721,0.112621
4,104,1721,0.114192
4,104,1721,0.111779
4,105,1722,0.111593
4,105,1722,0.114597
4,105,1722,0.119995
4,105,1722,0.110392
4,105,1722,0.112024
4,105,1722,0.111348
4,105,1722,0.113447
4,105,1722,0.111368
4,106,1723,0.112276
4,106,1723,0.112727
4,106,1723,0.112448
4,106,1723,0.114524
4,106,1723,0.111830
4,106,1723,0.109957
4,106,1723,0.113349
4,106,1723,0.114672
4,107,1724,0.115356
4,107,1724,0.112236
4,107,1724,0.111731
4,107,1724,0.119777
4,107,1724,0.115820
4,107,1724,0.112942
4,107,1724,0.112233
4,107,1724,0.115739
4,108,1725,0.112865
4,108,1725,0.113551
4,108,1725,0.113358
4,108,1725,0.111358
4,108,1725,0.113799
4,108,1725,0.114920
4,108,1725,0.115951
4,108,1725,0.113825
4,109,1726,0.114609
4,109,1726,0.108393
4,109,1726,0.113488
4,109,1726,0.113682
4,109,1726,0.111906
4,109,1726,0.112922
4,109,1726,0.118002
4,109,1726,0.113146
4,110,1727,0.118729
4,110,1727,0.110270
4,110,1727,0.111130
4,110,1727,0.113568
4,110,1727,0.114222
4,110,1727,0.114918
4,110,1727,0.112644
4,110,1727,0.111516
4,111,1728,0.112385
4,111,1728,0.120146
4,111,1728,0.112474
4,111,1728,0.117905
4,111,1728,0.111196
4,111,1728,0.113470
4,111,1728,0.114706
4,111,1728,0.113804
4,112,1729,0.114265
4,112,1729,0.113711
4,112,1729,0.112742
4,112,1729,0.116859
4,112,1729,0.113418
4,112,1729,0.109425
4,112,1729,0.118389
4,112,1729,0.112674
4,113,1730,0.110390
4,113,1730,0.114298
4,113,1730,0.113954
4,113,1730,0.112078
4,113,1730,0.114401
4,113,1730,0.111229
4,113,1730,0.115421
4,113,1730,0.112107
4,114,1731,0.110949
4,114,1731,0.115329
4,114,1731,0.113082
4,114,1731,0.111853
4,114,1731,0.113781
4,114,1731,0.110578
4,114,1731,0.113938
4,114,1731,0.112004
4,115,1732,0.109827
4,115,1732,0.113279
4,115,1732,0.111803
4,115,1732,0.114864
4,115,1732,0.113930
4,115,1732,0.115575
4,115,1732,0.116035
4,115,1732,0.112580
4,116,1733,0.114770
4,116,1733,0.114142
4,116,1733,0.112449
4,116,1733,0.112204
4,116,1733,0.114439
4,116,1733,0.111782
4,116,1733,0.113483
4,116,1733,0.113672
4,117,1734,0.115205
4,117,1734,0.115001
4,117,1734,0.116275
4,117,1734,0.111410
4,117,1734,0.113973
4,117,1734,0.111135
4,117,1734,0.114202
4,117,1734,0.113660
4,118,1735,0.111061
4,118,1735,0.113470
4,118,1735,0.114084
4,118,1735,0.115397
4,118,1735,0.121902
4,118,1735,0.111754
4,118,1735,0.111307
4,118,1735,0.112705
4,119,1736,0.112648
4,119,1736,0.111698
4,119,1736,0.114202
4,119,1736,0.111926
4,119,1736,0.113694
4,119,1736,0.117035
4,119,1736,0.114383
4,119,1736,0.113744
4,120,1737,0.113249
4,120,1737,0.114475
4,120,1737,0.113319
4,120,1737,0.113474
4,120,1737,0.111678
4,120,1737,0.114273
4,120,1737,0.112147
4,120,1737,0.114474
4,121,1738,0.113845
4,121,1738,0.115558
4,121,1738,0.115852
4,121,1738,0.112266
4,121,1738,0.112467
4,121,1738,0.112939
4,121,1738,0.111168
4,121,1738,0.113425
4,122,1739,0.110635
4,122,1739,0.113628
4,122,1739,0.112488
4,122,1739,0.119138
4,122,1739,0.113967
4,122,1739,0.112658
4,122,1739,0.108598
4,122,1739,0.112719
4,123,1740,0.114629
4,123,1740,0.114935
4,123,1740,0.110770
4,123,1740,0.110091
4,123,1740,0.117273
4,123,1740,0.113469
4,123,1740,0.112900
4,123,1740,0.118213
4,124,1741,0.114117
4,124,1741,0.112198
4,124,1741,0.112371
4,124,1741,0.113536
4,124,1741,0.116107
4,124,1741,0.110073
4,124,1741,0.114947
4,124,1741,0.113333
4,125,1742,0.110518
4,125,1742,0.114874
4,125,1742,0.113989
4,125,1742,0.113799
4,125,1742,0.114786
4,125,1742,0.115228
4,125,1742,0.113307
4,125,1742,0.115727
4,126,1743,0.111842
4,126,1743,0.113983
4,126,1743,0.114185
4,126,1743,0.112858
4,126,1743,0.112025
4,126,1743,0.114184
4,126,1743,0.113395
4,126,1743,0.115629
4,127,1744,0.112559
4,127,1744,0.111181
4,127,1744,0.111447
4,127,1744,0.112869
4,127,1744,0.114786
4,127,1744,0.113622
4,127,1744,0.113141
4,127,1744,0.113934
4,128,1745,0.110396
4,128,1745,0.112813
4,128,1745,0.115349
4,128,1745,0.113943
4,128,1745,0.113497
4,128,1745,0.114998
4,128,1745,0.110986
4,128,1745,0.111767
4,129,1746,0.116225
4,129,1746,0.114231
4,129,1746,0.114812
4,129,1746,0.115420
4,129,1746,0.114520
4,129,1746,0.112761
4,129,1746,0.113471
4,129,1746,0.112536
4,130,1747,0.112921
4,130,1747,0.112183
4,130,1747,0.119247
4,130,1747,0.115102
4,130,1747,0.115638
4,130,1747,0.118312
4,130,1747,0.116035
4,130,1747,0.113298
4,131,1748,0.112931
4,131,1748,0.112904
4,131,1748,0.116804
4,131,1748,0.110592
4,131,1748,0.114990
4,131,1748,0.114905
4,131,1748,0.111913
4,131,1748,0.111030
4,132,1749,0.110333
4,132,1749,0.115124
4,132,1749,0.111608
4,132,1749,0.111323
4,132,1749,0.114339
4,132,1749,0.114107
4,132,1749,0.117535
4,132,1749,0.112357
4,133,1750,0.115439
4,133,1750,0.113032
4,133,1750,0.113634
4,133,1750,0.112582
4,133,1750,0.116829
4,133,1750,0.112766
4,133,1750,0.116862
4,133,1750,0.114446
4,134,1751,0.115021
4,134,1751,0.112511
4,134,1751,0.113269
4,134,1751,0.119636
4,134,1751,0.110973
4,134,1751,0.112807
4,134,1751,0.114161
4,134,1751,0.113805
4,135,1752,0.110357
4,135,1752,0.113885
4,135,1752,0.112855
4,135,1752,0.112205
4,135,1752,0.116217
4,135,1752,0.113456
4,135,1752,0.112995
4,135,1752,0.117353
4,136,1753,0.115749
4,136,1753,0.113030
4,136,1753,0.111968
4,136,1753,0.112736
4,136,1753,0.112479
4,136,1753,0.117943
4,136,1753,0.111868
4,136,1753,0.117912
4,137,1754,0.113514
4,137,1754,0.112589
4,137,1754,0.112658
4,137,1754,0.115259
4,137,1754,0.110696
4,137,1754,0.117963
4,137,1754,0.116101
4,137,1754,0.113276
4,138,1755,0.117084
4,138,1755,0.112637
4,138,1755,0.113763
4,138,1755,0.112524
4,138,1755,0.111619
4,138,1755,0.113014
4,138,1755,0.112522
4,138,1755,0.112452
4,139,1756,0.114201
4,139,1756,0.112648
4,139,1756,0.116687
4,139,1756,0.112322
4,139,1756,0.113919
4,139,1756,0.114028
4,139,1756,0.111826
4,139,1756,0.114794
4,140,1757,0.112948
4,140,1757,0.108657
4,140,1757,0.110909
4,140,1757,0.109783
4,140,1757,0.119508
4,140,1757,0.113508
4,140,1757,0.112173
4,140,1757,0.116112
4,141,1758,0.113949
4,141,1758,0.110432
4,141,1758,0.113160
4,141,1758,0.118016
4,141,1758,0.110997
4,141,1758,0.112179
4,141,1758,0.111150
4,141,1758,0.113349
4,142,1759,0.111823
4,142,1759,0.120903
4,142,1759,0.115499
4,142,1759,0.119771
4,142,1759,0.112851
4,142,1759,0.112764
4,142,1759,0.112487
4,142,1759,0.110752
4,143,1760,0.109615
4,143,1760,0.113045
4,143,1760,0.109342
4,143,1760,0.114224
4,143,1760,0.118567
4,143,1760,0.112005
4,143,1760,0.110645
4,143,1760,0.117207
4,144,1761,0.113091
4,144,1761,0.115662
4,144,1761,0.112272
4,144,1761,0.113826
4,144,1761,0.115247
4,144,1761,0.112243
4,144,1761,0.114978
4,144,1761,0.113457
4,145,1762,0.112971
4,145,1762,0.112574
4,145,1762,0.112184
4,145,1762,0.110800
4,145,1762,0.114885
4,145,1762,0.112751
4,145,1762,0.111575
4,145,1762,0.112109
4,146,1763,0.112061
4,146,1763,0.116149
4,146,1763,0.113572
4,146,1763,0.112343
4,146,1763,0.112982
4,146,1763,0.113564
4,146,1763,0.115718
4,146,1763,0.112273
4,147,1764,0.110608
4,147,1764,0.116278
4,147,1764,0.113459
4,147,1764,0.120970
4,147,1764,0.114332
4,147,1764,0.113688
4,147,1764,0.109726
4,147,1764,0.113991
4,148,1765,0.114581
4,148,1765,0.115870
4,148,1765,0.110881
4,148,1765,0.112107
4,148,1765,0.111590
4,148,1765,0.113237
4,148,1765,0.114289
4,148,1765,0.113802
4,149,1766,0.114614
4,149,1766,0.114084
4,149,1766,0.114553
4,149,1766,0.112473
4,149,1766,0.116544
4,149,1766,0.109913
4,149,1766,0.116311
4,149,1766,0.113298
4,150,1767,0.114807
4,150,1767,0.115646
4,150,1767,0.112715
4,150,1767,0.113972
4,150,1767,0.113357
4,150,1767,0.114329
4,150,1767,0.113432
4,150,1767,0.112537
4,151,1768,0.112201
4,151,1768,0.113207
4,151,1768,0.113785
4,151,1768,0.110565
4,151,1768,0.114059
4,151,1768,0.110402
4,151,1768,0.111470
4,151,1768,0.112924
4,152,1769,0.111111
4,152,1769,0.112281
4,152,1769,0.113552
4,152,1769,0.111774
4,152,1769,0.111444
4,152,1769,0.111734
4,152,1769,0.112229
4,152,1769,0.111304
4,153,1770,0.114201
4,153,1770,0.113000
4,153,1770,0.111946
4,153,1770,0.112858
4,153,1770,0.113384
4,153,1770,0.116850
4,153,1770,0.113861
4,153,1770,0.114442
4,154,1771,0.117398
4,154,1771,0.109966
4,154,1771,0.113329
4,154,1771,0.113470
4,154,1771,0.109902
4,154,1771,0.112673
4,154,1771,0.115915
4,154,1771,0.111953
4,155,1772,0.110752
4,155,1772,0.114843
4,155,1772,0.112106
4,155,1772,0.114344
4,155,1772,0.114287
4,155,1772,0.113697
4,155,1772,0.111297
4,155,1772,0.111942
4,156,1773,0.111492
4,156,1773,0.112597
4,156,1773,0.113546
4,156,1773,0.114643
4,156,1773,0.110493
4,156,1773,0.115142
4,156,1773,0.112515
4,156,1773,0.112930
4,157,1774,0.113443
4,157,1774,0.113674
4,157,1774,0.111111
4,157,1774,0.111751
4,157,1774,0.111949
4,157,1774,0.112628
4,157,1774,0.113933
4,157,1774,0.113554
4,158,1775,0.113804
4,158,1775,0.115493
4,158,1775,0.108820
4,158,1775,0.114087
4,158,1775,0.115026
4,158,1775,0.112139
4,158,1775,0.110334
4,158,1775,0.112107
4,159,1776,0.111739
4,159,1776,0.113389
4,159,1776,0.111862
4,159,1776,0.112611
4,159,1776,0.116201
4,159,1776,0.110144
4,159,1776,0.115162
4,159,1776,0.117439
4,160,1777,0.111583
4,160,1777,0.113167
4,160,1777,0.114772
4,160,1777,0.109921
4,160,1777,0.114460
4,160,1777,0.111093
4,160,1777,0.112163
4,160,1777,0.108851
4,161,1778,0.117634
4,161,1778,0.114001
4,161,1778,0.112302
4,161,1778,0.111560
4,161,1778,0.112312
4,161,1778,0.112438
4,161,1778,0.114232
4,161,1778,0.111684
4,162,1779,0.112446
4,162,1779,0.113337
4,162,1779,0.112976
4,162,1779,0.115914
4,162,1779,0.111653
4,162,1779,0.113272
4,162,1779,0.115212
4,162,1779,0.112148
4,163,1780,0.114844
4,163,1780,0.113833
4,163,1780,0.109315
4,163,1780,0.110493
4,163,1780,0.114392
4,163,1780,0.112379
4,163,1780,0.109740
4,163,1780,0.117158
4,164,1781,0.112725
4,164,1781,0.114908
4,164,1781,0.114038
4,164,1781,0.112350
4,164,1781,0.111800
4,164,1781,0.113829
4,164,1781,0.111696
4,164,1781,0.111395
4,165,1782,0.113427
4,165,1782,0.111680
4,165,1782,0.111987
4,165,1782,0.115663
4,165,1782,0.113383
4,165,1782,0.115398
4,165,1782,0.113340
4,165,1782,0.115925
4,166,1783,0.112025
4,166,1783,0.118248
4,166,1783,0.111335
4,166,1783,0.112186
4,166,1783,0.115837
4,166,1783,0.112530
4,166,1783,0.113913
4,166,1783,0.110990
4,167,1784,0.111837
4,167,1784,0.114826
4,167,1784,0.112536
4,167,1784,0.110874
4,167,1784,0.108946
4,167,1784,0.113103
4,167,1784,0.113363
4,167,1784,0.107269
4,168,1785,0.112706
4,168,1785,0.113048
4,168,1785,0.111772
4,168,1785,0.113824
4,168,1785,0.114494
4,168,1785,0.110985
4,168,1785,0.114747
4,168,1785,0.118451
4,169,1786,0.113336
4,169,1786,0.114038
4,169,1786,0.115315
4,169,1786,0.112667
4,169,1786,0.112958
4,169,1786,0.114757
4,169,1786,0.108079
4,169,1786,0.118278
4,170,1787,0.115479
4,170,1787,0.110466
4,170,1787,0.111313
4,170,1787,0.114466
4,170,1787,0.113382
4,170,1787,0.113278
4,170,1787,0.114742
4,170,1787,0.113727
4,171,1788,0.112512
4,171,1788,0.111063
4,171,1788,0.112630
4,171,1788,0.114528
4,171,1788,0.115808
4,171,1788,0.113259
4,171,1788,0.115540
4,171,1788,0.113003
4,172,1789,0.111320
4,172,1789,0.116417
4,172,1789,0.113300
4,172,1789,0.117194
4,172,1789,0.111492
4,172,1789,0.114458
4,172,1789,0.111556
4,172,1789,0.117053
4,173,1790,0.113851
4,173,1790,0.111600
4,173,1790,0.111358
4,173,1790,0.111182
4,173,1790,0.109687
4,173,1790,0.114061
4,173,1790,0.118149
4,173,1790,0.115700
4,174,1791,0.118870
4,174,1791,0.110121
4,174,1791,0.114237
4,174,1791,0.111258
4,174,1791,0.111840
4,174,1791,0.110942
4,174,1791,0.111498
4,174,1791,0.117458
4,175,1792,0.113205
4,175,1792,0.114542
4,175,1792,0.111622
4,175,1792,0.112572
4,175,1792,0.119797
4,175,1792,0.110177
4,175,1792,0.115110
4,175,1792,0.114366
4,176,1793,0.113222
4,176,1793,0.114132
4,176,1793,0.113343
4,176,1793,0.112320
4,176,1793,0.112060
4,176,1793,0.122060
4,176,1793,0.119988
4,176,1793,0.111659
4,177,1794,0.112054
4,177,1794,0.114812
4,177,1794,0.109812
4,177,1794,0.111549
4,177,1794,0.113264
4,177,1794,0.115701
4,177,1794,0.112233
4,177,1794,0.112815
4,178,1795,0.112937
4,178,1795,0.111174
4,178,1795,0.115071
4,178,1795,0.115907
4,178,1795,0.110975
4,178,1795,0.113868
4,178,1795,0.113846
4,178,1795,0.111770
4,179,1796,0.113324
4,179,1796,0.112225
4,179,1796,0.113678
4,179,1796,0.116753
4,179,1796,0.111639
4,179,1796,0.113146
4,179,1796,0.114636
4,179,1796,0.109141
4,180,1797,0.114330
4,180,1797,0.117839
4,180,1797,0.111848
4,180,1797,0.112524
4,180,1797,0.116445
4,180,1797,0.116822
4,180,1797,0.112399
4,180,1797,0.109741
4,181,1798,0.111342
4,181,1798,0.112662
4,181,1798,0.118067
4,181,1798,0.113061
4,181,1798,0.117379
4,181,1798,0.109871
4,181,1798,0.115097
4,181,1798,0.116507
4,182,1799,0.120234
4,182,1799,0.112962
4,182,1799,0.114272
4,182,1799,0.113282
4,182,1799,0.112478
4,182,1799,0.111927
4,182,1799,0.113776
4,182,1799,0.115084
4,183,1800,0.113953
4,183,1800,0.114856
4,183,1800,0.112978
4,183,1800,0.113009
4,183,1800,0.109701
4,183,1800,0.110846
4,183,1800,0.118875
4,183,1800,0.114068
4,184,1801,0.115323
4,184,1801,0.116761
4,184,1801,0.115156
4,184,1801,0.114050
4,184,1801,0.113696
4,184,1801,0.109598
4,184,1801,0.110076
4,184,1801,0.117810
4,185,1802,0.114382
4,185,1802,0.109237
4,185,1802,0.110552
4,185,1802,0.116344
4,185,1802,0.111512
4,185,1802,0.113393
4,185,1802,0.114387
4,185,1802,0.113818
4,186,1803,0.109419
4,186,1803,0.114144
4,186,1803,0.113824
4,186,1803,0.111784
4,186,1803,0.115409
4,186,1803,0.116922
4,186,1803,0.112598
4,186,1803,0.114152
4,187,1804,0.111587
4,187,1804,0.114456
4,187,1804,0.112892
4,187,1804,0.114165
4,187,1804,0.111593
4,187,1804,0.114385
4,187,1804,0.112930
4,187,1804,0.113523
4,188,1805,0.112657
4,188,1805,0.111080
4,188,1805,0.117734
4,188,1805,0.109898
4,188,1805,0.116131
4,188,1805,0.114157
4,188,1805,0.114106
4,188,1805,0.112910
4,189,1806,0.115477
4,189,1806,0.114208
4,189,1806,0.109524
4,189,1806,0.112290
4,189,1806,0.112910
4,189,1806,0.112887
4,189,1806,0.115813
4,189,1806,0.115384
4,190,1807,0.111349
4,190,1807,0.112360
4,190,1807,0.113852
4,190,1807,0.112618
4,190,1807,0.113762
4,190,1807,0.111106
4,190,1807,0.115674
4,190,1807,0.114817
4,191,1808,0.111086
4,191,1808,0.111964
4,191,1808,0.113300
4,191,1808,0.115362
4,191,1808,0.115306
4,191,1808,0.113166
4,191,1808,0.111957
4,191,1808,0.114505
4,192,1809,0.116847
4,192,1809,0.113694
4,192,1809,0.115099
4,192,1809,0.112416
4,192,1809,0.113677
4,192,1809,0.111084
4,192,1809,0.111468
4,192,1809,0.114710
4,193,1810,0.114222
4,193,1810,0.111975
4,193,1810,0.112992
4,193,1810,0.114404
4,193,1810,0.112222
4,193,1810,0.115223
4,193,1810,0.111068
4,193,1810,0.111274
4,194,1811,0.115271
4,194,1811,0.111260
4,194,1811,0.114315
4,194,1811,0.109383
4,194,1811,0.112673
4,194,1811,0.111795
4,194,1811,0.113417
4,194,1811,0.116816
4,195,1812,0.113443
4,195,1812,0.117099
4,195,1812,0.113378
4,195,1812,0.111795
4,195,1812,0.113943
4,195,1812,0.121394
4,195,1812,0.112965
4,195,1812,0.113265
4,196,1813,0.113397
4,196,1813,0.112571
4,196,1813,0.113694
4,196,1813,0.113032
4,196,1813,0.109587
4,196,1813,0.117401
4,196,1813,0.111982
4,196,1813,0.112242
4,197,1814,0.113559
4,197,1814,0.112496
4,197,1814,0.113016
4,197,1814,0.114701
4,197,1814,0.111589
4,197,1814,0.117737
4,197,1814,0.116325
4,197,1814,0.114741
4,198,1815,0.111410
4,198,1815,0.113662
4,198,1815,0.114437
4,198,1815,0.112847
4,198,1815,0.112207
4,198,1815,0.110423
4,198,1815,0.120405
4,198,1815,0.111634
4,199,1816,0.113130
4,199,1816,0.111212
4,199,1816,0.114381
4,199,1816,0.113464
4,199,1816,0.114165
4,199,1816,0.109829
4,199,1816,0.120468
4,199,1816,0.115290
4,200,1817,0.111685
4,200,1817,0.114460
4,200,1817,0.112085
4,200,1817,0.110660
4,200,1817,0.112381
4,200,1817,0.112951
4,200,1817,0.112872
4,200,1817,0.117035
4,201,1818,0.110534
4,201,1818,0.113211
4,201,1818,0.115496
4,201,1818,0.115933
4,201,1818,0.116613
4,201,1818,0.115314
4,201,1818,0.114019
4,201,1818,0.113348
4,202,1819,0.116554
4,202,1819,0.112128
4,202,1819,0.112599
4,202,1819,0.113669
4,202,1819,0.110870
4,202,1819,0.113468
4,202,1819,0.109117
4,202,1819,0.111101
4,203,1820,0.110293
4,203,1820,0.114620
4,203,1820,0.117321
4,203,1820,0.110505
4,203,1820,0.112825
4,203,1820,0.112920
4,203,1820,0.113085
4,203,1820,0.113033
4,204,1821,0.112334
4,204,1821,0.110468
4,204,1821,0.112221
4,204,1821,0.111269
4,204,1821,0.110927
4,204,1821,0.112946
4,204,1821,0.115055
4,204,1821,0.115429
4,205,1822,0.113386
4,205,1822,0.118771
4,205,1822,0.115159
4,205,1822,0.114554
4,205,1822,0.115055
4,205,1822,0.114139
4,205,1822,0.113836
4,205,1822,0.110981
4,206,1823,0.112339
4,206,1823,0.116399
4,206,1823,0.116581
4,206,1823,0.113467
4,206,1823,0.113422
4,206,1823,0.114437
4,206,1823,0.111552
4,206,1823,0.110685
4,207,1824,0.113918
4,207,1824,0.110823
4,207,1824,0.113500
4,207,1824,0.118963
4,207,1824,0.112124
4,207,1824,0.114286
4,207,1824,0.110113
4,207,1824,0.113505
4,208,1825,0.113830
4,208,1825,0.111293
4,208,1825,0.111826
4,208,1825,0.112661
4,208,1825,0.115145
4,208,1825,0.113176
4,208,1825,0.112877
4,208,1825,0.116117
4,209,1826,0.110938
4,209,1826,0.113121
4,209,1826,0.111133
4,209,1826,0.112672
4,209,1826,0.109824
4,209,1826,0.111880
4,209,1826,0.113861
4,209,1826,0.112215
4,210,1827,0.114012
4,210,1827,0.112144
4,210,1827,0.112986
4,210,1827,0.113986
4,210,1827,0.113739
4,210,1827,0.117059
4,210,1827,0.113594
4,210,1827,0.111663
4,211,1828,0.112958
4,211,1828,0.113034
4,211,1828,0.113404
4,211,1828,0.112570
4,211,1828,0.114306
4,211,1828,0.120497
4,211,1828,0.113277
4,211,1828,0.110649
4,212,1829,0.113761
4,212,1829,0.112605
4,212,1829,0.112305
4,212,1829,0.116795
4,212,1829,0.109740
4,212,1829,0.110769
4,212,1829,0.112306
4,212,1829,0.115617
4,213,1830,0.111433
4,213,1830,0.111685
4,213,1830,0.113077
4,213,1830,0.116236
4,213,1830,0.116892
4,213,1830,0.111813
4,213,1830,0.115100
4,213,1830,0.113827
4,214,1831,0.111905
4,214,1831,0.118062
4,214,1831,0.112827
4,214,1831,0.114023
4,214,1831,0.112311
4,214,1831,0.111985
4,214,1831,0.113542
4,214,1831,0.111074
4,215,1832,0.111572
4,215,1832,0.111648
4,215,1832,0.115238
4,215,1832,0.113303
4,215,1832,0.115508
4,215,1832,0.111057
4,215,1832,0.112821
4,215,1832,0.110290
4,216,1833,0.114677
4,216,1833,0.110865
4,216,1833,0.113505
4,216,1833,0.110302
4,216,1833,0.115566
4,216,1833,0.115258
4,216,1833,0.113900
4,216,1833,0.110658
4,217,1834,0.111422
4,217,1834,0.115716
4,217,1834,0.113216
4,217,1834,0.116401
4,217,1834,0.113947
4,217,1834,0.117604
4,217,1834,0.118375
4,217,1834,0.118298
4,218,1835,0.109970
4,218,1835,0.118273
4,218,1835,0.119053
4,218,1835,0.112164
4,218,1835,0.111015
4,218,1835,0.109060
4,218,1835,0.118683
4,218,1835,0.116279
4,219,1836,0.114942
4,219,1836,0.111431
4,219,1836,0.113878
4,219,1836,0.112097
4,219,1836,0.113157
4,219,1836,0.111397
4,219,1836,0.112226
4,219,1836,0.118053
4,220,1837,0.114532
4,220,1837,0.116133
4,220,1837,0.116342
4,220,1837,0.113445
4,220,1837,0.113759
4,220,1837,0.113346
4,220,1837,0.118705
4,220,1837,0.114493
4,221,1838,0.112834
4,221,1838,0.115846
4,221,1838,0.113879
4,221,1838,0.113657
4,221,1838,0.119007
4,221,1838,0.110490
4,221,1838,0.112344
4,221,1838,0.116611
4,222,1839,0.116728
4,222,1839,0.114067
4,222,1839,0.114745
4,222,1839,0.114922
4,222,1839,0.114827
4,222,1839,0.114838
4,222,1839,0.112059
4,222,1839,0.114219
4,223,1840,0.111921
4,223,1840,0.114035
4,223,1840,0.113721
4,223,1840,0.109612
4,223,1840,0.114298
4,223,1840,0.117055
4,223,1840,0.117617
4,223,1840,0.113832
4,224,1841,0.111152
4,224,1841,0.113544
4,224,1841,0.114231
4,224,1841,0.110486
4,224,1841,0.111602
4,224,1841,0.114705
4,224,1841,0.114275
4,224,1841,0.114633
4,225,1842,0.115875
4,225,1842,0.113846
4,225,1842,0.116098
4,225,1842,0.115782
4,225,1842,0.113651
4,225,1842,0.113601
4,225,1842,0.111395
4,225,1842,0.110566
4,226,1843,0.115191
4,226,1843,0.110892
4,226,1843,0.113504
4,226,1843,0.112501
4,226,1843,0.112686
4,226,1843,0.110926
4,226,1843,0.114806
4,226,1843,0.115412
4,227,1844,0.114416
4,227,1844,0.111687
4,227,1844,0.113274
4,227,1844,0.112531
4,227,1844,0.111444
4,227,1844,0.113025
4,227,1844,0.113858
4,227,1844,0.110644
4,228,1845,0.117303
4,228,1845,0.112202
4,228,1845,0.114856
4,228,1845,0.114405
4,228,1845,0.111738
4,228,1845,0.114592
4,228,1845,0.111826
4,228,1845,0.114768
4,229,1846,0.114509
4,229,1846,0.112885
4,229,1846,0.114161
4,229,1846,0.112618
4,229,1846,0.113454
4,229,1846,0.111160
4,229,1846,0.113839
4,229,1846,0.110575
4,230,1847,0.114762
4,230,1847,0.113589
4,230,1847,0.110640
4,230,1847,0.112839
4,230,1847,0.115483
4,230,1847,0.109320
4,230,1847,0.110453
4,230,1847,0.109947
4,231,1848,0.110726
4,231,1848,0.113968
4,231,1848,0.112333
4,231,1848,0.119688
4,231,1848,0.112260
4,231,1848,0.114716
4,231,1848,0.111393
4,231,1848,0.113338
4,232,1849,0.112601
4,232,1849,0.111334
4,232,1849,0.114876
4,232,1849,0.110175
4,232,1849,0.111947
4,232,1849,0.113339
4,232,1849,0.111070
4,232,1849,0.114076
4,233,1850,0.112822
4,233,1850,0.112495
4,233,1850,0.110599
4,233,1850,0.116224
4,233,1850,0.116071
4,233,1850,0.110134
4,233,1850,0.113704
4,233,1850,0.114012
4,234,1851,0.110117
4,234,1851,0.115893
4,234,1851,0.113508
4,234,1851,0.116440
4,234,1851,0.116422
4,234,1851,0.115007
4,234,1851,0.110759
4,234,1851,0.114994
4,235,1852,0.115270
4,235,1852,0.112848
4,235,1852,0.112496
4,235,1852,0.111860
4,235,1852,0.114119
4,235,1852,0.110726
4,235,1852,0.115816
4,235,1852,0.113794
4,236,1853,0.111926
4,236,1853,0.111465
4,236,1853,0.114033
4,236,1853,0.111130
4,236,1853,0.114814
4,236,1853,0.111913
4,236,1853,0.110394
4,236,1853,0.111024
4,237,1854,0.114044
4,237,1854,0.113375
4,237,1854,0.115095
4,237,1854,0.113478
4,237,1854,0.111902
4,237,1854,0.112275
4,237,1854,0.112617
4,237,1854,0.115014
4,238,1855,0.114763
4,238,1855,0.108991
4,238,1855,0.112546
4,238,1855,0.113490
4,238,1855,0.114937
4,238,1855,0.112415
4,238,1855,0.109670
4,238,1855,0.116306
4,239,1856,0.113765
4,239,1856,0.114709
4,239,1856,0.115372
4,239,1856,0.113015
4,239,1856,0.111274
4,239,1856,0.115863
4,239,1856,0.113558
4,239,1856,0.113115
4,240,1857,0.112324
4,240,1857,0.113214
4,240,1857,0.113939
4,240,1857,0.116794
4,240,1857,0.109199
4,240,1857,0.113512
4,240,1857,0.113669
4,240,1857,0.117188
4,241,1858,0.111741
4,241,1858,0.112837
4,241,1858,0.110290
4,241,1858,0.109829
4,241,1858,0.120531
4,241,1858,0.112692
4,241,1858,0.111749
4,241,1858,0.117688
4,242,1859,0.114223
4,242,1859,0.112004
4,242,1859,0.111194
4,242,1859,0.117282
4,242,1859,0.112093
4,242,1859,0.116410
4,242,1859,0.111171
4,242,1859,0.112608
4,243,1860,0.114346
4,243,1860,0.112016
4,243,1860,0.113814
4,243,1860,0.115581
4,243,1860,0.111422
4,243,1860,0.112983
4,243,1860,0.109884
4,243,1860,0.117907
4,244,1861,0.117471
4,244,1861,0.110826
4,244,1861,0.112183
4,244,1861,0.113318
4,244,1861,0.114949
4,244,1861,0.110369
4,244,1861,0.111508
4,244,1861,0.111083
4,245,1862,0.109691
4,245,1862,0.111376
4,245,1862,0.108665
4,245,1862,0.115096
4,245,1862,0.110077
4,245,1862,0.117263
4,245,1862,0.112382
4,245,1862,0.112458
4,246,1863,0.111009
4,246,1863,0.112392
4,246,1863,0.114296
4,246,1863,0.118107
4,246,1863,0.115082
4,246,1863,0.111697
4,246,1863,0.110414
4,246,1863,0.108067
4,247,1864,0.113634
4,247,1864,0.113352
4,247,1864,0.113003
4,247,1864,0.113317
4,247,1864,0.112887
4,247,1864,0.111486
4,247,1864,0.113279
4,247,1864,0.112090
4,248,1865,0.113607
4,248,1865,0.111755
4,248,1865,0.111704
4,248,1865,0.112455
4,248,1865,0.114791
4,248,1865,0.114439
4,248,1865,0.114137
4,248,1865,0.110863
4,249,1866,0.112435
4,249,1866,0.117155
4,249,1866,0.114866
4,249,1866,0.113052
4,249,1866,0.112031
4,249,1866,0.117931
4,249,1866,0.112301
4,249,1866,0.114031
4,250,1867,0.116894
4,250,1867,0.111765
4,250,1867,0.111334
4,250,1867,0.112207
4,250,1867,0.113773
4,250,1867,0.115358
4,250,1867,0.115681
4,250,1867,0.112650
4,251,1868,0.114414
4,251,1868,0.111589
4,251,1868,0.111305
4,251,1868,0.111281
4,251,1868,0.113593
4,251,1868,0.111961
4,251,1868,0.112633
4,251,1868,0.112021
4,252,1869,0.112853
4,252,1869,0.114127
4,252,1869,0.113083
4,252,1869,0.113698
4,252,1869,0.117811
4,252,1869,0.112059
4,252,1869,0.110960
4,252,1869,0.112466
4,253,1870,0.116281
4,253,1870,0.113465
4,253,1870,0.106974
4,253,1870,0.110554
4,253,1870,0.112342
4,253,1870,0.111858
4,253,1870,0.111952
4,253,1870,0.112903
4,254,1871,0.117108
4,254,1871,0.115466
4,254,1871,0.114376
4,254,1871,0.118344
4,254,1871,0.114399
4,254,1871,0.111627
4,254,1871,0.108961
4,254,1871,0.113652
4,255,1872,0.116186
4,255,1872,0.112625
4,255,1872,0.115651
4,255,1872,0.109367
4,255,1872,0.112807
4,255,1872,0.112159
4,255,1872,0.116291
4,255,1872,0.112995
4,256,1873,0.113902
4,256,1873,0.111705
4,256,1873,0.111758
4,256,1873,0.113006
4,256,1873,0.111117
4,256,1873,0.116299
4,256,1873,0.114468
4,256,1873,0.110442
4,257,1874,0.112349
4,257,1874,0.116074
4,257,1874,0.117187
4,257,1874,0.112754
4,257,1874,0.114071
4,257,1874,0.111727
4,257,1874,0.115023
4,257,1874,0.111520
4,258,1875,0.111982
4,258,1875,0.111234
4,258,1875,0.113847
4,258,1875,0.114506
4,258,1875,0.110370
4,258,1875,0.110153
4,258,1875,0.110474
4,258,1875,0.113088
4,259,1876,0.114200
4,259,1876,0.114647
4,259,1876,0.110244
4,259,1876,0.113307
4,259,1876,0.113202
4,259,1876,0.110106
4,259,1876,0.111279
4,259,1876,0.111135
4,260,1877,0.119394
4,260,1877,0.111185
4,260,1877,0.114549
4,260,1877,0.110819
4,260,1877,0.116941
4,260,1877,0.117500
4,260,1877,0.114051
4,260,1877,0.112533
4,261,1878,0.115980
4,261,1878,0.110887
4,261,1878,0.112648
4,261,1878,0.112929
4,261,1878,0.111081
4,261,1878,0.112714
4,261,1878,0.109550
4,261,1878,0.110027
4,262,1879,0.114728
4,262,1879,0.113495
4,262,1879,0.110100
4,262,1879,0.113379
4,262,1879,0.111940
4,262,1879,0.109285
4,262,1879,0.109888
4,262,1879,0.112590
4,263,1880,0.107502
4,263,1880,0.113715
4,263,1880,0.114617
4,263,1880,0.114034
4,263,1880,0.112522
4,263,1880,0.112977
4,263,1880,0.112718
4,263,1880,0.110370
4,264,1881,0.116870
4,264,1881,0.111914
4,264,1881,0.112165
4,264,1881,0.112910
4,264,1881,0.111360
4,264,1881,0.111720
4,264,1881,0.107902
4,264,1881,0.112420
4,265,1882,0.114134
4,265,1882,0.111886
4,265,1882,0.111876
4,265,1882,0.111754
4,265,1882,0.114159
4,265,1882,0.113491
4,265,1882,0.114731
4,265,1882,0.117713
4,266,1883,0.115179
4,266,1883,0.108251
4,266,1883,0.110704
4,266,1883,0.110544
4,266,1883,0.114574
4,266,1883,0.114462
4,266,1883,0.111753
4,266,1883,0.115229
4,267,1884,0.110600
4,267,1884,0.111490
4,267,1884,0.111822
4,267,1884,0.111003
4,267,1884,0.111050
4,267,1884,0.111100
4,267,1884,0.112301
4,267,1884,0.112767
4,268,1885,0.113683
4,268,1885,0.110533
4,268,1885,0.114730
4,268,1885,0.113698
4,268,1885,0.114110
4,268,1885,0.111029
4,268,1885,0.114469
4,268,1885,0.111465
4,269,1886,0.113041
4,269,1886,0.113956
4,269,1886,0.112764
4,269,1886,0.113704
4,269,1886,0.112272
4,269,1886,0.114354
4,269,1886,0.113709
4,269,1886,0.113056
4,270,1887,0.113781
4,270,1887,0.107997
4,270,1887,0.108694
4,270,1887,0.111333
4,270,1887,0.111489
4,270,1887,0.113398
4,270,1887,0.112920
4,270,1887,0.113654
4,271,1888,0.112240
4,271,1888,0.115024
4,271,1888,0.120664
4,271,1888,0.116872
4,271,1888,0.115040
4,271,1888,0.117725
4,271,1888,0.115416
4,271,1888,0.115021
4,272,1889,0.115735
4,272,1889,0.119319
4,272,1889,0.112568
4,272,1889,0.109100
4,272,1889,0.110731
4,272,1889,0.113401
4,272,1889,0.117174
4,272,1889,0.112929
4,273,1890,0.113420
4,273,1890,0.115896
4,273,1890,0.121111
4,273,1890,0.110183
4,273,1890,0.114358
4,273,1890,0.114255
4,273,1890,0.110688
4,273,1890,0.110792
4,274,1891,0.115358
4,274,1891,0.113016
4,274,1891,0.113413
4,274,1891,0.115129
4,274,1891,0.111242
4,274,1891,0.113331
4,274,1891,0.111426
4,274,1891,0.113891
4,275,1892,0.111996
4,275,1892,0.108867
4,275,1892,0.118341
4,275,1892,0.117345
4,275,1892,0.113968
4,275,1892,0.113791
4,275,1892,0.114269
4,275,1892,0.114708
4,276,1893,0.110362
4,276,1893,0.113068
4,276,1893,0.114431
4,276,1893,0.112214
4,276,1893,0.109617
4,276,1893,0.113166
4,276,1893,0.115961
4,276,1893,0.116229
4,277,1894,0.111306
4,277,1894,0.113849
4,277,1894,0.110502
4,277,1894,0.111223
4,277,1894,0.114197
4,277,1894,0.111971
4,277,1894,0.114266
4,277,1894,0.116854
4,278,1895,0.112154
4,278,1895,0.108972
4,278,1895,0.115419
4,278,1895,0.110518
4,278,1895,0.111888
4,278,1895,0.110802
4,278,1895,0.112753
4,278,1895,0.112545
4,279,1896,0.111579
4,279,1896,0.112557
4,279,1896,0.116964
4,279,1896,0.113913
4,279,1896,0.113604
4,279,1896,0.114772
4,279,1896,0.115100
4,279,1896,0.114567
4,280,1897,0.114103
4,280,1897,0.116075
4,280,1897,0.113052
4,280,1897,0.110649
4,280,1897,0.112647
4,280,1897,0.112173
4,280,1897,0.116362
4,280,1897,0.117106
4,281,1898,0.114077
4,281,1898,0.116372
4,281,1898,0.111349
4,281,1898,0.116140
4,281,1898,0.111959
4,281,1898,0.112810
4,281,1898,0.119492
4,281,1898,0.111047
4,282,1899,0.117585
4,282,1899,0.111695
4,282,1899,0.113029
4,282,1899,0.109627
4,282,1899,0.111995
4,282,1899,0.112644
4,282,1899,0.111207
4,282,1899,0.112224
4,283,1900,0.110466
4,283,1900,0.119012
4,283,1900,0.114701
4,283,1900,0.112966
4,283,1900,0.112779
4,283,1900,0.112359
4,283,1900,0.110603
4,283,1900,0.114074
4,284,1901,0.115776
4,284,1901,0.112452
4,284,1901,0.116383
4,284,1901,0.115335
4,284,1901,0.112241
4,284,1901,0.112473
4,284,1901,0.112728
4,284,1901,0.114056
4,285,1902,0.112697
4,285,1902,0.112574
4,285,1902,0.116433
4,285,1902,0.115370
4,285,1902,0.110478
4,285,1902,0.116346
4,285,1902,0.113666
4,285,1902,0.112493
4,286,1903,0.112559
4,286,1903,0.112299
4,286,1903,0.115283
4,286,1903,0.113857
4,286,1903,0.112137
4,286,1903,0.113097
4,286,1903,0.119080
4,286,1903,0.111478
4,287,1904,0.116545
4,287,1904,0.109234
4,287,1904,0.113189
4,287,1904,0.115005
4,287,1904,0.115909
4,287,1904,0.113714
4,287,1904,0.115233
4,287,1904,0.111653
4,288,1905,0.114343
4,288,1905,0.112574
4,288,1905,0.110651
4,288,1905,0.111094
4,288,1905,0.116431
4,288,1905,0.116662
4,288,1905,0.114659
4,288,1905,0.115336
4,289,1906,0.116557
4,289,1906,0.118065
4,289,1906,0.110008
4,289,1906,0.111753
4,289,1906,0.112465
4,289,1906,0.119197
4,289,1906,0.114649
4,289,1906,0.112690
4,290,1907,0.114341
4,290,1907,0.113473
4,290,1907,0.119855
4,290,1907,0.114858
4,290,1907,0.116763
4,290,1907,0.111269
4,290,1907,0.115802
4,290,1907,0.117200
4,291,1908,0.119736
4,291,1908,0.113428
4,291,1908,0.113256
4,291,1908,0.117293
4,291,1908,0.110055
4,291,1908,0.117623
4,291,1908,0.112949
4,291,1908,0.113461
4,292,1909,0.112159
4,292,1909,0.114134
4,292,1909,0.113024
4,292,1909,0.112230
4,292,1909,0.112506
4,292,1909,0.117287
4,292,1909,0.114703
4,292,1909,0.112755
4,293,1910,0.109608
4,293,1910,0.113465
4,293,1910,0.116024
4,293,1910,0.114048
4,293,1910,0.111872
4,293,1910,0.115897
4,293,1910,0.114348
4,293,1910,0.112296
4,294,1911,0.112174
4,294,1911,0.111337
4,294,1911,0.113588
4,294,1911,0.115002
4,294,1911,0.112538
4,294,1911,0.118851
4,294,1911,0.113925
4,294,1911,0.113229
4,295,1912,0.110729
4,295,1912,0.112696
4,295,1912,0.111550
4,295,1912,0.113918
4,295,1912,0.113479
4,295,1912,0.111818
4,295,1912,0.112839
4,295,1912,0.112592
4,296,1913,0.114950
4,296,1913,0.117870
4,296,1913,0.116536
4,296,1913,0.112197
4,296,1913,0.114123
4,296,1913,0.113840
4,296,1913,0.114578
4,296,1913,0.114883
4,297,1914,0.116985
4,297,1914,0.117944
4,297,1914,0.114390
4,297,1914,0.117585
4,297,1914,0.118130
4,297,1914,0.111716
4,297,1914,0.111525
4,297,1914,0.113238
4,298,1915,0.116020
4,298,1915,0.112844
4,298,1915,0.116319
4,298,1915,0.114970
4,298,1915,0.115222
4,298,1915,0.112278
4,298,1915,0.112037
4,298,1915,0.116996
4,299,1916,0.117052
4,299,1916,0.112692
4,299,1916,0.113938
4,299,1916,0.109999
4,299,1916,0.111259
4,299,1916,0.112151
4,299,1916,0.114865
4,299,1916,0.113150
4,300,1917,0.117680
4,300,1917,0.112090
4,300,1917,0.110343
4,300,1917,0.112937
4,300,1917,0.111211
4,300,1917,0.112900
4,300,1917,0.114742
4,300,1917,0.113490
4,301,1918,0.112884
4,301,1918,0.113986
4,301,1918,0.113210
4,301,1918,0.115577
4,301,1918,0.113355
4,301,1918,0.114034
4,301,1918,0.114919
4,301,1918,0.110924
4,302,1919,0.110724
4,302,1919,0.115646
4,302,1919,0.115732
4,302,1919,0.115661
4,302,1919,0.115113
4,302,1919,0.113529
4,302,1919,0.114290
4,302,1919,0.113343
4,303,1920,0.110854
4,303,1920,0.111485
4,303,1920,0.113403
4,303,1920,0.114382
4,303,1920,0.111120
4,303,1920,0.115756
4,303,1920,0.113340
4,303,1920,0.111565
4,304,1921,0.115224
4,304,1921,0.111495
4,304,1921,0.110262
4,304,1921,0.110869
4,304,1921,0.114076
4,304,1921,0.117100
4,304,1921,0.113841
4,304,1921,0.111885
4,305,1922,0.112863
4,305,1922,0.121749
4,305,1922,0.113523
4,305,1922,0.112294
4,305,1922,0.115191
4,305,1922,0.114369
4,305,1922,0.112444
4,305,1922,0.117080
4,306,1923,0.113882
4,306,1923,0.111873
4,306,1923,0.113972
4,306,1923,0.112596
4,306,1923,0.115129
4,306,1923,0.112313
4,306,1923,0.111450
4,306,1923,0.117253
4,307,1924,0.110586
4,307,1924,0.115065
4,307,1924,0.111887
4,307,1924,0.114472
4,307,1924,0.114261
4,307,1924,0.117951
4,307,1924,0.112960
4,307,1924,0.114687
4,308,1925,0.111813
4,308,1925,0.112746
4,308,1925,0.112548
4,308,1925,0.115599
4,308,1925,0.113121
4,308,1925,0.113252
4,308,1925,0.110925
4,308,1925,0.112186
4,309,1926,0.112742
4,309,1926,0.113160
4,309,1926,0.111308
4,309,1926,0.112772
4,309,1926,0.114687
4,309,1926,0.115826
4,309,1926,0.112170
4,309,1926,0.114816
4,310,1927,0.115489
4,310,1927,0.116736
4,310,1927,0.112452
4,310,1927,0.113520
4,310,1927,0.112048
4,310,1927,0.113868
4,310,1927,0.111764
4,310,1927,0.113865
4,311,1928,0.114467
4,311,1928,0.113810
4,311,1928,0.112040
4,311,1928,0.113225
4,311,1928,0.110694
4,311,1928,0.113611
4,311,1928,0.110416
4,311,1928,0.114215
4,312,1929,0.113289
4,312,1929,0.114165
4,312,1929,0.109538
4,312,1929,0.113080
4,312,1929,0.113782
4,312,1929,0.114643
4,312,1929,0.110108
4,312,1929,0.113501
4,313,1930,0.112448
4,313,1930,0.115669
4,313,1930,0.111504
4,313,1930,0.109949
4,313,1930,0.119972
4,313,1930,0.114091
4,313,1930,0.114296
4,313,1930,0.116963
4,314,1931,0.111474
4,314,1931,0.114956
4,314,1931,0.110091
4,314,1931,0.115483
4,314,1931,0.113704
4,314,1931,0.111875
4,314,1931,0.115579
4,314,1931,0.114214
4,315,1932,0.111594
4,315,1932,0.111958
4,315,1932,0.117112
4,315,1932,0.112894
4,315,1932,0.111813
4,315,1932,0.113792
4,315,1932,0.111392
4,315,1932,0.112778
4,316,1933,0.113294
4,316,1933,0.110871
4,316,1933,0.112022
4,316,1933,0.111224
4,316,1933,0.113228
4,316,1933,0.111406
4,316,1933,0.111461
4,316,1933,0.110719
4,317,1934,0.111156
4,317,1934,0.113363
4,317,1934,0.115923
4,317,1934,0.117724
4,317,1934,0.111181
4,317,1934,0.120530
4,317,1934,0.112703
4,317,1934,0.111244
4,318,1935,0.109035
4,318,1935,0.113938
4,318,1935,0.114324
4,318,1935,0.111809
4,318,1935,0.115219
4,318,1935,0.113428
4,318,1935,0.109752
4,318,1935,0.111971
4,319,1936,0.113069
4,319,1936,0.109279
4,319,1936,0.115246
4,319,1936,0.113266
4,319,1936,0.113661
4,319,1936,0.114662
4,319,1936,0.113232
4,319,1936,0.115151
4,320,1937,0.111614
4,320,1937,0.109165
4,320,1937,0.112926
4,320,1937,0.110884
4,320,1937,0.112023
4,320,1937,0.112449
4,320,1937,0.112023
4,320,1937,0.112789
4,321,1938,0.111857
4,321,1938,0.110771
4,321,1938,0.111659
4,321,1938,0.117350
4,321,1938,0.116739
4,321,1938,0.110185
4,321,1938,0.113063
4,321,1938,0.114597
4,322,1939,0.113841
4,322,1939,0.114792
4,322,1939,0.113635
4,322,1939,0.115248
4,322,1939,0.116815
4,322,1939,0.114203
4,322,1939,0.115314
4,322,1939,0.112264
4,323,1940,0.113925
4,323,1940,0.116322
4,323,1940,0.116811
4,323,1940,0.114197
4,323,1940,0.112736
4,323,1940,0.113752
4,323,1940,0.114934
4,323,1940,0.113345
4,324,1941,0.112923
4,324,1941,0.113349
4,324,1941,0.110426
4,324,1941,0.113242
4,324,1941,0.113820
4,324,1941,0.110648
4,324,1941,0.113741
4,324,1941,0.116404
4,325,1942,0.116264
4,325,1942,0.114531
4,325,1942,0.110035
4,325,1942,0.115591
4,325,1942,0.109046
4,325,1942,0.114812
4,325,1942,0.113982
4,325,1942,0.112958
4,326,1943,0.119484
4,326,1943,0.112747
4,326,1943,0.109903
4,326,1943,0.113851
4,326,1943,0.109626
4,326,1943,0.112351
4,326,1943,0.109500
4,326,1943,0.114618
4,327,1944,0.108358
4,327,1944,0.112492
4,327,1944,0.115781
4,327,1944,0.114374
4,327,1944,0.112997
4,327,1944,0.109182
4,327,1944,0.112124
4,327,1944,0.111877
4,328,1945,0.114036
4,328,1945,0.111723
4,328,1945,0.111732
4,328,1945,0.110863
4,328,1945,0.112828
4,328,1945,0.111399
4,328,1945,0.114366
4,328,1945,0.112819
4,329,1946,0.109366
4,329,1946,0.114998
4,329,1946,0.113655
4,329,1946,0.111386
4,329,1946,0.117228
4,329,1946,0.111285
4,329,1946,0.114311
4,329,1946,0.112338
4,330,1947,0.110732
4,330,1947,0.112762
4,330,1947,0.111364
4,330,1947,0.116915
4,330,1947,0.114181
4,330,1947,0.111704
4,330,1947,0.108871
4,330,1947,0.112158
4,331,1948,0.112815
4,331,1948,0.114385
4,331,1948,0.112024
4,331,1948,0.113702
4,331,1948,0.116214
4,331,1948,0.111211
4,331,1948,0.114072
4,331,1948,0.111680
4,332,1949,0.121730
4,332,1949,0.116110
4,332,1949,0.111319
4,332,1949,0.110084
4,332,1949,0.114415
4,332,1949,0.113764
4,332,1949,0.120006
4,332,1949,0.114612
4,333,1950,0.120014
4,333,1950,0.112902
4,333,1950,0.115063
4,333,1950,0.112062
4,333,1950,0.111375
4,333,1950,0.107201
4,333,1950,0.116302
4,333,1950,0.111161
4,334,1951,0.111203
4,334,1951,0.113792
4,334,1951,0.111063
4,334,1951,0.114328
4,334,1951,0.111677
4,334,1951,0.113336
4,334,1951,0.110055
4,334,1951,0.111734
4,335,1952,0.118797
4,335,1952,0.111139
4,335,1952,0.112025
4,335,1952,0.112147
4,335,1952,0.116678
4,335,1952,0.108417
4,335,1952,0.115625
4,335,1952,0.114926
4,336,1953,0.116533
4,336,1953,0.110674
4,336,1953,0.113907
4,336,1953,0.112098
4,336,1953,0.112316
4,336,1953,0.109746
4,336,1953,0.114346
4,336,1953,0.112608
4,337,1954,0.113865
4,337,1954,0.111364
4,337,1954,0.114644
4,337,1954,0.110029
4,337,1954,0.110113
4,337,1954,0.114758
4,337,1954,0.114118
4,337,1954,0.115706
4,338,1955,0.111908
4,338,1955,0.111582
4,338,1955,0.112015
4,338,1955,0.120288
4,338,1955,0.112658
4,338,1955,0.111932
4,338,1955,0.112318
4,338,1955,0.110252
4,339,1956,0.111917
4,339,1956,0.111519
4,339,1956,0.115358
4,339,1956,0.111775
4,339,1956,0.110368
4,339,1956,0.112657
4,339,1956,0.109569
4,339,1956,0.110128
4,340,1957,0.113280
4,340,1957,0.113172
4,340,1957,0.114864
4,340,1957,0.112883
4,340,1957,0.112533
4,340,1957,0.116980
4,340,1957,0.118445
4,340,1957,0.112643
4,341,1958,0.111682
4,341,1958,0.113604
4,341,1958,0.113299
4,341,1958,0.113133
4,341,1958,0.112212
4,341,1958,0.117385
4,341,1958,0.116659
4,341,1958,0.113805
4,342,1959,0.110774
4,342,1959,0.113929
4,342,1959,0.116606
4,342,1959,0.113483
4,342,1959,0.113652
4,342,1959,0.113630
4,342,1959,0.110988
4,342,1959,0.113066
4,343,1960,0.110380
4,343,1960,0.116808
4,343,1960,0.111252
4,343,1960,0.115561
4,343,1960,0.114778
4,343,1960,0.110574
4,343,1960,0.110628
4,343,1960,0.113767
4,344,1961,0.114694
4,344,1961,0.111185
4,344,1961,0.113181
4,344,1961,0.115905
4,344,1961,0.118801
4,344,1961,0.111592
4,344,1961,0.112261
4,344,1961,0.113044
4,345,1962,0.112250
4,345,1962,0.112698
4,345,1962,0.115898
4,345,1962,0.109454
4,345,1962,0.110872
4,345,1962,0.111852
4,345,1962,0.111252
4,345,1962,0.113199
4,346,1963,0.114304
4,346,1963,0.116662
4,346,1963,0.114958
4,346,1963,0.112951
4,346,1963,0.110424
4,346,1963,0.112877
4,346,1963,0.116147
4,346,1963,0.113171
4,347,1964,0.112236
4,347,1964,0.115968
4,347,1964,0.114961
4,347,1964,0.113613
4,347,1964,0.109912
4,347,1964,0.112161
4,347,1964,0.111766
4,347,1964,0.114928
4,348,1965,0.115584
4,348,1965,0.114455
4,348,1965,0.114738
4,348,1965,0.109488
4,348,1965,0.113832
4,348,1965,0.112791
4,348,1965,0.112840
4,348,1965,0.113168
4,349,1966,0.112660
4,349,1966,0.111732
4,349,1966,0.113240
4,349,1966,0.112165
4,349,1966,0.112142
4,349,1966,0.110888
4,349,1966,0.110055
4,349,1966,0.114617
4,350,1967,0.113601
4,350,1967,0.119327
4,350,1967,0.116720
4,350,1967,0.112146
4,350,1967,0.113309
4,350,1967,0.111168
4,350,1967,0.110370
4,350,1967,0.112282
4,351,1968,0.109965
4,351,1968,0.109970
4,351,1968,0.114854
4,351,1968,0.111377
4,351,1968,0.113045
4,351,1968,0.113130
4,351,1968,0.114112
4,351,1968,0.113243
4,352,1969,0.112408
4,352,1969,0.110615
4,352,1969,0.114644
4,352,1969,0.112996
4,352,1969,0.112103
4,352,1969,0.113664
4,352,1969,0.115169
4,352,1969,0.111948
4,353,1970,0.118025
4,353,1970,0.115019
4,353,1970,0.110308
4,353,1970,0.114509
4,353,1970,0.114496
4,353,1970,0.109312
4,353,1970,0.113076
4,353,1970,0.118102
4,354,1971,0.114188
4,354,1971,0.118309
4,354,1971,0.113908
4,354,1971,0.111749
4,354,1971,0.110141
4,354,1971,0.109287
4,354,1971,0.112422
4,354,1971,0.109733
4,355,1972,0.114210
4,355,1972,0.112895
4,355,1972,0.113340
4,355,1972,0.107978
4,355,1972,0.113806
4,355,1972,0.119417
4,355,1972,0.113422
4,355,1972,0.111672
4,356,1973,0.113647
4,356,1973,0.112908
4,356,1973,0.112732
4,356,1973,0.114838
4,356,1973,0.111147
4,356,1973,0.114208
4,356,1973,0.116510
4,356,1973,0.111214
4,357,1974,0.114152
4,357,1974,0.112109
4,357,1974,0.114090
4,357,1974,0.115576
4,357,1974,0.113148
4,357,1974,0.114949
4,357,1974,0.111828
4,357,1974,0.111169
4,358,1975,0.117474
4,358,1975,0.113007
4,358,1975,0.112286
4,358,1975,0.111427
4,358,1975,0.116071
4,358,1975,0.110477
4,358,1975,0.113452
4,358,1975,0.115071
4,359,1976,0.116373
4,359,1976,0.115718
4,359,1976,0.118297
4,359,1976,0.112629
4,359,1976,0.111026
4,359,1976,0.113162
4,359,1976,0.115836
4,359,1976,0.113725
4,360,1977,0.110591
4,360,1977,0.110408
4,360,1977,0.114919
4,360,1977,0.111697
4,360,1977,0.113900
4,360,1977,0.115842
4,360,1977,0.111709
4,360,1977,0.112342
4,361,1978,0.111629
4,361,1978,0.114042
4,361,1978,0.112412
4,361,1978,0.116741
4,361,1978,0.113531
4,361,1978,0.114365
4,361,1978,0.112954
4,361,1978,0.114403
4,362,1979,0.116014
4,362,1979,0.110379
4,362,1979,0.110899
4,362,1979,0.113643
4,362,1979,0.108871
4,362,1979,0.117167
4,362,1979,0.111068
4,362,1979,0.114016
4,363,1980,0.115965
4,363,1980,0.112336
4,363,1980,0.109169
4,363,1980,0.119841
4,363,1980,0.112481
4,363,1980,0.111568
4,363,1980,0.117082
4,363,1980,0.111402
4,364,1981,0.111995
4,364,1981,0.112214
4,364,1981,0.112308
4,364,1981,0.115709
4,364,1981,0.111024
4,364,1981,0.114185
4,364,1981,0.111857
4,364,1981,0.115545
4,365,1982,0.114714
4,365,1982,0.116535
4,365,1982,0.113324
4,365,1982,0.114992
4,365,1982,0.109888
4,365,1982,0.114595
4,365,1982,0.119706
4,365,1982,0.117001
4,366,1983,0.110802
4,366,1983,0.112096
4,366,1983,0.111303
4,366,1983,0.116290
4,366,1983,0.113424
4,366,1983,0.113167
4,366,1983,0.113131
4,366,1983,0.112169
4,367,1984,0.115887
4,367,1984,0.112040
4,367,1984,0.112183
4,367,1984,0.116600
4,367,1984,0.113523
4,367,1984,0.116525
4,367,1984,0.110932
4,367,1984,0.114393
4,368,1985,0.113683
4,368,1985,0.113419
4,368,1985,0.117141
4,368,1985,0.111770
4,368,1985,0.111571
4,368,1985,0.112600
4,368,1985,0.111719
4,368,1985,0.113695
4,369,1986,0.112604
4,369,1986,0.112855
4,369,1986,0.113817
4,369,1986,0.113316
4,369,1986,0.111224
4,369,1986,0.114648
4,369,1986,0.117855
4,369,1986,0.113333
4,370,1987,0.108973
4,370,1987,0.111757
4,370,1987,0.111180
4,370,1987,0.116590
4,370,1987,0.111925
4,370,1987,0.113256
4,370,1987,0.116114
4,370,1987,0.110602
4,371,1988,0.115414
4,371,1988,0.113040
4,371,1988,0.114708
4,371,1988,0.113293
4,371,1988,0.112382
4,371,1988,0.111746
4,371,1988,0.113031
4,371,1988,0.110784
4,372,1989,0.115268
4,372,1989,0.111328
4,372,1989,0.112213
4,372,1989,0.112817
4,372,1989,0.112365
4,372,1989,0.113788
4,372,1989,0.112227
4,372,1989,0.114237
4,373,1990,0.115135
4,373,1990,0.113252
4,373,1990,0.114568
4,373,1990,0.113257
4,373,1990,0.116040
4,373,1990,0.108743
4,373,1990,0.109982
4,373,1990,0.113116
4,374,1991,0.112687
4,374,1991,0.113535
4,374,1991,0.108507
4,374,1991,0.113318
4,374,1991,0.109379
4,374,1991,0.118209
4,374,1991,0.114256
4,374,1991,0.113355
4,375,1992,0.112806
4,375,1992,0.111387
4,375,1992,0.112255
4,375,1992,0.112171
4,375,1992,0.109319
4,375,1992,0.112244
4,375,1992,0.115138
4,375,1992,0.115490
4,376,1993,0.112047
4,376,1993,0.111930
4,376,1993,0.113916
4,376,1993,0.116023
4,376,1993,0.109272
4,376,1993,0.113406
4,376,1993,0.110009
4,376,1993,0.109928
4,377,1994,0.112174
4,377,1994,0.113634
4,377,1994,0.115032
4,377,1994,0.111199
4,377,1994,0.113251
4,377,1994,0.116597
4,377,1994,0.113518
4,377,1994,0.112818
4,378,1995,0.114257
4,378,1995,0.113983
4,378,1995,0.114695
4,378,1995,0.114283
4,378,1995,0.115859
4,378,1995,0.115600
4,378,1995,0.117524
4,378,1995,0.110227
4,379,1996,0.110105
4,379,1996,0.113890
4,379,1996,0.111109
4,379,1996,0.113081
4,379,1996,0.113734
4,379,1996,0.114098
4,379,1996,0.115153
4,379,1996,0.122404
4,380,1997,0.117442
4,380,1997,0.109772
4,380,1997,0.111073
4,380,1997,0.112342
4,380,1997,0.110228
4,380,1997,0.116125
4,380,1997,0.112873
4,380,1997,0.112426
4,381,1998,0.114430
4,381,1998,0.111542
4,381,1998,0.112953
4,381,1998,0.110457
4,381,1998,0.112452
4,381,1998,0.109808
4,381,1998,0.115207
4,381,1998,0.111354
4,382,1999,0.114888
4,382,1999,0.112828
4,382,1999,0.114666
4,382,1999,0.118913
4,382,1999,0.112920
4,382,1999,0.113663
4,382,1999,0.111525
4,382,1999,0.113405
4,383,2000,0.111636
4,383,2000,0.112896
4,383,2000,0.113695
4,383,2000,0.112087
4,383,2000,0.111642
4,383,2000,0.118749
4,383,2000,0.109467
4,383,2000,0.114284
4,384,2001,0.116865
4,384,2001,0.117033
4,384,2001,0.114370
4,384,2001,0.111601
4,384,2001,0.113751
4,384,2001,0.111599
4,384,2001,0.110908
4,384,2001,0.111560
4,385,2002,0.110175
4,385,2002,0.112534
4,385,2002,0.113667
4,385,2002,0.112498
4,385,2002,0.112575
4,385,2002,0.113136
4,385,2002,0.115636
4,385,2002,0.111500
4,386,2003,0.112633
4,386,2003,0.111938
4,386,2003,0.115027
4,386,2003,0.111637
4,386,2003,0.114616
4,386,2003,0.112887
4,386,2003,0.115083
4,386,2003,0.112131
4,387,2004,0.118420
4,387,2004,0.110241
4,387,2004,0.112904
4,387,2004,0.117061
4,387,2004,0.114788
4,387,2004,0.112129
4,387,2004,0.111472
4,387,2004,0.111867
4,388,2005,0.112643
4,388,2005,0.110709
4,388,2005,0.115908
4,388,2005,0.112148
4,388,2005,0.112186
4,388,2005,0.113971
4,388,2005,0.115093
4,388,2005,0.112310
4,389,2006,0.111778
4,389,2006,0.114132
4,389,2006,0.112051
4,389,2006,0.111307
4,389,2006,0.111321
4,389,2006,0.112829
4,389,2006,0.115323
4,389,2006,0.114240
4,390,2007,0.114137
4,390,2007,0.114633
4,390,2007,0.111180
4,390,2007,0.111670
4,390,2007,0.111381
4,390,2007,0.116451
4,390,2007,0.113654
4,390,2007,0.111948
4,391,2008,0.114601
4,391,2008,0.112750
4,391,2008,0.113142
4,391,2008,0.110351
4,391,2008,0.111104
4,391,2008,0.109140
4,391,2008,0.116573
4,391,2008,0.112577
4,392,2009,0.117938
4,392,2009,0.111343
4,392,2009,0.111557
4,392,2009,0.113512
4,392,2009,0.110864
4,392,2009,0.110127
4,392,2009,0.109055
4,392,2009,0.116629
4,393,2010,0.115404
4,393,2010,0.113098
4,393,2010,0.113894
4,393,2010,0.109861
4,393,2010,0.118663
4,393,2010,0.118003
4,393,2010,0.108462
4,393,2010,0.113400
4,394,2011,0.112384
4,394,2011,0.115057
4,394,2011,0.113193
4,394,2011,0.114802
4,394,2011,0.115067
4,394,2011,0.113679
4,394,2011,0.113811
4,394,2011,0.122712
4,395,2012,0.111577
4,395,2012,0.112851
4,395,2012,0.113766
4,395,2012,0.114465
4,395,2012,0.113835
4,395,2012,0.113037
4,395,2012,0.114064
4,395,2012,0.111636
4,396,2013,0.113656
4,396,2013,0.113230
4,396,2013,0.113777
4,396,2013,0.119422
4,396,2013,0.109729
4,396,2013,0.116071
4,396,2013,0.114549
4,396,2013,0.112936
4,397,2014,0.112889
4,397,2014,0.117374
4,397,2014,0.112104
4,397,2014,0.114430
4,397,2014,0.111656
4,397,2014,0.110667
4,397,2014,0.112889
4,397,2014,0.109450
4,398,2015,0.112046
4,398,2015,0.112521
4,398,2015,0.120306
4,398,2015,0.116623
4,398,2015,0.114938
4,398,2015,0.115746
4,398,2015,0.109674
4,398,2015,0.110837
4,399,2016,0.113579
4,399,2016,0.111266
4,399,2016,0.111355
4,399,2016,0.109320
4,399,2016,0.119007
4,399,2016,0.111955
4,399,2016,0.114844
4,399,2016,0.111659
4,400,2017,0.108337
4,400,2017,0.112185
4,400,2017,0.116264
4,400,2017,0.116855
4,400,2017,0.111739
4,400,2017,0.115793
4,400,2017,0.111897
4,400,2017,0.113217
4,401,2018,0.111911
4,401,2018,0.116527
4,401,2018,0.109620
4,401,2018,0.113384
4,401,2018,0.114013
4,401,2018,0.111544
4,401,2018,0.111895
4,401,2018,0.112562
4,402,2019,0.113817
4,402,2019,0.111428
4,402,2019,0.112942
4,402,2019,0.111959
4,402,2019,0.112622
4,402,2019,0.112425
4,402,2019,0.113121
4,402,2019,0.112572
4,403,2020,0.113888
4,403,2020,0.114119
4,403,2020,0.111387
4,403,2020,0.115990
4,403,2020,0.112484
4,403,2020,0.113594
4,403,2020,0.113457
4,403,2020,0.112280
4,404,2021,0.112647
4,404,2021,0.111987
4,404,2021,0.112555
4,404,2021,0.119182
4,404,2021,0.112645
4,404,2021,0.110850
4,404,2021,0.116615
4,404,2021,0.112905
4,405,2022,0.112650
4,405,2022,0.119010
4,405,2022,0.112215
4,405,2022,0.116244
4,405,2022,0.115661
4,405,2022,0.110879
4,405,2022,0.112740
4,405,2022,0.115204
4,406,2023,0.113785
4,406,2023,0.113150
4,406,2023,0.111799
4,406,2023,0.112173
4,406,2023,0.112385
4,406,2023,0.113546
4,406,2023,0.115079
4,406,2023,0.114912
4,407,2024,0.118229
4,407,2024,0.114344
4,407,2024,0.113742
4,407,2024,0.114074
4,407,2024,0.111913
4,407,2024,0.109094
4,407,2024,0.109369
4,407,2024,0.111588
4,408,2025,0.114047
4,408,2025,0.112236
4,408,2025,0.112196
4,408,2025,0.109033
4,408,2025,0.112926
4,408,2025,0.110530
4,408,2025,0.112517
4,408,2025,0.111265
4,409,2026,0.112582
4,409,2026,0.113845
4,409,2026,0.113044
4,409,2026,0.112079
4,409,2026,0.115070
4,409,2026,0.112771
4,409,2026,0.115890
4,409,2026,0.113201
4,410,2027,0.112989
4,410,2027,0.111929
4,410,2027,0.114013
4,410,2027,0.115626
4,410,2027,0.113533
4,410,2027,0.112160
4,410,2027,0.115170
4,410,2027,0.113688
4,411,2028,0.111922
4,411,2028,0.114542
4,411,2028,0.111394
4,411,2028,0.113958
4,411,2028,0.113729
4,411,2028,0.107525
4,411,2028,0.111958
4,411,2028,0.115776
4,412,2029,0.111814
4,412,2029,0.116646
4,412,2029,0.110855
4,412,2029,0.111924
4,412,2029,0.111629
4,412,2029,0.114382
4,412,2029,0.110604
4,412,2029,0.112300
4,413,2030,0.113396
4,413,2030,0.111759
4,413,2030,0.113506
4,413,2030,0.115251
4,413,2030,0.111389
4,413,2030,0.116041
4,413,2030,0.112748
4,413,2030,0.110231
4,414,2031,0.113294
4,414,2031,0.112011
4,414,2031,0.112681
4,414,2031,0.114923
4,414,2031,0.112617
4,414,2031,0.118206
4,414,2031,0.114930
4,414,2031,0.114315
4,415,2032,0.113440
4,415,2032,0.114683
4,415,2032,0.109905
4,415,2032,0.113080
4,415,2032,0.112172
4,415,2032,0.113554
4,415,2032,0.114108
4,415,2032,0.115775
4,416,2033,0.108352
4,416,2033,0.114333
4,416,2033,0.114986
4,416,2033,0.111668
4,416,2033,0.111503
4,416,2033,0.110639
4,416,2033,0.112328
4,416,2033,0.110725
4,417,2034,0.114974
4,417,2034,0.116327
4,417,2034,0.113307
4,417,2034,0.111394
4,417,2034,0.113778
4,417,2034,0.115395
4,417,2034,0.110511
4,417,2034,0.113044
4,418,2035,0.112042
4,418,2035,0.114462
4,418,2035,0.111986
4,418,2035,0.110061
4,418,2035,0.113680
4,418,2035,0.111245
4,418,2035,0.110679
4,418,2035,0.110095
4,419,2036,0.113422
4,419,2036,0.118042
4,419,2036,0.113823
4,419,2036,0.114500
4,419,2036,0.113378
4,419,2036,0.113047
4,419,2036,0.115233
4,419,2036,0.110512
4,420,2037,0.116814
4,420,2037,0.119063
4,420,2037,0.115299
4,420,2037,0.118122
4,420,2037,0.113637
4,420,2037,0.113811
4,420,2037,0.115089
4,420,2037,0.115359
4,421,2038,0.112690
4,421,2038,0.110783
4,421,2038,0.115469
4,421,2038,0.113660
4,421,2038,0.110548
4,421,2038,0.118374
4,421,2038,0.115398
4,421,2038,0.111604
4,422,2039,0.111729
4,422,2039,0.110285
4,422,2039,0.111884
4,422,2039,0.112464
4,422,2039,0.109357
4,422,2039,0.111776
4,422,2039,0.121499
4,422,2039,0.112148
4,423,2040,0.117385
4,423,2040,0.116530
4,423,2040,0.115917
4,423,2040,0.110907
4,423,2040,0.111385
4,423,2040,0.116897
4,423,2040,0.109712
4,423,2040,0.114814
4,424,2041,0.110866
4,424,2041,0.115025
4,424,2041,0.109910
4,424,2041,0.112275
4,424,2041,0.116175
4,424,2041,0.114069
4,424,2041,0.112086
4,424,2041,0.113737
4,425,2042,0.110903
4,425,2042,0.121952
4,425,2042,0.111746
4,425,2042,0.116007
4,425,2042,0.112390
4,425,2042,0.108913
4,425,2042,0.117712
4,425,2042,0.115292
4,426,2043,0.110949
4,426,2043,0.109640
4,426,2043,0.112243
4,426,2043,0.113809
4,426,2043,0.113290
4,426,2043,0.110036
4,426,2043,0.109516
4,426,2043,0.111750
4,427,2044,0.117394
4,427,2044,0.112099
4,427,2044,0.111947
4,427,2044,0.113228
4,427,2044,0.114303
4,427,2044,0.114446
4,427,2044,0.113972
4,427,2044,0.111556
4,428,2045,0.114151
4,428,2045,0.111231
4,428,2045,0.113125
4,428,2045,0.110404
4,428,2045,0.113365
4,428,2045,0.112776
4,428,2045,0.111640
4,428,2045,0.110105
4,429,2046,0.110717
4,429,2046,0.113871
4,429,2046,0.110239
4,429,2046,0.113605
4,429,2046,0.113975
4,429,2046,0.114049
4,429,2046,0.115352
4,429,2046,0.110944
4,430,2047,0.115281
4,430,2047,0.109845
4,430,2047,0.109794
4,430,2047,0.116343
4,430,2047,0.108006
4,430,2047,0.113869
4,430,2047,0.113938
4,430,2047,0.115737
4,431,2048,0.112885
4,431,2048,0.110378
4,431,2048,0.120133
4,431,2048,0.113878
4,431,2048,0.111343
4,431,2048,0.117087
4,431,2048,0.110888
4,431,2048,0.113000
4,432,2049,0.111703
4,432,2049,0.118637
4,432,2049,0.112142
4,432,2049,0.109060
4,432,2049,0.112232
4,432,2049,0.114308
4,432,2049,0.110983
4,432,2049,0.113028
4,433,2050,0.114413
4,433,2050,0.114990
4,433,2050,0.116504
4,433,2050,0.113342
4,433,2050,0.110497
4,433,2050,0.110410
4,433,2050,0.109082
4,433,2050,0.116877
4,434,2051,0.112376
4,434,2051,0.112840
4,434,2051,0.113698
4,434,2051,0.112858
4,434,2051,0.109549
4,434,2051,0.118262
4,434,2051,0.108815
4,434,2051,0.111983
4,435,2052,0.109071
4,435,2052,0.110479
4,435,2052,0.114759
4,435,2052,0.112756
4,435,2052,0.112243
4,435,2052,0.110467
4,435,2052,0.118505
4,435,2052,0.111758
4,436,2053,0.113735
4,436,2053,0.113442
4,436,2053,0.116976
4,436,2053,0.112919
4,436,2053,0.112860
4,436,2053,0.111694
4,436,2053,0.112380
4,436,2053,0.111802
4,437,2054,0.111178
4,437,2054,0.112301
4,437,2054,0.114726
4,437,2054,0.110600
4,437,2054,0.115048
4,437,2054,0.112402
4,437,2054,0.112754
4,437,2054,0.113494
4,438,2055,0.120301
4,438,2055,0.111131
4,438,2055,0.119448
4,438,2055,0.114437
4,438,2055,0.113242
4,438,2055,0.111670
4,438,2055,0.112900
4,438,2055,0.110336
4,439,2056,0.112347
4,439,2056,0.110670
4,439,2056,0.117069
4,439,2056,0.116588
4,439,2056,0.114608
4,439,2056,0.111689
4,439,2056,0.113756
4,439,2056,0.115430
4,440,2057,0.112687
4,440,2057,0.111417
4,440,2057,0.110452
4,440,2057,0.109728
4,440,2057,0.113284
4,440,2057,0.110542
4,440,2057,0.115133
4,440,2057,0.111154
4,441,2058,0.111163
4,441,2058,0.116251
4,441,2058,0.114616
4,441,2058,0.114610
4,441,2058,0.111306
4,441,2058,0.110417
4,441,2058,0.114294
4,441,2058,0.111842
4,442,2059,0.111952
4,442,2059,0.114779
4,442,2059,0.113598
4,442,2059,0.113844
4,442,2059,0.113577
4,442,2059,0.110784
4,442,2059,0.114251
4,442,2059,0.116999
4,443,2060,0.111911
4,443,2060,0.112729
4,443,2060,0.116741
4,443,2060,0.112540
4,443,2060,0.109121
4,443,2060,0.110557
4,443,2060,0.109256
4,443,2060,0.110397
4,444,2061,0.112243
4,444,2061,0.113644
4,444,2061,0.116386
4,444,2061,0.118224
4,444,2061,0.113434
4,444,2061,0.112599
4,444,2061,0.112640
4,444,2061,0.115806
4,445,2062,0.113319
4,445,2062,0.109971
4,445,2062,0.116225
4,445,2062,0.119487
4,445,2062,0.112611
4,445,2062,0.112465
4,445,2062,0.115112
4,445,2062,0.111689
4,446,2063,0.115064
4,446,2063,0.114200
4,446,2063,0.113708
4,446,2063,0.115303
4,446,2063,0.111375
4,446,2063,0.114487
4,446,2063,0.114782
4,446,2063,0.113178
4,447,2064,0.114528
4,447,2064,0.111794
4,447,2064,0.118607
4,447,2064,0.113043
4,447,2064,0.112106
4,447,2064,0.112034
4,447,2064,0.116915
4,447,2064,0.113273
4,448,2065,0.113442
4,448,2065,0.113604
4,448,2065,0.118401
4,448,2065,0.110861
4,448,2065,0.114467
4,448,2065,0.111767
4,448,2065,0.114001
4,448,2065,0.114436
4,449,2066,0.117174
4,449,2066,0.111278
4,449,2066,0.107228
4,449,2066,0.111234
4,449,2066,0.111484
4,449,2066,0.113720
4,449,2066,0.112540
4,449,2066,0.110129
4,450,2067,0.111600
4,450,2067,0.112420
4,450,2067,0.112993
4,450,2067,0.113661
4,450,2067,0.114533
4,450,2067,0.119325
4,450,2067,0.112594
4,450,2067,0.110728
4,451,2068,0.113621
4,451,2068,0.117242
4,451,2068,0.110064
4,451,2068,0.108056
4,451,2068,0.111603
4,451,2068,0.110581
4,451,2068,0.112751
4,451,2068,0.111064
4,452,2069,0.110699
4,452,2069,0.111132
4,452,2069,0.113740
4,452,2069,0.115637
4,452,2069,0.115655
4,452,2069,0.110490
4,452,2069,0.113967
4,452,2069,0.109077
4,453,2070,0.114207
4,453,2070,0.110660
4,453,2070,0.113349
4,453,2070,0.112888
4,453,2070,0.112360
4,453,2070,0.115097
4,453,2070,0.112165
4,453,2070,0.112983
4,454,2071,0.114263
4,454,2071,0.114579
4,454,2071,0.112854
4,454,2071,0.111843
4,454,2071,0.114755
4,454,2071,0.113360
4,454,2071,0.111392
4,454,2071,0.114093
4,455,2072,0.119622
4,455,2072,0.112265
4,455,2072,0.110905
4,455,2072,0.111419
4,455,2072,0.112404
4,455,2072,0.116540
4,455,2072,0.111782
4,455,2072,0.111937
4,456,2073,0.112741
4,456,2073,0.114522
4,456,2073,0.111700
4,456,2073,0.113303
4,456,2073,0.111678
4,456,2073,0.112262
4,456,2073,0.110675
4,456,2073,0.115525
4,457,2074,0.109000
4,457,2074,0.115775
4,457,2074,0.111444
4,457,2074,0.109969
4,457,2074,0.112241
4,457,2074,0.112626
4,457,2074,0.112381
4,457,2074,0.116247
4,458,2075,0.111236
4,458,2075,0.116783
4,458,2075,0.111667
4,458,2075,0.112983
4,458,2075,0.112476
4,458,2075,0.112796
4,458,2075,0.113543
4,458,2075,0.112237
4,459,2076,0.113717
4,459,2076,0.112595
4,459,2076,0.113622
4,459,2076,0.108719
4,459,2076,0.110865
4,459,2076,0.110884
4,459,2076,0.111350
4,459,2076,0.112983
4,460,2077,0.118046
4,460,2077,0.112603
4,460,2077,0.113468
4,460,2077,0.111950
4,460,2077,0.111931
4,460,2077,0.109908
4,460,2077,0.110887
4,460,2077,0.112178
4,461,2078,0.109654
4,461,2078,0.119785
4,461,2078,0.110294
4,461,2078,0.111755
4,461,2078,0.112977
4,461,2078,0.112010
4,461,2078,0.112201
4,461,2078,0.115122
4,462,2079,0.113673
4,462,2079,0.112911
4,462,2079,0.113733
4,462,2079,0.112775
4,462,2079,0.116548
4,462,2079,0.112638
4,462,2079,0.111335
4,462,2079,0.109538
4,463,2080,0.114060
4,463,2080,0.113288
4,463,2080,0.115593
4,463,2080,0.111573
4,463,2080,0.119486
4,463,2080,0.108936
4,463,2080,0.111913
4,463,2080,0.111369
4,464,2081,0.110836
4,464,2081,0.113955
4,464,2081,0.111946
4,464,2081,0.114836
4,464,2081,0.110290
4,464,2081,0.116002
4,464,2081,0.113322
4,464,2081,0.115002
4,465,2082,0.115479
4,465,2082,0.110606
4,465,2082,0.114250
4,465,2082,0.110097
4,465,2082,0.115495
4,465,2082,0.110357
4,465,2082,0.112485
4,465,2082,0.112880
4,466,2083,0.114163
4,466,2083,0.112078
4,466,2083,0.113941
4,466,2083,0.111707
4,466,2083,0.117129
4,466,2083,0.109150
4,466,2083,0.118952
4,466,2083,0.113097
4,467,2084,0.114608
4,467,2084,0.109886
4,467,2084,0.114429
4,467,2084,0.109509
4,467,2084,0.110331
4,467,2084,0.115862
4,467,2084,0.111869
4,467,2084,0.114300
4,468,2085,0.114419
4,468,2085,0.111058
4,468,2085,0.114261
4,468,2085,0.110607
4,468,2085,0.115173
4,468,2085,0.110492
4,468,2085,0.114435
4,468,2085,0.112392
4,469,2086,0.116540
4,469,2086,0.116185
4,469,2086,0.110345
4,469,2086,0.112016
4,469,2086,0.109995
4,469,2086,0.113547
4,469,2086,0.113584
4,469,2086,0.112937
4,470,2087,0.113023
4,470,2087,0.112506
4,470,2087,0.110085
4,470,2087,0.112506
4,470,2087,0.117117
4,470,2087,0.113501
4,470,2087,0.110788
4,470,2087,0.110645
4,471,2088,0.113390
4,471,2088,0.113333
4,471,2088,0.120379
4,471,2088,0.112524
4,471,2088,0.113622
4,471,2088,0.116029
4,471,2088,0.117101
4,471,2088,0.111981
4,472,2089,0.108504
4,472,2089,0.114580
4,472,2089,0.113808
4,472,2089,0.114406
4,472,2089,0.120535
4,472,2089,0.113865
4,472,2089,0.114395
4,472,2089,0.113460
4,473,2090,0.115794
4,473,2090,0.113192
4,473,2090,0.111162
4,473,2090,0.116091
4,473,2090,0.113773
4,473,2090,0.114078
4,473,2090,0.110642
4,473,2090,0.116584
4,474,2091,0.112489
4,474,2091,0.116242
4,474,2091,0.113208
4,474,2091,0.114537
4,474,2091,0.113383
4,474,2091,0.110028
4,474,2091,0.113354
4,474,2091,0.109827
4,475,2092,0.117151
4,475,2092,0.115148
4,475,2092,0.111264
4,475,2092,0.112554
4,475,2092,0.114230
4,475,2092,0.111594
4,475,2092,0.116279
4,475,2092,0.112469
4,476,2093,0.115715
4,476,2093,0.111246
4,476,2093,0.114578
4,476,2093,0.118121
4,476,2093,0.114549
4,476,2093,0.112397
4,476,2093,0.113655
4,476,2093,0.112779
4,477,2094,0.114937
4,477,2094,0.111516
4,477,2094,0.112946
4,477,2094,0.113122
4,477,2094,0.115461
4,477,2094,0.110760
4,477,2094,0.111095
4,477,2094,0.112285
4,478,2095,0.114275
4,478,2095,0.112041
4,478,2095,0.113964
4,478,2095,0.109289
4,478,2095,0.113703
4,478,2095,0.112628
4,478,2095,0.114940
4,478,2095,0.109765
4,479,2096,0.117510
4,479,2096,0.112328
4,479,2096,0.112661
4,479,2096,0.112427
4,479,2096,0.114103
4,479,2096,0.111818
4,479,2096,0.116149
4,479,2096,0.115532
4,480,2097,0.111396
4,480,2097,0.111968
4,480,2097,0.112594
4,480,2097,0.121013
4,480,2097,0.109482
4,480,2097,0.114442
4,480,2097,0.110467
4,480,2097,0.116903
4,481,2098,0.113686
4,481,2098,0.112948
4,481,2098,0.113010
4,481,2098,0.116199
4,481,2098,0.112372
4,481,2098,0.112514
4,481,2098,0.112499
4,481,2098,0.111498
4,482,2099,0.114289
4,482,2099,0.111968
4,482,2099,0.108758
4,482,2099,0.117398
4,482,2099,0.110344
4,482,2099,0.114380
4,482,2099,0.115066
4,482,2099,0.116159
4,483,2100,0.118258
4,483,2100,0.110674
4,483,2100,0.121120
4,483,2100,0.112388
4,483,2100,0.113319
4,483,2100,0.114732
4,483,2100,0.112039
4,483,2100,0.110981
4,484,2101,0.112787
4,484,2101,0.111311
4,484,2101,0.112651
4,484,2101,0.113808
4,484,2101,0.110694
4,484,2101,0.108905
4,484,2101,0.114425
4,484,2101,0.116281
4,485,2102,0.111982
4,485,2102,0.111541
4,485,2102,0.115669
4,485,2102,0.113886
4,485,2102,0.115232
4,485,2102,0.115632
4,485,2102,0.115436
4,485,2102,0.112956
4,486,2103,0.112426
4,486,2103,0.112806
4,486,2103,0.110297
4,486,2103,0.112855
4,486,2103,0.110646
4,486,2103,0.111483
4,486,2103,0.113772
4,486,2103,0.113538
4,487,2104,0.117285
4,487,2104,0.110358
4,487,2104,0.109402
4,487,2104,0.109945
4,487,2104,0.112234
4,487,2104,0.110589
4,487,2104,0.112646
4,487,2104,0.114421
4,488,2105,0.116187
4,488,2105,0.113477
4,488,2105,0.115674
4,488,2105,0.118307
4,488,2105,0.112341
4,488,2105,0.112061
4,488,2105,0.110624
4,488,2105,0.112185
4,489,2106,0.112101
4,489,2106,0.110830
4,489,2106,0.111395
4,489,2106,0.113191
4,489,2106,0.109550
4,489,2106,0.110258
4,489,2106,0.110892
4,489,2106,0.111317
4,490,2107,0.113337
4,490,2107,0.109696
4,490,2107,0.112032
4,490,2107,0.109873
4,490,2107,0.115134
4,490,2107,0.118746
4,490,2107,0.112360
4,490,2107,0.115197
4,491,2108,0.109965
4,491,2108,0.117642
4,491,2108,0.115127
4,491,2108,0.117432
4,491,2108,0.114907
4,491,2108,0.111155
4,491,2108,0.110868
4,491,2108,0.115323
4,492,2109,0.118953
4,492,2109,0.112989
4,492,2109,0.110402
4,492,2109,0.113224
4,492,2109,0.112078
4,492,2109,0.111075
4,492,2109,0.115049
4,492,2109,0.114178
4,493,2110,0.114023
4,493,2110,0.114280
4,493,2110,0.109312
4,493,2110,0.110666
4,493,2110,0.111126
4,493,2110,0.109541
4,493,2110,0.111519
4,493,2110,0.113000
4,494,2111,0.114014
4,494,2111,0.118552
4,494,2111,0.110787
4,494,2111,0.113672
4,494,2111,0.121855
4,494,2111,0.111671
4,494,2111,0.114059
4,494,2111,0.116917
4,495,2112,0.114994
4,495,2112,0.111616
4,495,2112,0.115770
4,495,2112,0.114609
4,495,2112,0.117157
4,495,2112,0.114676
4,495,2112,0.110121
4,495,2112,0.111658
4,496,2113,0.113852
4,496,2113,0.112389
4,496,2113,0.113845
4,496,2113,0.113380
4,496,2113,0.114025
4,496,2113,0.111270
4,496,2113,0.112750
4,496,2113,0.109431
4,497,2114,0.111386
4,497,2114,0.113306
4,497,2114,0.113171
4,497,2114,0.112497
4,497,2114,0.111840
4,497,2114,0.111699
4,497,2114,0.114404
4,497,2114,0.112425
4,498,2115,0.114054
4,498,2115,0.116748
4,498,2115,0.113806
4,498,2115,0.113123
4,498,2115,0.117515
4,498,2115,0.113008
4,498,2115,0.113075
4,498,2115,0.110972
4,499,2116,0.111263
4,499,2116,0.113668
4,499,2116,0.114508
4,499,2116,0.113792
4,499,2116,0.110031
4,499,2116,0.115014
4,499,2116,0.115626
4,499,2116,0.112087
4,500,2117,0.112791
4,500,2117,0.115205
4,500,2117,0.111253
4,500,2117,0.111571
4,500,2117,0.119043
4,500,2117,0.112014
4,500,2117,0.112877
4,500,2117,0.111103
4,501,2118,0.113261
4,501,2118,0.112418
4,501,2118,0.113405
4,501,2118,0.110873
4,501,2118,0.118412
4,501,2118,0.119769
4,501,2118,0.116206
4,501,2118,0.116057
4,502,2119,0.114717
4,502,2119,0.111939
4,502,2119,0.116792
4,502,2119,0.111790
4,502,2119,0.111179
4,502,2119,0.114639
4,502,2119,0.112951
4,502,2119,0.112192
4,503,2120,0.112576
4,503,2120,0.116344
4,503,2120,0.112338
4,503,2120,0.111646
4,503,2120,0.111146
4,503,2120,0.114770
4,503,2120,0.115428
4,503,2120,0.111950
4,504,2121,0.112990
4,504,2121,0.112933
4,504,2121,0.120942
4,504,2121,0.113140
4,504,2121,0.111265
4,504,2121,0.119050
4,504,2121,0.110749
4,504,2121,0.114807
4,505,2122,0.115065
4,505,2122,0.113529
4,505,2122,0.111402
4,505,2122,0.112373
4,505,2122,0.113302
4,505,2122,0.114894
4,505,2122,0.116043
4,505,2122,0.112591
4,506,2123,0.111967
4,506,2123,0.118661
4,506,2123,0.112705
4,506,2123,0.112656
4,506,2123,0.111256
4,506,2123,0.113173
4,506,2123,0.112342
4,506,2123,0.114151
4,507,2124,0.114084
4,507,2124,0.116099
4,507,2124,0.112079
4,507,2124,0.116185
4,507,2124,0.113135
4,507,2124,0.117810
4,507,2124,0.110905
4,507,2124,0.114256
4,508,2125,0.112171
4,508,2125,0.115219
4,508,2125,0.115720
4,508,2125,0.113861
4,508,2125,0.112085
4,508,2125,0.115382
4,508,2125,0.112084
4,508,2125,0.114123
4,509,2126,0.110789
4,509,2126,0.108759
4,509,2126,0.111588
4,509,2126,0.113249
4,509,2126,0.112582
4,509,2126,0.113426
4,509,2126,0.120086
4,509,2126,0.110761
4,510,2127,0.113560
4,510,2127,0.116914
4,510,2127,0.114256
4,510,2127,0.114025
4,510,2127,0.113066
4,510,2127,0.109096
4,510,2127,0.115932
4,510,2127,0.113498
4,511,2128,0.111829
4,511,2128,0.113557
4,511,2128,0.110281
4,511,2128,0.111353
4,511,2128,0.111662
4,511,2128,0.111430
4,511,2128,0.114193
4,511,2128,0.119202
4,512,2129,0.114120
4,512,2129,0.112925
4,512,2129,0.111960
4,512,2129,0.112993
4,512,2129,0.112796
4,512,2129,0.114356
4,512,2129,0.114722
4,512,2129,0.111634
4,513,2130,0.111803
4,513,2130,0.113284
4,513,2130,0.118668
4,513,2130,0.116647
4,513,2130,0.112242
4,513,2130,0.112644
4,513,2130,0.113178
4,513,2130,0.108747
4,514,2131,0.117175
4,514,2131,0.111319
4,514,2131,0.115954
4,514,2131,0.109830
4,514,2131,0.114251
4,514,2131,0.113230
4,514,2131,0.113633
4,514,2131,0.114570
4,515,2132,0.111576
4,515,2132,0.109891
4,515,2132,0.113103
4,515,2132,0.113634
4,515,2132,0.111937
4,515,2132,0.113512
4,515,2132,0.114522
4,515,2132,0.110571
4,516,2133,0.112682
4,516,2133,0.112628
4,516,2133,0.114191
4,516,2133,0.118900
4,516,2133,0.115243
4,516,2133,0.113119
4,516,2133,0.121416
4,516,2133,0.115203
4,517,2134,0.111701
4,517,2134,0.110643
4,517,2134,0.111702
4,517,2134,0.114008
4,517,2134,0.112981
4,517,2134,0.114807
4,517,2134,0.111998
4,517,2134,0.111870
4,518,2135,0.112520
4,518,2135,0.117123
4,518,2135,0.111940
4,518,2135,0.116990
4,518,2135,0.119957
4,518,2135,0.110217
4,518,2135,0.112810
4,518,2135,0.111321
4,519,2136,0.114113
4,519,2136,0.113107
4,519,2136,0.111639
4,519,2136,0.112729
4,519,2136,0.113285
4,519,2136,0.113194
4,519,2136,0.113152
4,519,2136,0.114050
4,520,2137,0.107173
4,520,2137,0.114470
4,520,2137,0.111560
4,520,2137,0.109859
4,520,2137,0.112974
4,520,2137,0.114908
4,520,2137,0.115582
4,520,2137,0.108874
4,521,2138,0.117168
4,521,2138,0.115603
4,521,2138,0.115617
4,521,2138,0.112940
4,521,2138,0.117375
4,521,2138,0.113375
4,521,2138,0.118794
4,521,2138,0.113231
4,522,2139,0.108887
4,522,2139,0.110466
4,522,2139,0.111674
4,522,2139,0.117184
4,522,2139,0.112620
4,522,2139,0.115941
4,522,2139,0.112843
4,522,2139,0.111977
4,523,2140,0.117269
4,523,2140,0.114848
4,523,2140,0.114267
4,523,2140,0.113128
4,523,2140,0.110967
4,523,2140,0.116723
4,523,2140,0.114245
4,523,2140,0.119331
4,524,2141,0.110997
4,524,2141,0.112710
4,524,2141,0.116941
4,524,2141,0.109821
4,524,2141,0.109708
4,524,2141,0.114197
4,524,2141,0.112347
4,524,2141,0.112132
4,525,2142,0.110400
4,525,2142,0.111817
4,525,2142,0.112131
4,525,2142,0.109314
4,525,2142,0.111106
4,525,2142,0.112182
4,525,2142,0.111307
4,525,2142,0.111283
4,526,2143,0.111696
4,526,2143,0.113186
4,526,2143,0.113414
4,526,2143,0.114993
4,526,2143,0.110235
4,526,2143,0.116123
4,526,2143,0.110246
4,526,2143,0.114308
4,527,2144,0.115434
4,527,2144,0.113106
4,527,2144,0.119187
4,527,2144,0.114392
4,527,2144,0.109205
4,527,2144,0.116684
4,527,2144,0.112235
4,527,2144,0.118422
4,528,2145,0.113626
4,528,2145,0.113261
4,528,2145,0.112274
4,528,2145,0.113507
4,528,2145,0.113097
4,528,2145,0.113468
4,528,2145,0.112069
4,528,2145,0.116023
4,529,2146,0.114370
4,529,2146,0.111447
4,529,2146,0.111189
4,529,2146,0.115203
4,529,2146,0.114382
4,529,2146,0.112740
4,529,2146,0.112389
4,529,2146,0.116322
4,530,2147,0.109593
4,530,2147,0.110573
4,530,2147,0.110799
4,530,2147,0.119703
4,530,2147,0.114202
4,530,2147,0.111289
4,530,2147,0.109903
4,530,2147,0.113840
4,531,2148,0.114916
4,531,2148,0.111402
4,531,2148,0.116387
4,531,2148,0.113646
4,531,2148,0.111296
4,531,2148,0.111774
4,531,2148,0.111832
4,531,2148,0.112862
4,532,2149,0.114428
4,532,2149,0.113216
4,532,2149,0.109016
4,532,2149,0.114173
4,532,2149,0.112857
4,532,2149,0.111199
4,532,2149,0.113813
4,532,2149,0.113790
4,533,2150,0.110711
4,533,2150,0.116056
4,533,2150,0.113507
4,533,2150,0.114130
4,533,2150,0.112012
4,533,2150,0.108264
4,533,2150,0.111444
4,533,2150,0.115923
4,534,2151,0.114716
4,534,2151,0.111130
4,534,2151,0.110008
4,534,2151,0.111303
4,534,2151,0.110997
4,534,2151,0.114335
4,534,2151,0.114340
4,534,2151,0.111372
4,535,2152,0.111877
4,535,2152,0.112976
4,535,2152,0.110952
4,535,2152,0.109784
4,535,2152,0.112485
4,535,2152,0.111056
4,535,2152,0.111586
4,535,2152,0.111962
4,536,2153,0.112690
4,536,2153,0.112222
4,536,2153,0.111637
4,536,2153,0.113506
4,536,2153,0.111318
4,536,2153,0.118571
4,536,2153,0.109915
4,536,2153,0.113452
4,537,2154,0.109836
4,537,2154,0.114128
4,537,2154,0.113876
4,537,2154,0.115360
4,537,2154,0.116410
4,537,2154,0.108116
4,537,2154,0.109636
4,537,2154,0.111602
4,538,2155,0.108590
4,538,2155,0.109220
4,538,2155,0.110866
4,538,2155,0.109649
4,538,2155,0.112906
4,538,2155,0.114062
4,538,2155,0.113740
4,538,2155,0.109535
4,539,2156,0.110272
4,539,2156,0.113601
4,539,2156,0.114318
4,539,2156,0.108848
4,539,2156,0.107438
4,539,2156,0.112884
4,539,2156,0.112685
4,539,2156,0.112057
5,1,2157,0.111505
5,1,2157,0.113621
5,1,2157,0.109911
5,1,2157,0.112401
5,1,2157,0.112913
5,1,2157,0.114224
5,1,2157,0.113182
5,1,2157,0.111902
5,2,2158,0.112387
5,2,2158,0.112319
5,2,2158,0.117165
5,2,2158,0.112409
5,2,2158,0.112607
5,2,2158,0.111665
5,2,2158,0.112016
5,2,2158,0.120104
5,3,2159,0.113090
5,3,2159,0.112529
5,3,2159,0.116569
5,3,2159,0.115110
5,3,2159,0.111525
5,3,2159,0.109940
5,3,2159,0.111588
5,3,2159,0.111947
5,4,2160,0.114618
5,4,2160,0.111893
5,4,2160,0.112680
5,4,2160,0.116746
5,4,2160,0.111930
5,4,2160,0.111774
5,4,2160,0.112491
5,4,2160,0.118211
5,5,2161,0.114231
5,5,2161,0.112659
5,5,2161,0.115561
5,5,2161,0.114904
5,5,2161,0.113370
5,5,2161,0.109493
5,5,2161,0.111753
5,5,2161,0.111574
5,6,2162,0.114997
5,6,2162,0.112381
5,6,2162,0.119040
5,6,2162,0.116407
5,6,2162,0.115207
5,6,2162,0.115331
5,6,2162,0.110901
5,6,2162,0.112434
5,7,2163,0.110382
5,7,2163,0.115108
5,7,2163,0.114615
5,7,2163,0.109549
5,7,2163,0.115952
5,7,2163,0.111726
5,7,2163,0.116113
5,7,2163,0.114268
5,8,2164,0.111590
5,8,2164,0.109112
5,8,2164,0.112942
5,8,2164,0.114349
5,8,2164,0.110246
5,8,2164,0.110586
5,8,2164,0.112131
5,8,2164,0.114311
5,9,2165,0.116110
5,9,2165,0.112651
5,9,2165,0.112983
5,9,2165,0.111731
5,9,2165,0.117792
5,9,2165,0.112191
5,9,2165,0.109897
5,9,2165,0.114303
5,10,2166,0.111699
5,10,2166,0.115605
5,10,2166,0.111860
5,10,2166,0.115915
5,10,2166,0.110052
5,10,2166,0.111628
5,10,2166,0.110651
5,10,2166,0.119050
5,11,2167,0.109350
5,11,2167,0.115261
5,11,2167,0.115501
5,11,2167,0.113777
5,11,2167,0.112432
5,11,2167,0.114970
5,11,2167,0.113182
5,11,2167,0.112588
5,12,2168,0.117095
5,12,2168,0.113841
5,12,2168,0.112188
5,12,2168,0.116931
5,12,2168,0.109412
5,12,2168,0.113741
5,12,2168,0.113228
5,12,2168,0.110838
5,13,2169,0.108918
5,13,2169,0.112225
5,13,2169,0.108901
5,13,2169,0.115890
5,13,2169,0.112404
5,13,2169,0.109542
5,13,2169,0.110263
5,13,2169,0.113383
5,14,2170,0.112679
5,14,2170,0.109248
5,14,2170,0.111978
5,14,2170,0.117104
5,14,2170,0.108548
5,14,2170,0.111115
5,14,2170,0.112604
5,14,2170,0.114481
5,15,2171,0.112980
5,15,2171,0.110611
5,15,2171,0.110030
5,15,2171,0.112319
5,15,2171,0.110577
5,15,2171,0.111932
5,15,2171,0.112990
5,15,2171,0.114971
5,16,2172,0.112999
5,16,2172,0.111998
5,16,2172,0.108919
5,16,2172,0.113187
5,16,2172,0.112038
5,16,2172,0.111343
5,16,2172,0.113512
5,16,2172,0.114988
5,17,2173,0.112154
5,17,2173,0.110997
5,17,2173,0.117038
5,17,2173,0.113335
5,17,2173,0.112234
5,17,2173,0.117123
5,17,2173,0.112705
5,17,2173,0.110233
5,18,2174,0.110339
5,18,2174,0.114170
5,18,2174,0.110463
5,18,2174,0.117815
5,18,2174,0.114113
5,18,2174,0.114286
5,18,2174,0.112136
5,18,2174,0.109786
5,19,2175,0.115546
5,19,2175,0.115924
5,19,2175,0.113014
5,19,2175,0.112239
5,19,2175,0.111209
5,19,2175,0.111899
5,19,2175,0.116003
5,19,2175,0.113118
5,20,2176,0.113681
5,20,2176,0.113495
5,20,2176,0.110697
5,20,2176,0.112497
5,20,2176,0.110080
5,20,2176,0.114305
5,20,2176,0.114790
5,20,2176,0.111585
5,21,2177,0.112001
5,21,2177,0.110603
5,21,2177,0.114635
5,21,2177,0.112545
5,21,2177,0.118331
5,21,2177,0.111421
5,21,2177,0.110411
5,21,2177,0.111270
5,22,2178,0.112858
5,22,2178,0.113711
5,22,2178,0.109291
5,22,2178,0.111802
5,22,2178,0.110696
5,22,2178,0.114421
5,22,2178,0.114044
5,22,2178,0.110211
5,23,2179,0.111185
5,23,2179,0.112362
5,23,2179,0.114274
5,23,2179,0.117087
5,23,2179,0.116210
5,23,2179,0.113988
5,23,2179,0.113611
5,23,2179,0.112766
5,24,2180,0.113511
5,24,2180,0.113273
5,24,2180,0.113301
5,24,2180,0.110124
5,24,2180,0.113544
5,24,2180,0.113005
5,24,2180,0.112387
5,24,2180,0.118991
5,25,2181,0.109581
5,25,2181,0.111402
5,25,2181,0.111951
5,25,2181,0.112138
5,25,2181,0.113592
5,25,2181,0.110552
5,25,2181,0.114223
5,25,2181,0.112360
5,26,2182,0.113133
5,26,2182,0.112532
5,26,2182,0.112829
5,26,2182,0.114731
5,26,2182,0.110159
5,26,2182,0.120218
5,26,2182,0.109486
5,26,2182,0.114192
5,27,2183,0.117690
5,27,2183,0.114566
5,27,2183,0.109643
5,27,2183,0.113925
5,27,2183,0.113680
5,27,2183,0.115407
5,27,2183,0.115721
5,27,2183,0.110933
5,28,2184,0.113114
5,28,2184,0.110047
5,28,2184,0.110297
5,28,2184,0.113401
5,28,2184,0.115401
5,28,2184,0.110665
5,28,2184,0.111443
5,28,2184,0.114201
5,29,2185,0.113354
5,29,2185,0.111693
5,29,2185,0.113002
5,29,2185,0.113175
5,29,2185,0.111348
5,29,2185,0.114128
5,29,2185,0.111260
5,29,2185,0.115510
5,30,2186,0.114540
5,30,2186,0.113115
5,30,2186,0.112563
5,30,2186,0.110645
5,30,2186,0.111202
5,30,2186,0.113692
5,30,2186,0.110835
5,30,2186,0.112885
5,31,2187,0.109020
5,31,2187,0.111302
5,31,2187,0.117538
5,31,2187,0.114974
5,31,2187,0.111400
5,31,2187,0.114171
5,31,2187,0.111993
5,31,2187,0.111763
5,32,2188,0.118029
5,32,2188,0.113387
5,32,2188,0.112734
5,32,2188,0.115543
5,32,2188,0.112633
5,32,2188,0.115698
5,32,2188,0.110162
5,32,2188,0.112371
5,33,2189,0.111217
5,33,2189,0.117720
5,33,2189,0.110668
5,33,2189,0.111058
5,33,2189,0.115241
5,33,2189,0.112387
5,33,2189,0.110564
5,33,2189,0.110793
5,34,2190,0.111254
5,34,2190,0.113147
5,34,2190,0.110955
5,34,2190,0.113110
5,34,2190,0.112457
5,34,2190,0.111898
5,34,2190,0.112191
5,34,2190,0.114926
5,35,2191,0.109320
5,35,2191,0.110782
5,35,2191,0.113164
5,35,2191,0.113182
5,35,2191,0.112846
5,35,2191,0.113176
5,35,2191,0.112281
5,35,2191,0.111699
5,36,2192,0.112258
5,36,2192,0.117833
5,36,2192,0.113650
5,36,2192,0.109620
5,36,2192,0.113382
5,36,2192,0.112428
5,36,2192,0.110601
5,36,2192,0.110815
5,37,2193,0.111442
5,37,2193,0.112399
5,37,2193,0.114051
5,37,2193,0.110255
5,37,2193,0.113867
5,37,2193,0.113117
5,37,2193,0.110597
5,37,2193,0.112262
5,38,2194,0.114387
5,38,2194,0.111987
5,38,2194,0.113349
5,38,2194,0.116513
5,38,2194,0.114820
5,38,2194,0.109424
5,38,2194,0.111998
5,38,2194,0.112558
5,39,2195,0.113176
5,39,2195,0.112260
5,39,2195,0.112356
5,39,2195,0.111288
5,39,2195,0.110554
5,39,2195,0.113275
5,39,2195,0.110291
5,39,2195,0.111759
5,40,2196,0.109325
5,40,2196,0.110899
5,40,2196,0.114317
5,40,2196,0.109821
5,40,2196,0.114736
5,40,2196,0.113825
5,40,2196,0.111151
5,40,2196,0.114032
5,41,2197,0.112185
5,41,2197,0.115299
5,41,2197,0.111826
5,41,2197,0.112738
5,41,2197,0.111175
5,41,2197,0.113975
5,41,2197,0.112866
5,41,2197,0.110881
5,42,2198,0.111803
5,42,2198,0.113536
5,42,2198,0.111327
5,42,2198,0.112424
5,42,2198,0.113039
5,42,2198,0.113469
5,42,2198,0.112008
5,42,2198,0.112877
5,43,2199,0.115944
5,43,2199,0.112452
5,43,2199,0.113790
5,43,2199,0.116429
5,43,2199,0.114488
5,43,2199,0.112363
5,43,2199,0.111410
5,43,2199,0.116324
5,44,2200,0.113348
5,44,2200,0.115516
5,44,2200,0.114846
5,44,2200,0.116630
5,44,2200,0.113425
5,44,2200,0.113832
5,44,2200,0.111690
5,44,2200,0.111731
5,45,2201,0.115911
5,45,2201,0.113406
5,45,2201,0.111601
5,45,2201,0.113813
5,45,2201,0.108359
5,45,2201,0.111947
5,45,2201,0.112555
5,45,2201,0.114042
5,46,2202,0.111491
5,46,2202,0.112049
5,46,2202,0.109553
5,46,2202,0.110878
5,46,2202,0.115237
5,46,2202,0.111352
5,46,2202,0.115165
5,46,2202,0.109279
5,47,2203,0.110286
5,47,2203,0.112841
5,47,2203,0.119502
5,47,2203,0.112486
5,47,2203,0.119988
5,47,2203,0.111870
5,47,2203,0.111544
5,47,2203,0.111712
5,48,2204,0.112362
5,48,2204,0.114373
5,48,2204,0.111679
5,48,2204,0.116740
5,48,2204,0.112452
5,48,2204,0.118777
5,48,2204,0.111554
5,48,2204,0.111878
5,49,2205,0.111211
5,49,2205,0.112724
5,49,2205,0.110781
5,49,2205,0.118902
5,49,2205,0.114005
5,49,2205,0.110386
5,49,2205,0.111738
5,49,2205,0.112816
5,50,2206,0.114526
5,50,2206,0.111696
5,50,2206,0.111586
5,50,2206,0.113174
5,50,2206,0.111495
5,50,2206,0.119696
5,50,2206,0.112477
5,50,2206,0.111881
5,51,2207,0.110309
5,51,2207,0.110379
5,51,2207,0.111160
5,51,2207,0.113318
5,51,2207,0.114232
5,51,2207,0.115190
5,51,2207,0.112525
5,51,2207,0.112078
5,52,2208,0.111800
5,52,2208,0.110003
5,52,2208,0.110750
5,52,2208,0.113077
5,52,2208,0.112384
5,52,2208,0.107967
5,52,2208,0.115227
5,52,2208,0.112291
5,53,2209,0.113118
5,53,2209,0.112777
5,53,2209,0.108191
5,53,2209,0.114513
5,53,2209,0.114416
5,53,2209,0.111757
5,53,2209,0.112493
5,53,2209,0.114355
5,54,2210,0.111676
5,54,2210,0.111178
5,54,2210,0.117646
5,54,2210,0.114063
5,54,2210,0.113233
5,54,2210,0.115044
5,54,2210,0.115879
5,54,2210,0.114671
5,55,2211,0.111014
5,55,2211,0.109806
5,55,2211,0.109337
5,55,2211,0.115215
5,55,2211,0.112275
5,55,2211,0.115475
5,55,2211,0.111251
5,55,2211,0.109260
5,56,2212,0.111131
5,56,2212,0.113493
5,56,2212,0.114062
5,56,2212,0.109069
5,56,2212,0.115435
5,56,2212,0.111338
5,56,2212,0.113935
5,56,2212,0.109489
5,57,2213,0.112579
5,57,2213,0.112698
5,57,2213,0.113353
5,57,2213,0.110429
5,57,2213,0.115822
5,57,2213,0.114577
5,57,2213,0.113243
5,57,2213,0.113031
5,58,2214,0.111826
5,58,2214,0.111411
5,58,2214,0.111013
5,58,2214,0.112304
5,58,2214,0.113210
5,58,2214,0.113228
5,58,2214,0.112406
5,58,2214,0.107080
5,59,2215,0.114044
5,59,2215,0.112447
5,59,2215,0.114305
5,59,2215,0.114053
5,59,2215,0.114944
5,59,2215,0.114607
5,59,2215,0.111897
5,59,2215,0.108855
5,60,2216,0.114226
5,60,2216,0.111219
5,60,2216,0.115413
5,60,2216,0.115200
5,60,2216,0.112996
5,60,2216,0.111203
5,60,2216,0.113895
5,60,2216,0.111543
5,61,2217,0.117109
5,61,2217,0.112437
5,61,2217,0.113847
5,61,2217,0.116449
5,61,2217,0.112898
5,61,2217,0.110419
5,61,2217,0.113524
5,61,2217,0.112702
5,62,2218,0.112339
5,62,2218,0.113393
5,62,2218,0.110841
5,62,2218,0.114009
5,62,2218,0.115278
5,62,2218,0.113035
5,62,2218,0.113197
5,62,2218,0.109937
5,63,2219,0.110689
5,63,2219,0.113365
5,63,2219,0.111633
5,63,2219,0.111495
5,63,2219,0.109263
5,63,2219,0.111312
5,63,2219,0.115453
5,63,2219,0.111846
5,64,2220,0.113048
5,64,2220,0.110921
5,64,2220,0.114394
5,64,2220,0.112122
5,64,2220,0.109310
5,64,2220,0.111647
5,64,2220,0.112291
5,64,2220,0.115360
5,65,2221,0.112088
5,65,2221,0.115940
5,65,2221,0.113017
5,65,2221,0.113871
5,65,2221,0.111609
5,65,2221,0.111140
5,65,2221,0.112796
5,65,2221,0.111774
5,66,2222,0.113481
5,66,2222,0.113958
5,66,2222,0.110645
5,66,2222,0.113407
5,66,2222,0.108422
5,66,2222,0.112100
5,66,2222,0.115146
5,66,2222,0.111386
5,67,2223,0.110793
5,67,2223,0.113655
5,67,2223,0.111259
5,67,2223,0.114134
5,67,2223,0.112586
5,67,2223,0.112969
5,67,2223,0.118666
5,67,2223,0.111536
5,68,2224,0.112436
5,68,2224,0.114070
5,68,2224,0.113030
5,68,2224,0.111158
5,68,2224,0.116460
5,68,2224,0.113012
5,68,2224,0.108919
5,68,2224,0.111954
5,69,2225,0.113342
5,69,2225,0.110493
5,69,2225,0.116025
5,69,2225,0.117048
5,69,2225,0.112402
5,69,2225,0.111328
5,69,2225,0.109867
5,69,2225,0.114064
5,70,2226,0.111899
5,70,2226,0.115440
5,70,2226,0.113827
5,70,2226,0.110364
5,70,2226,0.112580
5,70,2226,0.114991
5,70,2226,0.114151
5,70,2226,0.110574
5,71,2227,0.112254
5,71,2227,0.110535
5,71,2227,0.116343
5,71,2227,0.111405
5,71,2227,0.111130
5,71,2227,0.119640
5,71,2227,0.115189
5,71,2227,0.112870
5,72,2228,0.111176
5,72,2228,0.112948
5,72,2228,0.110436
5,72,2228,0.116758
5,72,2228,0.113899
5,72,2228,0.116882
5,72,2228,0.113300
5,72,2228,0.114635
5,73,2229,0.113690
5,73,2229,0.110854
5,73,2229,0.110238
5,73,2229,0.109849
5,73,2229,0.114643
5,73,2229,0.110946
5,73,2229,0.112277
5,73,2229,0.111674
5,74,2230,0.114751
5,74,2230,0.112703
5,74,2230,0.113457
5,74,2230,0.112395
5,74,2230,0.113271
5,74,2230,0.118323
5,74,2230,0.110977
5,74,2230,0.114641
5,75,2231,0.117246
5,75,2231,0.112130
5,75,2231,0.112222
5,75,2231,0.114036
5,75,2231,0.118952
5,75,2231,0.115445
5,75,2231,0.111864
5,75,2231,0.115125
5,76,2232,0.110838
5,76,2232,0.113403
5,76,2232,0.111248
5,76,2232,0.112372
5,76,2232,0.121096
5,76,2232,0.111527
5,76,2232,0.110894
5,76,2232,0.112718
5,77,2233,0.109193
5,77,2233,0.112847
5,77,2233,0.113429
5,77,2233,0.113357
5,77,2233,0.120560
5,77,2233,0.113563
5,77,2233,0.112117
5,77,2233,0.113062
5,78,2234,0.112037
5,78,2234,0.112216
5,78,2234,0.114688
5,78,2234,0.111868
5,78,2234,0.114492
5,78,2234,0.112226
5,78,2234,0.114028
5,78,2234,0.109749
5,79,2235,0.114692
5,79,2235,0.110296
5,79,2235,0.115835
5,79,2235,0.114844
5,79,2235,0.113557
5,79,2235,0.110692
5,79,2235,0.117682
5,79,2235,0.111693
5,80,2236,0.112458
5,80,2236,0.110989
5,80,2236,0.117546
5,80,2236,0.114397
5,80,2236,0.112895
5,80,2236,0.110492
5,80,2236,0.111634
5,80,2236,0.112343
5,81,2237,0.113103
5,81,2237,0.113436
5,81,2237,0.112201
5,81,2237,0.112872
5,81,2237,0.109349
5,81,2237,0.111414
5,81,2237,0.112148
5,81,2237,0.110184
5,82,2238,0.113100
5,82,2238,0.112359
5,82,2238,0.113179
5,82,2238,0.115305
5,82,2238,0.110546
5,82,2238,0.111779
5,82,2238,0.112896
5,82,2238,0.115983
5,83,2239,0.116590
5,83,2239,0.110378
5,83,2239,0.112807
5,83,2239,0.115283
5,83,2239,0.119236
5,83,2239,0.117422
5,83,2239,0.114788
5,83,2239,0.119898
5,84,2240,0.110943
5,84,2240,0.112258
5,84,2240,0.110035
5,84,2240,0.112150
5,84,2240,0.111228
5,84,2240,0.114801
5,84,2240,0.117743
5,84,2240,0.112202
5,85,2241,0.109818
5,85,2241,0.115245
5,85,2241,0.114251
5,85,2241,0.112293
5,85,2241,0.112959
5,85,2241,0.114025
5,85,2241,0.113178
5,85,2241,0.110940
5,86,2242,0.114152
5,86,2242,0.115493
5,86,2242,0.115332
5,86,2242,0.111484
5,86,2242,0.113507
5,86,2242,0.110643
5,86,2242,0.109427
5,86,2242,0.111277
5,87,2243,0.111589
5,87,2243,0.113125
5,87,2243,0.113441
5,87,2243,0.111649
5,87,2243,0.113528
5,87,2243,0.111742
5,87,2243,0.114414
5,87,2243,0.114282
5,88,2244,0.110845
5,88,2244,0.113651
5,88,2244,0.111947
5,88,2244,0.113122
5,88,2244,0.115229
5,88,2244,0.117281
5,88,2244,0.112473
5,88,2244,0.116654
5,89,2245,0.111599
5,89,2245,0.120755
5,89,2245,0.110018
5,89,2245,0.115201
5,89,2245,0.113164
5,89,2245,0.113824
5,89,2245,0.112252
5,89,2245,0.112212
5,90,2246,0.114474
5,90,2246,0.112378
5,90,2246,0.111673
5,90,2246,0.112026
5,90,2246,0.111002
5,90,2246,0.115594
5,90,2246,0.110785
5,90,2246,0.111329
5,91,2247,0.109650
5,91,2247,0.110188
5,91,2247,0.113763
5,91,2247,0.113074
5,91,2247,0.113773
5,91,2247,0.115013
5,91,2247,0.112398
5,91,2247,0.114329
5,92,2248,0.112596
5,92,2248,0.114694
5,92,2248,0.112286
5,92,2248,0.113718
5,92,2248,0.111682
5,92,2248,0.111456
5,92,2248,0.117566
5,92,2248,0.114118
5,93,2249,0.112971
5,93,2249,0.112644
5,93,2249,0.110794
5,93,2249,0.110561
5,93,2249,0.112289
5,93,2249,0.107536
5,93,2249,0.111243
5,93,2249,0.118607
5,94,2250,0.117243
5,94,2250,0.114608
5,94,2250,0.111739
5,94,2250,0.112324
5,94,2250,0.113744
5,94,2250,0.113279
5,94,2250,0.112850
5,94,2250,0.113910
5,95,2251,0.110182
5,95,2251,0.112008
5,95,2251,0.114970
5,95,2251,0.113215
5,95,2251,0.114033
5,95,2251,0.116757
5,95,2251,0.114940
5,95,2251,0.111578
5,96,2252,0.114578
5,96,2252,0.111977
5,96,2252,0.113276
5,96,2252,0.112300
5,96,2252,0.118641
5,96,2252,0.111198
5,96,2252,0.113585
5,96,2252,0.110617
5,97,2253,0.112524
5,97,2253,0.110762
5,97,2253,0.111747
5,97,2253,0.114662
5,97,2253,0.109771
5,97,2253,0.109749
5,97,2253,0.114050
5,97,2253,0.115619
5,98,2254,0.113388
5,98,2254,0.116370
5,98,2254,0.113423
5,98,2254,0.109592
5,98,2254,0.109952
5,98,2254,0.110295
5,98,2254,0.115175
5,98,2254,0.116658
5,99,2255,0.109935
5,99,2255,0.117788
5,99,2255,0.114104
5,99,2255,0.112080
5,99,2255,0.110380
5,99,2255,0.111477
5,99,2255,0.112659
5,99,2255,0.115284
5,100,2256,0.114426
5,100,2256,0.114855
5,100,2256,0.111804
5,100,2256,0.113477
5,100,2256,0.112485
5,100,2256,0.115807
5,100,2256,0.114577
5,100,2256,0.112253
5,101,2257,0.113427
5,101,2257,0.116248
5,101,2257,0.110808
5,101,2257,0.111101
5,101,2257,0.111306
5,101,2257,0.113530
5,101,2257,0.110986
5,101,2257,0.116324
5,102,2258,0.111154
5,102,2258,0.114802
5,102,2258,0.107952
5,102,2258,0.113268
5,102,2258,0.113984
5,102,2258,0.114073
5,102,2258,0.116578
5,102,2258,0.114167
5,103,2259,0.111663
5,103,2259,0.111687
5,103,2259,0.112785
5,103,2259,0.120040
5,103,2259,0.111644
5,103,2259,0.111902
5,103,2259,0.112231
5,103,2259,0.113153
5,104,2260,0.111657
5,104,2260,0.116449
5,104,2260,0.121446
5,104,2260,0.112517
5,104,2260,0.116652
5,104,2260,0.116554
5,104,2260,0.110266
5,104,2260,0.112191
5,105,2261,0.112882
5,105,2261,0.111554
5,105,2261,0.111786
5,105,2261,0.110139
5,105,2261,0.113168
5,105,2261,0.111265
5,105,2261,0.113796
5,105,2261,0.118552
5,106,2262,0.114558
5,106,2262,0.114178
5,106,2262,0.113573
5,106,2262,0.114569
5,106,2262,0.113514
5,106,2262,0.110103
5,106,2262,0.110600
5,106,2262,0.114498
5,107,2263,0.111958
5,107,2263,0.118778
5,107,2263,0.111104
5,107,2263,0.110842
5,107,2263,0.111536
5,107,2263,0.112795
5,107,2263,0.114051
5,107,2263,0.114323
5,108,2264,0.113891
5,108,2264,0.108441
5,108,2264,0.110953
5,108,2264,0.114559
5,108,2264,0.110718
5,108,2264,0.113245
5,108,2264,0.108808
5,108,2264,0.108410
5,109,2265,0.108179
5,109,2265,0.114196
5,109,2265,0.113327
5,109,2265,0.116985
5,109,2265,0.112683
5,109,2265,0.110863
5,109,2265,0.111767
5,109,2265,0.110811
5,110,2266,0.115707
5,110,2266,0.114062
5,110,2266,0.114948
5,110,2266,0.113633
5,110,2266,0.111646
5,110,2266,0.109418
5,110,2266,0.111735
5,110,2266,0.114398
5,111,2267,0.110857
5,111,2267,0.111708
5,111,2267,0.112175
5,111,2267,0.112829
5,111,2267,0.114202
5,111,2267,0.110255
5,111,2267,0.113000
5,111,2267,0.109342
5,112,2268,0.110304
5,112,2268,0.113323
5,112,2268,0.112367
5,112,2268,0.111227
5,112,2268,0.111313
5,112,2268,0.112842
5,112,2268,0.109921
5,112,2268,0.112317
5,113,2269,0.111880
5,113,2269,0.111619
5,113,2269,0.111392
5,113,2269,0.112991
5,113,2269,0.112316
5,113,2269,0.113865
5,113,2269,0.113685
5,113,2269,0.110631
5,114,2270,0.112181
5,114,2270,0.110367
5,114,2270,0.113382
5,114,2270,0.111978
5,114,2270,0.117018
5,114,2270,0.113052
5,114,2270,0.110675
5,114,2270,0.113104
5,115,2271,0.111646
5,115,2271,0.112803
5,115,2271,0.112915
5,115,2271,0.109106
5,115,2271,0.110433
5,115,2271,0.110736
5,115,2271,0.109224
5,115,2271,0.111560
5,116,2272,0.113695
5,116,2272,0.110984
5,116,2272,0.114083
5,116,2272,0.112692
5,116,2272,0.113562
5,116,2272,0.112604
5,116,2272,0.111453
5,116,2272,0.110531
5,117,2273,0.113350
5,117,2273,0.112348
5,117,2273,0.113003
5,117,2273,0.113081
5,117,2273,0.110219
5,117,2273,0.111987
5,117,2273,0.111865
5,117,2273,0.109061
5,118,2274,0.110955
5,118,2274,0.117066
5,118,2274,0.112076
5,118,2274,0.112978
5,118,2274,0.111946
5,118,2274,0.113212
5,118,2274,0.111232
5,118,2274,0.111227
5,119,2275,0.112216
5,119,2275,0.112908
5,119,2275,0.115139
5,119,2275,0.112107
5,119,2275,0.111501
5,119,2275,0.110780
5,119,2275,0.110646
5,119,2275,0.109264
5,120,2276,0.121550
5,120,2276,0.110296
5,120,2276,0.113911
5,120,2276,0.112093
5,120,2276,0.109408
5,120,2276,0.111086
5,120,2276,0.112720
5,120,2276,0.115371
5,121,2277,0.121181
5,121,2277,0.110850
5,121,2277,0.111695
5,121,2277,0.113469
5,121,2277,0.111647
5,121,2277,0.111429
5,121,2277,0.113684
5,121,2277,0.115582
5,122,2278,0.112064
5,122,2278,0.114663
5,122,2278,0.113754
5,122,2278,0.112212
5,122,2278,0.110365
5,122,2278,0.109097
5,122,2278,0.111958
5,122,2278,0.115303
5,123,2279,0.110832
5,123,2279,0.111689
5,123,2279,0.108507
5,123,2279,0.110256
5,123,2279,0.112703
5,123,2279,0.117866
5,123,2279,0.111020
5,123,2279,0.108153
5,124,2280,0.112934
5,124,2280,0.109294
5,124,2280,0.113118
5,124,2280,0.112787
5,124,2280,0.113404
5,124,2280,0.111777
5,124,2280,0.110900
5,124,2280,0.111457
5,125,2281,0.115357
5,125,2281,0.110677
5,125,2281,0.110880
5,125,2281,0.111323
5,125,2281,0.116253
5,125,2281,0.110680
5,125,2281,0.114409
5,125,2281,0.109321
5,126,2282,0.110794
5,126,2282,0.109842
5,126,2282,0.112342
5,126,2282,0.111939
5,126,2282,0.110734
5,126,2282,0.109830
5,126,2282,0.112616
5,126,2282,0.112428
5,127,2283,0.113925
5,127,2283,0.110666
5,127,2283,0.114458
5,127,2283,0.113200
5,127,2283,0.111807
5,127,2283,0.111414
5,127,2283,0.111516
5,127,2283,0.112795
5,128,2284,0.111352
5,128,2284,0.113532
5,128,2284,0.110703
5,128,2284,0.113675
5,128,2284,0.113271
5,128,2284,0.112878
5,128,2284,0.113237
5,128,2284,0.110602
5,129,2285,0.114177
5,129,2285,0.109501
5,129,2285,0.112995
5,129,2285,0.112026
5,129,2285,0.113734
5,129,2285,0.111697
5,129,2285,0.113052
5,129,2285,0.112036
5,130,2286,0.108780
5,130,2286,0.112055
5,130,2286,0.111554
5,130,2286,0.114835
5,130,2286,0.112096
5,130,2286,0.114118
5,130,2286,0.112477
5,130,2286,0.112334
5,131,2287,0.113162
5,131,2287,0.110874
5,131,2287,0.111842
5,131,2287,0.113896
5,131,2287,0.110976
5,131,2287,0.113486
5,131,2287,0.114226
5,131,2287,0.109855
5,132,2288,0.113652
5,132,2288,0.110549
5,132,2288,0.114062
5,132,2288,0.113003
5,132,2288,0.110792
5,132,2288,0.109602
5,132,2288,0.112769
5,132,2288,0.116470
5,133,2289,0.111882
5,133,2289,0.110483
5,133,2289,0.109787
5,133,2289,0.113438
5,133,2289,0.109489
5,133,2289,0.114596
5,133,2289,0.113108
5,133,2289,0.111047
5,134,2290,0.112442
5,134,2290,0.111486
5,134,2290,0.111888
5,134,2290,0.113747
5,134,2290,0.112337
5,134,2290,0.111190
5,134,2290,0.114341
5,134,2290,0.109669
5,135,2291,0.110202
5,135,2291,0.111538
5,135,2291,0.111509
5,135,2291,0.110937
5,135,2291,0.111378
5,135,2291,0.112874
5,135,2291,0.112871
5,135,2291,0.109020
5,136,2292,0.111133
5,136,2292,0.114101
5,136,2292,0.111471
5,136,2292,0.112856
5,136,2292,0.115067
5,136,2292,0.117032
5,136,2292,0.113790
5,136,2292,0.109794
5,137,2293,0.109538
5,137,2293,0.110586
5,137,2293,0.111182
5,137,2293,0.111351
5,137,2293,0.109870
5,137,2293,0.113613
5,137,2293,0.111556
5,137,2293,0.112520
5,138,2294,0.112107
5,138,2294,0.111933
5,138,2294,0.112833
5,138,2294,0.108685
5,138,2294,0.111844
5,138,2294,0.112805
5,138,2294,0.109328
5,138,2294,0.112277
5,139,2295,0.113750
5,139,2295,0.111081
5,139,2295,0.114672
5,139,2295,0.110152
5,139,2295,0.115536
5,139,2295,0.111027
5,139,2295,0.119875
5,139,2295,0.110691
5,140,2296,0.110652
5,140,2296,0.111678
5,140,2296,0.112884
5,140,2296,0.117999
5,140,2296,0.110517
5,140,2296,0.111999
5,140,2296,0.109294
5,140,2296,0.111023
5,141,2297,0.107596
5,141,2297,0.117010
5,141,2297,0.113949
5,141,2297,0.112148
5,141,2297,0.118797
5,141,2297,0.112279
5,141,2297,0.110148
5,141,2297,0.110634
5,142,2298,0.112541
5,142,2298,0.110948
5,142,2298,0.109799
5,142,2298,0.109413
5,142,2298,0.116113
5,142,2298,0.112817
5,142,2298,0.112591
5,142,2298,0.113245
5,143,2299,0.111281
5,143,2299,0.111601
5,143,2299,0.113903
5,143,2299,0.116939
5,143,2299,0.110693
5,143,2299,0.110879
5,143,2299,0.113103
5,143,2299,0.112570
5,144,2300,0.113881
5,144,2300,0.112389
5,144,2300,0.111952
5,144,2300,0.112368
5,144,2300,0.113262
5,144,2300,0.111396
5,144,2300,0.109079
5,144,2300,0.113486
5,145,2301,0.111676
5,145,2301,0.113293
5,145,2301,0.112947
5,145,2301,0.114712
5,145,2301,0.119105
5,145,2301,0.113148
5,145,2301,0.111896
5,145,2301,0.111135
5,146,2302,0.114097
5,146,2302,0.113276
5,146,2302,0.117780
5,146,2302,0.113850
5,146,2302,0.112242
5,146,2302,0.112408
5,146,2302,0.111031
5,146,2302,0.110880
5,147,2303,0.116153
5,147,2303,0.112458
5,147,2303,0.110763
5,147,2303,0.109594
5,147,2303,0.114477
5,147,2303,0.112873
5,147,2303,0.116072
5,147,2303,0.111961
5,148,2304,0.115053
5,148,2304,0.121364
5,148,2304,0.107352
5,148,2304,0.110777
5,148,2304,0.116891
5,148,2304,0.112806
5,148,2304,0.111828
5,148,2304,0.111224
5,149,2305,0.113618
5,149,2305,0.116999
5,149,2305,0.112953
5,149,2305,0.114118
5,149,2305,0.111342
5,149,2305,0.109827
5,149,2305,0.113045
5,149,2305,0.114299
5,150,2306,0.111074
5,150,2306,0.108020
5,150,2306,0.111806
5,150,2306,0.110922
5,150,2306,0.112830
5,150,2306,0.113869
5,150,2306,0.114211
5,150,2306,0.109895
5,151,2307,0.112772
5,151,2307,0.114938
5,151,2307,0.116719
5,151,2307,0.114357
5,151,2307,0.113081
5,151,2307,0.109771
5,151,2307,0.109859
5,151,2307,0.117476
5,152,2308,0.111045
5,152,2308,0.113765
5,152,2308,0.112328
5,152,2308,0.111601
5,152,2308,0.112254
5,152,2308,0.111690
5,152,2308,0.114922
5,152,2308,0.114954
5,153,2309,0.114303
5,153,2309,0.110149
5,153,2309,0.114777
5,153,2309,0.111228
5,153,2309,0.112296
5,153,2309,0.109004
5,153,2309,0.112202
5,153,2309,0.118938
5,154,2310,0.112002
5,154,2310,0.112321
5,154,2310,0.115504
5,154,2310,0.112264
5,154,2310,0.111757
5,154,2310,0.114881
5,154,2310,0.114655
5,154,2310,0.113568
5,155,2311,0.110387
5,155,2311,0.111149
5,155,2311,0.115217
5,155,2311,0.110648
5,155,2311,0.114821
5,155,2311,0.114849
5,155,2311,0.108920
5,155,2311,0.110373
5,156,2312,0.111975
5,156,2312,0.110534
5,156,2312,0.112579
5,156,2312,0.114113
5,156,2312,0.110981
5,156,2312,0.110683
5,156,2312,0.111936
5,156,2312,0.112586
5,157,2313,0.111909
5,157,2313,0.108521
5,157,2313,0.113359
5,157,2313,0.110744
5,157,2313,0.109849
5,157,2313,0.110029
5,157,2313,0.108404
5,157,2313,0.109825
5,158,2314,0.107603
5,158,2314,0.111150
5,158,2314,0.113508
5,158,2314,0.110426
5,158,2314,0.112833
5,158,2314,0.111036
5,158,2314,0.110642
5,158,2314,0.109225
5,159,2315,0.115003
5,159,2315,0.111431
5,159,2315,0.111308
5,159,2315,0.112369
5,159,2315,0.112138
5,159,2315,0.111628
5,159,2315,0.110460
5,159,2315,0.112443
5,160,2316,0.113240
5,160,2316,0.112948
5,160,2316,0.112759
5,160,2316,0.112985
5,160,2316,0.107771
5,160,2316,0.117777
5,160,2316,0.111038
5,160,2316,0.113691
5,161,2317,0.115385
5,161,2317,0.114080
5,161,2317,0.111557
5,161,2317,0.114093
5,161,2317,0.110676
5,161,2317,0.115557
5,161,2317,0.111824
5,161,2317,0.116030
5,162,2318,0.113795
5,162,2318,0.111021
5,162,2318,0.112809
5,162,2318,0.113193
5,162,2318,0.115492
5,162,2318,0.110857
5,162,2318,0.111530
5,162,2318,0.112415
5,163,2319,0.112785
5,163,2319,0.110992
5,163,2319,0.110330
5,163,2319,0.114558
5,163,2319,0.117205
5,163,2319,0.112903
5,163,2319,0.112931
5,163,2319,0.112751
5,164,2320,0.113382
5,164,2320,0.113108
5,164,2320,0.114068
5,164,2320,0.112217
5,164,2320,0.111464
5,164,2320,0.111857
5,164,2320,0.113296
5,164,2320,0.114734
5,165,2321,0.112200
5,165,2321,0.117330
5,165,2321,0.109871
5,165,2321,0.111468
5,165,2321,0.110839
5,165,2321,0.113013
5,165,2321,0.113787
5,165,2321,0.110820
5,166,2322,0.110122
5,166,2322,0.112299
5,166,2322,0.110219
5,166,2322,0.117215
5,166,2322,0.110824
5,166,2322,0.111251
5,166,2322,0.108765
5,166,2322,0.108253
5,167,2323,0.114337
5,167,2323,0.114071
5,167,2323,0.109828
5,167,2323,0.112073
5,167,2323,0.112775
5,167,2323,0.110734
5,167,2323,0.113360
5,167,2323,0.115858
5,168,2324,0.112089
5,168,2324,0.112656
5,168,2324,0.110817
5,168,2324,0.116366
5,168,2324,0.113975
5,168,2324,0.110995
5,168,2324,0.112813
5,168,2324,0.110776
5,169,2325,0.108805
5,169,2325,0.117840
5,169,2325,0.112185
5,169,2325,0.112620
5,169,2325,0.116224
5,169,2325,0.113800
5,169,2325,0.114854
5,169,2325,0.109081
5,170,2326,0.113800
5,170,2326,0.113828
5,170,2326,0.109202
5,170,2326,0.114525
5,170,2326,0.113201
5,170,2326,0.114999
5,170,2326,0.112525
5,170,2326,0.113049
5,171,2327,0.112407
5,171,2327,0.108792
5,171,2327,0.108609
5,171,2327,0.109443
5,171,2327,0.109782
5,171,2327,0.112074
5,171,2327,0.110330
5,171,2327,0.110464
5,172,2328,0.113699
5,172,2328,0.112875
5,172,2328,0.112811
5,172,2328,0.115864
5,172,2328,0.111152
5,172,2328,0.111018
5,172,2328,0.113448
5,172,2328,0.117079
5,173,2329,0.108467
5,173,2329,0.110181
5,173,2329,0.111836
5,173,2329,0.112740
5,173,2329,0.110782
5,173,2329,0.109972
5,173,2329,0.111608
5,173,2329,0.108492
5,174,2330,0.111168
5,174,2330,0.111233
5,174,2330,0.111796
5,174,2330,0.112246
5,174,2330,0.110176
5,174,2330,0.111599
5,174,2330,0.112163
5,174,2330,0.114592
5,175,2331,0.111408
5,175,2331,0.112060
5,175,2331,0.113134
5,175,2331,0.109229
5,175,2331,0.108606
5,175,2331,0.113689
5,175,2331,0.112630
5,175,2331,0.112730
5,176,2332,0.109636
5,176,2332,0.109500
5,176,2332,0.112477
5,176,2332,0.111794
5,176,2332,0.114330
5,176,2332,0.111707
5,176,2332,0.111587
5,176,2332,0.117482
5,177,2333,0.114582
5,177,2333,0.112331
5,177,2333,0.114068
5,177,2333,0.110803
5,177,2333,0.111553
5,177,2333,0.115248
5,177,2333,0.115254
5,177,2333,0.112259
5,178,2334,0.110615
5,178,2334,0.116047
5,178,2334,0.114126
5,178,2334,0.111695
5,178,2334,0.110889
5,178,2334,0.114620
5,178,2334,0.111921
5,178,2334,0.120145
5,179,2335,0.112645
5,179,2335,0.112356
5,179,2335,0.108822
5,179,2335,0.113692
5,179,2335,0.110876
5,179,2335,0.117097
5,179,2335,0.116955
5,179,2335,0.110168
5,180,2336,0.112561
5,180,2336,0.111818
5,180,2336,0.113225
5,180,2336,0.114982
5,180,2336,0.109874
5,180,2336,0.112298
5,180,2336,0.111614
5,180,2336,0.111032
5,181,2337,0.112538
5,181,2337,0.114332
5,181,2337,0.113504
5,181,2337,0.107825
5,181,2337,0.114048
5,181,2337,0.113471
5,181,2337,0.111828
5,181,2337,0.112169
5,182,2338,0.112072
5,182,2338,0.109858
5,182,2338,0.112022
5,182,2338,0.111843
5,182,2338,0.112796
5,182,2338,0.113646
5,182,2338,0.113346
5,182,2338,0.111796
5,183,2339,0.114439
5,183,2339,0.111989
5,183,2339,0.110780
5,183,2339,0.113564
5,183,2339,0.111517
5,183,2339,0.112951
5,183,2339,0.109433
5,183,2339,0.111230
5,184,2340,0.111341
5,184,2340,0.112015
5,184,2340,0.108130
5,184,2340,0.113288
5,184,2340,0.111060
5,184,2340,0.109787
5,184,2340,0.112880
5,184,2340,0.115425
5,185,2341,0.111163
5,185,2341,0.111164
5,185,2341,0.113425
5,185,2341,0.112366
5,185,2341,0.112232
5,185,2341,0.110078
5,185,2341,0.107725
5,185,2341,0.113479
5,186,2342,0.115616
5,186,2342,0.115277
5,186,2342,0.112561
5,186,2342,0.110064
5,186,2342,0.113587
5,186,2342,0.112321
5,186,2342,0.111535
5,186,2342,0.115877
5,187,2343,0.112837
5,187,2343,0.111668
5,187,2343,0.113058
5,187,2343,0.113813
5,187,2343,0.112717
5,187,2343,0.109069
5,187,2343,0.109878
5,187,2343,0.115859
5,188,2344,0.114030
5,188,2344,0.110427
5,188,2344,0.113316
5,188,2344,0.111071
5,188,2344,0.107531
5,188,2344,0.112538
5,188,2344,0.113289
5,188,2344,0.115929
5,189,2345,0.110004
5,189,2345,0.109287
5,189,2345,0.113549
5,189,2345,0.116658
5,189,2345,0.109339
5,189,2345,0.118757
5,189,2345,0.116799
5,189,2345,0.112231
5,190,2346,0.110905
5,190,2346,0.116044
5,190,2346,0.110668
5,190,2346,0.111917
5,190,2346,0.112335
5,190,2346,0.110858
5,190,2346,0.110931
5,190,2346,0.114275
5,191,2347,0.122460
5,191,2347,0.112748
5,191,2347,0.113285
5,191,2347,0.117361
5,191,2347,0.112524
5,191,2347,0.111892
5,191,2347,0.117772
5,191,2347,0.110971
5,192,2348,0.118221
5,192,2348,0.111000
5,192,2348,0.109129
5,192,2348,0.109148
5,192,2348,0.114027
5,192,2348,0.111850
5,192,2348,0.112781
5,192,2348,0.112110
5,193,2349,0.111002
5,193,2349,0.115210
5,193,2349,0.113455
5,193,2349,0.118342
5,193,2349,0.113197
5,193,2349,0.111194
5,193,2349,0.111465
5,193,2349,0.110044
5,194,2350,0.113030
5,194,2350,0.111598
5,194,2350,0.112299
5,194,2350,0.109913
5,194,2350,0.109973
5,194,2350,0.113123
5,194,2350,0.112094
5,194,2350,0.112305
5,195,2351,0.111902
5,195,2351,0.112412
5,195,2351,0.114308
5,195,2351,0.111115
5,195,2351,0.113264
5,195,2351,0.111235
5,195,2351,0.115313
5,195,2351,0.111451
5,196,2352,0.110317
5,196,2352,0.112373
5,196,2352,0.109273
5,196,2352,0.109803
5,196,2352,0.111071
5,196,2352,0.114395
5,196,2352,0.111531
5,196,2352,0.109568
5,197,2353,0.114343
5,197,2353,0.114456
5,197,2353,0.112935
5,197,2353,0.110610
5,197,2353,0.111185
5,197,2353,0.115068
5,197,2353,0.106450
5,197,2353,0.110931
5,198,2354,0.118611
5,198,2354,0.112416
5,198,2354,0.120212
5,198,2354,0.112189
5,198,2354,0.116109
5,198,2354,0.110960
5,198,2354,0.112614
5,198,2354,0.111341
5,199,2355,0.110805
5,199,2355,0.110792
5,199,2355,0.112111
5,199,2355,0.111301
5,199,2355,0.111557
5,199,2355,0.108261
5,199,2355,0.112960
5,199,2355,0.111876
5,200,2356,0.112919
5,200,2356,0.112951
5,200,2356,0.112463
5,200,2356,0.108652
5,200,2356,0.111924
5,200,2356,0.110831
5,200,2356,0.111851
5,200,2356,0.113023
5,201,2357,0.115046
5,201,2357,0.109055
5,201,2357,0.111440
5,201,2357,0.111965
5,201,2357,0.116787
5,201,2357,0.110022
5,201,2357,0.117413
5,201,2357,0.119400
5,202,2358,0.114967
5,202,2358,0.116227
5,202,2358,0.109246
5,202,2358,0.111225
5,202,2358,0.114026
5,202,2358,0.110308
5,202,2358,0.110531
5,202,2358,0.113852
5,203,2359,0.113236
5,203,2359,0.114416
5,203,2359,0.108347
5,203,2359,0.112138
5,203,2359,0.112039
5,203,2359,0.110840
5,203,2359,0.113405
5,203,2359,0.118119
5,204,2360,0.111722
5,204,2360,0.113401
5,204,2360,0.112063
5,204,2360,0.112907
5,204,2360,0.113148
5,204,2360,0.112790
5,204,2360,0.114046
5,204,2360,0.110652
5,205,2361,0.115456
5,205,2361,0.113957
5,205,2361,0.111889
5,205,2361,0.116257
5,205,2361,0.114889
5,205,2361,0.114711
5,205,2361,0.113006
5,205,2361,0.112708
5,206,2362,0.114317
5,206,2362,0.111292
5,206,2362,0.111755
5,206,2362,0.111857
5,206,2362,0.109862
5,206,2362,0.114533
5,206,2362,0.114118
5,206,2362,0.111121
5,207,2363,0.111986
5,207,2363,0.114249
5,207,2363,0.110903
5,207,2363,0.111293
5,207,2363,0.109445
5,207,2363,0.113290
5,207,2363,0.111071
5,207,2363,0.111143
5,208,2364,0.111556
5,208,2364,0.109876
5,208,2364,0.113544
5,208,2364,0.111494
5,208,2364,0.114792
5,208,2364,0.110292
5,208,2364,0.113106
5,208,2364,0.112150
5,209,2365,0.111687
5,209,2365,0.109301
5,209,2365,0.108914
5,209,2365,0.112471
5,209,2365,0.115500
5,209,2365,0.117284
5,209,2365,0.115282
5,209,2365,0.112074
5,210,2366,0.110760
5,210,2366,0.112811
5,210,2366,0.113745
5,210,2366,0.111684
5,210,2366,0.112518
5,210,2366,0.116946
5,210,2366,0.112823
5,210,2366,0.113555
5,211,2367,0.114087
5,211,2367,0.109495
5,211,2367,0.115228
5,211,2367,0.114374
5,211,2367,0.113264
5,211,2367,0.111717
5,211,2367,0.116253
5,211,2367,0.111606
5,212,2368,0.112582
5,212,2368,0.109865
5,212,2368,0.108789
5,212,2368,0.114407
5,212,2368,0.113173
5,212,2368,0.111996
5,212,2368,0.114862
5,212,2368,0.112239
5,213,2369,0.108020
5,213,2369,0.112604
5,213,2369,0.110720
5,213,2369,0.108156
5,213,2369,0.110884
5,213,2369,0.113336
5,213,2369,0.110440
5,213,2369,0.110203
5,214,2370,0.118243
5,214,2370,0.113018
5,214,2370,0.112987
5,214,2370,0.112778
5,214,2370,0.111368
5,214,2370,0.112271
5,214,2370,0.109610
5,214,2370,0.114126
5,215,2371,0.108981
5,215,2371,0.114517
5,215,2371,0.113019
5,215,2371,0.111572
5,215,2371,0.110464
5,215,2371,0.113177
5,215,2371,0.110940
5,215,2371,0.112778
5,216,2372,0.111665
5,216,2372,0.110499
5,216,2372,0.113082
5,216,2372,0.112839
5,216,2372,0.108761
5,216,2372,0.113615
5,216,2372,0.112248
5,216,2372,0.111099
5,217,2373,0.109711
5,217,2373,0.111898
5,217,2373,0.113412
5,217,2373,0.114289
5,217,2373,0.115537
5,217,2373,0.111442
5,217,2373,0.116551
5,217,2373,0.110137
5,218,2374,0.113836
5,218,2374,0.112775
5,218,2374,0.111885
5,218,2374,0.116991
5,218,2374,0.111210
5,218,2374,0.112734
5,218,2374,0.112196
5,218,2374,0.115371
5,219,2375,0.111923
5,219,2375,0.116499
5,219,2375,0.112682
5,219,2375,0.114138
5,219,2375,0.112390
5,219,2375,0.109462
5,219,2375,0.113008
5,219,2375,0.109064
5,220,2376,0.113362
5,220,2376,0.112690
5,220,2376,0.110450
5,220,2376,0.111442
5,220,2376,0.108014
5,220,2376,0.113911
5,220,2376,0.109235
5,220,2376,0.112813
5,221,2377,0.112373
5,221,2377,0.111256
5,221,2377,0.113016
5,221,2377,0.110121
5,221,2377,0.111647
5,221,2377,0.109636
5,221,2377,0.112612
5,221,2377,0.108999
5,222,2378,0.113669
5,222,2378,0.110752
5,222,2378,0.110615
5,222,2378,0.107660
5,222,2378,0.109779
5,222,2378,0.110613
5,222,2378,0.111853
5,222,2378,0.111156
5,223,2379,0.111137
5,223,2379,0.112558
5,223,2379,0.114683
5,223,2379,0.113382
5,223,2379,0.113849
5,223,2379,0.114665
5,223,2379,0.110599
5,223,2379,0.111123
5,224,2380,0.113737
5,224,2380,0.108148
5,224,2380,0.112190
5,224,2380,0.110606
5,224,2380,0.114122
5,224,2380,0.112589
5,224,2380,0.110321
5,224,2380,0.113027
5,225,2381,0.115825
5,225,2381,0.111368
5,225,2381,0.112418
5,225,2381,0.109783
5,225,2381,0.114983
5,225,2381,0.114350
5,225,2381,0.110841
5,225,2381,0.110170
5,226,2382,0.112644
5,226,2382,0.115006
5,226,2382,0.115259
5,226,2382,0.113251
5,226,2382,0.113282
5,226,2382,0.113888
5,226,2382,0.113587
5,226,2382,0.111290
5,227,2383,0.119999
5,227,2383,0.116145
5,227,2383,0.110598
5,227,2383,0.109888
5,227,2383,0.116858
5,227,2383,0.112198
5,227,2383,0.115753
5,227,2383,0.112298
5,228,2384,0.111196
5,228,2384,0.119770
5,228,2384,0.110863
5,228,2384,0.112050
5,228,2384,0.109542
5,228,2384,0.115329
5,228,2384,0.112493
5,228,2384,0.113692
5,229,2385,0.112753
5,229,2385,0.110743
5,229,2385,0.116844
5,229,2385,0.112845
5,229,2385,0.109314
5,229,2385,0.110668
5,229,2385,0.112718
5,229,2385,0.112478
5,230,2386,0.111947
5,230,2386,0.111334
5,230,2386,0.110802
5,230,2386,0.111565
5,230,2386,0.109549
5,230,2386,0.112441
5,230,2386,0.108076
5,230,2386,0.110309
5,231,2387,0.111228
5,231,2387,0.113884
5,231,2387,0.118257
5,231,2387,0.114473
5,231,2387,0.119195
5,231,2387,0.115775
5,231,2387,0.111333
5,231,2387,0.115071
5,232,2388,0.114628
5,232,2388,0.111839
5,232,2388,0.118728
5,232,2388,0.111500
5,232,2388,0.113211
5,232,2388,0.116166
5,232,2388,0.110782
5,232,2388,0.113397
5,233,2389,0.113296
5,233,2389,0.115540
5,233,2389,0.112496
5,233,2389,0.110711
5,233,2389,0.112874
5,233,2389,0.116559
5,233,2389,0.111110
5,233,2389,0.112265
5,234,2390,0.112311
5,234,2390,0.114122
5,234,2390,0.110816
5,234,2390,0.109136
5,234,2390,0.112158
5,234,2390,0.110113
5,234,2390,0.114008
5,234,2390,0.113405
5,235,2391,0.110203
5,235,2391,0.112256
5,235,2391,0.110327
5,235,2391,0.111953
5,235,2391,0.110003
5,235,2391,0.114809
5,235,2391,0.114285
5,235,2391,0.114142
5,236,2392,0.111415
5,236,2392,0.111308
5,236,2392,0.112413
5,236,2392,0.109381
5,236,2392,0.114374
5,236,2392,0.111606
5,236,2392,0.111747
5,236,2392,0.110819
5,237,2393,0.112690
5,237,2393,0.113124
5,237,2393,0.111215
5,237,2393,0.109767
5,237,2393,0.115537
5,237,2393,0.111440
5,237,2393,0.109619
5,237,2393,0.109849
5,238,2394,0.114506
5,238,2394,0.113829
5,238,2394,0.115518
5,238,2394,0.111397
5,238,2394,0.113816
5,238,2394,0.113007
5,238,2394,0.107309
5,238,2394,0.112431
5,239,2395,0.118099
5,239,2395,0.112074
5,239,2395,0.113686
5,239,2395,0.113775
5,239,2395,0.113319
5,239,2395,0.113114
5,239,2395,0.111925
5,239,2395,0.113625
5,240,2396,0.113486
5,240,2396,0.114618
5,240,2396,0.112093
5,240,2396,0.113222
5,240,2396,0.114886
5,240,2396,0.115826
5,240,2396,0.113188
5,240,2396,0.107854
5,241,2397,0.112759
5,241,2397,0.113234
5,241,2397,0.112087
5,241,2397,0.114255
5,241,2397,0.117301
5,241,2397,0.110414
5,241,2397,0.113756
5,241,2397,0.112880
5,242,2398,0.112477
5,242,2398,0.114198
5,242,2398,0.109439
5,242,2398,0.112507
5,242,2398,0.112601
5,242,2398,0.113643
5,242,2398,0.108677
5,242,2398,0.117717
5,243,2399,0.113697
5,243,2399,0.116162
5,243,2399,0.111663
5,243,2399,0.109923
5,243,2399,0.111476
5,243,2399,0.108652
5,243,2399,0.112561
5,243,2399,0.118560
5,244,2400,0.114131
5,244,2400,0.113427
5,244,2400,0.118916
5,244,2400,0.112372
5,244,2400,0.110479
5,244,2400,0.115906
5,244,2400,0.113136
5,244,2400,0.113201
5,245,2401,0.111747
5,245,2401,0.110455
5,245,2401,0.115242
5,245,2401,0.112270
5,245,2401,0.116943
5,245,2401,0.111673
5,245,2401,0.112405
5,245,2401,0.112612
5,246,2402,0.118095
5,246,2402,0.111862
5,246,2402,0.110153
5,246,2402,0.112062
5,246,2402,0.110336
5,246,2402,0.111218
5,246,2402,0.110980
5,246,2402,0.115729
5,247,2403,0.109737
5,247,2403,0.109173
5,247,2403,0.112628
5,247,2403,0.117434
5,247,2403,0.112239
5,247,2403,0.113481
5,247,2403,0.120127
5,247,2403,0.113406
5,248,2404,0.111477
5,248,2404,0.108908
5,248,2404,0.114708
5,248,2404,0.111216
5,248,2404,0.111843
5,248,2404,0.112463
5,248,2404,0.110838
5,248,2404,0.110336
5,249,2405,0.112033
5,249,2405,0.111383
5,249,2405,0.112110
5,249,2405,0.114930
5,249,2405,0.112961
5,249,2405,0.113218
5,249,2405,0.118892
5,249,2405,0.111225
5,250,2406,0.113348
5,250,2406,0.112628
5,250,2406,0.110050
5,250,2406,0.109538
5,250,2406,0.109504
5,250,2406,0.111810
5,250,2406,0.113100
5,250,2406,0.116738
5,251,2407,0.111852
5,251,2407,0.111684
5,251,2407,0.109673
5,251,2407,0.111062
5,251,2407,0.108640
5,251,2407,0.114215
5,251,2407,0.112415
5,251,2407,0.111703
5,252,2408,0.112706
5,252,2408,0.110792
5,252,2408,0.111035
5,252,2408,0.110964
5,252,2408,0.113877
5,252,2408,0.112694
5,252,2408,0.115218
5,252,2408,0.112269
5,253,2409,0.109572
5,253,2409,0.112428
5,253,2409,0.111816
5,253,2409,0.112209
5,253,2409,0.110912
5,253,2409,0.115760
5,253,2409,0.110716
5,253,2409,0.110040
5,254,2410,0.113780
5,254,2410,0.115132
5,254,2410,0.114389
5,254,2410,0.111031
5,254,2410,0.108586
5,254,2410,0.112307
5,254,2410,0.113197
5,254,2410,0.112790
5,255,2411,0.111458
5,255,2411,0.118369
5,255,2411,0.115340
5,255,2411,0.114942
5,255,2411,0.110442
5,255,2411,0.112962
5,255,2411,0.114415
5,255,2411,0.113403
5,256,2412,0.109487
5,256,2412,0.109613
5,256,2412,0.109753
5,256,2412,0.111197
5,256,2412,0.112704
5,256,2412,0.112120
5,256,2412,0.112307
5,256,2412,0.112107
5,257,2413,0.111915
5,257,2413,0.115648
5,257,2413,0.111342
5,257,2413,0.112743
5,257,2413,0.112093
5,257,2413,0.113810
5,257,2413,0.112841
5,257,2413,0.110989
5,258,2414,0.112922
5,258,2414,0.118087
5,258,2414,0.112020
5,258,2414,0.112103
5,258,2414,0.111525
5,258,2414,0.113887
5,258,2414,0.111128
5,258,2414,0.112660
5,259,2415,0.111305
5,259,2415,0.118010
5,259,2415,0.113547
5,259,2415,0.112237
5,259,2415,0.112991
5,259,2415,0.111523
5,259,2415,0.113763
5,259,2415,0.110852
5,260,2416,0.113195
5,260,2416,0.111491
5,260,2416,0.111384
5,260,2416,0.112821
5,260,2416,0.112335
5,260,2416,0.113190
5,260,2416,0.111837
5,260,2416,0.111288
5,261,2417,0.111779
5,261,2417,0.119111
5,261,2417,0.113006
5,261,2417,0.113889
5,261,2417,0.112420
5,261,2417,0.113926
5,261,2417,0.116586
5,261,2417,0.114157
5,262,2418,0.111748
5,262,2418,0.111592
5,262,2418,0.111203
5,262,2418,0.114604
5,262,2418,0.113192
5,262,2418,0.112423
5,262,2418,0.112884
5,262,2418,0.113074
5,263,2419,0.111071
5,263,2419,0.112537
5,263,2419,0.108910
5,263,2419,0.112419
5,263,2419,0.110189
5,263,2419,0.115401
5,263,2419,0.113888
5,263,2419,0.115210
5,264,2420,0.114001
5,264,2420,0.111960
5,264,2420,0.114522
5,264,2420,0.114936
5,264,2420,0.111704
5,264,2420,0.113088
5,264,2420,0.111509
5,264,2420,0.109765
5,265,2421,0.112027
5,265,2421,0.111570
5,265,2421,0.110157
5,265,2421,0.112667
5,265,2421,0.112293
5,265,2421,0.111418
5,265,2421,0.111282
5,265,2421,0.114751
5,266,2422,0.111598
5,266,2422,0.112701
5,266,2422,0.109267
5,266,2422,0.112995
5,266,2422,0.111835
5,266,2422,0.113486
5,266,2422,0.109037
5,266,2422,0.114800
5,267,2423,0.113641
5,267,2423,0.111619
5,267,2423,0.118755
5,267,2423,0.111703
5,267,2423,0.110505
5,267,2423,0.112415
5,267,2423,0.112062
5,267,2423,0.109769
5,268,2424,0.110720
5,268,2424,0.110945
5,268,2424,0.112450
5,268,2424,0.111463
5,268,2424,0.114374
5,268,2424,0.112489
5,268,2424,0.113305
5,268,2424,0.114659
5,269,2425,0.110928
5,269,2425,0.111467
5,269,2425,0.114909
5,269,2425,0.112986
5,269,2425,0.109335
5,269,2425,0.111239
5,269,2425,0.109088
5,269,2425,0.112370
5,270,2426,0.113030
5,270,2426,0.111788
5,270,2426,0.112961
5,270,2426,0.113715
5,270,2426,0.113695
5,270,2426,0.112639
5,270,2426,0.111861
5,270,2426,0.115281
5,271,2427,0.113348
5,271,2427,0.111785
5,271,2427,0.114708
5,271,2427,0.110153
5,271,2427,0.110599
5,271,2427,0.111531
5,271,2427,0.115067
5,271,2427,0.110219
5,272,2428,0.113141
5,272,2428,0.110510
5,272,2428,0.111490
5,272,2428,0.115630
5,272,2428,0.119351
5,272,2428,0.115024
5,272,2428,0.110259
5,272,2428,0.110943
5,273,2429,0.111725
5,273,2429,0.115242
5,273,2429,0.114974
5,273,2429,0.109950
5,273,2429,0.113252
5,273,2429,0.111223
5,273,2429,0.116156
5,273,2429,0.115597
5,274,2430,0.110675
5,274,2430,0.114267
5,274,2430,0.111227
5,274,2430,0.110812
5,274,2430,0.113876
5,274,2430,0.110414
5,274,2430,0.114297
5,274,2430,0.109877
5,275,2431,0.115215
5,275,2431,0.111618
5,275,2431,0.111773
5,275,2431,0.112177
5,275,2431,0.112727
5,275,2431,0.109746
5,275,2431,0.113165
5,275,2431,0.112257
5,276,2432,0.117900
5,276,2432,0.112744
5,276,2432,0.109103
5,276,2432,0.109727
5,276,2432,0.112014
5,276,2432,0.113221
5,276,2432,0.110551
5,276,2432,0.112137
5,277,2433,0.118996
5,277,2433,0.111169
5,277,2433,0.112429
5,277,2433,0.115005
5,277,2433,0.114198
5,277,2433,0.115319
5,277,2433,0.114091
5,277,2433,0.110923
5,278,2434,0.111308
5,278,2434,0.112245
5,278,2434,0.114987
5,278,2434,0.113600
5,278,2434,0.114087
5,278,2434,0.114190
5,278,2434,0.113531
5,278,2434,0.113638
5,279,2435,0.115881
5,279,2435,0.112473
5,279,2435,0.113091
5,279,2435,0.109949
5,279,2435,0.111932
5,279,2435,0.111405
5,279,2435,0.113992
5,279,2435,0.110549
5,280,2436,0.112643
5,280,2436,0.111768
5,280,2436,0.113853
5,280,2436,0.114223
5,280,2436,0.110124
5,280,2436,0.111332
5,280,2436,0.114629
5,280,2436,0.113213
5,281,2437,0.113328
5,281,2437,0.115980
5,281,2437,0.110457
5,281,2437,0.115172
5,281,2437,0.113387
5,281,2437,0.113362
5,281,2437,0.115131
5,281,2437,0.121674
5,282,2438,0.113066
5,282,2438,0.115123
5,282,2438,0.110437
5,282,2438,0.112744
5,282,2438,0.122904
5,282,2438,0.114188
5,282,2438,0.112299
5,282,2438,0.111167
5,283,2439,0.110422
5,283,2439,0.112869
5,283,2439,0.111479
5,283,2439,0.114446
5,283,2439,0.113323
5,283,2439,0.111630
5,283,2439,0.113873
5,283,2439,0.109101
5,284,2440,0.115055
5,284,2440,0.113807
5,284,2440,0.113667
5,284,2440,0.108686
5,284,2440,0.113584
5,284,2440,0.114434
5,284,2440,0.112967
5,284,2440,0.112097
5,285,2441,0.111417
5,285,2441,0.112069
5,285,2441,0.112187
5,285,2441,0.113828
5,285,2441,0.111255
5,285,2441,0.115700
5,285,2441,0.118057
5,285,2441,0.111055
5,286,2442,0.116219
5,286,2442,0.118378
5,286,2442,0.112705
5,286,2442,0.111345
5,286,2442,0.110441
5,286,2442,0.112930
5,286,2442,0.108865
5,286,2442,0.112348
5,287,2443,0.112307
5,287,2443,0.114978
5,287,2443,0.116701
5,287,2443,0.111485
5,287,2443,0.114886
5,287,2443,0.112440
5,287,2443,0.110352
5,287,2443,0.112664
5,288,2444,0.123119
5,288,2444,0.113018
5,288,2444,0.111147
5,288,2444,0.114240
5,288,2444,0.115088
5,288,2444,0.109593
5,288,2444,0.113515
5,288,2444,0.114946
5,289,2445,0.111464
5,289,2445,0.113381
5,289,2445,0.119434
5,289,2445,0.117905
5,289,2445,0.111014
5,289,2445,0.112944
5,289,2445,0.113943
5,289,2445,0.110020
5,290,2446,0.115291
5,290,2446,0.111457
5,290,2446,0.111989
5,290,2446,0.114152
5,290,2446,0.113809
5,290,2446,0.110426
5,290,2446,0.111129
5,290,2446,0.114232
5,291,2447,0.110131
5,291,2447,0.110971
5,291,2447,0.113843
5,291,2447,0.115416
5,291,2447,0.112019
5,291,2447,0.114839
5,291,2447,0.111492
5,291,2447,0.114435
5,292,2448,0.112690
5,292,2448,0.113130
5,292,2448,0.112437
5,292,2448,0.114463
5,292,2448,0.110357
5,292,2448,0.113755
5,292,2448,0.111825
5,292,2448,0.112219
5,293,2449,0.112904
5,293,2449,0.109225
5,293,2449,0.116848
5,293,2449,0.108241
5,293,2449,0.110384
5,293,2449,0.112703
5,293,2449,0.114676
5,293,2449,0.114381
5,294,2450,0.113413
5,294,2450,0.111555
5,294,2450,0.112775
5,294,2450,0.110672
5,294,2450,0.112597
5,294,2450,0.114638
5,294,2450,0.112461
5,294,2450,0.111723
5,295,2451,0.113667
5,295,2451,0.112908
5,295,2451,0.110658
5,295,2451,0.112045
5,295,2451,0.113512
5,295,2451,0.114636
5,295,2451,0.111239
5,295,2451,0.110806
5,296,2452,0.111878
5,296,2452,0.112275
5,296,2452,0.111657
5,296,2452,0.110784
5,296,2452,0.109185
5,296,2452,0.110464
5,296,2452,0.110155
5,296,2452,0.111569
5,297,2453,0.111063
5,297,2453,0.110682
5,297,2453,0.111641
5,297,2453,0.112826
5,297,2453,0.111692
5,297,2453,0.114433
5,297,2453,0.110405
5,297,2453,0.111637
5,298,2454,0.115260
5,298,2454,0.112478
5,298,2454,0.114666
5,298,2454,0.115755
5,298,2454,0.113818
5,298,2454,0.114682
5,298,2454,0.111764
5,298,2454,0.114188
5,299,2455,0.115448
5,299,2455,0.115194
5,299,2455,0.115315
5,299,2455,0.111342
5,299,2455,0.111324
5,299,2455,0.113042
5,299,2455,0.111388
5,299,2455,0.109641
5,300,2456,0.112489
5,300,2456,0.113102
5,300,2456,0.110856
5,300,2456,0.112867
5,300,2456,0.111860
5,300,2456,0.116034
5,300,2456,0.111499
5,300,2456,0.112273
5,301,2457,0.109607
5,301,2457,0.110268
5,301,2457,0.111918
5,301,2457,0.110897
5,301,2457,0.113625
5,301,2457,0.111576
5,301,2457,0.110756
5,301,2457,0.111990
5,302,2458,0.114111
5,302,2458,0.117175
5,302,2458,0.112262
5,302,2458,0.117714
5,302,2458,0.110460
5,302,2458,0.111036
5,302,2458,0.110564
5,302,2458,0.114871
5,303,2459,0.108676
5,303,2459,0.109123
5,303,2459,0.112512
5,303,2459,0.110933
5,303,2459,0.112611
5,303,2459,0.117813
5,303,2459,0.109291
5,303,2459,0.112848
5,304,2460,0.114323
5,304,2460,0.111215
5,304,2460,0.110914
5,304,2460,0.114934
5,304,2460,0.111443
5,304,2460,0.114039
5,304,2460,0.114483
5,304,2460,0.110202
5,305,2461,0.110680
5,305,2461,0.111923
5,305,2461,0.111551
5,305,2461,0.113936
5,305,2461,0.109821
5,305,2461,0.115650
5,305,2461,0.111432
5,305,2461,0.115626
5,306,2462,0.115855
5,306,2462,0.109358
5,306,2462,0.109574
5,306,2462,0.112039
5,306,2462,0.110807
5,306,2462,0.111075
5,306,2462,0.112334
5,306,2462,0.110850
5,307,2463,0.111868
5,307,2463,0.115406
5,307,2463,0.113601
5,307,2463,0.114048
5,307,2463,0.112037
5,307,2463,0.119346
5,307,2463,0.110885
5,307,2463,0.112036
5,308,2464,0.108513
5,308,2464,0.112869
5,308,2464,0.111328
5,308,2464,0.112240
5,308,2464,0.111944
5,308,2464,0.109589
5,308,2464,0.113205
5,308,2464,0.115820
5,309,2465,0.111455
5,309,2465,0.113802
5,309,2465,0.117842
5,309,2465,0.112389
5,309,2465,0.117896
5,309,2465,0.113057
5,309,2465,0.114703
5,309,2465,0.110545
5,310,2466,0.115018
5,310,2466,0.109933
5,310,2466,0.114460
5,310,2466,0.113049
5,310,2466,0.114280
5,310,2466,0.113968
5,310,2466,0.114352
5,310,2466,0.111099
5,311,2467,0.110816
5,311,2467,0.112861
5,311,2467,0.111698
5,311,2467,0.120300
5,311,2467,0.110138
5,311,2467,0.116246
5,311,2467,0.108727
5,311,2467,0.111272
5,312,2468,0.115575
5,312,2468,0.110870
5,312,2468,0.116419
5,312,2468,0.114675
5,312,2468,0.110367
5,312,2468,0.114136
5,312,2468,0.113151
5,312,2468,0.114093
5,313,2469,0.118141
5,313,2469,0.114117
5,313,2469,0.114714
5,313,2469,0.109763
5,313,2469,0.115255
5,313,2469,0.115208
5,313,2469,0.111140
5,313,2469,0.115191
5,314,2470,0.112730
5,314,2470,0.115033
5,314,2470,0.117410
5,314,2470,0.112817
5,314,2470,0.110558
5,314,2470,0.113126
5,314,2470,0.109715
5,314,2470,0.112236
5,315,2471,0.112172
5,315,2471,0.112500
5,315,2471,0.112412
5,315,2471,0.114570
5,315,2471,0.112141
5,315,2471,0.111313
5,315,2471,0.109236
5,315,2471,0.113992
5,316,2472,0.113110
5,316,2472,0.111446
5,316,2472,0.113486
5,316,2472,0.112469
5,316,2472,0.113083
5,316,2472,0.110671
5,316,2472,0.115697
5,316,2472,0.113281
5,317,2473,0.113115
5,317,2473,0.109106
5,317,2473,0.111070
5,317,2473,0.113743
5,317,2473,0.112235
5,317,2473,0.114473
5,317,2473,0.110842
5,317,2473,0.110269
5,318,2474,0.110404
5,318,2474,0.113215
5,318,2474,0.109547
5,318,2474,0.113464
5,318,2474,0.112328
5,318,2474,0.111410
5,318,2474,0.113256
5,318,2474,0.111291
5,319,2475,0.110452
5,319,2475,0.110542
5,319,2475,0.114181
5,319,2475,0.112817
5,319,2475,0.113784
5,319,2475,0.111830
5,319,2475,0.109942
5,319,2475,0.111607
5,320,2476,0.121153
5,320,2476,0.110212
5,320,2476,0.115053
5,320,2476,0.110192
5,320,2476,0.111883
5,320,2476,0.112773
5,320,2476,0.114325
5,320,2476,0.116149
5,321,2477,0.113206
5,321,2477,0.108969
5,321,2477,0.109260
5,321,2477,0.110533
5,321,2477,0.108483
5,321,2477,0.116786
5,321,2477,0.116763
5,321,2477,0.117673
5,322,2478,0.113333
5,322,2478,0.116035
5,322,2478,0.112562
5,322,2478,0.113374
5,322,2478,0.114330
5,322,2478,0.116205
5,322,2478,0.110539
5,322,2478,0.112249
5,323,2479,0.114849
5,323,2479,0.110966
5,323,2479,0.113673
5,323,2479,0.115896
5,323,2479,0.111024
5,323,2479,0.111693
5,323,2479,0.110021
5,323,2479,0.113344
5,324,2480,0.111038
5,324,2480,0.113943
5,324,2480,0.108868
5,324,2480,0.112661
5,324,2480,0.112144
5,324,2480,0.112282
5,324,2480,0.109174
5,324,2480,0.112424
5,325,2481,0.109800
5,325,2481,0.114539
5,325,2481,0.112383
5,325,2481,0.112198
5,325,2481,0.114842
5,325,2481,0.110549
5,325,2481,0.113457
5,325,2481,0.114259
5,326,2482,0.112859
5,326,2482,0.112936
5,326,2482,0.113023
5,326,2482,0.109644
5,326,2482,0.111977
5,326,2482,0.115897
5,326,2482,0.112172
5,326,2482,0.113250
5,327,2483,0.112631
5,327,2483,0.110575
5,327,2483,0.111734
5,327,2483,0.112148
5,327,2483,0.111939
5,327,2483,0.114816
5,327,2483,0.115658
5,327,2483,0.108595
5,328,2484,0.111432
5,328,2484,0.110947
5,328,2484,0.110860
5,328,2484,0.112298
5,328,2484,0.112575
5,328,2484,0.110117
5,328,2484,0.112509
5,328,2484,0.114133
5,329,2485,0.113369
5,329,2485,0.111707
5,329,2485,0.112146
5,329,2485,0.112128
5,329,2485,0.111687
5,329,2485,0.119992
5,329,2485,0.111382
5,329,2485,0.114918
5,330,2486,0.113420
5,330,2486,0.111867
5,330,2486,0.112503
5,330,2486,0.111378
5,330,2486,0.114770
5,330,2486,0.112495
5,330,2486,0.110521
5,330,2486,0.111724
5,331,2487,0.115787
5,331,2487,0.114261
5,331,2487,0.113653
5,331,2487,0.112242
5,331,2487,0.111471
5,331,2487,0.107107
5,331,2487,0.115120
5,331,2487,0.112473
5,332,2488,0.112325
5,332,2488,0.110638
5,332,2488,0.111896
5,332,2488,0.112221
5,332,2488,0.112504
5,332,2488,0.115133
5,332,2488,0.112207
5,332,2488,0.111313
5,333,2489,0.111859
5,333,2489,0.110906
5,333,2489,0.109787
5,333,2489,0.111625
5,333,2489,0.111779
5,333,2489,0.110558
5,333,2489,0.113755
5,333,2489,0.113689
5,334,2490,0.115266
5,334,2490,0.114680
5,334,2490,0.112766
5,334,2490,0.110944
5,334,2490,0.108670
5,334,2490,0.113740
5,334,2490,0.111981
5,334,2490,0.120657
5,335,2491,0.109806
5,335,2491,0.110550
5,335,2491,0.115189
5,335,2491,0.113655
5,335,2491,0.111663
5,335,2491,0.109991
5,335,2491,0.110643
5,335,2491,0.109914
5,336,2492,0.112731
5,336,2492,0.108818
5,336,2492,0.111985
5,336,2492,0.108637
5,336,2492,0.111946
5,336,2492,0.111365
5,336,2492,0.111937
5,336,2492,0.110629
5,337,2493,0.115573
5,337,2493,0.112953
5,337,2493,0.110693
5,337,2493,0.112686
5,337,2493,0.114297
5,337,2493,0.108314
5,337,2493,0.115606
5,337,2493,0.111337
5,338,2494,0.111098
5,338,2494,0.110457
5,338,2494,0.109709
5,338,2494,0.114632
5,338,2494,0.110437
5,338,2494,0.110750
5,338,2494,0.111886
5,338,2494,0.112517
5,339,2495,0.109022
5,339,2495,0.111349
5,339,2495,0.111348
5,339,2495,0.114846
5,339,2495,0.119796
5,339,2495,0.112184
5,339,2495,0.111350
5,339,2495,0.113232
5,340,2496,0.113735
5,340,2496,0.111937
5,340,2496,0.112813
5,340,2496,0.114558
5,340,2496,0.113925
5,340,2496,0.111664
5,340,2496,0.111656
5,340,2496,0.111361
5,341,2497,0.112935
5,341,2497,0.111175
5,341,2497,0.115677
5,341,2497,0.117567
5,341,2497,0.110766
5,341,2497,0.109532
5,341,2497,0.113542
5,341,2497,0.112539
5,342,2498,0.118506
5,342,2498,0.111606
5,342,2498,0.111914
5,342,2498,0.112655
5,342,2498,0.113542
5,342,2498,0.116226
5,342,2498,0.110900
5,342,2498,0.115114
5,343,2499,0.112633
5,343,2499,0.111547
5,343,2499,0.111526
5,343,2499,0.116326
5,343,2499,0.111690
5,343,2499,0.115101
5,343,2499,0.118375
5,343,2499,0.110444
5,344,2500,0.110924
5,344,2500,0.110454
5,344,2500,0.112318
5,344,2500,0.112352
5,344,2500,0.114743
5,344,2500,0.111628
5,344,2500,0.113531
5,344,2500,0.112720
5,345,2501,0.111537
5,345,2501,0.108925
5,345,2501,0.111297
5,345,2501,0.108708
5,345,2501,0.108895
5,345,2501,0.115153
5,345,2501,0.117465
5,345,2501,0.112627
5,346,2502,0.110207
5,346,2502,0.115603
5,346,2502,0.110635
5,346,2502,0.112545
5,346,2502,0.117006
5,346,2502,0.113620
5,346,2502,0.110557
5,346,2502,0.111389
5,347,2503,0.112951
5,347,2503,0.111676
5,347,2503,0.114076
5,347,2503,0.112139
5,347,2503,0.113592
5,347,2503,0.109491
5,347,2503,0.111218
5,347,2503,0.112294
5,348,2504,0.112447
5,348,2504,0.112383
5,348,2504,0.111599
5,348,2504,0.113759
5,348,2504,0.109076
5,348,2504,0.116147
5,348,2504,0.112441
5,348,2504,0.111457
5,349,2505,0.112169
5,349,2505,0.109387
5,349,2505,0.115247
5,349,2505,0.111408
5,349,2505,0.111928
5,349,2505,0.114142
5,349,2505,0.111236
5,349,2505,0.109897
5,350,2506,0.112057
5,350,2506,0.113761
5,350,2506,0.111674
5,350,2506,0.112439
5,350,2506,0.112023
5,350,2506,0.111212
5,350,2506,0.113068
5,350,2506,0.116223
5,351,2507,0.114208
5,351,2507,0.112201
5,351,2507,0.110116
5,351,2507,0.110999
5,351,2507,0.111070
5,351,2507,0.110109
5,351,2507,0.114184
5,351,2507,0.111005
5,352,2508,0.110295
5,352,2508,0.112431
5,352,2508,0.115481
5,352,2508,0.112379
5,352,2508,0.112327
5,352,2508,0.112643
5,352,2508,0.113269
5,352,2508,0.109419
5,353,2509,0.108950
5,353,2509,0.114419
5,353,2509,0.108728
5,353,2509,0.117013
5,353,2509,0.115229
5,353,2509,0.111839
5,353,2509,0.112245
5,353,2509,0.110871
5,354,2510,0.108970
5,354,2510,0.112861
5,354,2510,0.114669
5,354,2510,0.113460
5,354,2510,0.113483
5,354,2510,0.111820
5,354,2510,0.111607
5,354,2510,0.108933
5,355,2511,0.115370
5,355,2511,0.112042
5,355,2511,0.114505
5,355,2511,0.114056
5,355,2511,0.116775
5,355,2511,0.116454
5,355,2511,0.110604
5,355,2511,0.116686
5,356,2512,0.114815
5,356,2512,0.112113
5,356,2512,0.112494
5,356,2512,0.112737
5,356,2512,0.115043
5,356,2512,0.116784
5,356,2512,0.116124
5,356,2512,0.114532
5,357,2513,0.111565
5,357,2513,0.115973
5,357,2513,0.110196
5,357,2513,0.112836
5,357,2513,0.109201
5,357,2513,0.113793
5,357,2513,0.117952
5,357,2513,0.112274
5,358,2514,0.112768
5,358,2514,0.112509
5,358,2514,0.111637
5,358,2514,0.119141
5,358,2514,0.109572
5,358,2514,0.112884
5,358,2514,0.112683
5,358,2514,0.109485
5,359,2515,0.113724
5,359,2515,0.112430
5,359,2515,0.111490
5,359,2515,0.110299
5,359,2515,0.110080
5,359,2515,0.109487
5,359,2515,0.112328
5,359,2515,0.111795
5,360,2516,0.111250
5,360,2516,0.112950
5,360,2516,0.111399
5,360,2516,0.113329
5,360,2516,0.113209
5,360,2516,0.111371
5,360,2516,0.117810
5,360,2516,0.110706
5,361,2517,0.113353
5,361,2517,0.110790
5,361,2517,0.112461
5,361,2517,0.111289
5,361,2517,0.113006
5,361,2517,0.107185
5,361,2517,0.115622
5,361,2517,0.110335
5,362,2518,0.113790
5,362,2518,0.110782
5,362,2518,0.114074
5,362,2518,0.111273
5,362,2518,0.111157
5,362,2518,0.115466
5,362,2518,0.111455
5,362,2518,0.118092
5,363,2519,0.112434
5,363,2519,0.109805
5,363,2519,0.109758
5,363,2519,0.110371
5,363,2519,0.113185
5,363,2519,0.111724
5,363,2519,0.119153
5,363,2519,0.112303
5,364,2520,0.115930
5,364,2520,0.112743
5,364,2520,0.111906
5,364,2520,0.117976
5,364,2520,0.112213
5,364,2520,0.116118
5,364,2520,0.112486
5,364,2520,0.114360
5,365,2521,0.113624
5,365,2521,0.111692
5,365,2521,0.112887
5,365,2521,0.112423
5,365,2521,0.111425
5,365,2521,0.115169
5,365,2521,0.112788
5,365,2521,0.113666
5,366,2522,0.110751
5,366,2522,0.112656
5,366,2522,0.110124
5,366,2522,0.112326
5,366,2522,0.110419
5,366,2522,0.115919
5,366,2522,0.111053
5,366,2522,0.114706
5,367,2523,0.113609
5,367,2523,0.113355
5,367,2523,0.114992
5,367,2523,0.120387
5,367,2523,0.112180
5,367,2523,0.116218
5,367,2523,0.110659
5,367,2523,0.113933
5,368,2524,0.110286
5,368,2524,0.113472
5,368,2524,0.113295
5,368,2524,0.112636
5,368,2524,0.112755
5,368,2524,0.115390
5,368,2524,0.110932
5,368,2524,0.111546
5,369,2525,0.115810
5,369,2525,0.112631
5,369,2525,0.110936
5,369,2525,0.113305
5,369,2525,0.113079
5,369,2525,0.112202
5,369,2525,0.115511
5,369,2525,0.112435
5,370,2526,0.114291
5,370,2526,0.112123
5,370,2526,0.112828
5,370,2526,0.112599
5,370,2526,0.112288
5,370,2526,0.120038
5,370,2526,0.118797
5,370,2526,0.112107
5,371,2527,0.114814
5,371,2527,0.115785
5,371,2527,0.114094
5,371,2527,0.111229
5,371,2527,0.115950
5,371,2527,0.115869
5,371,2527,0.119406
5,371,2527,0.110971
5,372,2528,0.110635
5,372,2528,0.114596
5,372,2528,0.112877
5,372,2528,0.110637
5,372,2528,0.112422
5,372,2528,0.111300
5,372,2528,0.113793
5,372,2528,0.118093
5,373,2529,0.115237
5,373,2529,0.111624
5,373,2529,0.109208
5,373,2529,0.111563
5,373,2529,0.111005
5,373,2529,0.111516
5,373,2529,0.111743
5,373,2529,0.112214
5,374,2530,0.114169
5,374,2530,0.111125
5,374,2530,0.114388
5,374,2530,0.112011
5,374,2530,0.112186
5,374,2530,0.112442
5,374,2530,0.110585
5,374,2530,0.114679
5,375,2531,0.113425
5,375,2531,0.115724
5,375,2531,0.114205
5,375,2531,0.111696
5,375,2531,0.111138
5,375,2531,0.111791
5,375,2531,0.113698
5,375,2531,0.117307
5,376,2532,0.115172
5,376,2532,0.110592
5,376,2532,0.114102
5,376,2532,0.111323
5,376,2532,0.113040
5,376,2532,0.111677
5,376,2532,0.110933
5,376,2532,0.111878
5,377,2533,0.111532
5,377,2533,0.110208
5,377,2533,0.119375
5,377,2533,0.112481
5,377,2533,0.114139
5,377,2533,0.112250
5,377,2533,0.113792
5,377,2533,0.112825
5,378,2534,0.113369
5,378,2534,0.117780
5,378,2534,0.112861
5,378,2534,0.112297
5,378,2534,0.112795
5,378,2534,0.109311
5,378,2534,0.115834
5,378,2534,0.112396
5,379,2535,0.112635
5,379,2535,0.110524
5,379,2535,0.111917
5,379,2535,0.111125
5,379,2535,0.110306
5,379,2535,0.113415
5,379,2535,0.113832
5,379,2535,0.110987
5,380,2536,0.114428
5,380,2536,0.119196
5,380,2536,0.113016
5,380,2536,0.113430
5,380,2536,0.111055
5,380,2536,0.116531
5,380,2536,0.111652
5,380,2536,0.109338
5,381,2537,0.112784
5,381,2537,0.110962
5,381,2537,0.114436
5,381,2537,0.110050
5,381,2537,0.114682
5,381,2537,0.118573
5,381,2537,0.115824
5,381,2537,0.111428
5,382,2538,0.109815
5,382,2538,0.113268
5,382,2538,0.113990
5,382,2538,0.110414
5,382,2538,0.116325
5,382,2538,0.108135
5,382,2538,0.111501
5,382,2538,0.113061
5,383,2539,0.111555
5,383,2539,0.112022
5,383,2539,0.110633
5,383,2539,0.110963
5,383,2539,0.111681
5,383,2539,0.111259
5,383,2539,0.116406
5,383,2539,0.112890
5,384,2540,0.110348
5,384,2540,0.110197
5,384,2540,0.111553
5,384,2540,0.113077
5,384,2540,0.114125
5,384,2540,0.112831
5,384,2540,0.112627
5,384,2540,0.113155
5,385,2541,0.112254
5,385,2541,0.110017
5,385,2541,0.111968
5,385,2541,0.110484
5,385,2541,0.113357
5,385,2541,0.114623
5,385,2541,0.112488
5,385,2541,0.113284
5,386,2542,0.114635
5,386,2542,0.109179
5,386,2542,0.110135
5,386,2542,0.109457
5,386,2542,0.113809
5,386,2542,0.112399
5,386,2542,0.108520
5,386,2542,0.112205
5,387,2543,0.109052
5,387,2543,0.114124
5,387,2543,0.119350
5,387,2543,0.108980
5,387,2543,0.111710
5,387,2543,0.116820
5,387,2543,0.109737
5,387,2543,0.109068
5,388,2544,0.112187
5,388,2544,0.111984
5,388,2544,0.110355
5,388,2544,0.111199
5,388,2544,0.110117
5,388,2544,0.113819
5,388,2544,0.112607
5,388,2544,0.110644
5,389,2545,0.111293
5,389,2545,0.113869
5,389,2545,0.113879
5,389,2545,0.113055
5,389,2545,0.106886
5,389,2545,0.110420
5,389,2545,0.112900
5,389,2545,0.110403
5,390,2546,0.113355
5,390,2546,0.112063
5,390,2546,0.109748
5,390,2546,0.111407
5,390,2546,0.113555
5,390,2546,0.108377
5,390,2546,0.112503
5,390,2546,0.112626
5,391,2547,0.113853
5,391,2547,0.115286
5,391,2547,0.110634
5,391,2547,0.110342
5,391,2547,0.114183
5,391,2547,0.111507
5,391,2547,0.108457
5,391,2547,0.116456
5,392,2548,0.115428
5,392,2548,0.108494
5,392,2548,0.111871
5,392,2548,0.107838
5,392,2548,0.111843
5,392,2548,0.116201
5,392,2548,0.117010
5,392,2548,0.110908
5,393,2549,0.110786
5,393,2549,0.118423
5,393,2549,0.111958
5,393,2549,0.111260
5,393,2549,0.114749
5,393,2549,0.114792
5,393,2549,0.112842
5,393,2549,0.110060
5,394,2550,0.112181
5,394,2550,0.112052
5,394,2550,0.111535
5,394,2550,0.114242
5,394,2550,0.113679
5,394,2550,0.114073
5,394,2550,0.109983
5,394,2550,0.111138
5,395,2551,0.114017
5,395,2551,0.115106
5,395,2551,0.118344
5,395,2551,0.109838
5,395,2551,0.109726
5,395,2551,0.110639
5,395,2551,0.112952
5,395,2551,0.114176
5,396,2552,0.112861
5,396,2552,0.119711
5,396,2552,0.111391
5,396,2552,0.107917
5,396,2552,0.108763
5,396,2552,0.116837
5,396,2552,0.112643
5,396,2552,0.110418
5,397,2553,0.109633
5,397,2553,0.118102
5,397,2553,0.110960
5,397,2553,0.109970
5,397,2553,0.111716
5,397,2553,0.114526
5,397,2553,0.115538
5,397,2553,0.113104
5,398,2554,0.117538
5,398,2554,0.112054
5,398,2554,0.116076
5,398,2554,0.111637
5,398,2554,0.110102
5,398,2554,0.112357
5,398,2554,0.114484
5,398,2554,0.111250
5,399,2555,0.111160
5,399,2555,0.115208
5,399,2555,0.114716
5,399,2555,0.115594
5,399,2555,0.108318
5,399,2555,0.108298
5,399,2555,0.110958
5,399,2555,0.112677
5,400,2556,0.111290
5,400,2556,0.110320
5,400,2556,0.111014
5,400,2556,0.110163
5,400,2556,0.113040
5,400,2556,0.113325
5,400,2556,0.113662
5,400,2556,0.113652
5,401,2557,0.115435
5,401,2557,0.115163
5,401,2557,0.114806
5,401,2557,0.113536
5,401,2557,0.110706
5,401,2557,0.111392
5,401,2557,0.112094
5,401,2557,0.113468
5,402,2558,0.111060
5,402,2558,0.111653
5,402,2558,0.108757
5,402,2558,0.109767
5,402,2558,0.111899
5,402,2558,0.113665
5,402,2558,0.117742
5,402,2558,0.113313
5,403,2559,0.113071
5,403,2559,0.109190
5,403,2559,0.114299
5,403,2559,0.111350
5,403,2559,0.116685
5,403,2559,0.111873
5,403,2559,0.110300
5,403,2559,0.113319
5,404,2560,0.110559
5,404,2560,0.111609
5,404,2560,0.115786
5,404,2560,0.116765
5,404,2560,0.112455
5,404,2560,0.115665
5,404,2560,0.110599
5,404,2560,0.114045
5,405,2561,0.110018
5,405,2561,0.112144
5,405,2561,0.109956
5,405,2561,0.110049
5,405,2561,0.111042
5,405,2561,0.111370
5,405,2561,0.112508
5,405,2561,0.113181
5,406,2562,0.111053
5,406,2562,0.110778
5,406,2562,0.113163
5,406,2562,0.110494
5,406,2562,0.109242
5,406,2562,0.112800
5,406,2562,0.108744
5,406,2562,0.110769
5,407,2563,0.108386
5,407,2563,0.110947
5,407,2563,0.108992
5,407,2563,0.114078
5,407,2563,0.111819
5,407,2563,0.112913
5,407,2563,0.111349
5,407,2563,0.118040
5,408,2564,0.112427
5,408,2564,0.110211
5,408,2564,0.109284
5,408,2564,0.108994
5,408,2564,0.110866
5,408,2564,0.110579
5,408,2564,0.111134
5,408,2564,0.114000
5,409,2565,0.114274
5,409,2565,0.110068
5,409,2565,0.113435
5,409,2565,0.112239
5,409,2565,0.113366
5,409,2565,0.113826
5,409,2565,0.109377
5,409,2565,0.111853
5,410,2566,0.113296
5,410,2566,0.113268
5,410,2566,0.110720
5,410,2566,0.117674
5,410,2566,0.106041
5,410,2566,0.112803
5,410,2566,0.112178
5,410,2566,0.113841
5,411,2567,0.110658
5,411,2567,0.115739
5,411,2567,0.108172
5,411,2567,0.110765
5,411,2567,0.111247
5,411,2567,0.111156
5,411,2567,0.116971
5,411,2567,0.109335
5,412,2568,0.115196
5,412,2568,0.110406
5,412,2568,0.116723
5,412,2568,0.115206
5,412,2568,0.110101
5,412,2568,0.109858
5,412,2568,0.110663
5,412,2568,0.109969
5,413,2569,0.114134
5,413,2569,0.112518
5,413,2569,0.114578
5,413,2569,0.113845
5,413,2569,0.113935
5,413,2569,0.111078
5,413,2569,0.111496
5,413,2569,0.113502
5,414,2570,0.110572
5,414,2570,0.111596
5,414,2570,0.108187
5,414,2570,0.111092
5,414,2570,0.112821
5,414,2570,0.112539
5,414,2570,0.110797
5,414,2570,0.114015
5,415,2571,0.113047
5,415,2571,0.111426
5,415,2571,0.112383
5,415,2571,0.109870
5,415,2571,0.111474
5,415,2571,0.110059
5,415,2571,0.111726
5,415,2571,0.108698
5,416,2572,0.114410
5,416,2572,0.109583
5,416,2572,0.111041
5,416,2572,0.113899
5,416,2572,0.110404
5,416,2572,0.110983
5,416,2572,0.111981
5,416,2572,0.110620
5,417,2573,0.113018
5,417,2573,0.109880
5,417,2573,0.111371
5,417,2573,0.109782
5,417,2573,0.110107
5,417,2573,0.111767
5,417,2573,0.114683
5,417,2573,0.111240
5,418,2574,0.111598
5,418,2574,0.110129
5,418,2574,0.113846
5,418,2574,0.109389
5,418,2574,0.106611
5,418,2574,0.115989
5,418,2574,0.117055
5,418,2574,0.111710
5,419,2575,0.112516
5,419,2575,0.112434
5,419,2575,0.112404
5,419,2575,0.109681
5,419,2575,0.113822
5,419,2575,0.113516
5,419,2575,0.109966
5,419,2575,0.112877
5,420,2576,0.107842
5,420,2576,0.111276
5,420,2576,0.110720
5,420,2576,0.111247
5,420,2576,0.111687
5,420,2576,0.113917
5,420,2576,0.115694
5,420,2576,0.112099
5,421,2577,0.108811
5,421,2577,0.111719
5,421,2577,0.110764
5,421,2577,0.108745
5,421,2577,0.110736
5,421,2577,0.115803
5,421,2577,0.111738
5,421,2577,0.110345
5,422,2578,0.111452
5,422,2578,0.109389
5,422,2578,0.107940
5,422,2578,0.109708
5,422,2578,0.107322
5,422,2578,0.115329
5,422,2578,0.110180
5,422,2578,0.110649
5,423,2579,0.110176
5,423,2579,0.109209
5,423,2579,0.113212
5,423,2579,0.111095
5,423,2579,0.113207
5,423,2579,0.113518
5,423,2579,0.112879
5,423,2579,0.110704
5,424,2580,0.114515
5,424,2580,0.112573
5,424,2580,0.110901
5,424,2580,0.114435
5,424,2580,0.111531
5,424,2580,0.112977
5,424,2580,0.112335
5,424,2580,0.111648
5,425,2581,0.113844
5,425,2581,0.114043
5,425,2581,0.108554
5,425,2581,0.114790
5,425,2581,0.114549
5,425,2581,0.112632
5,425,2581,0.111847
5,425,2581,0.112054
5,426,2582,0.116156
5,426,2582,0.113314
5,426,2582,0.113116
5,426,2582,0.111604
5,426,2582,0.106957
5,426,2582,0.112186
5,426,2582,0.113547
5,426,2582,0.112992
5,427,2583,0.114213
5,427,2583,0.111413
5,427,2583,0.109753
5,427,2583,0.111388
5,427,2583,0.110089
5,427,2583,0.112122
5,427,2583,0.113177
5,427,2583,0.111431
5,428,2584,0.117775
5,428,2584,0.110223
5,428,2584,0.112539
5,428,2584,0.112706
5,428,2584,0.111255
5,428,2584,0.116235
5,428,2584,0.112467
5,428,2584,0.110365
5,429,2585,0.114559
5,429,2585,0.111125
5,429,2585,0.110136
5,429,2585,0.110506
5,429,2585,0.112877
5,429,2585,0.109660
5,429,2585,0.113093
5,429,2585,0.115223
5,430,2586,0.113220
5,430,2586,0.112730
5,430,2586,0.113787
5,430,2586,0.117628
5,430,2586,0.113057
5,430,2586,0.112059
5,430,2586,0.116296
5,430,2586,0.110282
5,431,2587,0.111285
5,431,2587,0.114886
5,431,2587,0.112307
5,431,2587,0.110906
5,431,2587,0.113516
5,431,2587,0.109190
5,431,2587,0.112527
5,431,2587,0.111330
5,432,2588,0.112357
5,432,2588,0.111798
5,432,2588,0.114350
5,432,2588,0.111257
5,432,2588,0.112761
5,432,2588,0.111122
5,432,2588,0.110595
5,432,2588,0.109715
5,433,2589,0.112734
5,433,2589,0.112550
5,433,2589,0.113224
5,433,2589,0.112544
5,433,2589,0.114144
5,433,2589,0.110311
5,433,2589,0.108302
5,433,2589,0.112741
5,434,2590,0.111842
5,434,2590,0.116939
5,434,2590,0.111882
5,434,2590,0.111662
5,434,2590,0.110944
5,434,2590,0.111057
5,434,2590,0.111881
5,434,2590,0.114468
5,435,2591,0.110978
5,435,2591,0.111479
5,435,2591,0.115252
5,435,2591,0.114153
5,435,2591,0.115658
5,435,2591,0.107880
5,435,2591,0.115582
5,435,2591,0.116559
5,436,2592,0.115241
5,436,2592,0.112224
5,436,2592,0.109760
5,436,2592,0.114479
5,436,2592,0.112315
5,436,2592,0.111621
5,436,2592,0.114986
5,436,2592,0.108115
5,437,2593,0.109046
5,437,2593,0.111610
5,437,2593,0.110997
5,437,2593,0.109965
5,437,2593,0.111246
5,437,2593,0.113805
5,437,2593,0.112596
5,437,2593,0.111884
5,438,2594,0.111226
5,438,2594,0.108508
5,438,2594,0.113727
5,438,2594,0.109597
5,438,2594,0.111955
5,438,2594,0.113022
5,438,2594,0.111954
5,438,2594,0.110954
5,439,2595,0.110070
5,439,2595,0.112149
5,439,2595,0.112435
5,439,2595,0.114524
5,439,2595,0.116939
5,439,2595,0.113781
5,439,2595,0.115144
5,439,2595,0.112251
5,440,2596,0.111486
5,440,2596,0.112520
5,440,2596,0.108196
5,440,2596,0.110831
5,440,2596,0.115409
5,440,2596,0.113002
5,440,2596,0.112638
5,440,2596,0.108326
5,441,2597,0.115577
5,441,2597,0.115586
5,441,2597,0.112750
5,441,2597,0.112905
5,441,2597,0.111658
5,441,2597,0.112611
5,441,2597,0.109425
5,441,2597,0.111315
5,442,2598,0.112936
5,442,2598,0.113739
5,442,2598,0.113724
5,442,2598,0.112098
5,442,2598,0.110918
5,442,2598,0.113725
5,442,2598,0.114139
5,442,2598,0.111952
5,443,2599,0.111846
5,443,2599,0.114436
5,443,2599,0.113548
5,443,2599,0.109013
5,443,2599,0.110074
5,443,2599,0.108983
5,443,2599,0.111129
5,443,2599,0.108128
5,444,2600,0.115152
5,444,2600,0.114295
5,444,2600,0.110979
5,444,2600,0.108708
5,444,2600,0.116150
5,444,2600,0.112302
5,444,2600,0.111171
5,444,2600,0.113823
5,445,2601,0.113592
5,445,2601,0.110018
5,445,2601,0.114681
5,445,2601,0.112016
5,445,2601,0.110981
5,445,2601,0.112617
5,445,2601,0.111050
5,445,2601,0.111546
5,446,2602,0.111542
5,446,2602,0.110314
5,446,2602,0.111252
5,446,2602,0.110929
5,446,2602,0.110927
5,446,2602,0.111121
5,446,2602,0.114449
5,446,2602,0.111849
5,447,2603,0.112338
5,447,2603,0.115360
5,447,2603,0.110286
5,447,2603,0.114222
5,447,2603,0.111323
5,447,2603,0.116748
5,447,2603,0.110603
5,447,2603,0.110737
5,448,2604,0.111874
5,448,2604,0.107321
5,448,2604,0.110466
5,448,2604,0.109753
5,448,2604,0.112298
5,448,2604,0.109456
5,448,2604,0.111925
5,448,2604,0.116904
5,449,2605,0.109896
5,449,2605,0.115739
5,449,2605,0.109864
5,449,2605,0.111281
5,449,2605,0.111512
5,449,2605,0.114039
5,449,2605,0.113869
5,449,2605,0.113536
5,450,2606,0.107867
5,450,2606,0.111336
5,450,2606,0.112483
5,450,2606,0.114092
5,450,2606,0.109336
5,450,2606,0.111204
5,450,2606,0.111513
5,450,2606,0.113935
5,451,2607,0.113445
5,451,2607,0.113837
5,451,2607,0.113991
5,451,2607,0.118276
5,451,2607,0.112017
5,451,2607,0.112818
5,451,2607,0.111930
5,451,2607,0.111837
5,452,2608,0.111892
5,452,2608,0.109202
5,452,2608,0.114953
5,452,2608,0.115666
5,452,2608,0.110396
5,452,2608,0.111510
5,452,2608,0.111439
5,452,2608,0.115573
5,453,2609,0.116698
5,453,2609,0.110423
5,453,2609,0.113479
5,453,2609,0.112459
5,453,2609,0.114805
5,453,2609,0.111894
5,453,2609,0.108476
5,453,2609,0.113874
5,454,2610,0.110249
5,454,2610,0.117859
5,454,2610,0.112969
5,454,2610,0.116570
5,454,2610,0.111591
5,454,2610,0.110818
5,454,2610,0.112338
5,454,2610,0.114474
5,455,2611,0.113063
5,455,2611,0.111880
5,455,2611,0.110273
5,455,2611,0.112874
5,455,2611,0.112057
5,455,2611,0.110301
5,455,2611,0.113617
5,455,2611,0.109136
5,456,2612,0.108077
5,456,2612,0.112850
5,456,2612,0.112142
5,456,2612,0.112082
5,456,2612,0.110548
5,456,2612,0.113459
5,456,2612,0.113428
5,456,2612,0.112066
5,457,2613,0.111488
5,457,2613,0.110531
5,457,2613,0.111872
5,457,2613,0.113070
5,457,2613,0.111021
5,457,2613,0.109989
5,457,2613,0.112699
5,457,2613,0.117467
5,458,2614,0.110659
5,458,2614,0.112858
5,458,2614,0.111982
5,458,2614,0.109614
5,458,2614,0.114216
5,458,2614,0.112026
5,458,2614,0.115464
5,458,2614,0.108252
5,459,2615,0.111286
5,459,2615,0.115331
5,459,2615,0.110811
5,459,2615,0.112475
5,459,2615,0.115162
5,459,2615,0.111385
5,459,2615,0.109719
5,459,2615,0.113026
5,460,2616,0.110920
5,460,2616,0.112162
5,460,2616,0.111529
5,460,2616,0.112048
5,460,2616,0.108643
5,460,2616,0.109244
5,460,2616,0.110279
5,460,2616,0.110451
5,461,2617,0.113114
5,461,2617,0.112886
5,461,2617,0.117775
5,461,2617,0.112444
5,461,2617,0.110373
5,461,2617,0.112159
5,461,2617,0.108981
5,461,2617,0.112252
5,462,2618,0.108871
5,462,2618,0.112676
5,462,2618,0.109850
5,462,2618,0.110496
5,462,2618,0.110299
5,462,2618,0.114302
5,462,2618,0.112362
5,462,2618,0.115370
5,463,2619,0.110646
5,463,2619,0.110201
5,463,2619,0.114077
5,463,2619,0.114987
5,463,2619,0.110109
5,463,2619,0.112162
5,463,2619,0.112692
5,463,2619,0.108780
5,464,2620,0.113455
5,464,2620,0.108827
5,464,2620,0.110722
5,464,2620,0.113780
5,464,2620,0.109851
5,464,2620,0.111785
5,464,2620,0.110787
5,464,2620,0.115315
5,465,2621,0.107392
5,465,2621,0.111898
5,465,2621,0.112422
5,465,2621,0.112042
5,465,2621,0.110235
5,465,2621,0.110134
5,465,2621,0.108409
5,465,2621,0.117353
5,466,2622,0.112847
5,466,2622,0.112455
5,466,2622,0.117490
5,466,2622,0.113266
5,466,2622,0.111435
5,466,2622,0.109582
5,466,2622,0.111495
5,466,2622,0.110489
5,467,2623,0.110874
5,467,2623,0.113146
5,467,2623,0.112959
5,467,2623,0.107174
5,467,2623,0.112830
5,467,2623,0.107684
5,467,2623,0.110176
5,467,2623,0.113043
5,468,2624,0.107794
5,468,2624,0.110565
5,468,2624,0.111763
5,468,2624,0.115223
5,468,2624,0.110207
5,468,2624,0.110927
5,468,2624,0.111890
5,468,2624,0.114954
5,469,2625,0.111033
5,469,2625,0.111551
5,469,2625,0.113221
5,469,2625,0.111792
5,469,2625,0.113414
5,469,2625,0.109765
5,469,2625,0.117534
5,469,2625,0.111859
5,470,2626,0.112503
5,470,2626,0.109276
5,470,2626,0.113829
5,470,2626,0.113643
5,470,2626,0.113435
5,470,2626,0.110786
5,470,2626,0.111999
5,470,2626,0.111859
5,471,2627,0.112563
5,471,2627,0.109420
5,471,2627,0.112884
5,471,2627,0.111954
5,471,2627,0.113466
5,471,2627,0.109958
5,471,2627,0.112953
5,471,2627,0.115873
5,472,2628,0.114270
5,472,2628,0.112568
5,472,2628,0.112488
5,472,2628,0.112305
5,472,2628,0.114228
5,472,2628,0.111704
5,472,2628,0.112750
5,472,2628,0.110763
5,473,2629,0.115477
5,473,2629,0.108046
5,473,2629,0.114067
5,473,2629,0.110721
5,473,2629,0.113217
5,473,2629,0.113449
5,473,2629,0.110847
5,473,2629,0.109268
5,474,2630,0.114551
5,474,2630,0.112251
5,474,2630,0.109417
5,474,2630,0.114312
5,474,2630,0.109078
5,474,2630,0.110850
5,474,2630,0.111143
5,474,2630,0.114197
5,475,2631,0.109845
5,475,2631,0.111929
5,475,2631,0.112623
5,475,2631,0.112967
5,475,2631,0.114970
5,475,2631,0.111301
5,475,2631,0.107167
5,475,2631,0.108658
5,476,2632,0.113132
5,476,2632,0.109743
5,476,2632,0.112666
5,476,2632,0.109616
5,476,2632,0.113595
5,476,2632,0.111333
5,476,2632,0.111201
5,476,2632,0.108144
5,477,2633,0.111673
5,477,2633,0.110330
5,477,2633,0.110306
5,477,2633,0.113008
5,477,2633,0.114454
5,477,2633,0.110035
5,477,2633,0.111848
5,477,2633,0.111249
5,478,2634,0.113160
5,478,2634,0.108861
5,478,2634,0.111839
5,478,2634,0.114472
5,478,2634,0.112469
5,478,2634,0.114261
5,478,2634,0.110240
5,478,2634,0.114462
5,479,2635,0.114520
5,479,2635,0.112096
5,479,2635,0.112814
5,479,2635,0.111087
5,479,2635,0.112970
5,479,2635,0.116706
5,479,2635,0.110621
5,479,2635,0.114374
5,480,2636,0.109886
5,480,2636,0.114949
5,480,2636,0.109055
5,480,2636,0.110799
5,480,2636,0.110961
5,480,2636,0.112039
5,480,2636,0.110288
5,480,2636,0.110579
5,481,2637,0.114118
5,481,2637,0.108842
5,481,2637,0.115575
5,481,2637,0.110999
5,481,2637,0.113037
5,481,2637,0.114329
5,481,2637,0.113631
5,481,2637,0.115268
5,482,2638,0.111366
5,482,2638,0.113244
5,482,2638,0.112814
5,482,2638,0.110110
5,482,2638,0.112645
5,482,2638,0.110749
5,482,2638,0.110174
5,482,2638,0.115369
5,483,2639,0.111218
5,483,2639,0.116522
5,483,2639,0.110510
5,483,2639,0.114505
5,483,2639,0.112629
5,483,2639,0.111741
5,483,2639,0.107255
5,483,2639,0.109411
5,484,2640,0.113727
5,484,2640,0.111153
5,484,2640,0.111151
5,484,2640,0.115401
5,484,2640,0.111433
5,484,2640,0.113033
5,484,2640,0.112940
5,484,2640,0.111690
5,485,2641,0.112097
5,485,2641,0.108930
5,485,2641,0.112845
5,485,2641,0.113688
5,485,2641,0.119533
5,485,2641,0.110000
5,485,2641,0.113557
5,485,2641,0.109327
5,486,2642,0.109661
5,486,2642,0.114879
5,486,2642,0.112254
5,486,2642,0.116760
5,486,2642,0.110666
5,486,2642,0.110744
5,486,2642,0.110391
5,486,2642,0.108945
5,487,2643,0.113056
5,487,2643,0.112091
5,487,2643,0.113322
5,487,2643,0.110247
5,487,2643,0.113994
5,487,2643,0.114409
5,487,2643,0.114188
5,487,2643,0.114571
5,488,2644,0.110429
5,488,2644,0.111362
5,488,2644,0.114703
5,488,2644,0.111648
5,488,2644,0.112181
5,488,2644,0.110454
5,488,2644,0.117995
5,488,2644,0.111317
5,489,2645,0.114878
5,489,2645,0.112835
5,489,2645,0.112309
5,489,2645,0.115237
5,489,2645,0.114184
5,489,2645,0.112886
5,489,2645,0.117988
5,489,2645,0.113103
5,490,2646,0.110409
5,490,2646,0.111626
5,490,2646,0.113372
5,490,2646,0.110942
5,490,2646,0.109741
5,490,2646,0.112074
5,490,2646,0.113795
5,490,2646,0.112817
5,491,2647,0.114400
5,491,2647,0.113294
5,491,2647,0.111798
5,491,2647,0.109884
5,491,2647,0.112153
5,491,2647,0.111543
5,491,2647,0.111765
5,491,2647,0.111469
5,492,2648,0.109623
5,492,2648,0.112357
5,492,2648,0.112605
5,492,2648,0.112796
5,492,2648,0.108785
5,492,2648,0.108989
5,492,2648,0.115014
5,492,2648,0.110600
5,493,2649,0.110269
5,493,2649,0.111769
5,493,2649,0.111953
5,493,2649,0.110793
5,493,2649,0.117682
5,493,2649,0.114504
5,493,2649,0.113289
5,493,2649,0.112381
5,494,2650,0.110677
5,494,2650,0.115903
5,494,2650,0.117950
5,494,2650,0.114190
5,494,2650,0.111635
5,494,2650,0.110304
5,494,2650,0.109267
5,494,2650,0.108100
5,495,2651,0.112183
5,495,2651,0.109853
5,495,2651,0.111384
5,495,2651,0.115157
5,495,2651,0.113535
5,495,2651,0.118005
5,495,2651,0.112659
5,495,2651,0.113144
5,496,2652,0.111540
5,496,2652,0.108954
5,496,2652,0.112425
5,496,2652,0.116540
5,496,2652,0.112418
5,496,2652,0.110412
5,496,2652,0.114074
5,496,2652,0.111247
5,497,2653,0.109043
5,497,2653,0.112710
5,497,2653,0.110513
5,497,2653,0.110195
5,497,2653,0.109955
5,497,2653,0.110165
5,497,2653,0.109690
5,497,2653,0.112265
5,498,2654,0.112810
5,498,2654,0.111436
5,498,2654,0.112143
5,498,2654,0.111581
5,498,2654,0.112345
5,498,2654,0.115375
5,498,2654,0.117639
5,498,2654,0.109513
5,499,2655,0.114468
5,499,2655,0.109222
5,499,2655,0.111516
5,499,2655,0.110853
5,499,2655,0.117250
5,499,2655,0.116157
5,499,2655,0.109099
5,499,2655,0.110407
5,500,2656,0.112010
5,500,2656,0.111813
5,500,2656,0.114206
5,500,2656,0.115164
5,500,2656,0.111491
5,500,2656,0.111365
5,500,2656,0.112824
5,500,2656,0.112472
5,501,2657,0.110761
5,501,2657,0.115231
5,501,2657,0.110216
5,501,2657,0.113486
5,501,2657,0.109326
5,501,2657,0.113600
5,501,2657,0.111485
5,501,2657,0.112538
5,502,2658,0.111887
5,502,2658,0.112977
5,502,2658,0.111506
5,502,2658,0.111354
5,502,2658,0.114528
5,502,2658,0.110762
5,502,2658,0.114341
5,502,2658,0.114026
5,503,2659,0.112671
5,503,2659,0.112124
5,503,2659,0.110082
5,503,2659,0.111313
5,503,2659,0.113490
5,503,2659,0.111004
5,503,2659,0.111394
5,503,2659,0.114217
5,504,2660,0.111378
5,504,2660,0.112065
5,504,2660,0.110420
5,504,2660,0.111409
5,504,2660,0.110174
5,504,2660,0.110709
5,504,2660,0.111431
5,504,2660,0.114265
5,505,2661,0.118036
5,505,2661,0.112971
5,505,2661,0.110058
5,505,2661,0.112708
5,505,2661,0.110300
5,505,2661,0.113603
5,505,2661,0.113463
5,505,2661,0.110078
5,506,2662,0.112618
5,506,2662,0.115412
5,506,2662,0.111223
5,506,2662,0.114965
5,506,2662,0.111691
5,506,2662,0.110999
5,506,2662,0.110724
5,506,2662,0.112276
5,507,2663,0.110094
5,507,2663,0.111686
5,507,2663,0.112497
5,507,2663,0.112518
5,507,2663,0.114343
5,507,2663,0.116718
5,507,2663,0.108680
5,507,2663,0.110552
5,508,2664,0.115045
5,508,2664,0.108690
5,508,2664,0.116326
5,508,2664,0.115184
5,508,2664,0.112942
5,508,2664,0.111562
5,508,2664,0.112717
5,508,2664,0.119304
5,509,2665,0.111453
5,509,2665,0.113268
5,509,2665,0.113492
5,509,2665,0.109027
5,509,2665,0.112827
5,509,2665,0.112101
5,509,2665,0.111563
5,509,2665,0.110405
5,510,2666,0.108566
5,510,2666,0.109347
5,510,2666,0.112329
5,510,2666,0.111297
5,510,2666,0.108622
5,510,2666,0.111582
5,510,2666,0.113263
5,510,2666,0.109973
5,511,2667,0.115069
5,511,2667,0.111428
5,511,2667,0.110302
5,511,2667,0.113552
5,511,2667,0.112120
5,511,2667,0.113357
5,511,2667,0.113142
5,511,2667,0.114576
5,512,2668,0.113072
5,512,2668,0.113312
5,512,2668,0.110613
5,512,2668,0.114095
5,512,2668,0.113806
5,512,2668,0.111054
5,512,2668,0.109524
5,512,2668,0.109042
5,513,2669,0.107272
5,513,2669,0.116029
5,513,2669,0.113616
5,513,2669,0.110752
5,513,2669,0.110912
5,513,2669,0.115754
5,513,2669,0.111800
5,513,2669,0.112198
5,514,2670,0.111483
5,514,2670,0.110739
5,514,2670,0.111136
5,514,2670,0.113026
5,514,2670,0.120528
5,514,2670,0.114137
5,514,2670,0.111399
5,514,2670,0.112726
5,515,2671,0.115295
5,515,2671,0.110366
5,515,2671,0.113898
5,515,2671,0.109095
5,515,2671,0.112092
5,515,2671,0.113093
5,515,2671,0.112276
5,515,2671,0.113164
5,516,2672,0.112385
5,516,2672,0.110628
5,516,2672,0.113412
5,516,2672,0.111350
5,516,2672,0.115797
5,516,2672,0.111765
5,516,2672,0.111373
5,516,2672,0.109071
5,517,2673,0.111421
5,517,2673,0.111402
5,517,2673,0.115524
5,517,2673,0.109373
5,517,2673,0.110018
5,517,2673,0.113081
5,517,2673,0.111846
5,517,2673,0.110380
5,518,2674,0.121371
5,518,2674,0.114855
5,518,2674,0.114153
5,518,2674,0.111795
5,518,2674,0.111968
5,518,2674,0.110796
5,518,2674,0.111846
5,518,2674,0.111699
5,519,2675,0.108362
5,519,2675,0.112595
5,519,2675,0.109004
5,519,2675,0.119435
5,519,2675,0.113208
5,519,2675,0.112966
5,519,2675,0.111522
5,519,2675,0.110422
5,520,2676,0.111175
5,520,2676,0.109212
5,520,2676,0.111232
5,520,2676,0.115448
5,520,2676,0.111285
5,520,2676,0.110347
5,520,2676,0.111246
5,520,2676,0.110182
5,521,2677,0.113745
5,521,2677,0.114183
5,521,2677,0.115234
5,521,2677,0.111451
5,521,2677,0.113649
5,521,2677,0.111420
5,521,2677,0.110283
5,521,2677,0.111981
5,522,2678,0.112484
5,522,2678,0.110436
5,522,2678,0.116182
5,522,2678,0.115019
5,522,2678,0.113931
5,522,2678,0.111687
5,522,2678,0.116580
5,522,2678,0.112516
5,523,2679,0.114011
5,523,2679,0.110907
5,523,2679,0.110301
5,523,2679,0.109280
5,523,2679,0.110160
5,523,2679,0.110106
5,523,2679,0.117441
5,523,2679,0.108285
5,524,2680,0.108543
5,524,2680,0.113410
5,524,2680,0.111963
5,524,2680,0.116751
5,524,2680,0.108959
5,524,2680,0.110967
5,524,2680,0.114978
5,524,2680,0.112475
5,525,2681,0.114715
5,525,2681,0.114785
5,525,2681,0.111125
5,525,2681,0.109241
5,525,2681,0.112243
5,525,2681,0.114528
5,525,2681,0.117295
5,525,2681,0.110392
5,526,2682,0.110787
5,526,2682,0.111889
5,526,2682,0.109673
5,526,2682,0.111225
5,526,2682,0.114429
5,526,2682,0.114995
5,526,2682,0.115434
5,526,2682,0.119673
5,527,2683,0.113415
5,527,2683,0.112159
5,527,2683,0.113417
5,527,2683,0.115884
5,527,2683,0.112237
5,527,2683,0.114803
5,527,2683,0.109604
5,527,2683,0.113021
5,528,2684,0.116855
5,528,2684,0.114639
5,528,2684,0.112332
5,528,2684,0.119014
5,528,2684,0.115603
5,528,2684,0.112705
5,528,2684,0.114468
5,528,2684,0.111332
5,529,2685,0.112844
5,529,2685,0.111921
5,529,2685,0.111946
5,529,2685,0.119949
5,529,2685,0.112457
5,529,2685,0.113363
5,529,2685,0.112251
5,529,2685,0.112347
5,530,2686,0.111965
5,530,2686,0.112732
5,530,2686,0.112178
5,530,2686,0.113577
5,530,2686,0.112636
5,530,2686,0.108799
5,530,2686,0.113497
5,530,2686,0.114685
5,531,2687,0.112688
5,531,2687,0.112808
5,531,2687,0.112681
5,531,2687,0.110311
5,531,2687,0.112547
5,531,2687,0.111200
5,531,2687,0.111210
5,531,2687,0.116106
5,532,2688,0.116046
5,532,2688,0.114010
5,532,2688,0.113365
5,532,2688,0.114068
5,532,2688,0.115443
5,532,2688,0.114074
5,532,2688,0.112676
5,532,2688,0.110869
5,533,2689,0.113517
5,533,2689,0.116515
5,533,2689,0.107851
5,533,2689,0.111488
5,533,2689,0.114961
5,533,2689,0.113235
5,533,2689,0.116495
5,533,2689,0.110259
5,534,2690,0.110091
5,534,2690,0.113282
5,534,2690,0.113762
5,534,2690,0.110418
5,534,2690,0.110448
5,534,2690,0.116626
5,534,2690,0.112580
5,534,2690,0.113455
5,535,2691,0.110911
5,535,2691,0.112163
5,535,2691,0.111273
5,535,2691,0.114726
5,535,2691,0.113863
5,535,2691,0.114594
5,535,2691,0.112351
5,535,2691,0.112408
5,536,2692,0.109184
5,536,2692,0.114337
5,536,2692,0.112151
5,536,2692,0.110109
5,536,2692,0.111699
5,536,2692,0.114787
5,536,2692,0.121606
5,536,2692,0.113812
5,537,2693,0.114059
5,537,2693,0.110370
5,537,2693,0.114113
5,537,2693,0.113208
5,537,2693,0.111794
5,537,2693,0.113553
5,537,2693,0.112657
5,537,2693,0.110953
5,538,2694,0.111984
5,538,2694,0.113843
5,538,2694,0.113401
5,538,2694,0.115325
5,538,2694,0.114753
5,538,2694,0.113645
5,538,2694,0.113642
5,538,2694,0.120673
5,539,2695,0.113216
5,539,2695,0.114197
5,539,2695,0.109970
5,539,2695,0.109002
5,539,2695,0.112467
5,539,2695,0.112820
5,539,2695,0.110849
5,539,2695,0.112967
