Epoch,Step,Global_Step,Loss
1,1,1,0.116626
1,1,1,0.120647
1,1,1,0.118054
1,1,1,0.114744
1,1,1,0.118680
1,1,1,0.116933
1,1,1,0.116308
1,1,1,0.113526
1,2,2,0.503837
1,2,2,0.482285
1,2,2,0.490255
1,2,2,0.507504
1,2,2,0.527125
1,2,2,0.530266
1,2,2,0.484159
1,2,2,0.504641
1,3,3,0.384684
1,3,3,0.316890
1,3,3,0.326739
1,3,3,0.320391
1,3,3,0.322302
1,3,3,0.362866
1,3,3,0.338012
1,3,3,0.315376
1,4,4,0.232630
1,4,4,0.217267
1,4,4,0.236967
1,4,4,0.224174
1,4,4,0.229555
1,4,4,0.221999
1,4,4,0.243384
1,4,4,0.224180
1,5,5,0.225967
1,5,5,0.231237
1,5,5,0.208972
1,5,5,0.223525
1,5,5,0.222567
1,5,5,0.218796
1,5,5,0.220034
1,5,5,0.204244
1,6,6,0.203697
1,6,6,0.213333
1,6,6,0.200074
1,6,6,0.194112
1,6,6,0.212979
1,6,6,0.216547
1,6,6,0.207790
1,6,6,0.201996
1,7,7,0.190682
1,7,7,0.189399
1,7,7,0.183136
1,7,7,0.184095
1,7,7,0.191637
1,7,7,0.185287
1,7,7,0.189276
1,7,7,0.181342
1,8,8,0.176010
1,8,8,0.175454
1,8,8,0.178072
1,8,8,0.171023
1,8,8,0.170659
1,8,8,0.173438
1,8,8,0.174684
1,8,8,0.170733
1,9,9,0.176826
1,9,9,0.173436
1,9,9,0.175411
1,9,9,0.174982
1,9,9,0.171210
1,9,9,0.176686
1,9,9,0.169160
1,9,9,0.162014
1,10,10,0.167034
1,10,10,0.172277
1,10,10,0.167917
1,10,10,0.168797
1,10,10,0.157766
1,10,10,0.160299
1,10,10,0.162565
1,10,10,0.166391
1,11,11,0.160178
1,11,11,0.161019
1,11,11,0.166050
1,11,11,0.155255
1,11,11,0.154986
1,11,11,0.155589
1,11,11,0.164409
1,11,11,0.152418
1,12,12,0.152973
1,12,12,0.157352
1,12,12,0.156653
1,12,12,0.163079
1,12,12,0.150447
1,12,12,0.160487
1,12,12,0.162939
1,12,12,0.164340
1,13,13,0.150057
1,13,13,0.154146
1,13,13,0.151577
1,13,13,0.153065
1,13,13,0.153995
1,13,13,0.156567
1,13,13,0.147283
1,13,13,0.144954
1,14,14,0.145789
1,14,14,0.145782
1,14,14,0.146144
1,14,14,0.148906
1,14,14,0.143031
1,14,14,0.150606
1,14,14,0.147879
1,14,14,0.145035
1,15,15,0.142476
1,15,15,0.142478
1,15,15,0.143907
1,15,15,0.145980
1,15,15,0.150588
1,15,15,0.145257
1,15,15,0.142511
1,15,15,0.146729
1,16,16,0.143813
1,16,16,0.145541
1,16,16,0.140311
1,16,16,0.144446
1,16,16,0.147195
1,16,16,0.153341
1,16,16,0.142136
1,16,16,0.139175
1,17,17,0.138171
1,17,17,0.140764
1,17,17,0.146113
1,17,17,0.137122
1,17,17,0.139655
1,17,17,0.139950
1,17,17,0.136312
1,17,17,0.142566
1,18,18,0.136622
1,18,18,0.139174
1,18,18,0.139927
1,18,18,0.137705
1,18,18,0.133975
1,18,18,0.137596
1,18,18,0.135361
1,18,18,0.136366
1,19,19,0.138738
1,19,19,0.135549
1,19,19,0.131764
1,19,19,0.142246
1,19,19,0.136024
1,19,19,0.138277
1,19,19,0.134335
1,19,19,0.135058
1,20,20,0.135767
1,20,20,0.133886
1,20,20,0.136188
1,20,20,0.129027
1,20,20,0.131508
1,20,20,0.131932
1,20,20,0.131402
1,20,20,0.133492
1,21,21,0.132660
1,21,21,0.135608
1,21,21,0.130281
1,21,21,0.133338
1,21,21,0.130829
1,21,21,0.130414
1,21,21,0.135541
1,21,21,0.130433
1,22,22,0.128807
1,22,22,0.131059
1,22,22,0.130045
1,22,22,0.131214
1,22,22,0.129653
1,22,22,0.126447
1,22,22,0.130397
1,22,22,0.131592
1,23,23,0.129642
1,23,23,0.129910
1,23,23,0.130572
1,23,23,0.128456
1,23,23,0.131169
1,23,23,0.127884
1,23,23,0.126380
1,23,23,0.131703
1,24,24,0.127109
1,24,24,0.131378
1,24,24,0.129739
1,24,24,0.126449
1,24,24,0.131264
1,24,24,0.131703
1,24,24,0.125399
1,24,24,0.127175
1,25,25,0.130066
1,25,25,0.123851
1,25,25,0.126885
1,25,25,0.132314
1,25,25,0.127636
1,25,25,0.124647
1,25,25,0.126692
1,25,25,0.124681
1,26,26,0.122033
1,26,26,0.129679
1,26,26,0.125853
1,26,26,0.127281
1,26,26,0.127917
1,26,26,0.127958
1,26,26,0.127664
1,26,26,0.128032
1,27,27,0.125786
1,27,27,0.124029
1,27,27,0.125020
1,27,27,0.129592
1,27,27,0.131322
1,27,27,0.123264
1,27,27,0.123696
1,27,27,0.122475
1,28,28,0.123862
1,28,28,0.125172
1,28,28,0.129500
1,28,28,0.126302
1,28,28,0.123669
1,28,28,0.124249
1,28,28,0.124323
1,28,28,0.123541
1,29,29,0.122819
1,29,29,0.126927
1,29,29,0.125192
1,29,29,0.123763
1,29,29,0.121184
1,29,29,0.125415
1,29,29,0.127451
1,29,29,0.121913
1,30,30,0.122896
1,30,30,0.127635
1,30,30,0.123091
1,30,30,0.126496
1,30,30,0.124723
1,30,30,0.120959
1,30,30,0.122627
1,30,30,0.129616
1,31,31,0.126358
1,31,31,0.126144
1,31,31,0.124079
1,31,31,0.124889
1,31,31,0.126901
1,31,31,0.129472
1,31,31,0.129109
1,31,31,0.122441
1,32,32,0.119535
1,32,32,0.120895
1,32,32,0.124714
1,32,32,0.127241
1,32,32,0.122180
1,32,32,0.122928
1,32,32,0.121161
1,32,32,0.126262
1,33,33,0.124506
1,33,33,0.118940
1,33,33,0.127367
1,33,33,0.122945
1,33,33,0.121635
1,33,33,0.128231
1,33,33,0.123187
1,33,33,0.124094
1,34,34,0.119095
1,34,34,0.120493
1,34,34,0.121475
1,34,34,0.122453
1,34,34,0.121024
1,34,34,0.122022
1,34,34,0.123181
1,34,34,0.127887
1,35,35,0.119079
1,35,35,0.119035
1,35,35,0.122886
1,35,35,0.118099
1,35,35,0.118404
1,35,35,0.117257
1,35,35,0.120217
1,35,35,0.125502
1,36,36,0.117834
1,36,36,0.119799
1,36,36,0.121560
1,36,36,0.118817
1,36,36,0.117566
1,36,36,0.120843
1,36,36,0.123528
1,36,36,0.122497
1,37,37,0.123262
1,37,37,0.120357
1,37,37,0.124917
1,37,37,0.118796
1,37,37,0.121015
1,37,37,0.118124
1,37,37,0.118414
1,37,37,0.122596
1,38,38,0.117303
1,38,38,0.119109
1,38,38,0.114360
1,38,38,0.120423
1,38,38,0.118389
1,38,38,0.119590
1,38,38,0.122611
1,38,38,0.123776
1,39,39,0.121635
1,39,39,0.118725
1,39,39,0.119342
1,39,39,0.117161
1,39,39,0.121205
1,39,39,0.120231
1,39,39,0.121480
1,39,39,0.121203
1,40,40,0.118860
1,40,40,0.117939
1,40,40,0.121129
1,40,40,0.122229
1,40,40,0.118125
1,40,40,0.121181
1,40,40,0.116117
1,40,40,0.123895
1,41,41,0.118670
1,41,41,0.117892
1,41,41,0.122194
1,41,41,0.116108
1,41,41,0.121764
1,41,41,0.118267
1,41,41,0.116897
1,41,41,0.119635
1,42,42,0.117150
1,42,42,0.120215
1,42,42,0.126130
1,42,42,0.118453
1,42,42,0.117160
1,42,42,0.122688
1,42,42,0.121322
1,42,42,0.118508
1,43,43,0.119569
1,43,43,0.122945
1,43,43,0.117201
1,43,43,0.123470
1,43,43,0.120036
1,43,43,0.119569
1,43,43,0.120262
1,43,43,0.119203
1,44,44,0.116092
1,44,44,0.116857
1,44,44,0.119705
1,44,44,0.126392
1,44,44,0.112163
1,44,44,0.116642
1,44,44,0.121842
1,44,44,0.118187
1,45,45,0.117057
1,45,45,0.118497
1,45,45,0.117656
1,45,45,0.118211
1,45,45,0.118180
1,45,45,0.120265
1,45,45,0.120327
1,45,45,0.118559
1,46,46,0.115665
1,46,46,0.118485
1,46,46,0.118305
1,46,46,0.119339
1,46,46,0.119603
1,46,46,0.121417
1,46,46,0.117776
1,46,46,0.127625
1,47,47,0.122536
1,47,47,0.121780
1,47,47,0.120826
1,47,47,0.119671
1,47,47,0.117443
1,47,47,0.121655
1,47,47,0.116896
1,47,47,0.120336
1,48,48,0.116220
1,48,48,0.113948
1,48,48,0.117943
1,48,48,0.118779
1,48,48,0.117272
1,48,48,0.126006
1,48,48,0.118821
1,48,48,0.118563
1,49,49,0.114391
1,49,49,0.117581
1,49,49,0.123170
1,49,49,0.114963
1,49,49,0.120239
1,49,49,0.117162
1,49,49,0.120010
1,49,49,0.118391
1,50,50,0.119770
1,50,50,0.116744
1,50,50,0.120027
1,50,50,0.118474
1,50,50,0.117895
1,50,50,0.115750
1,50,50,0.121044
1,50,50,0.119364
1,51,51,0.116805
1,51,51,0.127372
1,51,51,0.121348
1,51,51,0.119695
1,51,51,0.119884
1,51,51,0.120132
1,51,51,0.112731
1,51,51,0.113900
1,52,52,0.119678
1,52,52,0.116994
1,52,52,0.116792
1,52,52,0.120563
1,52,52,0.119360
1,52,52,0.119850
1,52,52,0.122541
1,52,52,0.121854
1,53,53,0.121915
1,53,53,0.119593
1,53,53,0.118273
1,53,53,0.113616
1,53,53,0.117789
1,53,53,0.122414
1,53,53,0.117254
1,53,53,0.117885
1,54,54,0.121954
1,54,54,0.118610
1,54,54,0.119841
1,54,54,0.116739
1,54,54,0.122475
1,54,54,0.118483
1,54,54,0.121948
1,54,54,0.121084
1,55,55,0.118508
1,55,55,0.118354
1,55,55,0.120533
1,55,55,0.118349
1,55,55,0.117862
1,55,55,0.116156
1,55,55,0.117842
1,55,55,0.121488
1,56,56,0.119056
1,56,56,0.118896
1,56,56,0.119780
1,56,56,0.121064
1,56,56,0.121886
1,56,56,0.120231
1,56,56,0.122481
1,56,56,0.125829
1,57,57,0.117051
1,57,57,0.118691
1,57,57,0.118333
1,57,57,0.116945
1,57,57,0.121973
1,57,57,0.127559
1,57,57,0.116917
1,57,57,0.117939
1,58,58,0.119479
1,58,58,0.120544
1,58,58,0.116589
1,58,58,0.116038
1,58,58,0.117795
1,58,58,0.118810
1,58,58,0.117838
1,58,58,0.117374
1,59,59,0.118210
1,59,59,0.120816
1,59,59,0.121979
1,59,59,0.118342
1,59,59,0.115085
1,59,59,0.118023
1,59,59,0.116217
1,59,59,0.121289
1,60,60,0.119742
1,60,60,0.120035
1,60,60,0.117783
1,60,60,0.117282
1,60,60,0.117605
1,60,60,0.117676
1,60,60,0.117603
1,60,60,0.118352
1,61,61,0.113722
1,61,61,0.120310
1,61,61,0.121277
1,61,61,0.123694
1,61,61,0.114377
1,61,61,0.118379
1,61,61,0.113165
1,61,61,0.117795
1,62,62,0.116801
1,62,62,0.118899
1,62,62,0.117559
1,62,62,0.116602
1,62,62,0.123260
1,62,62,0.119039
1,62,62,0.114870
1,62,62,0.121002
1,63,63,0.118601
1,63,63,0.117745
1,63,63,0.115482
1,63,63,0.115528
1,63,63,0.115924
1,63,63,0.119891
1,63,63,0.123633
1,63,63,0.119007
1,64,64,0.114300
1,64,64,0.115765
1,64,64,0.117947
1,64,64,0.116669
1,64,64,0.116868
1,64,64,0.121045
1,64,64,0.117055
1,64,64,0.122089
1,65,65,0.118349
1,65,65,0.114748
1,65,65,0.118014
1,65,65,0.117467
1,65,65,0.116480
1,65,65,0.116819
1,65,65,0.119350
1,65,65,0.116436
1,66,66,0.114468
1,66,66,0.118078
1,66,66,0.115192
1,66,66,0.120543
1,66,66,0.119846
1,66,66,0.115455
1,66,66,0.120819
1,66,66,0.117881
1,67,67,0.116825
1,67,67,0.123640
1,67,67,0.116235
1,67,67,0.117071
1,67,67,0.117683
1,67,67,0.116182
1,67,67,0.121950
1,67,67,0.117371
1,68,68,0.114117
1,68,68,0.114765
1,68,68,0.122494
1,68,68,0.117468
1,68,68,0.122761
1,68,68,0.119910
1,68,68,0.114836
1,68,68,0.117496
1,69,69,0.116196
1,69,69,0.118027
1,69,69,0.117259
1,69,69,0.115481
1,69,69,0.116698
1,69,69,0.117523
1,69,69,0.113782
1,69,69,0.119222
1,70,70,0.114721
1,70,70,0.115802
1,70,70,0.117246
1,70,70,0.115372
1,70,70,0.114569
1,70,70,0.120927
1,70,70,0.116874
1,70,70,0.119107
1,71,71,0.117807
1,71,71,0.117754
1,71,71,0.116018
1,71,71,0.113807
1,71,71,0.117873
1,71,71,0.119272
1,71,71,0.120039
1,71,71,0.119008
1,72,72,0.118226
1,72,72,0.119119
1,72,72,0.121188
1,72,72,0.116291
1,72,72,0.126810
1,72,72,0.121490
1,72,72,0.113472
1,72,72,0.114727
1,73,73,0.120240
1,73,73,0.115169
1,73,73,0.117274
1,73,73,0.115820
1,73,73,0.121104
1,73,73,0.118765
1,73,73,0.120271
1,73,73,0.117733
1,74,74,0.117427
1,74,74,0.115926
1,74,74,0.119756
1,74,74,0.116953
1,74,74,0.115491
1,74,74,0.121482
1,74,74,0.119880
1,74,74,0.119965
1,75,75,0.120063
1,75,75,0.115437
1,75,75,0.113971
1,75,75,0.117246
1,75,75,0.114922
1,75,75,0.117383
1,75,75,0.116032
1,75,75,0.113837
1,76,76,0.117597
1,76,76,0.117522
1,76,76,0.114206
1,76,76,0.117929
1,76,76,0.117436
1,76,76,0.115438
1,76,76,0.115950
1,76,76,0.116236
1,77,77,0.121608
1,77,77,0.112780
1,77,77,0.120979
1,77,77,0.118251
1,77,77,0.118507
1,77,77,0.114015
1,77,77,0.118689
1,77,77,0.118899
1,78,78,0.116659
1,78,78,0.116749
1,78,78,0.116104
1,78,78,0.116496
1,78,78,0.120085
1,78,78,0.115025
1,78,78,0.114754
1,78,78,0.121444
1,79,79,0.112982
1,79,79,0.117006
1,79,79,0.119318
1,79,79,0.114737
1,79,79,0.115580
1,79,79,0.119419
1,79,79,0.115359
1,79,79,0.118945
1,80,80,0.116425
1,80,80,0.120449
1,80,80,0.116479
1,80,80,0.119668
1,80,80,0.119141
1,80,80,0.117745
1,80,80,0.118166
1,80,80,0.124433
1,81,81,0.116815
1,81,81,0.120929
1,81,81,0.117343
1,81,81,0.115470
1,81,81,0.116265
1,81,81,0.117721
1,81,81,0.120145
1,81,81,0.119322
1,82,82,0.117228
1,82,82,0.119955
1,82,82,0.117224
1,82,82,0.114746
1,82,82,0.114241
1,82,82,0.111526
1,82,82,0.118227
1,82,82,0.115416
1,83,83,0.118715
1,83,83,0.113623
1,83,83,0.117368
1,83,83,0.115436
1,83,83,0.116297
1,83,83,0.115633
1,83,83,0.121067
1,83,83,0.118044
1,84,84,0.118551
1,84,84,0.115496
1,84,84,0.117628
1,84,84,0.116511
1,84,84,0.116433
1,84,84,0.116566
1,84,84,0.118340
1,84,84,0.119863
1,85,85,0.115373
1,85,85,0.115998
1,85,85,0.115614
1,85,85,0.112379
1,85,85,0.117080
1,85,85,0.115015
1,85,85,0.118142
1,85,85,0.119236
1,86,86,0.114131
1,86,86,0.121691
1,86,86,0.118771
1,86,86,0.118703
1,86,86,0.118939
1,86,86,0.116422
1,86,86,0.117221
1,86,86,0.115676
1,87,87,0.115114
1,87,87,0.114601
1,87,87,0.111399
1,87,87,0.120899
1,87,87,0.119236
1,87,87,0.120343
1,87,87,0.118819
1,87,87,0.116158
1,88,88,0.116776
1,88,88,0.114489
1,88,88,0.125304
1,88,88,0.117130
1,88,88,0.117356
1,88,88,0.115309
1,88,88,0.117291
1,88,88,0.116381
1,89,89,0.116040
1,89,89,0.121233
1,89,89,0.117598
1,89,89,0.117328
1,89,89,0.113268
1,89,89,0.117336
1,89,89,0.117022
1,89,89,0.117325
1,90,90,0.123958
1,90,90,0.117334
1,90,90,0.113528
1,90,90,0.115650
1,90,90,0.115674
1,90,90,0.115620
1,90,90,0.117704
1,90,90,0.115601
1,91,91,0.116418
1,91,91,0.113918
1,91,91,0.117828
1,91,91,0.115442
1,91,91,0.118000
1,91,91,0.117292
1,91,91,0.117546
1,91,91,0.113264
1,92,92,0.113633
1,92,92,0.115446
1,92,92,0.118221
1,92,92,0.112927
1,92,92,0.118243
1,92,92,0.116928
1,92,92,0.121825
1,92,92,0.118148
1,93,93,0.114931
1,93,93,0.118148
1,93,93,0.117873
1,93,93,0.115498
1,93,93,0.117082
1,93,93,0.114430
1,93,93,0.117602
1,93,93,0.119318
1,94,94,0.121171
1,94,94,0.114757
1,94,94,0.117858
1,94,94,0.116966
1,94,94,0.112530
1,94,94,0.113138
1,94,94,0.118284
1,94,94,0.115301
1,95,95,0.116822
1,95,95,0.115966
1,95,95,0.118755
1,95,95,0.115021
1,95,95,0.117673
1,95,95,0.118096
1,95,95,0.117120
1,95,95,0.114377
1,96,96,0.114998
1,96,96,0.115535
1,96,96,0.117119
1,96,96,0.114743
1,96,96,0.120164
1,96,96,0.114123
1,96,96,0.116025
1,96,96,0.118999
1,97,97,0.117202
1,97,97,0.120328
1,97,97,0.116643
1,97,97,0.119997
1,97,97,0.116062
1,97,97,0.118584
1,97,97,0.115582
1,97,97,0.118415
1,98,98,0.119102
1,98,98,0.114772
1,98,98,0.116610
1,98,98,0.118352
1,98,98,0.122419
1,98,98,0.116192
1,98,98,0.113984
1,98,98,0.114929
1,99,99,0.116297
1,99,99,0.117929
1,99,99,0.114090
1,99,99,0.124691
1,99,99,0.118997
1,99,99,0.115832
1,99,99,0.115511
1,99,99,0.116893
1,100,100,0.114083
1,100,100,0.118622
1,100,100,0.118430
1,100,100,0.118656
1,100,100,0.115950
1,100,100,0.116135
1,100,100,0.119693
1,100,100,0.116779
1,101,101,0.118196
1,101,101,0.115259
1,101,101,0.114761
1,101,101,0.118191
1,101,101,0.115095
1,101,101,0.118354
1,101,101,0.115500
1,101,101,0.116825
1,102,102,0.118853
1,102,102,0.115663
1,102,102,0.114822
1,102,102,0.118449
1,102,102,0.117590
1,102,102,0.121211
1,102,102,0.116201
1,102,102,0.117480
1,103,103,0.119849
1,103,103,0.115773
1,103,103,0.116894
1,103,103,0.114450
1,103,103,0.116668
1,103,103,0.117101
1,103,103,0.116015
1,103,103,0.116162
1,104,104,0.118209
1,104,104,0.116624
1,104,104,0.117896
1,104,104,0.113261
1,104,104,0.113952
1,104,104,0.113177
1,104,104,0.121578
1,104,104,0.115024
1,105,105,0.114758
1,105,105,0.119262
1,105,105,0.117420
1,105,105,0.116878
1,105,105,0.115184
1,105,105,0.120780
1,105,105,0.118958
1,105,105,0.114788
1,106,106,0.117715
1,106,106,0.114849
1,106,106,0.120666
1,106,106,0.119171
1,106,106,0.115527
1,106,106,0.123488
1,106,106,0.120601
1,106,106,0.114252
1,107,107,0.118421
1,107,107,0.115371
1,107,107,0.113149
1,107,107,0.117157
1,107,107,0.117274
1,107,107,0.116126
1,107,107,0.121466
1,107,107,0.116132
1,108,108,0.112918
1,108,108,0.115411
1,108,108,0.123230
1,108,108,0.120389
1,108,108,0.124072
1,108,108,0.116154
1,108,108,0.118817
1,108,108,0.115744
1,109,109,0.123365
1,109,109,0.122370
1,109,109,0.116828
1,109,109,0.116532
1,109,109,0.116339
1,109,109,0.115349
1,109,109,0.118570
1,109,109,0.116356
1,110,110,0.120261
1,110,110,0.116582
1,110,110,0.118493
1,110,110,0.118329
1,110,110,0.118364
1,110,110,0.114420
1,110,110,0.116692
1,110,110,0.114294
1,111,111,0.116709
1,111,111,0.118173
1,111,111,0.115273
1,111,111,0.115035
1,111,111,0.117247
1,111,111,0.120942
1,111,111,0.117916
1,111,111,0.117675
1,112,112,0.116387
1,112,112,0.117454
1,112,112,0.115684
1,112,112,0.114600
1,112,112,0.118167
1,112,112,0.118051
1,112,112,0.117015
1,112,112,0.118621
1,113,113,0.118923
1,113,113,0.116504
1,113,113,0.113470
1,113,113,0.117566
1,113,113,0.116842
1,113,113,0.112604
1,113,113,0.118935
1,113,113,0.114987
1,114,114,0.117019
1,114,114,0.115302
1,114,114,0.116062
1,114,114,0.115810
1,114,114,0.118499
1,114,114,0.112745
1,114,114,0.117834
1,114,114,0.117252
1,115,115,0.114532
1,115,115,0.118759
1,115,115,0.118802
1,115,115,0.119881
1,115,115,0.118577
1,115,115,0.119434
1,115,115,0.122394
1,115,115,0.117792
1,116,116,0.119225
1,116,116,0.117120
1,116,116,0.117580
1,116,116,0.115085
1,116,116,0.119034
1,116,116,0.116479
1,116,116,0.117745
1,116,116,0.115978
1,117,117,0.115763
1,117,117,0.114174
1,117,117,0.118501
1,117,117,0.117297
1,117,117,0.113034
1,117,117,0.122326
1,117,117,0.114553
1,117,117,0.115693
1,118,118,0.116422
1,118,118,0.116108
1,118,118,0.116813
1,118,118,0.118425
1,118,118,0.115376
1,118,118,0.115691
1,118,118,0.117905
1,118,118,0.115000
1,119,119,0.122835
1,119,119,0.117800
1,119,119,0.113625
1,119,119,0.118151
1,119,119,0.115244
1,119,119,0.117514
1,119,119,0.113490
1,119,119,0.116593
1,120,120,0.113933
1,120,120,0.120197
1,120,120,0.115967
1,120,120,0.113025
1,120,120,0.118585
1,120,120,0.117143
1,120,120,0.117962
1,120,120,0.120279
1,121,121,0.115690
1,121,121,0.116943
1,121,121,0.120712
1,121,121,0.120305
1,121,121,0.118061
1,121,121,0.120085
1,121,121,0.117723
1,121,121,0.113991
1,122,122,0.115866
1,122,122,0.122471
1,122,122,0.113943
1,122,122,0.115875
1,122,122,0.114779
1,122,122,0.118950
1,122,122,0.115181
1,122,122,0.117078
1,123,123,0.118565
1,123,123,0.115397
1,123,123,0.119785
1,123,123,0.115406
1,123,123,0.116352
1,123,123,0.113352
1,123,123,0.117491
1,123,123,0.115339
1,124,124,0.114584
1,124,124,0.116037
1,124,124,0.113765
1,124,124,0.120379
1,124,124,0.118415
1,124,124,0.114328
1,124,124,0.120773
1,124,124,0.117066
1,125,125,0.116123
1,125,125,0.114173
1,125,125,0.115124
1,125,125,0.119526
1,125,125,0.115990
1,125,125,0.114912
1,125,125,0.117641
1,125,125,0.116128
1,126,126,0.117149
1,126,126,0.117233
1,126,126,0.114234
1,126,126,0.119459
1,126,126,0.113662
1,126,126,0.117507
1,126,126,0.120640
1,126,126,0.117849
1,127,127,0.115747
1,127,127,0.120059
1,127,127,0.114491
1,127,127,0.120238
1,127,127,0.111489
1,127,127,0.116004
1,127,127,0.116901
1,127,127,0.115145
1,128,128,0.119371
1,128,128,0.115073
1,128,128,0.115728
1,128,128,0.114999
1,128,128,0.112077
1,128,128,0.113610
1,128,128,0.114143
1,128,128,0.114597
1,129,129,0.113671
1,129,129,0.114531
1,129,129,0.114143
1,129,129,0.115638
1,129,129,0.114205
1,129,129,0.115387
1,129,129,0.115522
1,129,129,0.119650
1,130,130,0.119759
1,130,130,0.115783
1,130,130,0.119338
1,130,130,0.118189
1,130,130,0.115473
1,130,130,0.116036
1,130,130,0.115865
1,130,130,0.115508
1,131,131,0.113244
1,131,131,0.120512
1,131,131,0.115417
1,131,131,0.115129
1,131,131,0.118276
1,131,131,0.114200
1,131,131,0.115168
1,131,131,0.118711
1,132,132,0.114017
1,132,132,0.114869
1,132,132,0.118074
1,132,132,0.116715
1,132,132,0.115107
1,132,132,0.117983
1,132,132,0.112637
1,132,132,0.117090
1,133,133,0.117700
1,133,133,0.116357
1,133,133,0.120511
1,133,133,0.119943
1,133,133,0.116805
1,133,133,0.116072
1,133,133,0.116353
1,133,133,0.110615
1,134,134,0.112791
1,134,134,0.115143
1,134,134,0.113394
1,134,134,0.121245
1,134,134,0.121685
1,134,134,0.116781
1,134,134,0.115577
1,134,134,0.117598
1,135,135,0.117067
1,135,135,0.114236
1,135,135,0.117511
1,135,135,0.116425
1,135,135,0.116686
1,135,135,0.114709
1,135,135,0.117101
1,135,135,0.116900
1,136,136,0.118388
1,136,136,0.121174
1,136,136,0.115968
1,136,136,0.119004
1,136,136,0.113571
1,136,136,0.117236
1,136,136,0.116872
1,136,136,0.114505
1,137,137,0.118670
1,137,137,0.115680
1,137,137,0.118198
1,137,137,0.115070
1,137,137,0.115061
1,137,137,0.117042
1,137,137,0.115809
1,137,137,0.116455
1,138,138,0.113986
1,138,138,0.122706
1,138,138,0.116393
1,138,138,0.114216
1,138,138,0.115235
1,138,138,0.117242
1,138,138,0.119966
1,138,138,0.116707
1,139,139,0.117193
1,139,139,0.116846
1,139,139,0.116634
1,139,139,0.122398
1,139,139,0.118235
1,139,139,0.116476
1,139,139,0.117369
1,139,139,0.118310
1,140,140,0.116391
1,140,140,0.116800
1,140,140,0.117298
1,140,140,0.118046
1,140,140,0.124138
1,140,140,0.122253
1,140,140,0.115787
1,140,140,0.113739
1,141,141,0.117712
1,141,141,0.121318
1,141,141,0.116330
1,141,141,0.117000
1,141,141,0.119281
1,141,141,0.116462
1,141,141,0.118023
1,141,141,0.118311
1,142,142,0.117960
1,142,142,0.114636
1,142,142,0.119503
1,142,142,0.112867
1,142,142,0.117589
1,142,142,0.119625
1,142,142,0.115048
1,142,142,0.114539
1,143,143,0.117582
1,143,143,0.118331
1,143,143,0.114103
1,143,143,0.121716
1,143,143,0.121670
1,143,143,0.114348
1,143,143,0.115504
1,143,143,0.116674
1,144,144,0.115361
1,144,144,0.113965
1,144,144,0.113126
1,144,144,0.115597
1,144,144,0.118734
1,144,144,0.116740
1,144,144,0.114125
1,144,144,0.121271
1,145,145,0.116617
1,145,145,0.118337
1,145,145,0.115355
1,145,145,0.118588
1,145,145,0.116976
1,145,145,0.114675
1,145,145,0.119387
1,145,145,0.118548
1,146,146,0.123295
1,146,146,0.115676
1,146,146,0.119804
1,146,146,0.120271
1,146,146,0.117067
1,146,146,0.116514
1,146,146,0.119648
1,146,146,0.118046
1,147,147,0.117567
1,147,147,0.117591
1,147,147,0.121356
1,147,147,0.115748
1,147,147,0.112243
1,147,147,0.115444
1,147,147,0.117588
1,147,147,0.117424
1,148,148,0.114324
1,148,148,0.117820
1,148,148,0.118600
1,148,148,0.116026
1,148,148,0.116393
1,148,148,0.116547
1,148,148,0.113101
1,148,148,0.120321
1,149,149,0.114675
1,149,149,0.118199
1,149,149,0.116933
1,149,149,0.118048
1,149,149,0.113023
1,149,149,0.115974
1,149,149,0.119090
1,149,149,0.117245
1,150,150,0.118158
1,150,150,0.119780
1,150,150,0.114963
1,150,150,0.121410
1,150,150,0.115202
1,150,150,0.116847
1,150,150,0.116533
1,150,150,0.116744
1,151,151,0.122629
1,151,151,0.119385
1,151,151,0.116879
1,151,151,0.122933
1,151,151,0.118649
1,151,151,0.117252
1,151,151,0.118042
1,151,151,0.120490
1,152,152,0.119558
1,152,152,0.116504
1,152,152,0.117323
1,152,152,0.115848
1,152,152,0.114253
1,152,152,0.123220
1,152,152,0.115208
1,152,152,0.117727
1,153,153,0.116732
1,153,153,0.115859
1,153,153,0.114589
1,153,153,0.121694
1,153,153,0.117683
1,153,153,0.114887
1,153,153,0.118839
1,153,153,0.117189
1,154,154,0.117264
1,154,154,0.113927
1,154,154,0.114566
1,154,154,0.117390
1,154,154,0.116724
1,154,154,0.114878
1,154,154,0.115308
1,154,154,0.116061
1,155,155,0.114054
1,155,155,0.118988
1,155,155,0.117527
1,155,155,0.115718
1,155,155,0.115535
1,155,155,0.114732
1,155,155,0.117345
1,155,155,0.120198
1,156,156,0.119558
1,156,156,0.114073
1,156,156,0.118245
1,156,156,0.112739
1,156,156,0.118897
1,156,156,0.115424
1,156,156,0.115124
1,156,156,0.117696
1,157,157,0.122752
1,157,157,0.114542
1,157,157,0.120371
1,157,157,0.120618
1,157,157,0.116731
1,157,157,0.114383
1,157,157,0.116850
1,157,157,0.117918
1,158,158,0.115833
1,158,158,0.118700
1,158,158,0.117781
1,158,158,0.118982
1,158,158,0.119321
1,158,158,0.122557
1,158,158,0.121339
1,158,158,0.115075
1,159,159,0.114426
1,159,159,0.116360
1,159,159,0.118134
1,159,159,0.117219
1,159,159,0.115927
1,159,159,0.121144
1,159,159,0.116527
1,159,159,0.116173
1,160,160,0.113986
1,160,160,0.113203
1,160,160,0.118947
1,160,160,0.114279
1,160,160,0.118837
1,160,160,0.117890
1,160,160,0.121165
1,160,160,0.119703
1,161,161,0.119778
1,161,161,0.125599
1,161,161,0.118991
1,161,161,0.115803
1,161,161,0.116297
1,161,161,0.119263
1,161,161,0.112569
1,161,161,0.116499
1,162,162,0.117301
1,162,162,0.117833
1,162,162,0.113405
1,162,162,0.118020
1,162,162,0.115287
1,162,162,0.118438
1,162,162,0.116306
1,162,162,0.114851
1,163,163,0.117065
1,163,163,0.115763
1,163,163,0.118735
1,163,163,0.118795
1,163,163,0.115346
1,163,163,0.118882
1,163,163,0.115426
1,163,163,0.113702
1,164,164,0.117614
1,164,164,0.117881
1,164,164,0.115484
1,164,164,0.123459
1,164,164,0.117684
1,164,164,0.116555
1,164,164,0.120608
1,164,164,0.117424
1,165,165,0.116252
1,165,165,0.117939
1,165,165,0.117664
1,165,165,0.117946
1,165,165,0.121270
1,165,165,0.114825
1,165,165,0.113996
1,165,165,0.117671
1,166,166,0.118533
1,166,166,0.117714
1,166,166,0.119011
1,166,166,0.116066
1,166,166,0.112203
1,166,166,0.116107
1,166,166,0.114663
1,166,166,0.120402
1,167,167,0.115132
1,167,167,0.115243
1,167,167,0.113889
1,167,167,0.118399
1,167,167,0.124448
1,167,167,0.119318
1,167,167,0.116908
1,167,167,0.117997
1,168,168,0.115991
1,168,168,0.115175
1,168,168,0.115842
1,168,168,0.114232
1,168,168,0.115962
1,168,168,0.116383
1,168,168,0.116674
1,168,168,0.116382
1,169,169,0.115698
1,169,169,0.115314
1,169,169,0.117067
1,169,169,0.117000
1,169,169,0.115762
1,169,169,0.117167
1,169,169,0.113172
1,169,169,0.117980
1,170,170,0.113665
1,170,170,0.116070
1,170,170,0.116281
1,170,170,0.116849
1,170,170,0.116281
1,170,170,0.117240
1,170,170,0.114555
1,170,170,0.119013
1,171,171,0.117770
1,171,171,0.116369
1,171,171,0.118719
1,171,171,0.115849
1,171,171,0.113090
1,171,171,0.118032
1,171,171,0.118089
1,171,171,0.114628
1,172,172,0.116797
1,172,172,0.118693
1,172,172,0.116004
1,172,172,0.118968
1,172,172,0.115648
1,172,172,0.126313
1,172,172,0.114874
1,172,172,0.117993
1,173,173,0.113823
1,173,173,0.115427
1,173,173,0.115579
1,173,173,0.116761
1,173,173,0.116926
1,173,173,0.117824
1,173,173,0.116194
1,173,173,0.123898
1,174,174,0.112866
1,174,174,0.119938
1,174,174,0.115105
1,174,174,0.114831
1,174,174,0.118862
1,174,174,0.115721
1,174,174,0.116359
1,174,174,0.118480
1,175,175,0.114960
1,175,175,0.116884
1,175,175,0.117397
1,175,175,0.114991
1,175,175,0.116063
1,175,175,0.117549
1,175,175,0.113451
1,175,175,0.119542
1,176,176,0.115953
1,176,176,0.114306
1,176,176,0.113418
1,176,176,0.114998
1,176,176,0.113556
1,176,176,0.117512
1,176,176,0.116448
1,176,176,0.119964
1,177,177,0.115543
1,177,177,0.114324
1,177,177,0.120427
1,177,177,0.115699
1,177,177,0.115972
1,177,177,0.114996
1,177,177,0.117146
1,177,177,0.120485
1,178,178,0.116424
1,178,178,0.113820
1,178,178,0.116992
1,178,178,0.117032
1,178,178,0.115909
1,178,178,0.116241
1,178,178,0.117568
1,178,178,0.115569
1,179,179,0.114870
1,179,179,0.112794
1,179,179,0.119941
1,179,179,0.120038
1,179,179,0.118373
1,179,179,0.115434
1,179,179,0.119711
1,179,179,0.116250
1,180,180,0.118292
1,180,180,0.115290
1,180,180,0.116183
1,180,180,0.117624
1,180,180,0.118148
1,180,180,0.115189
1,180,180,0.118270
1,180,180,0.117727
1,181,181,0.120541
1,181,181,0.117129
1,181,181,0.115973
1,181,181,0.117057
1,181,181,0.121279
1,181,181,0.117390
1,181,181,0.121128
1,181,181,0.118353
1,182,182,0.116257
1,182,182,0.117834
1,182,182,0.115378
1,182,182,0.115864
1,182,182,0.113022
1,182,182,0.116126
1,182,182,0.115214
1,182,182,0.116894
1,183,183,0.116687
1,183,183,0.116304
1,183,183,0.122515
1,183,183,0.114212
1,183,183,0.116556
1,183,183,0.113141
1,183,183,0.118634
1,183,183,0.116989
1,184,184,0.113678
1,184,184,0.114546
1,184,184,0.113049
1,184,184,0.117428
1,184,184,0.121275
1,184,184,0.115770
1,184,184,0.116247
1,184,184,0.116693
1,185,185,0.116078
1,185,185,0.112075
1,185,185,0.117162
1,185,185,0.119395
1,185,185,0.115829
1,185,185,0.114831
1,185,185,0.114895
1,185,185,0.120796
1,186,186,0.119119
1,186,186,0.115121
1,186,186,0.123325
1,186,186,0.114723
1,186,186,0.119340
1,186,186,0.114873
1,186,186,0.120083
1,186,186,0.118138
1,187,187,0.117391
1,187,187,0.118049
1,187,187,0.111576
1,187,187,0.118554
1,187,187,0.117130
1,187,187,0.114242
1,187,187,0.115597
1,187,187,0.114951
1,188,188,0.114459
1,188,188,0.114792
1,188,188,0.117186
1,188,188,0.115163
1,188,188,0.115446
1,188,188,0.118657
1,188,188,0.118520
1,188,188,0.114705
1,189,189,0.114914
1,189,189,0.120518
1,189,189,0.114966
1,189,189,0.115273
1,189,189,0.120489
1,189,189,0.119243
1,189,189,0.116451
1,189,189,0.118470
1,190,190,0.117401
1,190,190,0.120506
1,190,190,0.116537
1,190,190,0.117970
1,190,190,0.113403
1,190,190,0.118090
1,190,190,0.118843
1,190,190,0.116864
1,191,191,0.115727
1,191,191,0.118007
1,191,191,0.115626
1,191,191,0.121200
1,191,191,0.116662
1,191,191,0.116739
1,191,191,0.116527
1,191,191,0.115906
1,192,192,0.118051
1,192,192,0.115138
1,192,192,0.119221
1,192,192,0.116486
1,192,192,0.116165
1,192,192,0.113895
1,192,192,0.115065
1,192,192,0.114071
1,193,193,0.115255
1,193,193,0.115666
1,193,193,0.116136
1,193,193,0.117526
1,193,193,0.113995
1,193,193,0.116653
1,193,193,0.114583
1,193,193,0.116838
1,194,194,0.114108
1,194,194,0.115474
1,194,194,0.114688
1,194,194,0.117023
1,194,194,0.118859
1,194,194,0.117251
1,194,194,0.117864
1,194,194,0.112793
1,195,195,0.118421
1,195,195,0.114993
1,195,195,0.116643
1,195,195,0.116543
1,195,195,0.116557
1,195,195,0.117198
1,195,195,0.116233
1,195,195,0.113243
1,196,196,0.116234
1,196,196,0.116889
1,196,196,0.116154
1,196,196,0.117737
1,196,196,0.118465
1,196,196,0.117604
1,196,196,0.116071
1,196,196,0.120046
1,197,197,0.119570
1,197,197,0.118185
1,197,197,0.116535
1,197,197,0.118096
1,197,197,0.114742
1,197,197,0.115161
1,197,197,0.116996
1,197,197,0.116674
1,198,198,0.121799
1,198,198,0.116605
1,198,198,0.114413
1,198,198,0.120495
1,198,198,0.116317
1,198,198,0.116802
1,198,198,0.116348
1,198,198,0.119135
1,199,199,0.118795
1,199,199,0.119510
1,199,199,0.115086
1,199,199,0.113758
1,199,199,0.120497
1,199,199,0.116757
1,199,199,0.114769
1,199,199,0.111570
1,200,200,0.119345
1,200,200,0.116319
1,200,200,0.113875
1,200,200,0.117908
1,200,200,0.116860
1,200,200,0.114521
1,200,200,0.112988
1,200,200,0.119138
1,201,201,0.115449
1,201,201,0.117684
1,201,201,0.114174
1,201,201,0.115213
1,201,201,0.116821
1,201,201,0.114013
1,201,201,0.117423
1,201,201,0.115581
1,202,202,0.120578
1,202,202,0.117663
1,202,202,0.113115
1,202,202,0.115161
1,202,202,0.118259
1,202,202,0.116392
1,202,202,0.114379
1,202,202,0.117369
1,203,203,0.114247
1,203,203,0.120132
1,203,203,0.116948
1,203,203,0.115248
1,203,203,0.117296
1,203,203,0.113808
1,203,203,0.116680
1,203,203,0.115714
1,204,204,0.115612
1,204,204,0.117597
1,204,204,0.117890
1,204,204,0.115328
1,204,204,0.114948
1,204,204,0.116789
1,204,204,0.122846
1,204,204,0.116688
1,205,205,0.122798
1,205,205,0.116273
1,205,205,0.112844
1,205,205,0.116871
1,205,205,0.117639
1,205,205,0.115156
1,205,205,0.118593
1,205,205,0.113640
1,206,206,0.116100
1,206,206,0.114301
1,206,206,0.119850
1,206,206,0.115595
1,206,206,0.117396
1,206,206,0.114893
1,206,206,0.116859
1,206,206,0.117309
1,207,207,0.114148
1,207,207,0.116349
1,207,207,0.112237
1,207,207,0.116196
1,207,207,0.119493
1,207,207,0.119854
1,207,207,0.116406
1,207,207,0.115054
1,208,208,0.113795
1,208,208,0.119009
1,208,208,0.119126
1,208,208,0.116958
1,208,208,0.120230
1,208,208,0.114919
1,208,208,0.114535
1,208,208,0.117474
1,209,209,0.117111
1,209,209,0.113675
1,209,209,0.115570
1,209,209,0.119970
1,209,209,0.119515
1,209,209,0.111849
1,209,209,0.118251
1,209,209,0.118246
1,210,210,0.123372
1,210,210,0.117954
1,210,210,0.114114
1,210,210,0.117242
1,210,210,0.116549
1,210,210,0.119288
1,210,210,0.117334
1,210,210,0.117028
1,211,211,0.116548
1,211,211,0.118719
1,211,211,0.116554
1,211,211,0.117290
1,211,211,0.117063
1,211,211,0.116903
1,211,211,0.111355
1,211,211,0.119669
1,212,212,0.117003
1,212,212,0.117407
1,212,212,0.115923
1,212,212,0.118337
1,212,212,0.115778
1,212,212,0.114121
1,212,212,0.117313
1,212,212,0.117214
1,213,213,0.114966
1,213,213,0.113359
1,213,213,0.115267
1,213,213,0.119208
1,213,213,0.115025
1,213,213,0.113075
1,213,213,0.119096
1,213,213,0.115203
1,214,214,0.119546
1,214,214,0.116034
1,214,214,0.114386
1,214,214,0.114897
1,214,214,0.119366
1,214,214,0.120053
1,214,214,0.115424
1,214,214,0.119512
1,215,215,0.119502
1,215,215,0.116114
1,215,215,0.113832
1,215,215,0.117569
1,215,215,0.121488
1,215,215,0.114879
1,215,215,0.118209
1,215,215,0.119470
1,216,216,0.113575
1,216,216,0.114322
1,216,216,0.117418
1,216,216,0.116871
1,216,216,0.117266
1,216,216,0.115865
1,216,216,0.119265
1,216,216,0.114853
1,217,217,0.119681
1,217,217,0.115975
1,217,217,0.116716
1,217,217,0.119475
1,217,217,0.118528
1,217,217,0.110731
1,217,217,0.122608
1,217,217,0.114963
1,218,218,0.115922
1,218,218,0.116365
1,218,218,0.116033
1,218,218,0.116187
1,218,218,0.117877
1,218,218,0.116492
1,218,218,0.118721
1,218,218,0.115822
1,219,219,0.115553
1,219,219,0.117661
1,219,219,0.116036
1,219,219,0.120542
1,219,219,0.119507
1,219,219,0.116492
1,219,219,0.114866
1,219,219,0.121127
1,220,220,0.117189
1,220,220,0.122677
1,220,220,0.116017
1,220,220,0.116230
1,220,220,0.115054
1,220,220,0.112769
1,220,220,0.116304
1,220,220,0.118419
1,221,221,0.116723
1,221,221,0.116052
1,221,221,0.112830
1,221,221,0.116121
1,221,221,0.116895
1,221,221,0.114617
1,221,221,0.116081
1,221,221,0.111820
1,222,222,0.122854
1,222,222,0.117687
1,222,222,0.119192
1,222,222,0.115336
1,222,222,0.116059
1,222,222,0.115133
1,222,222,0.121228
1,222,222,0.119945
1,223,223,0.116419
1,223,223,0.114943
1,223,223,0.115556
1,223,223,0.118619
1,223,223,0.117784
1,223,223,0.112627
1,223,223,0.118803
1,223,223,0.114766
1,224,224,0.119865
1,224,224,0.115162
1,224,224,0.115096
1,224,224,0.118150
1,224,224,0.117247
1,224,224,0.118309
1,224,224,0.116858
1,224,224,0.119357
1,225,225,0.116914
1,225,225,0.117838
1,225,225,0.118245
1,225,225,0.113837
1,225,225,0.114365
1,225,225,0.115099
1,225,225,0.116561
1,225,225,0.116958
1,226,226,0.115205
1,226,226,0.119409
1,226,226,0.120417
1,226,226,0.113008
1,226,226,0.116721
1,226,226,0.119372
1,226,226,0.117221
1,226,226,0.115940
1,227,227,0.115323
1,227,227,0.118752
1,227,227,0.114444
1,227,227,0.114324
1,227,227,0.116363
1,227,227,0.117863
1,227,227,0.116861
1,227,227,0.114491
1,228,228,0.119560
1,228,228,0.113759
1,228,228,0.112651
1,228,228,0.119178
1,228,228,0.117831
1,228,228,0.117412
1,228,228,0.115284
1,228,228,0.114327
1,229,229,0.117577
1,229,229,0.114824
1,229,229,0.118873
1,229,229,0.116894
1,229,229,0.116764
1,229,229,0.120505
1,229,229,0.114143
1,229,229,0.116208
1,230,230,0.115529
1,230,230,0.116714
1,230,230,0.113511
1,230,230,0.116876
1,230,230,0.118629
1,230,230,0.114183
1,230,230,0.114558
1,230,230,0.117348
1,231,231,0.116825
1,231,231,0.116902
1,231,231,0.118265
1,231,231,0.115479
1,231,231,0.114364
1,231,231,0.114191
1,231,231,0.114025
1,231,231,0.117576
1,232,232,0.117266
1,232,232,0.114298
1,232,232,0.117525
1,232,232,0.122227
1,232,232,0.117104
1,232,232,0.116612
1,232,232,0.114961
1,232,232,0.111684
1,233,233,0.123598
1,233,233,0.115230
1,233,233,0.112467
1,233,233,0.116709
1,233,233,0.117703
1,233,233,0.110916
1,233,233,0.116826
1,233,233,0.117477
1,234,234,0.116766
1,234,234,0.116019
1,234,234,0.113146
1,234,234,0.116466
1,234,234,0.120771
1,234,234,0.117140
1,234,234,0.114942
1,234,234,0.114241
1,235,235,0.118628
1,235,235,0.115305
1,235,235,0.117860
1,235,235,0.115652
1,235,235,0.118230
1,235,235,0.118684
1,235,235,0.116797
1,235,235,0.118400
1,236,236,0.116032
1,236,236,0.114868
1,236,236,0.118365
1,236,236,0.114968
1,236,236,0.116681
1,236,236,0.116448
1,236,236,0.114167
1,236,236,0.112308
1,237,237,0.114942
1,237,237,0.117660
1,237,237,0.114899
1,237,237,0.115433
1,237,237,0.116298
1,237,237,0.115167
1,237,237,0.117917
1,237,237,0.118063
1,238,238,0.116573
1,238,238,0.115916
1,238,238,0.120296
1,238,238,0.117259
1,238,238,0.112489
1,238,238,0.121715
1,238,238,0.112416
1,238,238,0.114379
1,239,239,0.117032
1,239,239,0.113214
1,239,239,0.115827
1,239,239,0.122520
1,239,239,0.117391
1,239,239,0.119427
1,239,239,0.116651
1,239,239,0.116802
1,240,240,0.120092
1,240,240,0.118307
1,240,240,0.118117
1,240,240,0.117403
1,240,240,0.115358
1,240,240,0.116037
1,240,240,0.112796
1,240,240,0.117643
1,241,241,0.117132
1,241,241,0.114601
1,241,241,0.114356
1,241,241,0.117455
1,241,241,0.115973
1,241,241,0.112564
1,241,241,0.115359
1,241,241,0.115627
1,242,242,0.116022
1,242,242,0.116287
1,242,242,0.116313
1,242,242,0.116531
1,242,242,0.116123
1,242,242,0.119359
1,242,242,0.116553
1,242,242,0.113002
1,243,243,0.114748
1,243,243,0.120562
1,243,243,0.113437
1,243,243,0.118338
1,243,243,0.118977
1,243,243,0.123129
1,243,243,0.116404
1,243,243,0.121015
1,244,244,0.115949
1,244,244,0.117468
1,244,244,0.117772
1,244,244,0.117015
1,244,244,0.118511
1,244,244,0.114727
1,244,244,0.117876
1,244,244,0.113798
1,245,245,0.113818
1,245,245,0.119298
1,245,245,0.118748
1,245,245,0.117892
1,245,245,0.115977
1,245,245,0.116234
1,245,245,0.121128
1,245,245,0.116974
1,246,246,0.120552
1,246,246,0.120089
1,246,246,0.116464
1,246,246,0.115735
1,246,246,0.117373
1,246,246,0.115571
1,246,246,0.121204
1,246,246,0.115485
1,247,247,0.111357
1,247,247,0.119021
1,247,247,0.117582
1,247,247,0.116904
1,247,247,0.117559
1,247,247,0.118400
1,247,247,0.120004
1,247,247,0.119758
1,248,248,0.118808
1,248,248,0.115763
1,248,248,0.115027
1,248,248,0.113966
1,248,248,0.116272
1,248,248,0.116068
1,248,248,0.120009
1,248,248,0.113975
1,249,249,0.116172
1,249,249,0.115361
1,249,249,0.115877
1,249,249,0.115305
1,249,249,0.118887
1,249,249,0.116835
1,249,249,0.118861
1,249,249,0.113187
1,250,250,0.114821
1,250,250,0.118079
1,250,250,0.115770
1,250,250,0.114208
1,250,250,0.119526
1,250,250,0.112323
1,250,250,0.116350
1,250,250,0.121245
1,251,251,0.115831
1,251,251,0.115178
1,251,251,0.114736
1,251,251,0.116622
1,251,251,0.111934
1,251,251,0.117134
1,251,251,0.118033
1,251,251,0.117309
1,252,252,0.116414
1,252,252,0.114867
1,252,252,0.114722
1,252,252,0.113241
1,252,252,0.116935
1,252,252,0.115484
1,252,252,0.116785
1,252,252,0.117590
1,253,253,0.117853
1,253,253,0.113393
1,253,253,0.114825
1,253,253,0.116023
1,253,253,0.116444
1,253,253,0.117516
1,253,253,0.115881
1,253,253,0.115528
1,254,254,0.112750
1,254,254,0.116381
1,254,254,0.115050
1,254,254,0.121773
1,254,254,0.115290
1,254,254,0.116089
1,254,254,0.119426
1,254,254,0.113104
1,255,255,0.114376
1,255,255,0.113183
1,255,255,0.116433
1,255,255,0.114818
1,255,255,0.118521
1,255,255,0.117893
1,255,255,0.115439
1,255,255,0.114494
1,256,256,0.116205
1,256,256,0.113274
1,256,256,0.114749
1,256,256,0.115371
1,256,256,0.114782
1,256,256,0.117876
1,256,256,0.117165
1,256,256,0.113912
1,257,257,0.116968
1,257,257,0.112385
1,257,257,0.115296
1,257,257,0.115247
1,257,257,0.116259
1,257,257,0.116120
1,257,257,0.122361
1,257,257,0.112391
1,258,258,0.115369
1,258,258,0.115515
1,258,258,0.115635
1,258,258,0.117587
1,258,258,0.115379
1,258,258,0.116985
1,258,258,0.114912
1,258,258,0.116352
1,259,259,0.116862
1,259,259,0.115433
1,259,259,0.113314
1,259,259,0.116485
1,259,259,0.124732
1,259,259,0.113506
1,259,259,0.112731
1,259,259,0.114902
1,260,260,0.117848
1,260,260,0.118551
1,260,260,0.116131
1,260,260,0.119728
1,260,260,0.114117
1,260,260,0.115081
1,260,260,0.115581
1,260,260,0.115059
1,261,261,0.114936
1,261,261,0.114851
1,261,261,0.115737
1,261,261,0.116771
1,261,261,0.116921
1,261,261,0.120003
1,261,261,0.114206
1,261,261,0.115318
1,262,262,0.113939
1,262,262,0.120639
1,262,262,0.116671
1,262,262,0.117484
1,262,262,0.118555
1,262,262,0.123434
1,262,262,0.115964
1,262,262,0.112736
1,263,263,0.117226
1,263,263,0.119805
1,263,263,0.116732
1,263,263,0.124632
1,263,263,0.117356
1,263,263,0.117554
1,263,263,0.120067
1,263,263,0.123647
1,264,264,0.116595
1,264,264,0.118867
1,264,264,0.117495
1,264,264,0.117171
1,264,264,0.116534
1,264,264,0.115704
1,264,264,0.115485
1,264,264,0.116040
1,265,265,0.114763
1,265,265,0.118227
1,265,265,0.113950
1,265,265,0.115150
1,265,265,0.119136
1,265,265,0.115466
1,265,265,0.117632
1,265,265,0.117484
1,266,266,0.116060
1,266,266,0.117314
1,266,266,0.117217
1,266,266,0.115525
1,266,266,0.119303
1,266,266,0.115458
1,266,266,0.116267
1,266,266,0.116647
1,267,267,0.123150
1,267,267,0.121004
1,267,267,0.117729
1,267,267,0.115109
1,267,267,0.114170
1,267,267,0.116364
1,267,267,0.118928
1,267,267,0.120195
1,268,268,0.116641
1,268,268,0.117237
1,268,268,0.118305
1,268,268,0.112677
1,268,268,0.114948
1,268,268,0.124288
1,268,268,0.114797
1,268,268,0.117236
1,269,269,0.117043
1,269,269,0.115518
1,269,269,0.116562
1,269,269,0.116172
1,269,269,0.117242
1,269,269,0.117316
1,269,269,0.113050
1,269,269,0.116277
1,270,270,0.117741
1,270,270,0.118138
1,270,270,0.115945
1,270,270,0.113918
1,270,270,0.116924
1,270,270,0.116910
1,270,270,0.120016
1,270,270,0.115689
1,271,271,0.116156
1,271,271,0.119489
1,271,271,0.114977
1,271,271,0.117071
1,271,271,0.120898
1,271,271,0.117856
1,271,271,0.118735
1,271,271,0.115677
1,272,272,0.118992
1,272,272,0.120169
1,272,272,0.119776
1,272,272,0.115984
1,272,272,0.117240
1,272,272,0.116697
1,272,272,0.116546
1,272,272,0.115429
1,273,273,0.113413
1,273,273,0.114279
1,273,273,0.118509
1,273,273,0.118322
1,273,273,0.121698
1,273,273,0.117390
1,273,273,0.115955
1,273,273,0.116476
1,274,274,0.113092
1,274,274,0.116217
1,274,274,0.116120
1,274,274,0.113846
1,274,274,0.115160
1,274,274,0.114938
1,274,274,0.118010
1,274,274,0.117298
1,275,275,0.117308
1,275,275,0.114033
1,275,275,0.115866
1,275,275,0.111479
1,275,275,0.117931
1,275,275,0.118419
1,275,275,0.116229
1,275,275,0.119274
1,276,276,0.116636
1,276,276,0.117084
1,276,276,0.114163
1,276,276,0.119266
1,276,276,0.113703
1,276,276,0.125782
1,276,276,0.121188
1,276,276,0.115557
1,277,277,0.122327
1,277,277,0.116530
1,277,277,0.118658
1,277,277,0.123215
1,277,277,0.113807
1,277,277,0.116318
1,277,277,0.115086
1,277,277,0.118400
1,278,278,0.114111
1,278,278,0.114421
1,278,278,0.114614
1,278,278,0.115744
1,278,278,0.114714
1,278,278,0.113295
1,278,278,0.114090
1,278,278,0.115971
1,279,279,0.114607
1,279,279,0.112267
1,279,279,0.118793
1,279,279,0.114388
1,279,279,0.112742
1,279,279,0.116898
1,279,279,0.115998
1,279,279,0.117272
1,280,280,0.116679
1,280,280,0.113842
1,280,280,0.114896
1,280,280,0.118768
1,280,280,0.119527
1,280,280,0.114537
1,280,280,0.113281
1,280,280,0.115267
1,281,281,0.115876
1,281,281,0.116872
1,281,281,0.117687
1,281,281,0.114105
1,281,281,0.116044
1,281,281,0.119143
1,281,281,0.115102
1,281,281,0.112042
1,282,282,0.115463
1,282,282,0.115970
1,282,282,0.115850
1,282,282,0.117459
1,282,282,0.112611
1,282,282,0.118698
1,282,282,0.115000
1,282,282,0.113509
1,283,283,0.114756
1,283,283,0.118662
1,283,283,0.115309
1,283,283,0.114799
1,283,283,0.116588
1,283,283,0.115959
1,283,283,0.123614
1,283,283,0.115682
1,284,284,0.120389
1,284,284,0.117295
1,284,284,0.114424
1,284,284,0.118396
1,284,284,0.115824
1,284,284,0.116263
1,284,284,0.117912
1,284,284,0.113913
1,285,285,0.117494
1,285,285,0.116783
1,285,285,0.115470
1,285,285,0.113843
1,285,285,0.118257
1,285,285,0.123572
1,285,285,0.113043
1,285,285,0.114975
1,286,286,0.118372
1,286,286,0.113318
1,286,286,0.112561
1,286,286,0.116578
1,286,286,0.114297
1,286,286,0.116826
1,286,286,0.120373
1,286,286,0.115451
1,287,287,0.116981
1,287,287,0.114833
1,287,287,0.117772
1,287,287,0.114848
1,287,287,0.114631
1,287,287,0.119058
1,287,287,0.116201
1,287,287,0.117290
1,288,288,0.115943
1,288,288,0.116554
1,288,288,0.114964
1,288,288,0.119651
1,288,288,0.116927
1,288,288,0.118082
1,288,288,0.116336
1,288,288,0.117554
1,289,289,0.115322
1,289,289,0.117503
1,289,289,0.115527
1,289,289,0.119930
1,289,289,0.115626
1,289,289,0.114860
1,289,289,0.114423
1,289,289,0.116520
1,290,290,0.114619
1,290,290,0.115434
1,290,290,0.113264
1,290,290,0.116270
1,290,290,0.115827
1,290,290,0.115175
1,290,290,0.121822
1,290,290,0.115309
1,291,291,0.114192
1,291,291,0.113621
1,291,291,0.120400
1,291,291,0.119870
1,291,291,0.113528
1,291,291,0.119696
1,291,291,0.119539
1,291,291,0.123244
1,292,292,0.118339
1,292,292,0.120996
1,292,292,0.119483
1,292,292,0.117218
1,292,292,0.114356
1,292,292,0.122285
1,292,292,0.113836
1,292,292,0.115491
1,293,293,0.119505
1,293,293,0.114078
1,293,293,0.116764
1,293,293,0.117015
1,293,293,0.113954
1,293,293,0.114967
1,293,293,0.117040
1,293,293,0.113433
1,294,294,0.116195
1,294,294,0.113752
1,294,294,0.119926
1,294,294,0.117373
1,294,294,0.119688
1,294,294,0.119995
1,294,294,0.117272
1,294,294,0.114427
1,295,295,0.113538
1,295,295,0.117884
1,295,295,0.114860
1,295,295,0.114947
1,295,295,0.114008
1,295,295,0.122786
1,295,295,0.114600
1,295,295,0.113415
1,296,296,0.115715
1,296,296,0.115413
1,296,296,0.119265
1,296,296,0.121918
1,296,296,0.113303
1,296,296,0.116328
1,296,296,0.114671
1,296,296,0.115070
1,297,297,0.120320
1,297,297,0.116449
1,297,297,0.116624
1,297,297,0.114883
1,297,297,0.115475
1,297,297,0.115284
1,297,297,0.113957
1,297,297,0.118682
1,298,298,0.114796
1,298,298,0.113351
1,298,298,0.119421
1,298,298,0.118159
1,298,298,0.122619
1,298,298,0.117637
1,298,298,0.117449
1,298,298,0.113235
1,299,299,0.113907
1,299,299,0.113933
1,299,299,0.113456
1,299,299,0.116021
1,299,299,0.117096
1,299,299,0.121357
1,299,299,0.117343
1,299,299,0.115111
1,300,300,0.114105
1,300,300,0.116535
1,300,300,0.118974
1,300,300,0.113344
1,300,300,0.117824
1,300,300,0.116988
1,300,300,0.113748
1,300,300,0.120592
1,301,301,0.117074
1,301,301,0.115504
1,301,301,0.116453
1,301,301,0.118650
1,301,301,0.117136
1,301,301,0.117505
1,301,301,0.115097
1,301,301,0.117969
1,302,302,0.116550
1,302,302,0.119453
1,302,302,0.113332
1,302,302,0.115286
1,302,302,0.116627
1,302,302,0.115861
1,302,302,0.115902
1,302,302,0.114621
1,303,303,0.113222
1,303,303,0.120586
1,303,303,0.114783
1,303,303,0.115758
1,303,303,0.116469
1,303,303,0.116396
1,303,303,0.117122
1,303,303,0.118297
1,304,304,0.115200
1,304,304,0.117611
1,304,304,0.116673
1,304,304,0.115396
1,304,304,0.114611
1,304,304,0.115278
1,304,304,0.112750
1,304,304,0.116701
1,305,305,0.114047
1,305,305,0.115479
1,305,305,0.116714
1,305,305,0.115912
1,305,305,0.115579
1,305,305,0.114918
1,305,305,0.111242
1,305,305,0.118359
1,306,306,0.117402
1,306,306,0.116243
1,306,306,0.113483
1,306,306,0.114467
1,306,306,0.115742
1,306,306,0.114500
1,306,306,0.119372
1,306,306,0.117587
1,307,307,0.118051
1,307,307,0.114514
1,307,307,0.120853
1,307,307,0.114404
1,307,307,0.119655
1,307,307,0.114445
1,307,307,0.119119
1,307,307,0.114305
1,308,308,0.117389
1,308,308,0.118596
1,308,308,0.115490
1,308,308,0.114792
1,308,308,0.117519
1,308,308,0.120128
1,308,308,0.118552
1,308,308,0.113827
1,309,309,0.112781
1,309,309,0.113542
1,309,309,0.118188
1,309,309,0.115028
1,309,309,0.114008
1,309,309,0.117307
1,309,309,0.120121
1,309,309,0.118290
1,310,310,0.115482
1,310,310,0.115051
1,310,310,0.116371
1,310,310,0.115883
1,310,310,0.119118
1,310,310,0.119342
1,310,310,0.117342
1,310,310,0.119086
1,311,311,0.115257
1,311,311,0.117534
1,311,311,0.111787
1,311,311,0.113196
1,311,311,0.118487
1,311,311,0.117457
1,311,311,0.118342
1,311,311,0.113981
1,312,312,0.117082
1,312,312,0.120333
1,312,312,0.116338
1,312,312,0.114460
1,312,312,0.114315
1,312,312,0.120339
1,312,312,0.118663
1,312,312,0.117160
1,313,313,0.114997
1,313,313,0.117102
1,313,313,0.118863
1,313,313,0.119110
1,313,313,0.115663
1,313,313,0.118393
1,313,313,0.115727
1,313,313,0.113687
1,314,314,0.120252
1,314,314,0.113133
1,314,314,0.117308
1,314,314,0.114776
1,314,314,0.114655
1,314,314,0.115745
1,314,314,0.113839
1,314,314,0.117421
1,315,315,0.117712
1,315,315,0.116277
1,315,315,0.117291
1,315,315,0.115365
1,315,315,0.117548
1,315,315,0.118150
1,315,315,0.117913
1,315,315,0.115543
1,316,316,0.114422
1,316,316,0.117079
1,316,316,0.117661
1,316,316,0.117667
1,316,316,0.114295
1,316,316,0.115091
1,316,316,0.118292
1,316,316,0.117670
1,317,317,0.117585
1,317,317,0.115712
1,317,317,0.116953
1,317,317,0.119487
1,317,317,0.121402
1,317,317,0.115901
1,317,317,0.117343
1,317,317,0.116868
1,318,318,0.119169
1,318,318,0.119865
1,318,318,0.116199
1,318,318,0.121367
1,318,318,0.116380
1,318,318,0.116068
1,318,318,0.116855
1,318,318,0.113519
1,319,319,0.118115
1,319,319,0.118941
1,319,319,0.115027
1,319,319,0.114537
1,319,319,0.117724
1,319,319,0.118176
1,319,319,0.116904
1,319,319,0.112100
1,320,320,0.113960
1,320,320,0.117817
1,320,320,0.118666
1,320,320,0.116152
1,320,320,0.116428
1,320,320,0.116421
1,320,320,0.121805
1,320,320,0.114129
1,321,321,0.114741
1,321,321,0.115353
1,321,321,0.115720
1,321,321,0.118363
1,321,321,0.116305
1,321,321,0.117880
1,321,321,0.115009
1,321,321,0.114823
1,322,322,0.115368
1,322,322,0.117741
1,322,322,0.113847
1,322,322,0.114103
1,322,322,0.118704
1,322,322,0.116523
1,322,322,0.123470
1,322,322,0.113264
1,323,323,0.116546
1,323,323,0.112736
1,323,323,0.115446
1,323,323,0.113160
1,323,323,0.113806
1,323,323,0.113502
1,323,323,0.117854
1,323,323,0.115611
1,324,324,0.119234
1,324,324,0.114386
1,324,324,0.115589
1,324,324,0.113936
1,324,324,0.122329
1,324,324,0.114596
1,324,324,0.116104
1,324,324,0.114215
1,325,325,0.114602
1,325,325,0.115905
1,325,325,0.117847
1,325,325,0.116739
1,325,325,0.118020
1,325,325,0.118761
1,325,325,0.118083
1,325,325,0.117110
1,326,326,0.122483
1,326,326,0.120182
1,326,326,0.117040
1,326,326,0.121306
1,326,326,0.117492
1,326,326,0.122194
1,326,326,0.116178
1,326,326,0.120227
1,327,327,0.119510
1,327,327,0.115568
1,327,327,0.119701
1,327,327,0.113835
1,327,327,0.114442
1,327,327,0.115939
1,327,327,0.115975
1,327,327,0.115002
1,328,328,0.117572
1,328,328,0.118364
1,328,328,0.115323
1,328,328,0.114525
1,328,328,0.116582
1,328,328,0.120891
1,328,328,0.115566
1,328,328,0.118514
1,329,329,0.116137
1,329,329,0.112813
1,329,329,0.115981
1,329,329,0.115548
1,329,329,0.114136
1,329,329,0.115899
1,329,329,0.117166
1,329,329,0.114829
1,330,330,0.117286
1,330,330,0.114794
1,330,330,0.120314
1,330,330,0.116020
1,330,330,0.116716
1,330,330,0.113907
1,330,330,0.115998
1,330,330,0.116533
1,331,331,0.114862
1,331,331,0.114083
1,331,331,0.117290
1,331,331,0.116879
1,331,331,0.121358
1,331,331,0.120515
1,331,331,0.116541
1,331,331,0.115040
1,332,332,0.118152
1,332,332,0.116347
1,332,332,0.118029
1,332,332,0.117343
1,332,332,0.117435
1,332,332,0.119921
1,332,332,0.117227
1,332,332,0.114724
1,333,333,0.114947
1,333,333,0.115648
1,333,333,0.116531
1,333,333,0.113491
1,333,333,0.117128
1,333,333,0.111860
1,333,333,0.119931
1,333,333,0.118506
1,334,334,0.114349
1,334,334,0.116032
1,334,334,0.114893
1,334,334,0.116368
1,334,334,0.114194
1,334,334,0.114239
1,334,334,0.117069
1,334,334,0.116962
1,335,335,0.120088
1,335,335,0.115767
1,335,335,0.114982
1,335,335,0.115086
1,335,335,0.115734
1,335,335,0.111811
1,335,335,0.115162
1,335,335,0.119075
1,336,336,0.119372
1,336,336,0.113160
1,336,336,0.118899
1,336,336,0.120574
1,336,336,0.116082
1,336,336,0.118723
1,336,336,0.117574
1,336,336,0.118472
1,337,337,0.113990
1,337,337,0.118752
1,337,337,0.113192
1,337,337,0.114292
1,337,337,0.116612
1,337,337,0.117388
1,337,337,0.116413
1,337,337,0.116562
1,338,338,0.115861
1,338,338,0.119050
1,338,338,0.116246
1,338,338,0.115764
1,338,338,0.120759
1,338,338,0.118580
1,338,338,0.117938
1,338,338,0.118508
1,339,339,0.117269
1,339,339,0.117519
1,339,339,0.114002
1,339,339,0.120040
1,339,339,0.113474
1,339,339,0.114456
1,339,339,0.117862
1,339,339,0.113690
1,340,340,0.116315
1,340,340,0.116510
1,340,340,0.112591
1,340,340,0.116382
1,340,340,0.113848
1,340,340,0.115418
1,340,340,0.118934
1,340,340,0.118328
1,341,341,0.119675
1,341,341,0.114829
1,341,341,0.117133
1,341,341,0.113454
1,341,341,0.110814
1,341,341,0.115636
1,341,341,0.117160
1,341,341,0.114167
1,342,342,0.115277
1,342,342,0.113927
1,342,342,0.114666
1,342,342,0.114654
1,342,342,0.114495
1,342,342,0.118589
1,342,342,0.116577
1,342,342,0.115466
1,343,343,0.112379
1,343,343,0.113804
1,343,343,0.113991
1,343,343,0.115010
1,343,343,0.117685
1,343,343,0.116626
1,343,343,0.117493
1,343,343,0.116982
1,344,344,0.116819
1,344,344,0.116908
1,344,344,0.119095
1,344,344,0.117206
1,344,344,0.118410
1,344,344,0.116008
1,344,344,0.117147
1,344,344,0.118549
1,345,345,0.117935
1,345,345,0.115910
1,345,345,0.118602
1,345,345,0.121719
1,345,345,0.114650
1,345,345,0.116345
1,345,345,0.120742
1,345,345,0.122504
1,346,346,0.118228
1,346,346,0.111698
1,346,346,0.118471
1,346,346,0.114089
1,346,346,0.115314
1,346,346,0.119067
1,346,346,0.119403
1,346,346,0.114729
1,347,347,0.116497
1,347,347,0.115727
1,347,347,0.118352
1,347,347,0.114676
1,347,347,0.120601
1,347,347,0.117923
1,347,347,0.119086
1,347,347,0.115380
1,348,348,0.118948
1,348,348,0.121144
1,348,348,0.111722
1,348,348,0.114620
1,348,348,0.114547
1,348,348,0.117453
1,348,348,0.115811
1,348,348,0.119184
1,349,349,0.114365
1,349,349,0.115599
1,349,349,0.119468
1,349,349,0.116286
1,349,349,0.114730
1,349,349,0.114768
1,349,349,0.116098
1,349,349,0.117626
1,350,350,0.112305
1,350,350,0.115994
1,350,350,0.114624
1,350,350,0.116995
1,350,350,0.116727
1,350,350,0.117481
1,350,350,0.115768
1,350,350,0.119813
1,351,351,0.117226
1,351,351,0.118086
1,351,351,0.113982
1,351,351,0.117244
1,351,351,0.114407
1,351,351,0.116923
1,351,351,0.115820
1,351,351,0.113551
1,352,352,0.114584
1,352,352,0.118391
1,352,352,0.113664
1,352,352,0.114857
1,352,352,0.117548
1,352,352,0.113482
1,352,352,0.113980
1,352,352,0.117153
1,353,353,0.115633
1,353,353,0.116466
1,353,353,0.116839
1,353,353,0.114194
1,353,353,0.114074
1,353,353,0.119646
1,353,353,0.118123
1,353,353,0.121994
1,354,354,0.120792
1,354,354,0.118040
1,354,354,0.112778
1,354,354,0.117508
1,354,354,0.117000
1,354,354,0.114692
1,354,354,0.114397
1,354,354,0.119089
1,355,355,0.117966
1,355,355,0.118157
1,355,355,0.116880
1,355,355,0.117974
1,355,355,0.117456
1,355,355,0.118626
1,355,355,0.113191
1,355,355,0.116262
1,356,356,0.113480
1,356,356,0.117167
1,356,356,0.116188
1,356,356,0.113166
1,356,356,0.114289
1,356,356,0.113682
1,356,356,0.117095
1,356,356,0.119340
1,357,357,0.115128
1,357,357,0.114576
1,357,357,0.116983
1,357,357,0.117594
1,357,357,0.118065
1,357,357,0.119054
1,357,357,0.116840
1,357,357,0.119142
1,358,358,0.112586
1,358,358,0.115837
1,358,358,0.117434
1,358,358,0.113759
1,358,358,0.121208
1,358,358,0.117333
1,358,358,0.117481
1,358,358,0.117035
1,359,359,0.115515
1,359,359,0.115023
1,359,359,0.114908
1,359,359,0.115806
1,359,359,0.116788
1,359,359,0.113945
1,359,359,0.120492
1,359,359,0.114596
1,360,360,0.115508
1,360,360,0.119482
1,360,360,0.117213
1,360,360,0.113416
1,360,360,0.120664
1,360,360,0.116336
1,360,360,0.120131
1,360,360,0.117227
1,361,361,0.117736
1,361,361,0.119362
1,361,361,0.116545
1,361,361,0.119534
1,361,361,0.120208
1,361,361,0.115106
1,361,361,0.117193
1,361,361,0.121350
1,362,362,0.118537
1,362,362,0.116681
1,362,362,0.113930
1,362,362,0.115956
1,362,362,0.118418
1,362,362,0.117196
1,362,362,0.119931
1,362,362,0.119452
1,363,363,0.115616
1,363,363,0.117014
1,363,363,0.120906
1,363,363,0.119450
1,363,363,0.115415
1,363,363,0.114250
1,363,363,0.116190
1,363,363,0.115612
1,364,364,0.117551
1,364,364,0.116182
1,364,364,0.123189
1,364,364,0.115266
1,364,364,0.116991
1,364,364,0.117483
1,364,364,0.113468
1,364,364,0.118228
1,365,365,0.122725
1,365,365,0.116474
1,365,365,0.117778
1,365,365,0.111825
1,365,365,0.117445
1,365,365,0.119230
1,365,365,0.116269
1,365,365,0.115833
1,366,366,0.122588
1,366,366,0.115922
1,366,366,0.116550
1,366,366,0.115322
1,366,366,0.116539
1,366,366,0.116627
1,366,366,0.116750
1,366,366,0.111236
1,367,367,0.115872
1,367,367,0.120067
1,367,367,0.118303
1,367,367,0.117856
1,367,367,0.116661
1,367,367,0.120657
1,367,367,0.117642
1,367,367,0.117725
1,368,368,0.119248
1,368,368,0.116374
1,368,368,0.118398
1,368,368,0.115775
1,368,368,0.114914
1,368,368,0.117129
1,368,368,0.117583
1,368,368,0.115069
1,369,369,0.124967
1,369,369,0.115928
1,369,369,0.116343
1,369,369,0.116524
1,369,369,0.115153
1,369,369,0.114788
1,369,369,0.116201
1,369,369,0.118928
1,370,370,0.111693
1,370,370,0.112629
1,370,370,0.115829
1,370,370,0.120482
1,370,370,0.117900
1,370,370,0.116052
1,370,370,0.117048
1,370,370,0.119579
1,371,371,0.118665
1,371,371,0.117384
1,371,371,0.116619
1,371,371,0.113439
1,371,371,0.115745
1,371,371,0.114387
1,371,371,0.113529
1,371,371,0.120926
1,372,372,0.117610
1,372,372,0.115423
1,372,372,0.117724
1,372,372,0.118825
1,372,372,0.116731
1,372,372,0.116642
1,372,372,0.117156
1,372,372,0.115866
1,373,373,0.117313
1,373,373,0.118473
1,373,373,0.113675
1,373,373,0.118476
1,373,373,0.115080
1,373,373,0.114248
1,373,373,0.115457
1,373,373,0.116461
1,374,374,0.115062
1,374,374,0.116664
1,374,374,0.116560
1,374,374,0.115095
1,374,374,0.114339
1,374,374,0.115332
1,374,374,0.113540
1,374,374,0.120310
1,375,375,0.116972
1,375,375,0.117015
1,375,375,0.117430
1,375,375,0.117663
1,375,375,0.114776
1,375,375,0.119375
1,375,375,0.117981
1,375,375,0.114534
1,376,376,0.114212
1,376,376,0.114379
1,376,376,0.116017
1,376,376,0.116303
1,376,376,0.115309
1,376,376,0.118383
1,376,376,0.115989
1,376,376,0.123216
1,377,377,0.120899
1,377,377,0.121355
1,377,377,0.114561
1,377,377,0.113878
1,377,377,0.118571
1,377,377,0.118708
1,377,377,0.119239
1,377,377,0.117066
1,378,378,0.124046
1,378,378,0.117558
1,378,378,0.115800
1,378,378,0.114848
1,378,378,0.117772
1,378,378,0.116218
1,378,378,0.117402
1,378,378,0.112126
1,379,379,0.118041
1,379,379,0.114253
1,379,379,0.111794
1,379,379,0.113839
1,379,379,0.117223
1,379,379,0.117248
1,379,379,0.113782
1,379,379,0.115429
1,380,380,0.120935
1,380,380,0.116670
1,380,380,0.115722
1,380,380,0.120793
1,380,380,0.113543
1,380,380,0.113485
1,380,380,0.114140
1,380,380,0.114674
1,381,381,0.115730
1,381,381,0.119285
1,381,381,0.119527
1,381,381,0.110947
1,381,381,0.116698
1,381,381,0.118569
1,381,381,0.116204
1,381,381,0.119023
1,382,382,0.119322
1,382,382,0.118177
1,382,382,0.118678
1,382,382,0.117481
1,382,382,0.115979
1,382,382,0.118674
1,382,382,0.116211
1,382,382,0.116538
1,383,383,0.115145
1,383,383,0.115293
1,383,383,0.118869
1,383,383,0.116596
1,383,383,0.118068
1,383,383,0.126397
1,383,383,0.115437
1,383,383,0.113452
1,384,384,0.114717
1,384,384,0.114016
1,384,384,0.115802
1,384,384,0.113138
1,384,384,0.118304
1,384,384,0.114122
1,384,384,0.119437
1,384,384,0.118294
1,385,385,0.118942
1,385,385,0.115123
1,385,385,0.116848
1,385,385,0.120556
1,385,385,0.119762
1,385,385,0.116694
1,385,385,0.116481
1,385,385,0.117881
1,386,386,0.113571
1,386,386,0.116107
1,386,386,0.117518
1,386,386,0.113348
1,386,386,0.118849
1,386,386,0.115496
1,386,386,0.117448
1,386,386,0.118387
1,387,387,0.115252
1,387,387,0.115224
1,387,387,0.124380
1,387,387,0.116595
1,387,387,0.114692
1,387,387,0.115125
1,387,387,0.115364
1,387,387,0.117717
1,388,388,0.112404
1,388,388,0.111464
1,388,388,0.113817
1,388,388,0.115174
1,388,388,0.116616
1,388,388,0.118129
1,388,388,0.115774
1,388,388,0.116888
1,389,389,0.117292
1,389,389,0.117359
1,389,389,0.116309
1,389,389,0.111390
1,389,389,0.116028
1,389,389,0.116958
1,389,389,0.114786
1,389,389,0.119453
1,390,390,0.121343
1,390,390,0.116572
1,390,390,0.116098
1,390,390,0.116883
1,390,390,0.119404
1,390,390,0.115031
1,390,390,0.116900
1,390,390,0.114468
1,391,391,0.118538
1,391,391,0.118346
1,391,391,0.116431
1,391,391,0.114043
1,391,391,0.116426
1,391,391,0.114389
1,391,391,0.115714
1,391,391,0.117980
1,392,392,0.114288
1,392,392,0.116369
1,392,392,0.118580
1,392,392,0.118021
1,392,392,0.116017
1,392,392,0.118071
1,392,392,0.118012
1,392,392,0.111860
1,393,393,0.114506
1,393,393,0.117083
1,393,393,0.118069
1,393,393,0.115321
1,393,393,0.118923
1,393,393,0.116012
1,393,393,0.117354
1,393,393,0.121983
1,394,394,0.114153
1,394,394,0.114317
1,394,394,0.116211
1,394,394,0.115097
1,394,394,0.114410
1,394,394,0.115091
1,394,394,0.120805
1,394,394,0.112604
1,395,395,0.117196
1,395,395,0.116899
1,395,395,0.115968
1,395,395,0.116242
1,395,395,0.115928
1,395,395,0.115811
1,395,395,0.114482
1,395,395,0.115851
1,396,396,0.114642
1,396,396,0.114820
1,396,396,0.116944
1,396,396,0.120404
1,396,396,0.118046
1,396,396,0.118906
1,396,396,0.115607
1,396,396,0.118770
1,397,397,0.114501
1,397,397,0.113595
1,397,397,0.116831
1,397,397,0.115652
1,397,397,0.115164
1,397,397,0.114424
1,397,397,0.118450
1,397,397,0.121070
1,398,398,0.112499
1,398,398,0.119939
1,398,398,0.121026
1,398,398,0.115474
1,398,398,0.117256
1,398,398,0.116949
1,398,398,0.117141
1,398,398,0.118597
1,399,399,0.116202
1,399,399,0.114180
1,399,399,0.117632
1,399,399,0.116659
1,399,399,0.118414
1,399,399,0.114076
1,399,399,0.112672
1,399,399,0.119371
1,400,400,0.116774
1,400,400,0.115883
1,400,400,0.118714
1,400,400,0.116052
1,400,400,0.113822
1,400,400,0.115561
1,400,400,0.115552
1,400,400,0.120764
1,401,401,0.116136
1,401,401,0.113590
1,401,401,0.115409
1,401,401,0.114653
1,401,401,0.118729
1,401,401,0.117740
1,401,401,0.115584
1,401,401,0.116566
1,402,402,0.119263
1,402,402,0.116046
1,402,402,0.112669
1,402,402,0.115618
1,402,402,0.116601
1,402,402,0.114773
1,402,402,0.118525
1,402,402,0.114488
1,403,403,0.112796
1,403,403,0.119162
1,403,403,0.115905
1,403,403,0.116215
1,403,403,0.118707
1,403,403,0.113488
1,403,403,0.114814
1,403,403,0.115209
1,404,404,0.113361
1,404,404,0.118631
1,404,404,0.117369
1,404,404,0.113227
1,404,404,0.114542
1,404,404,0.113578
1,404,404,0.113917
1,404,404,0.113037
1,405,405,0.120427
1,405,405,0.111421
1,405,405,0.120037
1,405,405,0.117227
1,405,405,0.114006
1,405,405,0.113086
1,405,405,0.116707
1,405,405,0.111727
1,406,406,0.119400
1,406,406,0.111977
1,406,406,0.117469
1,406,406,0.116940
1,406,406,0.116023
1,406,406,0.116478
1,406,406,0.117154
1,406,406,0.118550
1,407,407,0.114222
1,407,407,0.114456
1,407,407,0.112441
1,407,407,0.120334
1,407,407,0.115494
1,407,407,0.117927
1,407,407,0.117082
1,407,407,0.114490
1,408,408,0.114564
1,408,408,0.117545
1,408,408,0.114225
1,408,408,0.118305
1,408,408,0.112968
1,408,408,0.116194
1,408,408,0.112669
1,408,408,0.118642
1,409,409,0.115063
1,409,409,0.115671
1,409,409,0.115917
1,409,409,0.111301
1,409,409,0.116434
1,409,409,0.117112
1,409,409,0.114857
1,409,409,0.113775
1,410,410,0.119750
1,410,410,0.114925
1,410,410,0.112840
1,410,410,0.122974
1,410,410,0.117347
1,410,410,0.115282
1,410,410,0.118826
1,410,410,0.117323
1,411,411,0.113105
1,411,411,0.115974
1,411,411,0.116727
1,411,411,0.114470
1,411,411,0.117192
1,411,411,0.113009
1,411,411,0.118383
1,411,411,0.115018
1,412,412,0.116509
1,412,412,0.115534
1,412,412,0.115811
1,412,412,0.114563
1,412,412,0.115891
1,412,412,0.116214
1,412,412,0.118525
1,412,412,0.118979
1,413,413,0.116404
1,413,413,0.113785
1,413,413,0.114468
1,413,413,0.115761
1,413,413,0.118070
1,413,413,0.118661
1,413,413,0.116050
1,413,413,0.120919
1,414,414,0.114161
1,414,414,0.113636
1,414,414,0.119906
1,414,414,0.114657
1,414,414,0.119136
1,414,414,0.114155
1,414,414,0.113719
1,414,414,0.113962
1,415,415,0.119137
1,415,415,0.116182
1,415,415,0.116287
1,415,415,0.110068
1,415,415,0.121102
1,415,415,0.111976
1,415,415,0.115589
1,415,415,0.112099
1,416,416,0.116718
1,416,416,0.117386
1,416,416,0.117043
1,416,416,0.117421
1,416,416,0.116539
1,416,416,0.115471
1,416,416,0.116270
1,416,416,0.118350
1,417,417,0.111201
1,417,417,0.114091
1,417,417,0.114134
1,417,417,0.116308
1,417,417,0.117154
1,417,417,0.118163
1,417,417,0.119575
1,417,417,0.116534
1,418,418,0.115486
1,418,418,0.116870
1,418,418,0.115128
1,418,418,0.114551
1,418,418,0.112911
1,418,418,0.117020
1,418,418,0.116898
1,418,418,0.117065
1,419,419,0.116108
1,419,419,0.116721
1,419,419,0.117143
1,419,419,0.112874
1,419,419,0.112731
1,419,419,0.120973
1,419,419,0.115847
1,419,419,0.115268
1,420,420,0.117393
1,420,420,0.115639
1,420,420,0.112326
1,420,420,0.117587
1,420,420,0.115762
1,420,420,0.120864
1,420,420,0.117952
1,420,420,0.122245
1,421,421,0.113762
1,421,421,0.115326
1,421,421,0.119503
1,421,421,0.114584
1,421,421,0.115936
1,421,421,0.118295
1,421,421,0.117179
1,421,421,0.114484
1,422,422,0.115587
1,422,422,0.115557
1,422,422,0.118055
1,422,422,0.112137
1,422,422,0.116889
1,422,422,0.113866
1,422,422,0.116500
1,422,422,0.115162
1,423,423,0.115299
1,423,423,0.115934
1,423,423,0.113581
1,423,423,0.118323
1,423,423,0.115443
1,423,423,0.116363
1,423,423,0.112428
1,423,423,0.117376
1,424,424,0.121685
1,424,424,0.116148
1,424,424,0.113846
1,424,424,0.116372
1,424,424,0.117904
1,424,424,0.111751
1,424,424,0.113613
1,424,424,0.112504
1,425,425,0.113903
1,425,425,0.113764
1,425,425,0.120352
1,425,425,0.118351
1,425,425,0.115959
1,425,425,0.112787
1,425,425,0.117247
1,425,425,0.115797
1,426,426,0.117268
1,426,426,0.115948
1,426,426,0.114365
1,426,426,0.118132
1,426,426,0.119733
1,426,426,0.113408
1,426,426,0.116127
1,426,426,0.115537
1,427,427,0.121303
1,427,427,0.115510
1,427,427,0.113855
1,427,427,0.119174
1,427,427,0.116687
1,427,427,0.112403
1,427,427,0.115467
1,427,427,0.117681
1,428,428,0.113046
1,428,428,0.116294
1,428,428,0.116498
1,428,428,0.114175
1,428,428,0.114506
1,428,428,0.114764
1,428,428,0.118893
1,428,428,0.116552
1,429,429,0.116079
1,429,429,0.117799
1,429,429,0.116330
1,429,429,0.112728
1,429,429,0.117207
1,429,429,0.115247
1,429,429,0.113827
1,429,429,0.116822
1,430,430,0.116265
1,430,430,0.116387
1,430,430,0.117279
1,430,430,0.119366
1,430,430,0.111088
1,430,430,0.115180
1,430,430,0.119605
1,430,430,0.113230
1,431,431,0.116054
1,431,431,0.115662
1,431,431,0.113386
1,431,431,0.113294
1,431,431,0.119178
1,431,431,0.116975
1,431,431,0.119646
1,431,431,0.113286
1,432,432,0.114260
1,432,432,0.115414
1,432,432,0.113844
1,432,432,0.118019
1,432,432,0.118496
1,432,432,0.115163
1,432,432,0.113330
1,432,432,0.117670
1,433,433,0.115579
1,433,433,0.116775
1,433,433,0.112973
1,433,433,0.116261
1,433,433,0.115762
1,433,433,0.114966
1,433,433,0.114856
1,433,433,0.115865
1,434,434,0.117624
1,434,434,0.111586
1,434,434,0.116806
1,434,434,0.115673
1,434,434,0.113220
1,434,434,0.114570
1,434,434,0.118611
1,434,434,0.115222
1,435,435,0.115686
1,435,435,0.116961
1,435,435,0.113159
1,435,435,0.115605
1,435,435,0.117062
1,435,435,0.117650
1,435,435,0.114699
1,435,435,0.116009
1,436,436,0.113577
1,436,436,0.116889
1,436,436,0.117202
1,436,436,0.116758
1,436,436,0.113706
1,436,436,0.115015
1,436,436,0.116262
1,436,436,0.115587
1,437,437,0.118491
1,437,437,0.114944
1,437,437,0.116323
1,437,437,0.115916
1,437,437,0.113953
1,437,437,0.121017
1,437,437,0.120244
1,437,437,0.119043
1,438,438,0.115174
1,438,438,0.113375
1,438,438,0.117697
1,438,438,0.120121
1,438,438,0.114544
1,438,438,0.114339
1,438,438,0.121482
1,438,438,0.122273
1,439,439,0.114916
1,439,439,0.115819
1,439,439,0.113781
1,439,439,0.113820
1,439,439,0.113630
1,439,439,0.117763
1,439,439,0.111625
1,439,439,0.119255
1,440,440,0.112748
1,440,440,0.116939
1,440,440,0.115719
1,440,440,0.116902
1,440,440,0.114218
1,440,440,0.115714
1,440,440,0.113608
1,440,440,0.115470
1,441,441,0.116989
1,441,441,0.116787
1,441,441,0.113074
1,441,441,0.114903
1,441,441,0.117067
1,441,441,0.116360
1,441,441,0.114272
1,441,441,0.120944
1,442,442,0.114473
1,442,442,0.112993
1,442,442,0.118720
1,442,442,0.114795
1,442,442,0.120581
1,442,442,0.121892
1,442,442,0.114757
1,442,442,0.119713
1,443,443,0.112391
1,443,443,0.115126
1,443,443,0.112697
1,443,443,0.114904
1,443,443,0.114889
1,443,443,0.115636
1,443,443,0.115131
1,443,443,0.116869
1,444,444,0.113638
1,444,444,0.115602
1,444,444,0.117776
1,444,444,0.115813
1,444,444,0.117823
1,444,444,0.116530
1,444,444,0.116990
1,444,444,0.115820
1,445,445,0.113605
1,445,445,0.119018
1,445,445,0.115712
1,445,445,0.110765
1,445,445,0.117195
1,445,445,0.115747
1,445,445,0.112180
1,445,445,0.117960
1,446,446,0.116584
1,446,446,0.117456
1,446,446,0.120545
1,446,446,0.112982
1,446,446,0.117420
1,446,446,0.116705
1,446,446,0.118057
1,446,446,0.117374
1,447,447,0.115905
1,447,447,0.114770
1,447,447,0.116976
1,447,447,0.117345
1,447,447,0.117322
1,447,447,0.117570
1,447,447,0.114233
1,447,447,0.113079
1,448,448,0.115610
1,448,448,0.119937
1,448,448,0.113717
1,448,448,0.117634
1,448,448,0.114543
1,448,448,0.113014
1,448,448,0.116689
1,448,448,0.116401
1,449,449,0.117535
1,449,449,0.114288
1,449,449,0.115717
1,449,449,0.114866
1,449,449,0.115666
1,449,449,0.116349
1,449,449,0.113731
1,449,449,0.114148
1,450,450,0.115042
1,450,450,0.120848
1,450,450,0.113414
1,450,450,0.117143
1,450,450,0.114725
1,450,450,0.117206
1,450,450,0.115242
1,450,450,0.116270
1,451,451,0.113875
1,451,451,0.116574
1,451,451,0.115021
1,451,451,0.112667
1,451,451,0.117271
1,451,451,0.117286
1,451,451,0.112903
1,451,451,0.116810
1,452,452,0.114369
1,452,452,0.114849
1,452,452,0.120725
1,452,452,0.114797
1,452,452,0.115869
1,452,452,0.118967
1,452,452,0.115109
1,452,452,0.116574
1,453,453,0.118430
1,453,453,0.113479
1,453,453,0.114251
1,453,453,0.118336
1,453,453,0.115191
1,453,453,0.114332
1,453,453,0.122140
1,453,453,0.115412
1,454,454,0.118036
1,454,454,0.115900
1,454,454,0.114121
1,454,454,0.117515
1,454,454,0.113944
1,454,454,0.116678
1,454,454,0.112866
1,454,454,0.111937
1,455,455,0.118348
1,455,455,0.115332
1,455,455,0.117259
1,455,455,0.114544
1,455,455,0.118502
1,455,455,0.115621
1,455,455,0.116400
1,455,455,0.115631
1,456,456,0.114616
1,456,456,0.116132
1,456,456,0.115677
1,456,456,0.114047
1,456,456,0.120273
1,456,456,0.114942
1,456,456,0.112147
1,456,456,0.114129
1,457,457,0.120952
1,457,457,0.114454
1,457,457,0.113941
1,457,457,0.119532
1,457,457,0.117566
1,457,457,0.116118
1,457,457,0.113046
1,457,457,0.118613
1,458,458,0.118047
1,458,458,0.117202
1,458,458,0.115253
1,458,458,0.115162
1,458,458,0.112502
1,458,458,0.115096
1,458,458,0.113413
1,458,458,0.114027
1,459,459,0.115438
1,459,459,0.115338
1,459,459,0.114730
1,459,459,0.112904
1,459,459,0.119764
1,459,459,0.117263
1,459,459,0.113580
1,459,459,0.115385
1,460,460,0.119553
1,460,460,0.116029
1,460,460,0.119206
1,460,460,0.114870
1,460,460,0.117233
1,460,460,0.112482
1,460,460,0.119042
1,460,460,0.118917
1,461,461,0.116435
1,461,461,0.115780
1,461,461,0.119605
1,461,461,0.117152
1,461,461,0.114840
1,461,461,0.116979
1,461,461,0.117688
1,461,461,0.115245
1,462,462,0.115746
1,462,462,0.115178
1,462,462,0.119192
1,462,462,0.118925
1,462,462,0.115080
1,462,462,0.118088
1,462,462,0.116449
1,462,462,0.119018
1,463,463,0.118464
1,463,463,0.115241
1,463,463,0.115531
1,463,463,0.119605
1,463,463,0.114915
1,463,463,0.116727
1,463,463,0.113862
1,463,463,0.116408
1,464,464,0.111883
1,464,464,0.117131
1,464,464,0.118073
1,464,464,0.118473
1,464,464,0.116725
1,464,464,0.114692
1,464,464,0.119567
1,464,464,0.117681
1,465,465,0.112831
1,465,465,0.114433
1,465,465,0.117643
1,465,465,0.118316
1,465,465,0.115394
1,465,465,0.116463
1,465,465,0.117007
1,465,465,0.113702
1,466,466,0.119431
1,466,466,0.120949
1,466,466,0.117736
1,466,466,0.116048
1,466,466,0.117764
1,466,466,0.114723
1,466,466,0.114967
1,466,466,0.116362
1,467,467,0.115974
1,467,467,0.112054
1,467,467,0.116276
1,467,467,0.117186
1,467,467,0.118346
1,467,467,0.113900
1,467,467,0.119117
1,467,467,0.114443
1,468,468,0.117550
1,468,468,0.114227
1,468,468,0.112876
1,468,468,0.118652
1,468,468,0.110349
1,468,468,0.121416
1,468,468,0.116569
1,468,468,0.117605
1,469,469,0.116576
1,469,469,0.114326
1,469,469,0.120490
1,469,469,0.117695
1,469,469,0.115831
1,469,469,0.117269
1,469,469,0.114273
1,469,469,0.120911
1,470,470,0.116158
1,470,470,0.115390
1,470,470,0.116723
1,470,470,0.117898
1,470,470,0.114294
1,470,470,0.113639
1,470,470,0.115800
1,470,470,0.114849
1,471,471,0.114413
1,471,471,0.116168
1,471,471,0.120275
1,471,471,0.116891
1,471,471,0.117018
1,471,471,0.115616
1,471,471,0.121772
1,471,471,0.112903
1,472,472,0.115303
1,472,472,0.121393
1,472,472,0.113613
1,472,472,0.113837
1,472,472,0.116254
1,472,472,0.114517
1,472,472,0.116651
1,472,472,0.114272
1,473,473,0.117275
1,473,473,0.115350
1,473,473,0.115726
1,473,473,0.120690
1,473,473,0.118288
1,473,473,0.116933
1,473,473,0.114004
1,473,473,0.116940
1,474,474,0.114634
1,474,474,0.117476
1,474,474,0.116991
1,474,474,0.117674
1,474,474,0.112659
1,474,474,0.117213
1,474,474,0.115353
1,474,474,0.113301
1,475,475,0.120164
1,475,475,0.113472
1,475,475,0.116533
1,475,475,0.116699
1,475,475,0.114321
1,475,475,0.114095
1,475,475,0.113938
1,475,475,0.115944
1,476,476,0.114612
1,476,476,0.116033
1,476,476,0.120732
1,476,476,0.114166
1,476,476,0.114230
1,476,476,0.117511
1,476,476,0.119616
1,476,476,0.118683
1,477,477,0.118502
1,477,477,0.118258
1,477,477,0.118638
1,477,477,0.115113
1,477,477,0.114995
1,477,477,0.112504
1,477,477,0.112920
1,477,477,0.114502
1,478,478,0.117428
1,478,478,0.114520
1,478,478,0.113276
1,478,478,0.113879
1,478,478,0.118802
1,478,478,0.116993
1,478,478,0.117821
1,478,478,0.117890
1,479,479,0.115497
1,479,479,0.117429
1,479,479,0.115658
1,479,479,0.118335
1,479,479,0.114780
1,479,479,0.117622
1,479,479,0.112586
1,479,479,0.118286
1,480,480,0.116559
1,480,480,0.116326
1,480,480,0.113575
1,480,480,0.120769
1,480,480,0.115629
1,480,480,0.116568
1,480,480,0.115833
1,480,480,0.115830
1,481,481,0.117254
1,481,481,0.118847
1,481,481,0.112511
1,481,481,0.121490
1,481,481,0.114222
1,481,481,0.119744
1,481,481,0.120228
1,481,481,0.118206
1,482,482,0.116676
1,482,482,0.115930
1,482,482,0.114638
1,482,482,0.112853
1,482,482,0.114174
1,482,482,0.115112
1,482,482,0.117206
1,482,482,0.113944
1,483,483,0.114818
1,483,483,0.122250
1,483,483,0.114743
1,483,483,0.112902
1,483,483,0.120496
1,483,483,0.123894
1,483,483,0.120824
1,483,483,0.113589
1,484,484,0.114501
1,484,484,0.116107
1,484,484,0.116691
1,484,484,0.114809
1,484,484,0.120244
1,484,484,0.116568
1,484,484,0.114801
1,484,484,0.114752
1,485,485,0.116041
1,485,485,0.117458
1,485,485,0.116563
1,485,485,0.113683
1,485,485,0.116441
1,485,485,0.113428
1,485,485,0.116412
1,485,485,0.114672
1,486,486,0.112283
1,486,486,0.115792
1,486,486,0.113400
1,486,486,0.116714
1,486,486,0.114107
1,486,486,0.118059
1,486,486,0.119080
1,486,486,0.117639
1,487,487,0.114527
1,487,487,0.117005
1,487,487,0.114939
1,487,487,0.114210
1,487,487,0.114772
1,487,487,0.113500
1,487,487,0.117433
1,487,487,0.121540
1,488,488,0.112153
1,488,488,0.117605
1,488,488,0.117826
1,488,488,0.114391
1,488,488,0.112693
1,488,488,0.116735
1,488,488,0.115244
1,488,488,0.115239
1,489,489,0.115469
1,489,489,0.115798
1,489,489,0.120043
1,489,489,0.120377
1,489,489,0.120728
1,489,489,0.112703
1,489,489,0.114070
1,489,489,0.114786
1,490,490,0.117496
1,490,490,0.117429
1,490,490,0.112717
1,490,490,0.114343
1,490,490,0.116144
1,490,490,0.118953
1,490,490,0.115919
1,490,490,0.115527
1,491,491,0.116214
1,491,491,0.116639
1,491,491,0.113772
1,491,491,0.116184
1,491,491,0.113407
1,491,491,0.112174
1,491,491,0.116477
1,491,491,0.119348
1,492,492,0.113949
1,492,492,0.114550
1,492,492,0.114576
1,492,492,0.118161
1,492,492,0.116935
1,492,492,0.115656
1,492,492,0.115515
1,492,492,0.118300
1,493,493,0.114843
1,493,493,0.116598
1,493,493,0.111765
1,493,493,0.118280
1,493,493,0.113436
1,493,493,0.118344
1,493,493,0.111044
1,493,493,0.116673
1,494,494,0.112462
1,494,494,0.112712
1,494,494,0.115830
1,494,494,0.115081
1,494,494,0.121268
1,494,494,0.114265
1,494,494,0.110841
1,494,494,0.113836
1,495,495,0.116622
1,495,495,0.113366
1,495,495,0.114819
1,495,495,0.122405
1,495,495,0.115434
1,495,495,0.116376
1,495,495,0.114286
1,495,495,0.114267
1,496,496,0.114548
1,496,496,0.116863
1,496,496,0.118298
1,496,496,0.115511
1,496,496,0.114560
1,496,496,0.114117
1,496,496,0.113174
1,496,496,0.115212
1,497,497,0.115616
1,497,497,0.113243
1,497,497,0.113715
1,497,497,0.114097
1,497,497,0.116504
1,497,497,0.116332
1,497,497,0.116805
1,497,497,0.116746
1,498,498,0.118671
1,498,498,0.115120
1,498,498,0.116454
1,498,498,0.115098
1,498,498,0.110628
1,498,498,0.114844
1,498,498,0.117509
1,498,498,0.114397
1,499,499,0.114581
1,499,499,0.117842
1,499,499,0.117513
1,499,499,0.115123
1,499,499,0.116923
1,499,499,0.120076
1,499,499,0.117577
1,499,499,0.119036
1,500,500,0.118634
1,500,500,0.112728
1,500,500,0.115707
1,500,500,0.113002
1,500,500,0.117797
1,500,500,0.115707
1,500,500,0.114031
1,500,500,0.116445
1,501,501,0.115077
1,501,501,0.114511
1,501,501,0.117049
1,501,501,0.115943
1,501,501,0.115997
1,501,501,0.115868
1,501,501,0.116445
1,501,501,0.116132
1,502,502,0.113767
1,502,502,0.115340
1,502,502,0.111632
1,502,502,0.119127
1,502,502,0.116750
1,502,502,0.113317
1,502,502,0.114150
1,502,502,0.115024
1,503,503,0.113896
1,503,503,0.115023
1,503,503,0.119339
1,503,503,0.113587
1,503,503,0.120353
1,503,503,0.113046
1,503,503,0.112632
1,503,503,0.116686
1,504,504,0.110907
1,504,504,0.121177
1,504,504,0.116821
1,504,504,0.119748
1,504,504,0.117591
1,504,504,0.117706
1,504,504,0.119973
1,504,504,0.120209
1,505,505,0.115939
1,505,505,0.118145
1,505,505,0.118254
1,505,505,0.118146
1,505,505,0.116063
1,505,505,0.113402
1,505,505,0.117183
1,505,505,0.117971
1,506,506,0.116090
1,506,506,0.112963
1,506,506,0.114086
1,506,506,0.115317
1,506,506,0.115751
1,506,506,0.115883
1,506,506,0.114852
1,506,506,0.115134
1,507,507,0.115690
1,507,507,0.116242
1,507,507,0.114340
1,507,507,0.119930
1,507,507,0.115974
1,507,507,0.118229
1,507,507,0.114961
1,507,507,0.115383
1,508,508,0.117925
1,508,508,0.116669
1,508,508,0.117879
1,508,508,0.119966
1,508,508,0.112984
1,508,508,0.117400
1,508,508,0.115570
1,508,508,0.115778
1,509,509,0.119597
1,509,509,0.113335
1,509,509,0.114902
1,509,509,0.113650
1,509,509,0.117775
1,509,509,0.117774
1,509,509,0.114712
1,509,509,0.113896
1,510,510,0.113928
1,510,510,0.113532
1,510,510,0.121480
1,510,510,0.115689
1,510,510,0.114158
1,510,510,0.120623
1,510,510,0.113486
1,510,510,0.121874
1,511,511,0.114482
1,511,511,0.116194
1,511,511,0.115096
1,511,511,0.115954
1,511,511,0.114044
1,511,511,0.115866
1,511,511,0.118202
1,511,511,0.115182
1,512,512,0.113291
1,512,512,0.114494
1,512,512,0.116212
1,512,512,0.114058
1,512,512,0.117826
1,512,512,0.111272
1,512,512,0.115507
1,512,512,0.113781
1,513,513,0.113565
1,513,513,0.116631
1,513,513,0.115203
1,513,513,0.118456
1,513,513,0.112084
1,513,513,0.117935
1,513,513,0.115138
1,513,513,0.115701
1,514,514,0.115485
1,514,514,0.115243
1,514,514,0.120571
1,514,514,0.117771
1,514,514,0.116033
1,514,514,0.119302
1,514,514,0.113159
1,514,514,0.117740
1,515,515,0.114086
1,515,515,0.115407
1,515,515,0.113816
1,515,515,0.115186
1,515,515,0.116236
1,515,515,0.113539
1,515,515,0.116140
1,515,515,0.116391
1,516,516,0.118854
1,516,516,0.116734
1,516,516,0.115320
1,516,516,0.113684
1,516,516,0.112840
1,516,516,0.117500
1,516,516,0.117750
1,516,516,0.116727
1,517,517,0.120496
1,517,517,0.116424
1,517,517,0.115792
1,517,517,0.117260
1,517,517,0.116336
1,517,517,0.113390
1,517,517,0.116250
1,517,517,0.117998
1,518,518,0.119123
1,518,518,0.115281
1,518,518,0.116004
1,518,518,0.114229
1,518,518,0.114583
1,518,518,0.115647
1,518,518,0.114443
1,518,518,0.115281
1,519,519,0.116533
1,519,519,0.113349
1,519,519,0.116606
1,519,519,0.121386
1,519,519,0.118533
1,519,519,0.115287
1,519,519,0.116944
1,519,519,0.116757
1,520,520,0.114158
1,520,520,0.115052
1,520,520,0.114334
1,520,520,0.112133
1,520,520,0.112106
1,520,520,0.114247
1,520,520,0.117599
1,520,520,0.118454
1,521,521,0.114830
1,521,521,0.115075
1,521,521,0.119850
1,521,521,0.117715
1,521,521,0.114912
1,521,521,0.117454
1,521,521,0.128203
1,521,521,0.116076
1,522,522,0.116869
1,522,522,0.116051
1,522,522,0.116440
1,522,522,0.116307
1,522,522,0.120059
1,522,522,0.115163
1,522,522,0.113499
1,522,522,0.121199
1,523,523,0.114441
1,523,523,0.114408
1,523,523,0.118824
1,523,523,0.121261
1,523,523,0.116868
1,523,523,0.118912
1,523,523,0.115390
1,523,523,0.114725
1,524,524,0.115506
1,524,524,0.113877
1,524,524,0.116519
1,524,524,0.112894
1,524,524,0.115792
1,524,524,0.114548
1,524,524,0.119008
1,524,524,0.113877
1,525,525,0.115397
1,525,525,0.111900
1,525,525,0.117801
1,525,525,0.118269
1,525,525,0.116848
1,525,525,0.116574
1,525,525,0.119971
1,525,525,0.115511
1,526,526,0.115490
1,526,526,0.118948
1,526,526,0.116469
1,526,526,0.121504
1,526,526,0.119940
1,526,526,0.117344
1,526,526,0.114413
1,526,526,0.122866
1,527,527,0.113698
1,527,527,0.114930
1,527,527,0.115833
1,527,527,0.114524
1,527,527,0.117309
1,527,527,0.113558
1,527,527,0.115147
1,527,527,0.114708
1,528,528,0.112932
1,528,528,0.118127
1,528,528,0.115009
1,528,528,0.117367
1,528,528,0.115953
1,528,528,0.113584
1,528,528,0.121602
1,528,528,0.117874
1,529,529,0.117247
1,529,529,0.116757
1,529,529,0.115126
1,529,529,0.119881
1,529,529,0.117319
1,529,529,0.113272
1,529,529,0.115051
1,529,529,0.112045
1,530,530,0.121434
1,530,530,0.112568
1,530,530,0.112893
1,530,530,0.120188
1,530,530,0.114261
1,530,530,0.113162
1,530,530,0.115677
1,530,530,0.115947
1,531,531,0.115561
1,531,531,0.114626
1,531,531,0.114539
1,531,531,0.114724
1,531,531,0.112281
1,531,531,0.118390
1,531,531,0.119214
1,531,531,0.115948
1,532,532,0.115163
1,532,532,0.114428
1,532,532,0.119676
1,532,532,0.113065
1,532,532,0.116786
1,532,532,0.112353
1,532,532,0.118473
1,532,532,0.114523
1,533,533,0.115791
1,533,533,0.116909
1,533,533,0.114285
1,533,533,0.115432
1,533,533,0.116910
1,533,533,0.118823
1,533,533,0.116213
1,533,533,0.119067
1,534,534,0.122054
1,534,534,0.115034
1,534,534,0.117770
1,534,534,0.115112
1,534,534,0.117934
1,534,534,0.116267
1,534,534,0.119217
1,534,534,0.115216
1,535,535,0.113433
1,535,535,0.116534
1,535,535,0.118942
1,535,535,0.114617
1,535,535,0.115779
1,535,535,0.113967
1,535,535,0.117867
1,535,535,0.116102
1,536,536,0.113187
1,536,536,0.115588
1,536,536,0.115622
1,536,536,0.113859
1,536,536,0.112074
1,536,536,0.115261
1,536,536,0.115285
1,536,536,0.115802
1,537,537,0.115116
1,537,537,0.116735
1,537,537,0.116985
1,537,537,0.120003
1,537,537,0.117758
1,537,537,0.116285
1,537,537,0.117574
1,537,537,0.114499
1,538,538,0.116237
1,538,538,0.116732
1,538,538,0.114882
1,538,538,0.114954
1,538,538,0.117876
1,538,538,0.116898
1,538,538,0.118582
1,538,538,0.116892
1,539,539,0.113465
1,539,539,0.116910
1,539,539,0.116924
1,539,539,0.115512
1,539,539,0.113970
1,539,539,0.116565
1,539,539,0.122006
1,539,539,0.115715
2,1,540,0.114635
2,1,540,0.115053
2,1,540,0.115432
2,1,540,0.118908
2,1,540,0.119855
2,1,540,0.115837
2,1,540,0.114977
2,1,540,0.114062
2,2,541,0.118335
2,2,541,0.112989
2,2,541,0.112588
2,2,541,0.114566
2,2,541,0.118294
2,2,541,0.115366
2,2,541,0.113763
2,2,541,0.116903
2,3,542,0.115056
2,3,542,0.114595
2,3,542,0.114365
2,3,542,0.114146
2,3,542,0.117918
2,3,542,0.113675
2,3,542,0.115249
2,3,542,0.114021
2,4,543,0.113841
2,4,543,0.119450
2,4,543,0.117444
2,4,543,0.114374
2,4,543,0.117378
2,4,543,0.112863
2,4,543,0.115834
2,4,543,0.114007
2,5,544,0.115463
2,5,544,0.119511
2,5,544,0.114068
2,5,544,0.114314
2,5,544,0.118010
2,5,544,0.117467
2,5,544,0.116370
2,5,544,0.111082
2,6,545,0.118356
2,6,545,0.114869
2,6,545,0.118112
2,6,545,0.121493
2,6,545,0.118149
2,6,545,0.115347
2,6,545,0.116802
2,6,545,0.117499
2,7,546,0.117487
2,7,546,0.114449
2,7,546,0.115911
2,7,546,0.117474
2,7,546,0.114653
2,7,546,0.120615
2,7,546,0.117400
2,7,546,0.118564
2,8,547,0.117815
2,8,547,0.121004
2,8,547,0.116730
2,8,547,0.119963
2,8,547,0.117488
2,8,547,0.119008
2,8,547,0.116772
2,8,547,0.115657
2,9,548,0.114646
2,9,548,0.115080
2,9,548,0.117742
2,9,548,0.117193
2,9,548,0.116008
2,9,548,0.115190
2,9,548,0.118318
2,9,548,0.111869
2,10,549,0.116146
2,10,549,0.115733
2,10,549,0.117600
2,10,549,0.114112
2,10,549,0.116879
2,10,549,0.114150
2,10,549,0.112789
2,10,549,0.119073
2,11,550,0.118136
2,11,550,0.119021
2,11,550,0.116902
2,11,550,0.116530
2,11,550,0.117114
2,11,550,0.118787
2,11,550,0.118249
2,11,550,0.118504
2,12,551,0.118429
2,12,551,0.116464
2,12,551,0.114160
2,12,551,0.115337
2,12,551,0.118683
2,12,551,0.114513
2,12,551,0.115805
2,12,551,0.114075
2,13,552,0.115586
2,13,552,0.117062
2,13,552,0.118806
2,13,552,0.114216
2,13,552,0.115872
2,13,552,0.117995
2,13,552,0.117414
2,13,552,0.121147
2,14,553,0.112327
2,14,553,0.119881
2,14,553,0.115341
2,14,553,0.114308
2,14,553,0.117925
2,14,553,0.113920
2,14,553,0.114024
2,14,553,0.113589
2,15,554,0.114708
2,15,554,0.114925
2,15,554,0.120614
2,15,554,0.117634
2,15,554,0.116540
2,15,554,0.121187
2,15,554,0.117698
2,15,554,0.113076
2,16,555,0.120953
2,16,555,0.114519
2,16,555,0.114489
2,16,555,0.114395
2,16,555,0.116110
2,16,555,0.113984
2,16,555,0.114621
2,16,555,0.110279
2,17,556,0.117152
2,17,556,0.118141
2,17,556,0.115773
2,17,556,0.117706
2,17,556,0.117483
2,17,556,0.115194
2,17,556,0.121523
2,17,556,0.115218
2,18,557,0.115368
2,18,557,0.117032
2,18,557,0.113493
2,18,557,0.115352
2,18,557,0.114304
2,18,557,0.114694
2,18,557,0.113424
2,18,557,0.113350
2,19,558,0.116313
2,19,558,0.112404
2,19,558,0.113412
2,19,558,0.119312
2,19,558,0.113737
2,19,558,0.117756
2,19,558,0.113623
2,19,558,0.114103
2,20,559,0.116678
2,20,559,0.117200
2,20,559,0.113614
2,20,559,0.110053
2,20,559,0.114084
2,20,559,0.115309
2,20,559,0.118892
2,20,559,0.115581
2,21,560,0.116018
2,21,560,0.114500
2,21,560,0.117122
2,21,560,0.117221
2,21,560,0.114711
2,21,560,0.116822
2,21,560,0.112273
2,21,560,0.118349
2,22,561,0.118756
2,22,561,0.117993
2,22,561,0.115414
2,22,561,0.116596
2,22,561,0.119317
2,22,561,0.112493
2,22,561,0.115061
2,22,561,0.116537
2,23,562,0.115518
2,23,562,0.112836
2,23,562,0.116226
2,23,562,0.115414
2,23,562,0.111129
2,23,562,0.112808
2,23,562,0.116761
2,23,562,0.113406
2,24,563,0.113731
2,24,563,0.118883
2,24,563,0.113030
2,24,563,0.114141
2,24,563,0.116424
2,24,563,0.112937
2,24,563,0.114565
2,24,563,0.115273
2,25,564,0.111739
2,25,564,0.116275
2,25,564,0.116104
2,25,564,0.115770
2,25,564,0.117075
2,25,564,0.114819
2,25,564,0.114706
2,25,564,0.118698
2,26,565,0.114258
2,26,565,0.114428
2,26,565,0.118461
2,26,565,0.115669
2,26,565,0.115838
2,26,565,0.114956
2,26,565,0.118109
2,26,565,0.116164
2,27,566,0.116678
2,27,566,0.114769
2,27,566,0.117873
2,27,566,0.117658
2,27,566,0.115114
2,27,566,0.115130
2,27,566,0.113839
2,27,566,0.117000
2,28,567,0.114407
2,28,567,0.118731
2,28,567,0.116137
2,28,567,0.111912
2,28,567,0.115427
2,28,567,0.115117
2,28,567,0.116292
2,28,567,0.115560
2,29,568,0.119879
2,29,568,0.113611
2,29,568,0.115685
2,29,568,0.117526
2,29,568,0.114026
2,29,568,0.115811
2,29,568,0.114134
2,29,568,0.113808
2,30,569,0.116471
2,30,569,0.118666
2,30,569,0.111483
2,30,569,0.116536
2,30,569,0.116200
2,30,569,0.118778
2,30,569,0.118579
2,30,569,0.115569
2,31,570,0.119385
2,31,570,0.113207
2,31,570,0.114527
2,31,570,0.115178
2,31,570,0.112155
2,31,570,0.115824
2,31,570,0.115378
2,31,570,0.115405
2,32,571,0.117934
2,32,571,0.113378
2,32,571,0.115750
2,32,571,0.114648
2,32,571,0.115268
2,32,571,0.113328
2,32,571,0.113098
2,32,571,0.120881
2,33,572,0.120779
2,33,572,0.115027
2,33,572,0.117181
2,33,572,0.114863
2,33,572,0.120485
2,33,572,0.118073
2,33,572,0.117312
2,33,572,0.117394
2,34,573,0.114865
2,34,573,0.119121
2,34,573,0.125128
2,34,573,0.118253
2,34,573,0.116651
2,34,573,0.116942
2,34,573,0.117718
2,34,573,0.113621
2,35,574,0.124077
2,35,574,0.115091
2,35,574,0.115439
2,35,574,0.113436
2,35,574,0.113911
2,35,574,0.114482
2,35,574,0.114900
2,35,574,0.121981
2,36,575,0.115254
2,36,575,0.116935
2,36,575,0.114750
2,36,575,0.117681
2,36,575,0.123420
2,36,575,0.113375
2,36,575,0.113908
2,36,575,0.117678
2,37,576,0.115177
2,37,576,0.119076
2,37,576,0.122400
2,37,576,0.114805
2,37,576,0.118467
2,37,576,0.112751
2,37,576,0.117516
2,37,576,0.116617
2,38,577,0.115010
2,38,577,0.114884
2,38,577,0.118221
2,38,577,0.112913
2,38,577,0.117787
2,38,577,0.112735
2,38,577,0.116499
2,38,577,0.114674
2,39,578,0.120354
2,39,578,0.118197
2,39,578,0.114093
2,39,578,0.116224
2,39,578,0.114179
2,39,578,0.114459
2,39,578,0.113931
2,39,578,0.114527
2,40,579,0.120530
2,40,579,0.117834
2,40,579,0.115385
2,40,579,0.116681
2,40,579,0.118845
2,40,579,0.118950
2,40,579,0.116244
2,40,579,0.117453
2,41,580,0.115479
2,41,580,0.115994
2,41,580,0.117831
2,41,580,0.114046
2,41,580,0.112844
2,41,580,0.113508
2,41,580,0.115729
2,41,580,0.118995
2,42,581,0.115549
2,42,581,0.117109
2,42,581,0.116320
2,42,581,0.114143
2,42,581,0.114486
2,42,581,0.119288
2,42,581,0.114879
2,42,581,0.115653
2,43,582,0.119206
2,43,582,0.118084
2,43,582,0.115532
2,43,582,0.113573
2,43,582,0.120378
2,43,582,0.114054
2,43,582,0.111558
2,43,582,0.112791
2,44,583,0.118395
2,44,583,0.116450
2,44,583,0.119632
2,44,583,0.112313
2,44,583,0.115695
2,44,583,0.113130
2,44,583,0.114191
2,44,583,0.113232
2,45,584,0.117036
2,45,584,0.115428
2,45,584,0.114487
2,45,584,0.113691
2,45,584,0.116820
2,45,584,0.113939
2,45,584,0.117764
2,45,584,0.117559
2,46,585,0.117195
2,46,585,0.116438
2,46,585,0.115145
2,46,585,0.115499
2,46,585,0.120092
2,46,585,0.114390
2,46,585,0.114616
2,46,585,0.114576
2,47,586,0.114831
2,47,586,0.113623
2,47,586,0.112751
2,47,586,0.114912
2,47,586,0.118452
2,47,586,0.114344
2,47,586,0.119377
2,47,586,0.116617
2,48,587,0.116809
2,48,587,0.114708
2,48,587,0.117139
2,48,587,0.118448
2,48,587,0.117610
2,48,587,0.117341
2,48,587,0.114990
2,48,587,0.115293
2,49,588,0.115632
2,49,588,0.118791
2,49,588,0.116506
2,49,588,0.115162
2,49,588,0.119283
2,49,588,0.119504
2,49,588,0.113231
2,49,588,0.112120
2,50,589,0.116868
2,50,589,0.118166
2,50,589,0.121849
2,50,589,0.115110
2,50,589,0.113213
2,50,589,0.115639
2,50,589,0.115228
2,50,589,0.116673
2,51,590,0.118176
2,51,590,0.116735
2,51,590,0.116168
2,51,590,0.116254
2,51,590,0.117687
2,51,590,0.116178
2,51,590,0.114620
2,51,590,0.114067
2,52,591,0.113624
2,52,591,0.115358
2,52,591,0.117591
2,52,591,0.116892
2,52,591,0.115637
2,52,591,0.117549
2,52,591,0.118840
2,52,591,0.119769
2,53,592,0.114754
2,53,592,0.115317
2,53,592,0.114876
2,53,592,0.114625
2,53,592,0.120874
2,53,592,0.114060
2,53,592,0.118067
2,53,592,0.115422
2,54,593,0.117437
2,54,593,0.118149
2,54,593,0.117837
2,54,593,0.119672
2,54,593,0.113086
2,54,593,0.116286
2,54,593,0.117653
2,54,593,0.122259
2,55,594,0.117741
2,55,594,0.123334
2,55,594,0.121903
2,55,594,0.112939
2,55,594,0.114627
2,55,594,0.115430
2,55,594,0.112928
2,55,594,0.114724
2,56,595,0.119761
2,56,595,0.116196
2,56,595,0.114118
2,56,595,0.115761
2,56,595,0.116966
2,56,595,0.115213
2,56,595,0.116197
2,56,595,0.114795
2,57,596,0.114868
2,57,596,0.116112
2,57,596,0.115609
2,57,596,0.112129
2,57,596,0.115925
2,57,596,0.118583
2,57,596,0.114154
2,57,596,0.117249
2,58,597,0.115550
2,58,597,0.113623
2,58,597,0.117397
2,58,597,0.118774
2,58,597,0.116240
2,58,597,0.120429
2,58,597,0.114833
2,58,597,0.114970
2,59,598,0.116951
2,59,598,0.123306
2,59,598,0.118820
2,59,598,0.118828
2,59,598,0.117097
2,59,598,0.114764
2,59,598,0.116734
2,59,598,0.116442
2,60,599,0.117423
2,60,599,0.116085
2,60,599,0.111584
2,60,599,0.121722
2,60,599,0.116424
2,60,599,0.114396
2,60,599,0.119297
2,60,599,0.119930
2,61,600,0.114571
2,61,600,0.117291
2,61,600,0.114263
2,61,600,0.117460
2,61,600,0.115656
2,61,600,0.114837
2,61,600,0.118772
2,61,600,0.115377
2,62,601,0.114865
2,62,601,0.114237
2,62,601,0.117632
2,62,601,0.118366
2,62,601,0.116037
2,62,601,0.114136
2,62,601,0.114891
2,62,601,0.117381
2,63,602,0.117118
2,63,602,0.116961
2,63,602,0.115637
2,63,602,0.116330
2,63,602,0.114338
2,63,602,0.116960
2,63,602,0.115883
2,63,602,0.114926
2,64,603,0.115683
2,64,603,0.110863
2,64,603,0.115682
2,64,603,0.114546
2,64,603,0.117645
2,64,603,0.120341
2,64,603,0.118520
2,64,603,0.114274
2,65,604,0.120073
2,65,604,0.112592
2,65,604,0.112877
2,65,604,0.118875
2,65,604,0.113989
2,65,604,0.113767
2,65,604,0.109235
2,65,604,0.115507
2,66,605,0.116571
2,66,605,0.116785
2,66,605,0.114868
2,66,605,0.118488
2,66,605,0.114927
2,66,605,0.113562
2,66,605,0.117397
2,66,605,0.111880
2,67,606,0.118204
2,67,606,0.117248
2,67,606,0.114419
2,67,606,0.114819
2,67,606,0.117657
2,67,606,0.118192
2,67,606,0.118697
2,67,606,0.117221
2,68,607,0.115324
2,68,607,0.113669
2,68,607,0.115334
2,68,607,0.115934
2,68,607,0.118165
2,68,607,0.116491
2,68,607,0.115248
2,68,607,0.115402
2,69,608,0.114472
2,69,608,0.115852
2,69,608,0.120122
2,69,608,0.116900
2,69,608,0.124616
2,69,608,0.115531
2,69,608,0.115745
2,69,608,0.113396
2,70,609,0.119017
2,70,609,0.117505
2,70,609,0.115568
2,70,609,0.116114
2,70,609,0.113276
2,70,609,0.112277
2,70,609,0.114743
2,70,609,0.115311
2,71,610,0.115455
2,71,610,0.115769
2,71,610,0.116847
2,71,610,0.118478
2,71,610,0.120019
2,71,610,0.116141
2,71,610,0.117560
2,71,610,0.117152
2,72,611,0.115887
2,72,611,0.116262
2,72,611,0.113094
2,72,611,0.118545
2,72,611,0.116200
2,72,611,0.113868
2,72,611,0.115897
2,72,611,0.119108
2,73,612,0.118431
2,73,612,0.115417
2,73,612,0.118209
2,73,612,0.117167
2,73,612,0.113107
2,73,612,0.114239
2,73,612,0.110315
2,73,612,0.116128
2,74,613,0.116750
2,74,613,0.117817
2,74,613,0.117967
2,74,613,0.115297
2,74,613,0.114812
2,74,613,0.116303
2,74,613,0.115629
2,74,613,0.118196
2,75,614,0.114180
2,75,614,0.116114
2,75,614,0.114117
2,75,614,0.115495
2,75,614,0.115577
2,75,614,0.112703
2,75,614,0.111393
2,75,614,0.118837
2,76,615,0.121271
2,76,615,0.118334
2,76,615,0.116833
2,76,615,0.119206
2,76,615,0.117262
2,76,615,0.117661
2,76,615,0.116780
2,76,615,0.117426
2,77,616,0.115156
2,77,616,0.115556
2,77,616,0.114898
2,77,616,0.116090
2,77,616,0.111984
2,77,616,0.117515
2,77,616,0.117108
2,77,616,0.115925
2,78,617,0.117425
2,78,617,0.120633
2,78,617,0.118111
2,78,617,0.116559
2,78,617,0.118414
2,78,617,0.115399
2,78,617,0.116729
2,78,617,0.113493
2,79,618,0.115732
2,79,618,0.114278
2,79,618,0.115389
2,79,618,0.117314
2,79,618,0.115108
2,79,618,0.117724
2,79,618,0.117138
2,79,618,0.116939
2,80,619,0.113260
2,80,619,0.116757
2,80,619,0.113495
2,80,619,0.118526
2,80,619,0.117661
2,80,619,0.112973
2,80,619,0.113774
2,80,619,0.116928
2,81,620,0.115378
2,81,620,0.116754
2,81,620,0.114356
2,81,620,0.115684
2,81,620,0.116878
2,81,620,0.116057
2,81,620,0.115927
2,81,620,0.114132
2,82,621,0.115961
2,82,621,0.113243
2,82,621,0.117026
2,82,621,0.113799
2,82,621,0.116494
2,82,621,0.114210
2,82,621,0.119022
2,82,621,0.115762
2,83,622,0.110505
2,83,622,0.117760
2,83,622,0.116117
2,83,622,0.117798
2,83,622,0.119973
2,83,622,0.116239
2,83,622,0.117765
2,83,622,0.115684
2,84,623,0.114336
2,84,623,0.116193
2,84,623,0.117606
2,84,623,0.120927
2,84,623,0.117124
2,84,623,0.117118
2,84,623,0.117767
2,84,623,0.115643
2,85,624,0.116838
2,85,624,0.111706
2,85,624,0.116747
2,85,624,0.116750
2,85,624,0.116150
2,85,624,0.116627
2,85,624,0.113834
2,85,624,0.116200
2,86,625,0.114753
2,86,625,0.116736
2,86,625,0.116272
2,86,625,0.115875
2,86,625,0.114977
2,86,625,0.119113
2,86,625,0.115072
2,86,625,0.119193
2,87,626,0.112258
2,87,626,0.118554
2,87,626,0.115326
2,87,626,0.118277
2,87,626,0.113000
2,87,626,0.114349
2,87,626,0.116330
2,87,626,0.115576
2,88,627,0.117843
2,88,627,0.112973
2,88,627,0.115073
2,88,627,0.114231
2,88,627,0.118613
2,88,627,0.114865
2,88,627,0.112138
2,88,627,0.116346
2,89,628,0.118817
2,89,628,0.111975
2,89,628,0.115026
2,89,628,0.122161
2,89,628,0.114617
2,89,628,0.115312
2,89,628,0.121151
2,89,628,0.113689
2,90,629,0.113791
2,90,629,0.116267
2,90,629,0.114413
2,90,629,0.114764
2,90,629,0.114906
2,90,629,0.113176
2,90,629,0.113789
2,90,629,0.118698
2,91,630,0.115834
2,91,630,0.118976
2,91,630,0.115580
2,91,630,0.114611
2,91,630,0.113552
2,91,630,0.112398
2,91,630,0.115283
2,91,630,0.115484
2,92,631,0.117075
2,92,631,0.118788
2,92,631,0.113349
2,92,631,0.112680
2,92,631,0.109789
2,92,631,0.112444
2,92,631,0.116686
2,92,631,0.116236
2,93,632,0.113903
2,93,632,0.115267
2,93,632,0.111653
2,93,632,0.114080
2,93,632,0.120798
2,93,632,0.113152
2,93,632,0.112818
2,93,632,0.115760
2,94,633,0.117013
2,94,633,0.117530
2,94,633,0.113910
2,94,633,0.116016
2,94,633,0.117211
2,94,633,0.119496
2,94,633,0.119374
2,94,633,0.114524
2,95,634,0.114443
2,95,634,0.118044
2,95,634,0.111748
2,95,634,0.117384
2,95,634,0.114184
2,95,634,0.116534
2,95,634,0.117566
2,95,634,0.117867
2,96,635,0.118889
2,96,635,0.115278
2,96,635,0.113022
2,96,635,0.119572
2,96,635,0.115636
2,96,635,0.117562
2,96,635,0.115795
2,96,635,0.118181
2,97,636,0.118072
2,97,636,0.114410
2,97,636,0.118632
2,97,636,0.116056
2,97,636,0.115244
2,97,636,0.115109
2,97,636,0.114984
2,97,636,0.115788
2,98,637,0.117935
2,98,637,0.115259
2,98,637,0.114929
2,98,637,0.114609
2,98,637,0.114903
2,98,637,0.115236
2,98,637,0.114367
2,98,637,0.116282
2,99,638,0.113130
2,99,638,0.115912
2,99,638,0.116724
2,99,638,0.115386
2,99,638,0.119325
2,99,638,0.115964
2,99,638,0.118015
2,99,638,0.115297
2,100,639,0.115614
2,100,639,0.114799
2,100,639,0.114753
2,100,639,0.114310
2,100,639,0.121684
2,100,639,0.115424
2,100,639,0.116039
2,100,639,0.117669
2,101,640,0.115115
2,101,640,0.113819
2,101,640,0.112740
2,101,640,0.122980
2,101,640,0.119484
2,101,640,0.124349
2,101,640,0.116738
2,101,640,0.114966
2,102,641,0.118420
2,102,641,0.115701
2,102,641,0.117670
2,102,641,0.113149
2,102,641,0.117254
2,102,641,0.122282
2,102,641,0.120011
2,102,641,0.114757
2,103,642,0.118565
2,103,642,0.115950
2,103,642,0.115119
2,103,642,0.120517
2,103,642,0.116507
2,103,642,0.115312
2,103,642,0.112982
2,103,642,0.114227
2,104,643,0.115466
2,104,643,0.113110
2,104,643,0.114382
2,104,643,0.114029
2,104,643,0.116939
2,104,643,0.118973
2,104,643,0.113608
2,104,643,0.116036
2,105,644,0.114425
2,105,644,0.118535
2,105,644,0.115923
2,105,644,0.117547
2,105,644,0.114921
2,105,644,0.118164
2,105,644,0.114454
2,105,644,0.117839
2,106,645,0.116298
2,106,645,0.118702
2,106,645,0.116656
2,106,645,0.115994
2,106,645,0.122002
2,106,645,0.118405
2,106,645,0.114013
2,106,645,0.117594
2,107,646,0.115090
2,107,646,0.112187
2,107,646,0.117122
2,107,646,0.117788
2,107,646,0.115861
2,107,646,0.116269
2,107,646,0.116474
2,107,646,0.113215
2,108,647,0.118982
2,108,647,0.116600
2,108,647,0.116288
2,108,647,0.116534
2,108,647,0.114218
2,108,647,0.114853
2,108,647,0.112930
2,108,647,0.118432
2,109,648,0.118833
2,109,648,0.119505
2,109,648,0.115538
2,109,648,0.112409
2,109,648,0.114392
2,109,648,0.116741
2,109,648,0.115175
2,109,648,0.116464
2,110,649,0.118131
2,110,649,0.116531
2,110,649,0.117268
2,110,649,0.116232
2,110,649,0.116522
2,110,649,0.115270
2,110,649,0.120935
2,110,649,0.114564
2,111,650,0.122537
2,111,650,0.120053
2,111,650,0.118288
2,111,650,0.115693
2,111,650,0.117918
2,111,650,0.125282
2,111,650,0.114847
2,111,650,0.114635
2,112,651,0.116342
2,112,651,0.114822
2,112,651,0.114529
2,112,651,0.113171
2,112,651,0.117425
2,112,651,0.112647
2,112,651,0.118285
2,112,651,0.117067
2,113,652,0.115142
2,113,652,0.115446
2,113,652,0.112655
2,113,652,0.117344
2,113,652,0.114410
2,113,652,0.114386
2,113,652,0.117077
2,113,652,0.117641
2,114,653,0.116200
2,114,653,0.114060
2,114,653,0.117839
2,114,653,0.114689
2,114,653,0.113489
2,114,653,0.117962
2,114,653,0.111724
2,114,653,0.113122
2,115,654,0.115900
2,115,654,0.117936
2,115,654,0.114883
2,115,654,0.117167
2,115,654,0.114393
2,115,654,0.116713
2,115,654,0.116585
2,115,654,0.113018
2,116,655,0.115493
2,116,655,0.115950
2,116,655,0.116521
2,116,655,0.115683
2,116,655,0.112027
2,116,655,0.115399
2,116,655,0.119125
2,116,655,0.116804
2,117,656,0.120081
2,117,656,0.118441
2,117,656,0.112390
2,117,656,0.111528
2,117,656,0.114313
2,117,656,0.117798
2,117,656,0.114945
2,117,656,0.113282
2,118,657,0.117252
2,118,657,0.117617
2,118,657,0.114803
2,118,657,0.118174
2,118,657,0.117119
2,118,657,0.115082
2,118,657,0.116160
2,118,657,0.114991
2,119,658,0.115202
2,119,658,0.118812
2,119,658,0.115485
2,119,658,0.114019
2,119,658,0.117727
2,119,658,0.117728
2,119,658,0.117033
2,119,658,0.117012
2,120,659,0.119724
2,120,659,0.115687
2,120,659,0.115703
2,120,659,0.114435
2,120,659,0.113900
2,120,659,0.116767
2,120,659,0.113869
2,120,659,0.114649
2,121,660,0.114981
2,121,660,0.115097
2,121,660,0.117613
2,121,660,0.116061
2,121,660,0.115352
2,121,660,0.114517
2,121,660,0.113393
2,121,660,0.114300
2,122,661,0.124103
2,122,661,0.119800
2,122,661,0.118443
2,122,661,0.114832
2,122,661,0.114232
2,122,661,0.117998
2,122,661,0.116185
2,122,661,0.112279
2,123,662,0.116766
2,123,662,0.117042
2,123,662,0.112740
2,123,662,0.118597
2,123,662,0.114690
2,123,662,0.113974
2,123,662,0.115662
2,123,662,0.116353
2,124,663,0.115597
2,124,663,0.115849
2,124,663,0.118183
2,124,663,0.113206
2,124,663,0.117598
2,124,663,0.118860
2,124,663,0.117610
2,124,663,0.117355
2,125,664,0.113898
2,125,664,0.117609
2,125,664,0.118203
2,125,664,0.114463
2,125,664,0.116972
2,125,664,0.116837
2,125,664,0.117938
2,125,664,0.117203
2,126,665,0.115419
2,126,665,0.115187
2,126,665,0.116102
2,126,665,0.116951
2,126,665,0.110111
2,126,665,0.117799
2,126,665,0.117215
2,126,665,0.116062
2,127,666,0.115713
2,127,666,0.119601
2,127,666,0.112661
2,127,666,0.114313
2,127,666,0.115361
2,127,666,0.114803
2,127,666,0.117540
2,127,666,0.117842
2,128,667,0.121331
2,128,667,0.113356
2,128,667,0.115265
2,128,667,0.116735
2,128,667,0.117977
2,128,667,0.118396
2,128,667,0.115912
2,128,667,0.112519
2,129,668,0.119738
2,129,668,0.118508
2,129,668,0.113966
2,129,668,0.117698
2,129,668,0.117712
2,129,668,0.112849
2,129,668,0.118021
2,129,668,0.115119
2,130,669,0.116194
2,130,669,0.113347
2,130,669,0.121027
2,130,669,0.113301
2,130,669,0.115923
2,130,669,0.115688
2,130,669,0.119898
2,130,669,0.115062
2,131,670,0.113928
2,131,670,0.114220
2,131,670,0.116800
2,131,670,0.120844
2,131,670,0.116145
2,131,670,0.114997
2,131,670,0.113076
2,131,670,0.112931
2,132,671,0.114411
2,132,671,0.115861
2,132,671,0.113167
2,132,671,0.114919
2,132,671,0.112652
2,132,671,0.115484
2,132,671,0.113191
2,132,671,0.112607
2,133,672,0.118110
2,133,672,0.115696
2,133,672,0.116646
2,133,672,0.114603
2,133,672,0.115434
2,133,672,0.114982
2,133,672,0.117060
2,133,672,0.114331
2,134,673,0.125922
2,134,673,0.113468
2,134,673,0.118062
2,134,673,0.116341
2,134,673,0.120967
2,134,673,0.118307
2,134,673,0.115792
2,134,673,0.116754
2,135,674,0.117345
2,135,674,0.117579
2,135,674,0.119980
2,135,674,0.118566
2,135,674,0.121876
2,135,674,0.113850
2,135,674,0.113375
2,135,674,0.116433
2,136,675,0.115374
2,136,675,0.116859
2,136,675,0.115915
2,136,675,0.120148
2,136,675,0.116067
2,136,675,0.113688
2,136,675,0.116984
2,136,675,0.116336
2,137,676,0.113476
2,137,676,0.116990
2,137,676,0.118118
2,137,676,0.116651
2,137,676,0.112738
2,137,676,0.115824
2,137,676,0.112023
2,137,676,0.119119
2,138,677,0.113037
2,138,677,0.119344
2,138,677,0.115041
2,138,677,0.114821
2,138,677,0.117188
2,138,677,0.112719
2,138,677,0.113195
2,138,677,0.113909
2,139,678,0.116316
2,139,678,0.114345
2,139,678,0.115130
2,139,678,0.115650
2,139,678,0.115148
2,139,678,0.118289
2,139,678,0.117516
2,139,678,0.115843
2,140,679,0.117478
2,140,679,0.112118
2,140,679,0.113147
2,140,679,0.115511
2,140,679,0.117608
2,140,679,0.116763
2,140,679,0.114625
2,140,679,0.120059
2,141,680,0.115457
2,141,680,0.114154
2,141,680,0.116741
2,141,680,0.110548
2,141,680,0.113391
2,141,680,0.116332
2,141,680,0.119897
2,141,680,0.114529
2,142,681,0.113266
2,142,681,0.113830
2,142,681,0.112685
2,142,681,0.118639
2,142,681,0.119135
2,142,681,0.115666
2,142,681,0.116303
2,142,681,0.120377
2,143,682,0.114073
2,143,682,0.114466
2,143,682,0.113141
2,143,682,0.120054
2,143,682,0.113938
2,143,682,0.114621
2,143,682,0.113111
2,143,682,0.116124
2,144,683,0.113742
2,144,683,0.117554
2,144,683,0.119567
2,144,683,0.113940
2,144,683,0.114638
2,144,683,0.115553
2,144,683,0.122003
2,144,683,0.114990
2,145,684,0.114111
2,145,684,0.115070
2,145,684,0.113450
2,145,684,0.117539
2,145,684,0.115974
2,145,684,0.114135
2,145,684,0.113195
2,145,684,0.113191
2,146,685,0.121510
2,146,685,0.113900
2,146,685,0.116579
2,146,685,0.114209
2,146,685,0.113493
2,146,685,0.114882
2,146,685,0.112870
2,146,685,0.116456
2,147,686,0.119797
2,147,686,0.118783
2,147,686,0.114780
2,147,686,0.118442
2,147,686,0.117605
2,147,686,0.116400
2,147,686,0.121883
2,147,686,0.116906
2,148,687,0.116761
2,148,687,0.116562
2,148,687,0.117689
2,148,687,0.115688
2,148,687,0.116281
2,148,687,0.115294
2,148,687,0.115592
2,148,687,0.115796
2,149,688,0.114349
2,149,688,0.115410
2,149,688,0.118298
2,149,688,0.115928
2,149,688,0.113860
2,149,688,0.118494
2,149,688,0.121099
2,149,688,0.114541
2,150,689,0.116657
2,150,689,0.116929
2,150,689,0.118230
2,150,689,0.115586
2,150,689,0.117183
2,150,689,0.117677
2,150,689,0.118298
2,150,689,0.115476
2,151,690,0.115869
2,151,690,0.117400
2,151,690,0.115766
2,151,690,0.117709
2,151,690,0.116163
2,151,690,0.116486
2,151,690,0.116274
2,151,690,0.116423
2,152,691,0.113644
2,152,691,0.120475
2,152,691,0.117557
2,152,691,0.119261
2,152,691,0.118159
2,152,691,0.116326
2,152,691,0.116842
2,152,691,0.115232
2,153,692,0.120116
2,153,692,0.116714
2,153,692,0.115160
2,153,692,0.116580
2,153,692,0.112853
2,153,692,0.117033
2,153,692,0.118161
2,153,692,0.116452
2,154,693,0.115627
2,154,693,0.119034
2,154,693,0.117333
2,154,693,0.122060
2,154,693,0.117119
2,154,693,0.115178
2,154,693,0.121198
2,154,693,0.116777
2,155,694,0.116356
2,155,694,0.120829
2,155,694,0.113266
2,155,694,0.118168
2,155,694,0.116577
2,155,694,0.112731
2,155,694,0.119631
2,155,694,0.119244
2,156,695,0.113114
2,156,695,0.116309
2,156,695,0.115749
2,156,695,0.114569
2,156,695,0.116092
2,156,695,0.116327
2,156,695,0.120390
2,156,695,0.114977
2,157,696,0.112740
2,157,696,0.117014
2,157,696,0.120096
2,157,696,0.117575
2,157,696,0.114171
2,157,696,0.116123
2,157,696,0.115995
2,157,696,0.114605
2,158,697,0.118997
2,158,697,0.116275
2,158,697,0.113477
2,158,697,0.117365
2,158,697,0.117458
2,158,697,0.114576
2,158,697,0.117307
2,158,697,0.118435
2,159,698,0.114669
2,159,698,0.113922
2,159,698,0.114438
2,159,698,0.117154
2,159,698,0.116514
2,159,698,0.113746
2,159,698,0.117441
2,159,698,0.114964
2,160,699,0.112747
2,160,699,0.115569
2,160,699,0.115760
2,160,699,0.118098
2,160,699,0.116403
2,160,699,0.116463
2,160,699,0.117832
2,160,699,0.113822
2,161,700,0.113006
2,161,700,0.116980
2,161,700,0.114714
2,161,700,0.119276
2,161,700,0.119597
2,161,700,0.113797
2,161,700,0.117593
2,161,700,0.121237
2,162,701,0.115116
2,162,701,0.117462
2,162,701,0.114847
2,162,701,0.115048
2,162,701,0.115111
2,162,701,0.115678
2,162,701,0.117596
2,162,701,0.116378
2,163,702,0.115844
2,163,702,0.120138
2,163,702,0.113410
2,163,702,0.113337
2,163,702,0.114594
2,163,702,0.120633
2,163,702,0.114984
2,163,702,0.116180
2,164,703,0.114006
2,164,703,0.114206
2,164,703,0.113529
2,164,703,0.115247
2,164,703,0.122574
2,164,703,0.111211
2,164,703,0.115665
2,164,703,0.115111
2,165,704,0.112701
2,165,704,0.113893
2,165,704,0.119599
2,165,704,0.115021
2,165,704,0.120350
2,165,704,0.120996
2,165,704,0.116448
2,165,704,0.118194
2,166,705,0.115966
2,166,705,0.118476
2,166,705,0.115467
2,166,705,0.113470
2,166,705,0.116359
2,166,705,0.111942
2,166,705,0.117685
2,166,705,0.111929
2,167,706,0.114996
2,167,706,0.110759
2,167,706,0.113419
2,167,706,0.117133
2,167,706,0.115416
2,167,706,0.119895
2,167,706,0.118194
2,167,706,0.115385
2,168,707,0.114114
2,168,707,0.115193
2,168,707,0.114697
2,168,707,0.118742
2,168,707,0.114864
2,168,707,0.115627
2,168,707,0.113772
2,168,707,0.117040
2,169,708,0.120049
2,169,708,0.116721
2,169,708,0.114304
2,169,708,0.113928
2,169,708,0.112290
2,169,708,0.116555
2,169,708,0.116879
2,169,708,0.115472
2,170,709,0.116800
2,170,709,0.119748
2,170,709,0.114256
2,170,709,0.118367
2,170,709,0.114820
2,170,709,0.122542
2,170,709,0.116030
2,170,709,0.113277
2,171,710,0.114522
2,171,710,0.113096
2,171,710,0.117589
2,171,710,0.115579
2,171,710,0.113436
2,171,710,0.116408
2,171,710,0.114891
2,171,710,0.113437
2,172,711,0.113963
2,172,711,0.116058
2,172,711,0.115770
2,172,711,0.115789
2,172,711,0.114179
2,172,711,0.116979
2,172,711,0.123254
2,172,711,0.120307
2,173,712,0.115943
2,173,712,0.116396
2,173,712,0.115869
2,173,712,0.121629
2,173,712,0.112917
2,173,712,0.115730
2,173,712,0.112504
2,173,712,0.118504
2,174,713,0.114264
2,174,713,0.118441
2,174,713,0.117477
2,174,713,0.118231
2,174,713,0.113894
2,174,713,0.114551
2,174,713,0.113345
2,174,713,0.116393
2,175,714,0.115861
2,175,714,0.116441
2,175,714,0.114682
2,175,714,0.113694
2,175,714,0.113090
2,175,714,0.115089
2,175,714,0.114699
2,175,714,0.116479
2,176,715,0.113399
2,176,715,0.115631
2,176,715,0.117416
2,176,715,0.117310
2,176,715,0.115754
2,176,715,0.115742
2,176,715,0.115250
2,176,715,0.114818
2,177,716,0.117602
2,177,716,0.115277
2,177,716,0.117495
2,177,716,0.114628
2,177,716,0.112943
2,177,716,0.117441
2,177,716,0.116821
2,177,716,0.116254
2,178,717,0.115065
2,178,717,0.118983
2,178,717,0.115566
2,178,717,0.116865
2,178,717,0.116821
2,178,717,0.115149
2,178,717,0.111030
2,178,717,0.121201
2,179,718,0.117549
2,179,718,0.115362
2,179,718,0.117563
2,179,718,0.112952
2,179,718,0.118338
2,179,718,0.114762
2,179,718,0.116073
2,179,718,0.115438
2,180,719,0.119914
2,180,719,0.116987
2,180,719,0.115334
2,180,719,0.115479
2,180,719,0.115424
2,180,719,0.117048
2,180,719,0.115410
2,180,719,0.114443
2,181,720,0.117489
2,181,720,0.115175
2,181,720,0.115096
2,181,720,0.114743
2,181,720,0.118043
2,181,720,0.114701
2,181,720,0.117422
2,181,720,0.122529
2,182,721,0.118466
2,182,721,0.111116
2,182,721,0.113678
2,182,721,0.121783
2,182,721,0.114195
2,182,721,0.114168
2,182,721,0.115122
2,182,721,0.113673
2,183,722,0.115167
2,183,722,0.118694
2,183,722,0.116802
2,183,722,0.114749
2,183,722,0.116404
2,183,722,0.114508
2,183,722,0.121255
2,183,722,0.113544
2,184,723,0.120273
2,184,723,0.115088
2,184,723,0.113269
2,184,723,0.115173
2,184,723,0.117928
2,184,723,0.114921
2,184,723,0.112954
2,184,723,0.115444
2,185,724,0.114515
2,185,724,0.112578
2,185,724,0.114997
2,185,724,0.118985
2,185,724,0.116134
2,185,724,0.118442
2,185,724,0.119594
2,185,724,0.117471
2,186,725,0.116615
2,186,725,0.113428
2,186,725,0.113408
2,186,725,0.114289
2,186,725,0.118054
2,186,725,0.116277
2,186,725,0.117659
2,186,725,0.117649
2,187,726,0.115778
2,187,726,0.119852
2,187,726,0.116281
2,187,726,0.114370
2,187,726,0.116622
2,187,726,0.113404
2,187,726,0.118650
2,187,726,0.113972
2,188,727,0.117387
2,188,727,0.113186
2,188,727,0.119550
2,188,727,0.115834
2,188,727,0.116819
2,188,727,0.115853
2,188,727,0.117391
2,188,727,0.114579
2,189,728,0.117679
2,189,728,0.117003
2,189,728,0.116765
2,189,728,0.121631
2,189,728,0.111950
2,189,728,0.119136
2,189,728,0.113954
2,189,728,0.113589
2,190,729,0.118035
2,190,729,0.113382
2,190,729,0.113147
2,190,729,0.112976
2,190,729,0.117419
2,190,729,0.113212
2,190,729,0.119164
2,190,729,0.112560
2,191,730,0.117068
2,191,730,0.117569
2,191,730,0.115972
2,191,730,0.111288
2,191,730,0.113748
2,191,730,0.112607
2,191,730,0.122581
2,191,730,0.117997
2,192,731,0.117622
2,192,731,0.114180
2,192,731,0.118518
2,192,731,0.117763
2,192,731,0.114549
2,192,731,0.115054
2,192,731,0.115872
2,192,731,0.114343
2,193,732,0.114900
2,193,732,0.114242
2,193,732,0.111426
2,193,732,0.115703
2,193,732,0.112386
2,193,732,0.116265
2,193,732,0.113098
2,193,732,0.114320
2,194,733,0.116957
2,194,733,0.113022
2,194,733,0.122699
2,194,733,0.115153
2,194,733,0.112926
2,194,733,0.112134
2,194,733,0.114937
2,194,733,0.110800
2,195,734,0.116797
2,195,734,0.120453
2,195,734,0.117887
2,195,734,0.112882
2,195,734,0.115248
2,195,734,0.117110
2,195,734,0.114049
2,195,734,0.113786
2,196,735,0.113391
2,196,735,0.118646
2,196,735,0.117980
2,196,735,0.109539
2,196,735,0.114247
2,196,735,0.116900
2,196,735,0.112110
2,196,735,0.116510
2,197,736,0.115936
2,197,736,0.120168
2,197,736,0.115353
2,197,736,0.111022
2,197,736,0.118007
2,197,736,0.115439
2,197,736,0.116094
2,197,736,0.113733
2,198,737,0.114176
2,198,737,0.116613
2,198,737,0.114652
2,198,737,0.117403
2,198,737,0.115778
2,198,737,0.114375
2,198,737,0.117411
2,198,737,0.116520
2,199,738,0.113142
2,199,738,0.111008
2,199,738,0.119886
2,199,738,0.118286
2,199,738,0.120955
2,199,738,0.114587
2,199,738,0.110212
2,199,738,0.112720
2,200,739,0.110675
2,200,739,0.116422
2,200,739,0.113586
2,200,739,0.114284
2,200,739,0.113185
2,200,739,0.115980
2,200,739,0.118961
2,200,739,0.111944
2,201,740,0.115849
2,201,740,0.119768
2,201,740,0.117502
2,201,740,0.118708
2,201,740,0.116342
2,201,740,0.119032
2,201,740,0.115620
2,201,740,0.116909
2,202,741,0.121550
2,202,741,0.116590
2,202,741,0.117461
2,202,741,0.118603
2,202,741,0.114827
2,202,741,0.117329
2,202,741,0.115649
2,202,741,0.116664
2,203,742,0.111039
2,203,742,0.115477
2,203,742,0.116500
2,203,742,0.112192
2,203,742,0.116789
2,203,742,0.116475
2,203,742,0.113944
2,203,742,0.116077
2,204,743,0.116043
2,204,743,0.117618
2,204,743,0.117737
2,204,743,0.117540
2,204,743,0.118083
2,204,743,0.117229
2,204,743,0.116754
2,204,743,0.115490
2,205,744,0.112920
2,205,744,0.121099
2,205,744,0.115372
2,205,744,0.119765
2,205,744,0.112524
2,205,744,0.116735
2,205,744,0.117356
2,205,744,0.115377
2,206,745,0.113966
2,206,745,0.115886
2,206,745,0.114558
2,206,745,0.114415
2,206,745,0.114535
2,206,745,0.113096
2,206,745,0.122338
2,206,745,0.121843
2,207,746,0.117255
2,207,746,0.116560
2,207,746,0.116714
2,207,746,0.115651
2,207,746,0.119940
2,207,746,0.115081
2,207,746,0.116021
2,207,746,0.117219
2,208,747,0.117871
2,208,747,0.116902
2,208,747,0.116075
2,208,747,0.114312
2,208,747,0.115921
2,208,747,0.115865
2,208,747,0.114856
2,208,747,0.117317
2,209,748,0.116047
2,209,748,0.116120
2,209,748,0.117975
2,209,748,0.119137
2,209,748,0.123099
2,209,748,0.115769
2,209,748,0.118668
2,209,748,0.115485
2,210,749,0.115085
2,210,749,0.115079
2,210,749,0.116403
2,210,749,0.114797
2,210,749,0.117284
2,210,749,0.115596
2,210,749,0.119149
2,210,749,0.116250
2,211,750,0.116951
2,211,750,0.111338
2,211,750,0.117766
2,211,750,0.116915
2,211,750,0.115448
2,211,750,0.117309
2,211,750,0.115603
2,211,750,0.119002
2,212,751,0.112665
2,212,751,0.116703
2,212,751,0.116530
2,212,751,0.110484
2,212,751,0.116583
2,212,751,0.117160
2,212,751,0.113856
2,212,751,0.111135
2,213,752,0.114920
2,213,752,0.114050
2,213,752,0.118290
2,213,752,0.117959
2,213,752,0.117093
2,213,752,0.116962
2,213,752,0.114978
2,213,752,0.118862
2,214,753,0.119754
2,214,753,0.114719
2,214,753,0.117795
2,214,753,0.118939
2,214,753,0.115303
2,214,753,0.116687
2,214,753,0.115066
2,214,753,0.116126
2,215,754,0.115620
2,215,754,0.114481
2,215,754,0.115344
2,215,754,0.117499
2,215,754,0.117097
2,215,754,0.113496
2,215,754,0.117237
2,215,754,0.112750
2,216,755,0.118756
2,216,755,0.115965
2,216,755,0.117233
2,216,755,0.117541
2,216,755,0.117676
2,216,755,0.117271
2,216,755,0.119987
2,216,755,0.114448
2,217,756,0.122004
2,217,756,0.122361
2,217,756,0.119004
2,217,756,0.114599
2,217,756,0.112972
2,217,756,0.111922
2,217,756,0.119239
2,217,756,0.115684
2,218,757,0.115852
2,218,757,0.115193
2,218,757,0.115138
2,218,757,0.114718
2,218,757,0.117249
2,218,757,0.115341
2,218,757,0.111977
2,218,757,0.117744
2,219,758,0.118120
2,219,758,0.116000
2,219,758,0.111200
2,219,758,0.115452
2,219,758,0.116185
2,219,758,0.114010
2,219,758,0.117365
2,219,758,0.115380
2,220,759,0.114953
2,220,759,0.115879
2,220,759,0.119243
2,220,759,0.112592
2,220,759,0.114691
2,220,759,0.116970
2,220,759,0.115373
2,220,759,0.112644
2,221,760,0.116607
2,221,760,0.121778
2,221,760,0.114298
2,221,760,0.113793
2,221,760,0.117780
2,221,760,0.116765
2,221,760,0.117697
2,221,760,0.113459
2,222,761,0.120964
2,222,761,0.115718
2,222,761,0.114855
2,222,761,0.116369
2,222,761,0.118255
2,222,761,0.115720
2,222,761,0.117326
2,222,761,0.116156
2,223,762,0.114139
2,223,762,0.116458
2,223,762,0.113489
2,223,762,0.114109
2,223,762,0.116545
2,223,762,0.113388
2,223,762,0.116016
2,223,762,0.115957
2,224,763,0.115412
2,224,763,0.114980
2,224,763,0.113087
2,224,763,0.117131
2,224,763,0.116392
2,224,763,0.123069
2,224,763,0.115746
2,224,763,0.117379
2,225,764,0.116244
2,225,764,0.116022
2,225,764,0.120623
2,225,764,0.117942
2,225,764,0.115798
2,225,764,0.120862
2,225,764,0.116496
2,225,764,0.116395
2,226,765,0.116402
2,226,765,0.114604
2,226,765,0.113798
2,226,765,0.115204
2,226,765,0.115567
2,226,765,0.113474
2,226,765,0.111905
2,226,765,0.117779
2,227,766,0.117121
2,227,766,0.116294
2,227,766,0.115499
2,227,766,0.117436
2,227,766,0.115138
2,227,766,0.116654
2,227,766,0.114853
2,227,766,0.118015
2,228,767,0.116897
2,228,767,0.113633
2,228,767,0.118807
2,228,767,0.116137
2,228,767,0.116040
2,228,767,0.116382
2,228,767,0.117711
2,228,767,0.115281
2,229,768,0.116514
2,229,768,0.115685
2,229,768,0.110964
2,229,768,0.114469
2,229,768,0.118529
2,229,768,0.116952
2,229,768,0.119428
2,229,768,0.111171
2,230,769,0.114973
2,230,769,0.118500
2,230,769,0.116984
2,230,769,0.120018
2,230,769,0.119213
2,230,769,0.111566
2,230,769,0.114625
2,230,769,0.114841
2,231,770,0.117449
2,231,770,0.120693
2,231,770,0.116503
2,231,770,0.115924
2,231,770,0.114670
2,231,770,0.113768
2,231,770,0.114910
2,231,770,0.116016
2,232,771,0.115261
2,232,771,0.115581
2,232,771,0.115235
2,232,771,0.111236
2,232,771,0.116211
2,232,771,0.112858
2,232,771,0.114378
2,232,771,0.118367
2,233,772,0.114325
2,233,772,0.117861
2,233,772,0.115749
2,233,772,0.119013
2,233,772,0.114045
2,233,772,0.118332
2,233,772,0.112743
2,233,772,0.116015
2,234,773,0.115237
2,234,773,0.117023
2,234,773,0.114596
2,234,773,0.111835
2,234,773,0.115819
2,234,773,0.119058
2,234,773,0.115010
2,234,773,0.115401
2,235,774,0.113288
2,235,774,0.114635
2,235,774,0.110873
2,235,774,0.113479
2,235,774,0.117227
2,235,774,0.115835
2,235,774,0.112507
2,235,774,0.116379
2,236,775,0.114941
2,236,775,0.115115
2,236,775,0.114884
2,236,775,0.113599
2,236,775,0.115309
2,236,775,0.112929
2,236,775,0.117924
2,236,775,0.116652
2,237,776,0.114353
2,237,776,0.120482
2,237,776,0.112323
2,237,776,0.116904
2,237,776,0.116980
2,237,776,0.115076
2,237,776,0.117014
2,237,776,0.114781
2,238,777,0.118110
2,238,777,0.116374
2,238,777,0.117342
2,238,777,0.113889
2,238,777,0.115465
2,238,777,0.115072
2,238,777,0.119997
2,238,777,0.118869
2,239,778,0.112792
2,239,778,0.112916
2,239,778,0.113754
2,239,778,0.114527
2,239,778,0.120282
2,239,778,0.118004
2,239,778,0.116866
2,239,778,0.114240
2,240,779,0.112722
2,240,779,0.116671
2,240,779,0.111760
2,240,779,0.115512
2,240,779,0.115572
2,240,779,0.117285
2,240,779,0.120453
2,240,779,0.120346
2,241,780,0.112218
2,241,780,0.113714
2,241,780,0.116386
2,241,780,0.116446
2,241,780,0.115969
2,241,780,0.114808
2,241,780,0.115743
2,241,780,0.114780
2,242,781,0.115715
2,242,781,0.112976
2,242,781,0.113461
2,242,781,0.114631
2,242,781,0.116779
2,242,781,0.116709
2,242,781,0.118766
2,242,781,0.117435
2,243,782,0.115217
2,243,782,0.114093
2,243,782,0.116931
2,243,782,0.113242
2,243,782,0.114927
2,243,782,0.118150
2,243,782,0.113871
2,243,782,0.118057
2,244,783,0.116936
2,244,783,0.116329
2,244,783,0.114387
2,244,783,0.115385
2,244,783,0.116881
2,244,783,0.114360
2,244,783,0.114415
2,244,783,0.113814
2,245,784,0.113715
2,245,784,0.116219
2,245,784,0.115040
2,245,784,0.114484
2,245,784,0.112967
2,245,784,0.115679
2,245,784,0.113565
2,245,784,0.117088
2,246,785,0.113867
2,246,785,0.115427
2,246,785,0.112163
2,246,785,0.115973
2,246,785,0.114304
2,246,785,0.119689
2,246,785,0.117637
2,246,785,0.115654
2,247,786,0.114667
2,247,786,0.115395
2,247,786,0.114192
2,247,786,0.115500
2,247,786,0.112225
2,247,786,0.114770
2,247,786,0.115227
2,247,786,0.113303
2,248,787,0.115623
2,248,787,0.117975
2,248,787,0.114186
2,248,787,0.115587
2,248,787,0.118732
2,248,787,0.116922
2,248,787,0.115390
2,248,787,0.114685
2,249,788,0.115896
2,249,788,0.114645
2,249,788,0.112843
2,249,788,0.118515
2,249,788,0.116394
2,249,788,0.116794
2,249,788,0.113781
2,249,788,0.115523
2,250,789,0.117537
2,250,789,0.121034
2,250,789,0.115712
2,250,789,0.112903
2,250,789,0.114405
2,250,789,0.116506
2,250,789,0.115735
2,250,789,0.118871
2,251,790,0.112271
2,251,790,0.117075
2,251,790,0.115132
2,251,790,0.112640
2,251,790,0.113554
2,251,790,0.119442
2,251,790,0.115079
2,251,790,0.117963
2,252,791,0.112074
2,252,791,0.118666
2,252,791,0.117963
2,252,791,0.115262
2,252,791,0.110470
2,252,791,0.113824
2,252,791,0.114892
2,252,791,0.114786
2,253,792,0.117537
2,253,792,0.115626
2,253,792,0.116796
2,253,792,0.120097
2,253,792,0.112568
2,253,792,0.114514
2,253,792,0.115741
2,253,792,0.116515
2,254,793,0.118155
2,254,793,0.113300
2,254,793,0.113760
2,254,793,0.114717
2,254,793,0.114991
2,254,793,0.117045
2,254,793,0.114525
2,254,793,0.112269
2,255,794,0.113779
2,255,794,0.120421
2,255,794,0.112116
2,255,794,0.118994
2,255,794,0.116289
2,255,794,0.116284
2,255,794,0.114086
2,255,794,0.116434
2,256,795,0.115903
2,256,795,0.117528
2,256,795,0.115273
2,256,795,0.115816
2,256,795,0.113737
2,256,795,0.117085
2,256,795,0.115448
2,256,795,0.115248
2,257,796,0.113742
2,257,796,0.112690
2,257,796,0.118219
2,257,796,0.119265
2,257,796,0.112721
2,257,796,0.114760
2,257,796,0.110916
2,257,796,0.115357
2,258,797,0.115438
2,258,797,0.115159
2,258,797,0.116983
2,258,797,0.116844
2,258,797,0.113791
2,258,797,0.114575
2,258,797,0.117682
2,258,797,0.114079
2,259,798,0.114058
2,259,798,0.109981
2,259,798,0.114679
2,259,798,0.119659
2,259,798,0.113870
2,259,798,0.118321
2,259,798,0.115323
2,259,798,0.121693
2,260,799,0.118277
2,260,799,0.113338
2,260,799,0.110858
2,260,799,0.115788
2,260,799,0.115246
2,260,799,0.122434
2,260,799,0.114744
2,260,799,0.113779
2,261,800,0.125177
2,261,800,0.114951
2,261,800,0.116544
2,261,800,0.116443
2,261,800,0.114531
2,261,800,0.113629
2,261,800,0.118835
2,261,800,0.116132
2,262,801,0.113522
2,262,801,0.115268
2,262,801,0.116376
2,262,801,0.119522
2,262,801,0.115462
2,262,801,0.115558
2,262,801,0.117788
2,262,801,0.119804
2,263,802,0.119368
2,263,802,0.116792
2,263,802,0.136633
2,263,802,0.115719
2,263,802,0.117009
2,263,802,0.118522
2,263,802,0.113480
2,263,802,0.113064
2,264,803,0.114183
2,264,803,0.112049
2,264,803,0.117903
2,264,803,0.112538
2,264,803,0.119790
2,264,803,0.115945
2,264,803,0.116457
2,264,803,0.115644
2,265,804,0.116657
2,265,804,0.118107
2,265,804,0.117244
2,265,804,0.119153
2,265,804,0.112675
2,265,804,0.123212
2,265,804,0.114444
2,265,804,0.115823
2,266,805,0.114554
2,266,805,0.117313
2,266,805,0.114663
2,266,805,0.114735
2,266,805,0.118134
2,266,805,0.111783
2,266,805,0.115547
2,266,805,0.111318
2,267,806,0.117285
2,267,806,0.114900
2,267,806,0.111764
2,267,806,0.116097
2,267,806,0.115687
2,267,806,0.117519
2,267,806,0.116977
2,267,806,0.112462
2,268,807,0.117023
2,268,807,0.115409
2,268,807,0.123666
2,268,807,0.118008
2,268,807,0.113300
2,268,807,0.118250
2,268,807,0.115808
2,268,807,0.118115
2,269,808,0.118337
2,269,808,0.116030
2,269,808,0.115193
2,269,808,0.116858
2,269,808,0.117325
2,269,808,0.117831
2,269,808,0.117714
2,269,808,0.114794
2,270,809,0.115481
2,270,809,0.116147
2,270,809,0.115819
2,270,809,0.113471
2,270,809,0.112325
2,270,809,0.111750
2,270,809,0.114845
2,270,809,0.113148
2,271,810,0.114102
2,271,810,0.115677
2,271,810,0.114032
2,271,810,0.118475
2,271,810,0.114924
2,271,810,0.114265
2,271,810,0.118202
2,271,810,0.113862
2,272,811,0.112783
2,272,811,0.117193
2,272,811,0.117174
2,272,811,0.114456
2,272,811,0.120168
2,272,811,0.115175
2,272,811,0.114332
2,272,811,0.113258
2,273,812,0.113746
2,273,812,0.118639
2,273,812,0.114264
2,273,812,0.112802
2,273,812,0.113029
2,273,812,0.118239
2,273,812,0.116326
2,273,812,0.117504
2,274,813,0.117907
2,274,813,0.119932
2,274,813,0.117358
2,274,813,0.116678
2,274,813,0.117083
2,274,813,0.116200
2,274,813,0.113918
2,274,813,0.115710
2,275,814,0.118862
2,275,814,0.112680
2,275,814,0.118718
2,275,814,0.113584
2,275,814,0.116711
2,275,814,0.117345
2,275,814,0.114004
2,275,814,0.114759
2,276,815,0.116176
2,276,815,0.123843
2,276,815,0.119690
2,276,815,0.115599
2,276,815,0.113490
2,276,815,0.118203
2,276,815,0.115370
2,276,815,0.118878
2,277,816,0.118327
2,277,816,0.115746
2,277,816,0.116270
2,277,816,0.115971
2,277,816,0.117045
2,277,816,0.115353
2,277,816,0.115405
2,277,816,0.116143
2,278,817,0.113573
2,278,817,0.118165
2,278,817,0.114844
2,278,817,0.116597
2,278,817,0.114991
2,278,817,0.115471
2,278,817,0.111797
2,278,817,0.119726
2,279,818,0.115893
2,279,818,0.114131
2,279,818,0.116313
2,279,818,0.114353
2,279,818,0.117311
2,279,818,0.114641
2,279,818,0.114120
2,279,818,0.114685
2,280,819,0.118630
2,280,819,0.113593
2,280,819,0.116187
2,280,819,0.114884
2,280,819,0.113793
2,280,819,0.115580
2,280,819,0.115365
2,280,819,0.115425
2,281,820,0.116429
2,281,820,0.115086
2,281,820,0.116942
2,281,820,0.118189
2,281,820,0.113300
2,281,820,0.116576
2,281,820,0.116329
2,281,820,0.114040
2,282,821,0.115917
2,282,821,0.112892
2,282,821,0.114534
2,282,821,0.115258
2,282,821,0.113541
2,282,821,0.118065
2,282,821,0.114535
2,282,821,0.114336
2,283,822,0.115777
2,283,822,0.114657
2,283,822,0.114309
2,283,822,0.114673
2,283,822,0.115638
2,283,822,0.114225
2,283,822,0.113882
2,283,822,0.117576
2,284,823,0.116696
2,284,823,0.125853
2,284,823,0.117431
2,284,823,0.119306
2,284,823,0.113411
2,284,823,0.112655
2,284,823,0.113566
2,284,823,0.116113
2,285,824,0.116744
2,285,824,0.118036
2,285,824,0.112804
2,285,824,0.116591
2,285,824,0.115299
2,285,824,0.116570
2,285,824,0.114758
2,285,824,0.117741
2,286,825,0.115873
2,286,825,0.116969
2,286,825,0.112235
2,286,825,0.117953
2,286,825,0.115223
2,286,825,0.116038
2,286,825,0.118084
2,286,825,0.117062
2,287,826,0.112336
2,287,826,0.118051
2,287,826,0.113425
2,287,826,0.116791
2,287,826,0.116634
2,287,826,0.114043
2,287,826,0.115399
2,287,826,0.114565
2,288,827,0.116913
2,288,827,0.115913
2,288,827,0.115347
2,288,827,0.115214
2,288,827,0.117135
2,288,827,0.115987
2,288,827,0.115767
2,288,827,0.116876
2,289,828,0.112981
2,289,828,0.123287
2,289,828,0.113270
2,289,828,0.116266
2,289,828,0.111740
2,289,828,0.118079
2,289,828,0.124114
2,289,828,0.118288
2,290,829,0.113169
2,290,829,0.123335
2,290,829,0.116755
2,290,829,0.115655
2,290,829,0.115327
2,290,829,0.115211
2,290,829,0.111886
2,290,829,0.114070
2,291,830,0.114212
2,291,830,0.115094
2,291,830,0.114075
2,291,830,0.117597
2,291,830,0.115415
2,291,830,0.116228
2,291,830,0.123310
2,291,830,0.114632
2,292,831,0.116424
2,292,831,0.113385
2,292,831,0.117191
2,292,831,0.119322
2,292,831,0.112194
2,292,831,0.116021
2,292,831,0.114467
2,292,831,0.114992
2,293,832,0.117288
2,293,832,0.117075
2,293,832,0.112403
2,293,832,0.120901
2,293,832,0.118865
2,293,832,0.115002
2,293,832,0.114359
2,293,832,0.123027
2,294,833,0.115722
2,294,833,0.113259
2,294,833,0.113901
2,294,833,0.115912
2,294,833,0.115879
2,294,833,0.117033
2,294,833,0.113638
2,294,833,0.117897
2,295,834,0.115807
2,295,834,0.114782
2,295,834,0.111864
2,295,834,0.115185
2,295,834,0.115792
2,295,834,0.119322
2,295,834,0.114747
2,295,834,0.124862
2,296,835,0.115879
2,296,835,0.113927
2,296,835,0.118521
2,296,835,0.116025
2,296,835,0.114830
2,296,835,0.115394
2,296,835,0.115443
2,296,835,0.116225
2,297,836,0.117151
2,297,836,0.114785
2,297,836,0.111864
2,297,836,0.115238
2,297,836,0.117332
2,297,836,0.120437
2,297,836,0.123163
2,297,836,0.115018
2,298,837,0.114262
2,298,837,0.119284
2,298,837,0.113789
2,298,837,0.114936
2,298,837,0.115792
2,298,837,0.117279
2,298,837,0.113864
2,298,837,0.115931
2,299,838,0.119641
2,299,838,0.115212
2,299,838,0.112574
2,299,838,0.117204
2,299,838,0.116928
2,299,838,0.113798
2,299,838,0.118951
2,299,838,0.117115
2,300,839,0.112233
2,300,839,0.116438
2,300,839,0.116449
2,300,839,0.114851
2,300,839,0.115956
2,300,839,0.115734
2,300,839,0.123362
2,300,839,0.122360
2,301,840,0.117940
2,301,840,0.120030
2,301,840,0.117911
2,301,840,0.114276
2,301,840,0.118337
2,301,840,0.113933
2,301,840,0.117002
2,301,840,0.117054
2,302,841,0.117628
2,302,841,0.117061
2,302,841,0.112204
2,302,841,0.116511
2,302,841,0.113917
2,302,841,0.114869
2,302,841,0.113834
2,302,841,0.112906
2,303,842,0.115232
2,303,842,0.114287
2,303,842,0.114564
2,303,842,0.116029
2,303,842,0.119967
2,303,842,0.116052
2,303,842,0.113304
2,303,842,0.116110
2,304,843,0.111687
2,304,843,0.114184
2,304,843,0.116518
2,304,843,0.116341
2,304,843,0.113522
2,304,843,0.116714
2,304,843,0.113815
2,304,843,0.118647
2,305,844,0.114015
2,305,844,0.114038
2,305,844,0.115833
2,305,844,0.110776
2,305,844,0.117940
2,305,844,0.113146
2,305,844,0.115307
2,305,844,0.118438
2,306,845,0.118781
2,306,845,0.119534
2,306,845,0.116488
2,306,845,0.113411
2,306,845,0.115821
2,306,845,0.115294
2,306,845,0.119598
2,306,845,0.113976
2,307,846,0.115051
2,307,846,0.114214
2,307,846,0.116766
2,307,846,0.115016
2,307,846,0.120945
2,307,846,0.114884
2,307,846,0.115629
2,307,846,0.119058
2,308,847,0.114120
2,308,847,0.116979
2,308,847,0.116919
2,308,847,0.117278
2,308,847,0.114236
2,308,847,0.111648
2,308,847,0.113481
2,308,847,0.117056
2,309,848,0.115614
2,309,848,0.116430
2,309,848,0.119230
2,309,848,0.123767
2,309,848,0.115738
2,309,848,0.116099
2,309,848,0.116167
2,309,848,0.114379
2,310,849,0.118710
2,310,849,0.114165
2,310,849,0.117041
2,310,849,0.116478
2,310,849,0.113634
2,310,849,0.117362
2,310,849,0.119935
2,310,849,0.112063
2,311,850,0.115020
2,311,850,0.112559
2,311,850,0.114898
2,311,850,0.114501
2,311,850,0.112013
2,311,850,0.116540
2,311,850,0.123469
2,311,850,0.119854
2,312,851,0.113504
2,312,851,0.116202
2,312,851,0.117735
2,312,851,0.119255
2,312,851,0.118359
2,312,851,0.112542
2,312,851,0.116793
2,312,851,0.117402
2,313,852,0.119343
2,313,852,0.115103
2,313,852,0.117722
2,313,852,0.115780
2,313,852,0.114635
2,313,852,0.112055
2,313,852,0.111599
2,313,852,0.119851
2,314,853,0.116548
2,314,853,0.119650
2,314,853,0.115068
2,314,853,0.117753
2,314,853,0.113567
2,314,853,0.114781
2,314,853,0.114268
2,314,853,0.113421
2,315,854,0.116945
2,315,854,0.117443
2,315,854,0.113928
2,315,854,0.123938
2,315,854,0.116026
2,315,854,0.114062
2,315,854,0.116334
2,315,854,0.113053
2,316,855,0.115230
2,316,855,0.116124
2,316,855,0.115915
2,316,855,0.122314
2,316,855,0.115772
2,316,855,0.112909
2,316,855,0.115865
2,316,855,0.115424
2,317,856,0.117530
2,317,856,0.115683
2,317,856,0.113593
2,317,856,0.108223
2,317,856,0.116239
2,317,856,0.113809
2,317,856,0.117571
2,317,856,0.115949
2,318,857,0.113676
2,318,857,0.116399
2,318,857,0.114605
2,318,857,0.114447
2,318,857,0.114167
2,318,857,0.117785
2,318,857,0.116848
2,318,857,0.112238
2,319,858,0.116501
2,319,858,0.113558
2,319,858,0.119387
2,319,858,0.114720
2,319,858,0.117757
2,319,858,0.114312
2,319,858,0.114932
2,319,858,0.118194
2,320,859,0.115239
2,320,859,0.114733
2,320,859,0.116747
2,320,859,0.116114
2,320,859,0.114057
2,320,859,0.111303
2,320,859,0.114000
2,320,859,0.115766
2,321,860,0.116913
2,321,860,0.114805
2,321,860,0.116924
2,321,860,0.114331
2,321,860,0.114232
2,321,860,0.116917
2,321,860,0.115244
2,321,860,0.113274
2,322,861,0.113585
2,322,861,0.113748
2,322,861,0.121632
2,322,861,0.112607
2,322,861,0.122195
2,322,861,0.114773
2,322,861,0.118870
2,322,861,0.117667
2,323,862,0.118301
2,323,862,0.114756
2,323,862,0.118602
2,323,862,0.116162
2,323,862,0.113612
2,323,862,0.121138
2,323,862,0.115780
2,323,862,0.113536
2,324,863,0.114538
2,324,863,0.118720
2,324,863,0.119471
2,324,863,0.112885
2,324,863,0.116019
2,324,863,0.113498
2,324,863,0.114701
2,324,863,0.111659
2,325,864,0.116370
2,325,864,0.113302
2,325,864,0.115368
2,325,864,0.115107
2,325,864,0.116618
2,325,864,0.116431
2,325,864,0.116388
2,325,864,0.114520
2,326,865,0.115537
2,326,865,0.111616
2,326,865,0.114486
2,326,865,0.115739
2,326,865,0.117299
2,326,865,0.117576
2,326,865,0.112399
2,326,865,0.113204
2,327,866,0.119643
2,327,866,0.115803
2,327,866,0.112345
2,327,866,0.114937
2,327,866,0.114317
2,327,866,0.114507
2,327,866,0.115847
2,327,866,0.116231
2,328,867,0.114799
2,328,867,0.116092
2,328,867,0.116334
2,328,867,0.117586
2,328,867,0.116247
2,328,867,0.112764
2,328,867,0.115025
2,328,867,0.115293
2,329,868,0.120133
2,329,868,0.112840
2,329,868,0.115741
2,329,868,0.120135
2,329,868,0.120273
2,329,868,0.114891
2,329,868,0.116770
2,329,868,0.114540
2,330,869,0.113639
2,330,869,0.117821
2,330,869,0.113618
2,330,869,0.115395
2,330,869,0.116696
2,330,869,0.114073
2,330,869,0.118719
2,330,869,0.115742
2,331,870,0.121096
2,331,870,0.116152
2,331,870,0.114407
2,331,870,0.119052
2,331,870,0.111788
2,331,870,0.115676
2,331,870,0.114341
2,331,870,0.116332
2,332,871,0.114880
2,332,871,0.113913
2,332,871,0.111503
2,332,871,0.117612
2,332,871,0.114970
2,332,871,0.116273
2,332,871,0.121351
2,332,871,0.115819
2,333,872,0.114593
2,333,872,0.116788
2,333,872,0.115107
2,333,872,0.118183
2,333,872,0.115275
2,333,872,0.119349
2,333,872,0.114865
2,333,872,0.116204
2,334,873,0.120514
2,334,873,0.115528
2,334,873,0.118760
2,334,873,0.116556
2,334,873,0.118460
2,334,873,0.114283
2,334,873,0.116060
2,334,873,0.112034
2,335,874,0.117747
2,335,874,0.114438
2,335,874,0.114440
2,335,874,0.117450
2,335,874,0.117644
2,335,874,0.123234
2,335,874,0.113138
2,335,874,0.112519
2,336,875,0.115131
2,336,875,0.111703
2,336,875,0.115819
2,336,875,0.115699
2,336,875,0.115834
2,336,875,0.115369
2,336,875,0.114281
2,336,875,0.115854
2,337,876,0.114826
2,337,876,0.113806
2,337,876,0.113151
2,337,876,0.117787
2,337,876,0.123488
2,337,876,0.115334
2,337,876,0.115856
2,337,876,0.112894
2,338,877,0.116321
2,338,877,0.114161
2,338,877,0.117344
2,338,877,0.115162
2,338,877,0.114435
2,338,877,0.116808
2,338,877,0.115336
2,338,877,0.114989
2,339,878,0.115633
2,339,878,0.120810
2,339,878,0.115552
2,339,878,0.116017
2,339,878,0.116806
2,339,878,0.116695
2,339,878,0.116652
2,339,878,0.118149
2,340,879,0.116827
2,340,879,0.116773
2,340,879,0.115169
2,340,879,0.112419
2,340,879,0.117800
2,340,879,0.111582
2,340,879,0.118160
2,340,879,0.116910
2,341,880,0.113799
2,341,880,0.117362
2,341,880,0.115010
2,341,880,0.117557
2,341,880,0.112908
2,341,880,0.118940
2,341,880,0.115948
2,341,880,0.112260
2,342,881,0.117154
2,342,881,0.114588
2,342,881,0.113636
2,342,881,0.114254
2,342,881,0.115310
2,342,881,0.112709
2,342,881,0.113108
2,342,881,0.114773
2,343,882,0.116298
2,343,882,0.118770
2,343,882,0.116187
2,343,882,0.113877
2,343,882,0.114681
2,343,882,0.112163
2,343,882,0.113900
2,343,882,0.113905
2,344,883,0.120454
2,344,883,0.119150
2,344,883,0.116263
2,344,883,0.114613
2,344,883,0.115965
2,344,883,0.118988
2,344,883,0.113838
2,344,883,0.117592
2,345,884,0.113382
2,345,884,0.116748
2,345,884,0.114347
2,345,884,0.114596
2,345,884,0.114171
2,345,884,0.116312
2,345,884,0.116841
2,345,884,0.116800
2,346,885,0.117658
2,346,885,0.116591
2,346,885,0.116339
2,346,885,0.111471
2,346,885,0.114396
2,346,885,0.114702
2,346,885,0.115471
2,346,885,0.111642
2,347,886,0.114600
2,347,886,0.118198
2,347,886,0.115393
2,347,886,0.116093
2,347,886,0.114934
2,347,886,0.114772
2,347,886,0.118735
2,347,886,0.113101
2,348,887,0.118282
2,348,887,0.112439
2,348,887,0.113650
2,348,887,0.114438
2,348,887,0.115584
2,348,887,0.116030
2,348,887,0.113228
2,348,887,0.116203
2,349,888,0.116141
2,349,888,0.115427
2,349,888,0.117599
2,349,888,0.119662
2,349,888,0.116790
2,349,888,0.115852
2,349,888,0.115668
2,349,888,0.112798
2,350,889,0.117253
2,350,889,0.117060
2,350,889,0.114494
2,350,889,0.118151
2,350,889,0.118937
2,350,889,0.115100
2,350,889,0.121210
2,350,889,0.116859
2,351,890,0.117368
2,351,890,0.116409
2,351,890,0.122135
2,351,890,0.114204
2,351,890,0.114170
2,351,890,0.117887
2,351,890,0.117958
2,351,890,0.114814
2,352,891,0.114319
2,352,891,0.114689
2,352,891,0.115239
2,352,891,0.115583
2,352,891,0.114901
2,352,891,0.113602
2,352,891,0.113645
2,352,891,0.119285
2,353,892,0.111884
2,353,892,0.118167
2,353,892,0.112092
2,353,892,0.110205
2,353,892,0.112651
2,353,892,0.118564
2,353,892,0.115546
2,353,892,0.113073
2,354,893,0.114091
2,354,893,0.117209
2,354,893,0.115480
2,354,893,0.118277
2,354,893,0.116671
2,354,893,0.115947
2,354,893,0.114781
2,354,893,0.112722
2,355,894,0.116550
2,355,894,0.118926
2,355,894,0.115219
2,355,894,0.118132
2,355,894,0.115145
2,355,894,0.116754
2,355,894,0.119990
2,355,894,0.114850
2,356,895,0.112593
2,356,895,0.117980
2,356,895,0.115889
2,356,895,0.116516
2,356,895,0.115636
2,356,895,0.114499
2,356,895,0.119580
2,356,895,0.117079
2,357,896,0.115192
2,357,896,0.116168
2,357,896,0.119831
2,357,896,0.119638
2,357,896,0.120340
2,357,896,0.115236
2,357,896,0.116526
2,357,896,0.112439
2,358,897,0.114148
2,358,897,0.114521
2,358,897,0.119532
2,358,897,0.118144
2,358,897,0.113771
2,358,897,0.113787
2,358,897,0.114200
2,358,897,0.120333
2,359,898,0.114808
2,359,898,0.115246
2,359,898,0.116980
2,359,898,0.111982
2,359,898,0.116160
2,359,898,0.115282
2,359,898,0.114660
2,359,898,0.119029
2,360,899,0.120705
2,360,899,0.115518
2,360,899,0.116294
2,360,899,0.114694
2,360,899,0.114746
2,360,899,0.117545
2,360,899,0.116304
2,360,899,0.113134
2,361,900,0.115408
2,361,900,0.113889
2,361,900,0.118130
2,361,900,0.114129
2,361,900,0.115762
2,361,900,0.114702
2,361,900,0.117144
2,361,900,0.115678
2,362,901,0.116152
2,362,901,0.118688
2,362,901,0.111671
2,362,901,0.116258
2,362,901,0.111221
2,362,901,0.116951
2,362,901,0.116630
2,362,901,0.118125
2,363,902,0.111698
2,363,902,0.116797
2,363,902,0.112280
2,363,902,0.118338
2,363,902,0.115465
2,363,902,0.114898
2,363,902,0.121166
2,363,902,0.113910
2,364,903,0.116733
2,364,903,0.114764
2,364,903,0.120949
2,364,903,0.114389
2,364,903,0.115192
2,364,903,0.118703
2,364,903,0.115098
2,364,903,0.113216
2,365,904,0.117268
2,365,904,0.116890
2,365,904,0.117458
2,365,904,0.116287
2,365,904,0.115553
2,365,904,0.117288
2,365,904,0.115226
2,365,904,0.113826
2,366,905,0.123684
2,366,905,0.114112
2,366,905,0.114355
2,366,905,0.111948
2,366,905,0.116067
2,366,905,0.112369
2,366,905,0.113548
2,366,905,0.116872
2,367,906,0.115776
2,367,906,0.113452
2,367,906,0.113285
2,367,906,0.113871
2,367,906,0.120496
2,367,906,0.115964
2,367,906,0.112724
2,367,906,0.116367
2,368,907,0.114959
2,368,907,0.114736
2,368,907,0.114121
2,368,907,0.113163
2,368,907,0.114215
2,368,907,0.113489
2,368,907,0.115522
2,368,907,0.116779
2,369,908,0.113431
2,369,908,0.116407
2,369,908,0.118797
2,369,908,0.116736
2,369,908,0.114289
2,369,908,0.118085
2,369,908,0.115226
2,369,908,0.122838
2,370,909,0.113540
2,370,909,0.112652
2,370,909,0.117952
2,370,909,0.119236
2,370,909,0.117102
2,370,909,0.114332
2,370,909,0.118993
2,370,909,0.115426
2,371,910,0.117875
2,371,910,0.115759
2,371,910,0.118513
2,371,910,0.114206
2,371,910,0.116908
2,371,910,0.114143
2,371,910,0.116144
2,371,910,0.115409
2,372,911,0.112638
2,372,911,0.112124
2,372,911,0.114010
2,372,911,0.113139
2,372,911,0.110868
2,372,911,0.120995
2,372,911,0.114296
2,372,911,0.115908
2,373,912,0.113480
2,373,912,0.114778
2,373,912,0.116529
2,373,912,0.117193
2,373,912,0.116646
2,373,912,0.114932
2,373,912,0.112185
2,373,912,0.117409
2,374,913,0.114584
2,374,913,0.118312
2,374,913,0.119069
2,374,913,0.115723
2,374,913,0.117682
2,374,913,0.114943
2,374,913,0.114542
2,374,913,0.115311
2,375,914,0.115981
2,375,914,0.116169
2,375,914,0.114433
2,375,914,0.120476
2,375,914,0.117176
2,375,914,0.118256
2,375,914,0.113927
2,375,914,0.113637
2,376,915,0.115299
2,376,915,0.119401
2,376,915,0.115224
2,376,915,0.115761
2,376,915,0.118808
2,376,915,0.114097
2,376,915,0.113042
2,376,915,0.116293
2,377,916,0.115251
2,377,916,0.116832
2,377,916,0.114834
2,377,916,0.113720
2,377,916,0.115311
2,377,916,0.114359
2,377,916,0.119197
2,377,916,0.116033
2,378,917,0.116437
2,378,917,0.113908
2,378,917,0.114934
2,378,917,0.114160
2,378,917,0.113418
2,378,917,0.118948
2,378,917,0.116972
2,378,917,0.114857
2,379,918,0.111966
2,379,918,0.115384
2,379,918,0.117762
2,379,918,0.114094
2,379,918,0.117039
2,379,918,0.115027
2,379,918,0.117624
2,379,918,0.120078
2,380,919,0.115517
2,380,919,0.117094
2,380,919,0.113578
2,380,919,0.114959
2,380,919,0.113673
2,380,919,0.116743
2,380,919,0.113478
2,380,919,0.119084
2,381,920,0.116621
2,381,920,0.114285
2,381,920,0.116764
2,381,920,0.118521
2,381,920,0.116106
2,381,920,0.116988
2,381,920,0.113291
2,381,920,0.113581
2,382,921,0.112825
2,382,921,0.115143
2,382,921,0.113898
2,382,921,0.115363
2,382,921,0.114143
2,382,921,0.117130
2,382,921,0.116113
2,382,921,0.117283
2,383,922,0.116593
2,383,922,0.120056
2,383,922,0.115066
2,383,922,0.122559
2,383,922,0.115668
2,383,922,0.118117
2,383,922,0.116562
2,383,922,0.114686
2,384,923,0.114304
2,384,923,0.114682
2,384,923,0.118614
2,384,923,0.119397
2,384,923,0.112781
2,384,923,0.115749
2,384,923,0.114867
2,384,923,0.116087
2,385,924,0.120739
2,385,924,0.113793
2,385,924,0.113272
2,385,924,0.116199
2,385,924,0.118968
2,385,924,0.116073
2,385,924,0.113872
2,385,924,0.114838
2,386,925,0.115145
2,386,925,0.113179
2,386,925,0.115308
2,386,925,0.114408
2,386,925,0.113635
2,386,925,0.113964
2,386,925,0.117661
2,386,925,0.111499
2,387,926,0.116472
2,387,926,0.116825
2,387,926,0.117221
2,387,926,0.116419
2,387,926,0.117273
2,387,926,0.124143
2,387,926,0.116966
2,387,926,0.117614
2,388,927,0.112661
2,388,927,0.118482
2,388,927,0.118398
2,388,927,0.113058
2,388,927,0.118984
2,388,927,0.116514
2,388,927,0.114470
2,388,927,0.114606
2,389,928,0.119150
2,389,928,0.116397
2,389,928,0.115993
2,389,928,0.117269
2,389,928,0.116403
2,389,928,0.112134
2,389,928,0.119547
2,389,928,0.113859
2,390,929,0.116964
2,390,929,0.117003
2,390,929,0.115981
2,390,929,0.114703
2,390,929,0.116441
2,390,929,0.112544
2,390,929,0.111072
2,390,929,0.116633
2,391,930,0.116321
2,391,930,0.113866
2,391,930,0.114814
2,391,930,0.113815
2,391,930,0.113570
2,391,930,0.111254
2,391,930,0.116836
2,391,930,0.112958
2,392,931,0.114167
2,392,931,0.118762
2,392,931,0.115175
2,392,931,0.116674
2,392,931,0.120575
2,392,931,0.114742
2,392,931,0.116089
2,392,931,0.116706
2,393,932,0.114124
2,393,932,0.115248
2,393,932,0.114974
2,393,932,0.113557
2,393,932,0.112512
2,393,932,0.116856
2,393,932,0.119203
2,393,932,0.116516
2,394,933,0.113560
2,394,933,0.114748
2,394,933,0.114064
2,394,933,0.113692
2,394,933,0.115435
2,394,933,0.118285
2,394,933,0.117292
2,394,933,0.116153
2,395,934,0.115054
2,395,934,0.111890
2,395,934,0.117202
2,395,934,0.113612
2,395,934,0.113265
2,395,934,0.115785
2,395,934,0.111641
2,395,934,0.116254
2,396,935,0.115696
2,396,935,0.114970
2,396,935,0.112470
2,396,935,0.112950
2,396,935,0.113253
2,396,935,0.119600
2,396,935,0.117463
2,396,935,0.116718
2,397,936,0.114555
2,397,936,0.113777
2,397,936,0.121912
2,397,936,0.120647
2,397,936,0.113692
2,397,936,0.115180
2,397,936,0.113612
2,397,936,0.117594
2,398,937,0.117113
2,398,937,0.118472
2,398,937,0.113712
2,398,937,0.117829
2,398,937,0.114551
2,398,937,0.117534
2,398,937,0.122750
2,398,937,0.115390
2,399,938,0.113829
2,399,938,0.118602
2,399,938,0.117206
2,399,938,0.112296
2,399,938,0.115039
2,399,938,0.116701
2,399,938,0.114556
2,399,938,0.116803
2,400,939,0.116320
2,400,939,0.119318
2,400,939,0.116988
2,400,939,0.116080
2,400,939,0.115245
2,400,939,0.114999
2,400,939,0.115091
2,400,939,0.117713
2,401,940,0.121592
2,401,940,0.115350
2,401,940,0.116259
2,401,940,0.117722
2,401,940,0.119665
2,401,940,0.116096
2,401,940,0.115977
2,401,940,0.119274
2,402,941,0.114563
2,402,941,0.122177
2,402,941,0.119588
2,402,941,0.114150
2,402,941,0.113612
2,402,941,0.117522
2,402,941,0.108455
2,402,941,0.112870
2,403,942,0.114756
2,403,942,0.113258
2,403,942,0.114060
2,403,942,0.115298
2,403,942,0.114710
2,403,942,0.111552
2,403,942,0.114668
2,403,942,0.116119
2,404,943,0.116028
2,404,943,0.116942
2,404,943,0.114855
2,404,943,0.113788
2,404,943,0.117890
2,404,943,0.116197
2,404,943,0.116862
2,404,943,0.115164
2,405,944,0.115369
2,405,944,0.120432
2,405,944,0.115775
2,405,944,0.112115
2,405,944,0.115145
2,405,944,0.117362
2,405,944,0.117337
2,405,944,0.112930
2,406,945,0.113943
2,406,945,0.113394
2,406,945,0.114688
2,406,945,0.113238
2,406,945,0.115353
2,406,945,0.116778
2,406,945,0.115098
2,406,945,0.116437
2,407,946,0.117002
2,407,946,0.117543
2,407,946,0.116323
2,407,946,0.112343
2,407,946,0.114213
2,407,946,0.119815
2,407,946,0.116177
2,407,946,0.116107
2,408,947,0.115600
2,408,947,0.116782
2,408,947,0.116525
2,408,947,0.114010
2,408,947,0.113599
2,408,947,0.115346
2,408,947,0.112102
2,408,947,0.113646
2,409,948,0.118500
2,409,948,0.114827
2,409,948,0.117546
2,409,948,0.119223
2,409,948,0.113877
2,409,948,0.116888
2,409,948,0.115894
2,409,948,0.115839
2,410,949,0.116512
2,410,949,0.114652
2,410,949,0.113314
2,410,949,0.113048
2,410,949,0.115968
2,410,949,0.113867
2,410,949,0.116367
2,410,949,0.116598
2,411,950,0.115912
2,411,950,0.117755
2,411,950,0.116367
2,411,950,0.116353
2,411,950,0.114792
2,411,950,0.121977
2,411,950,0.115729
2,411,950,0.114463
2,412,951,0.115320
2,412,951,0.116465
2,412,951,0.124826
2,412,951,0.117750
2,412,951,0.118545
2,412,951,0.119342
2,412,951,0.116311
2,412,951,0.115583
2,413,952,0.114721
2,413,952,0.113591
2,413,952,0.117778
2,413,952,0.112520
2,413,952,0.126471
2,413,952,0.117792
2,413,952,0.117327
2,413,952,0.113005
2,414,953,0.115350
2,414,953,0.114991
2,414,953,0.119607
2,414,953,0.114871
2,414,953,0.116625
2,414,953,0.114543
2,414,953,0.111305
2,414,953,0.121137
2,415,954,0.118655
2,415,954,0.116041
2,415,954,0.117562
2,415,954,0.118240
2,415,954,0.118070
2,415,954,0.114304
2,415,954,0.113735
2,415,954,0.116143
2,416,955,0.116460
2,416,955,0.115705
2,416,955,0.117439
2,416,955,0.116177
2,416,955,0.116961
2,416,955,0.121688
2,416,955,0.119788
2,416,955,0.113752
2,417,956,0.115727
2,417,956,0.116569
2,417,956,0.113332
2,417,956,0.116706
2,417,956,0.113357
2,417,956,0.116062
2,417,956,0.116979
2,417,956,0.118624
2,418,957,0.117028
2,418,957,0.113384
2,418,957,0.113464
2,418,957,0.120425
2,418,957,0.114417
2,418,957,0.114847
2,418,957,0.114631
2,418,957,0.113794
2,419,958,0.120347
2,419,958,0.114271
2,419,958,0.114196
2,419,958,0.117093
2,419,958,0.116881
2,419,958,0.117330
2,419,958,0.114963
2,419,958,0.113279
2,420,959,0.112860
2,420,959,0.116728
2,420,959,0.116551
2,420,959,0.114510
2,420,959,0.114964
2,420,959,0.117880
2,420,959,0.117092
2,420,959,0.114124
2,421,960,0.115015
2,421,960,0.119380
2,421,960,0.117911
2,421,960,0.117817
2,421,960,0.113668
2,421,960,0.119843
2,421,960,0.112826
2,421,960,0.114346
2,422,961,0.113787
2,422,961,0.115065
2,422,961,0.114169
2,422,961,0.116798
2,422,961,0.112460
2,422,961,0.116690
2,422,961,0.116942
2,422,961,0.116573
2,423,962,0.118491
2,423,962,0.115180
2,423,962,0.119435
2,423,962,0.118229
2,423,962,0.113264
2,423,962,0.115408
2,423,962,0.118837
2,423,962,0.114995
2,424,963,0.112594
2,424,963,0.115366
2,424,963,0.117834
2,424,963,0.114725
2,424,963,0.117635
2,424,963,0.115291
2,424,963,0.115132
2,424,963,0.116888
2,425,964,0.117246
2,425,964,0.114655
2,425,964,0.117037
2,425,964,0.119855
2,425,964,0.113108
2,425,964,0.114607
2,425,964,0.124405
2,425,964,0.110236
2,426,965,0.114672
2,426,965,0.114688
2,426,965,0.111221
2,426,965,0.117116
2,426,965,0.116329
2,426,965,0.118153
2,426,965,0.112217
2,426,965,0.109315
2,427,966,0.111430
2,427,966,0.116630
2,427,966,0.114097
2,427,966,0.114642
2,427,966,0.113780
2,427,966,0.113893
2,427,966,0.119066
2,427,966,0.119965
2,428,967,0.114316
2,428,967,0.119193
2,428,967,0.114272
2,428,967,0.115728
2,428,967,0.117494
2,428,967,0.116384
2,428,967,0.113317
2,428,967,0.118748
2,429,968,0.114490
2,429,968,0.117104
2,429,968,0.114551
2,429,968,0.119648
2,429,968,0.111789
2,429,968,0.119297
2,429,968,0.114346
2,429,968,0.113562
2,430,969,0.114307
2,430,969,0.117124
2,430,969,0.121846
2,430,969,0.114027
2,430,969,0.113636
2,430,969,0.113838
2,430,969,0.119446
2,430,969,0.116442
2,431,970,0.114321
2,431,970,0.113639
2,431,970,0.115695
2,431,970,0.117384
2,431,970,0.117289
2,431,970,0.113419
2,431,970,0.116258
2,431,970,0.119945
2,432,971,0.114435
2,432,971,0.113735
2,432,971,0.116881
2,432,971,0.114329
2,432,971,0.116430
2,432,971,0.118709
2,432,971,0.112679
2,432,971,0.115568
2,433,972,0.119023
2,433,972,0.117217
2,433,972,0.113351
2,433,972,0.121442
2,433,972,0.114310
2,433,972,0.113495
2,433,972,0.116224
2,433,972,0.112382
2,434,973,0.110647
2,434,973,0.118739
2,434,973,0.121064
2,434,973,0.115552
2,434,973,0.118988
2,434,973,0.117278
2,434,973,0.113164
2,434,973,0.117084
2,435,974,0.118107
2,435,974,0.114110
2,435,974,0.113729
2,435,974,0.118367
2,435,974,0.116792
2,435,974,0.119926
2,435,974,0.112375
2,435,974,0.115408
2,436,975,0.118698
2,436,975,0.116119
2,436,975,0.115147
2,436,975,0.121741
2,436,975,0.115301
2,436,975,0.114465
2,436,975,0.115193
2,436,975,0.114990
2,437,976,0.116354
2,437,976,0.120220
2,437,976,0.116746
2,437,976,0.116335
2,437,976,0.114326
2,437,976,0.114340
2,437,976,0.121317
2,437,976,0.115560
2,438,977,0.115487
2,438,977,0.115890
2,438,977,0.119946
2,438,977,0.111987
2,438,977,0.113585
2,438,977,0.116106
2,438,977,0.116411
2,438,977,0.113961
2,439,978,0.111831
2,439,978,0.113621
2,439,978,0.115689
2,439,978,0.110567
2,439,978,0.120503
2,439,978,0.115014
2,439,978,0.115558
2,439,978,0.118027
2,440,979,0.114786
2,440,979,0.113426
2,440,979,0.114068
2,440,979,0.115455
2,440,979,0.114584
2,440,979,0.113096
2,440,979,0.117291
2,440,979,0.117555
2,441,980,0.116506
2,441,980,0.115067
2,441,980,0.116575
2,441,980,0.116755
2,441,980,0.116638
2,441,980,0.120694
2,441,980,0.113372
2,441,980,0.112332
2,442,981,0.114550
2,442,981,0.115529
2,442,981,0.117010
2,442,981,0.116345
2,442,981,0.122715
2,442,981,0.113836
2,442,981,0.115209
2,442,981,0.114480
2,443,982,0.117612
2,443,982,0.112744
2,443,982,0.114205
2,443,982,0.117018
2,443,982,0.116573
2,443,982,0.117694
2,443,982,0.117406
2,443,982,0.113222
2,444,983,0.115700
2,444,983,0.116996
2,444,983,0.117399
2,444,983,0.112720
2,444,983,0.113654
2,444,983,0.116059
2,444,983,0.112835
2,444,983,0.117900
2,445,984,0.112338
2,445,984,0.114356
2,445,984,0.115311
2,445,984,0.122771
2,445,984,0.112670
2,445,984,0.114826
2,445,984,0.113672
2,445,984,0.115072
2,446,985,0.118031
2,446,985,0.114991
2,446,985,0.116424
2,446,985,0.118870
2,446,985,0.113962
2,446,985,0.114964
2,446,985,0.114156
2,446,985,0.115919
2,447,986,0.114705
2,447,986,0.117786
2,447,986,0.113116
2,447,986,0.115418
2,447,986,0.111992
2,447,986,0.114714
2,447,986,0.123984
2,447,986,0.117529
2,448,987,0.114983
2,448,987,0.113669
2,448,987,0.113055
2,448,987,0.116906
2,448,987,0.114574
2,448,987,0.116988
2,448,987,0.112574
2,448,987,0.119028
2,449,988,0.120558
2,449,988,0.113653
2,449,988,0.115255
2,449,988,0.117795
2,449,988,0.113964
2,449,988,0.118130
2,449,988,0.112780
2,449,988,0.117146
2,450,989,0.117530
2,450,989,0.116737
2,450,989,0.114903
2,450,989,0.117054
2,450,989,0.117453
2,450,989,0.119342
2,450,989,0.112177
2,450,989,0.121820
2,451,990,0.114636
2,451,990,0.115135
2,451,990,0.118119
2,451,990,0.117584
2,451,990,0.115990
2,451,990,0.113236
2,451,990,0.118186
2,451,990,0.113106
2,452,991,0.115045
2,452,991,0.118838
2,452,991,0.116400
2,452,991,0.114474
2,452,991,0.119114
2,452,991,0.116559
2,452,991,0.111980
2,452,991,0.114254
2,453,992,0.115768
2,453,992,0.116371
2,453,992,0.118592
2,453,992,0.114209
2,453,992,0.115878
2,453,992,0.120409
2,453,992,0.111990
2,453,992,0.117135
2,454,993,0.118726
2,454,993,0.114932
2,454,993,0.120764
2,454,993,0.113398
2,454,993,0.114296
2,454,993,0.116783
2,454,993,0.113957
2,454,993,0.112373
2,455,994,0.118643
2,455,994,0.123512
2,455,994,0.114737
2,455,994,0.119290
2,455,994,0.117003
2,455,994,0.113499
2,455,994,0.113393
2,455,994,0.117904
2,456,995,0.113618
2,456,995,0.117143
2,456,995,0.119086
2,456,995,0.112157
2,456,995,0.114826
2,456,995,0.114854
2,456,995,0.116878
2,456,995,0.114392
2,457,996,0.116339
2,457,996,0.114183
2,457,996,0.112832
2,457,996,0.117707
2,457,996,0.118711
2,457,996,0.116212
2,457,996,0.112526
2,457,996,0.115595
2,458,997,0.119841
2,458,997,0.113440
2,458,997,0.115386
2,458,997,0.113062
2,458,997,0.114058
2,458,997,0.114281
2,458,997,0.117063
2,458,997,0.116605
2,459,998,0.113791
2,459,998,0.124532
2,459,998,0.118041
2,459,998,0.114556
2,459,998,0.116301
2,459,998,0.113382
2,459,998,0.120927
2,459,998,0.114046
2,460,999,0.111787
2,460,999,0.116077
2,460,999,0.115040
2,460,999,0.113935
2,460,999,0.114443
2,460,999,0.114482
2,460,999,0.117821
2,460,999,0.111572
2,461,1000,0.115775
2,461,1000,0.115304
2,461,1000,0.114898
2,461,1000,0.116489
2,461,1000,0.112412
2,461,1000,0.114889
2,461,1000,0.113271
2,461,1000,0.116062
2,462,1001,0.119556
2,462,1001,0.111559
2,462,1001,0.113667
2,462,1001,0.116400
2,462,1001,0.113840
2,462,1001,0.112379
2,462,1001,0.113855
2,462,1001,0.112878
2,463,1002,0.115189
2,463,1002,0.113152
2,463,1002,0.112626
2,463,1002,0.113959
2,463,1002,0.115662
2,463,1002,0.113258
2,463,1002,0.121324
2,463,1002,0.121689
2,464,1003,0.113520
2,464,1003,0.121256
2,464,1003,0.113822
2,464,1003,0.117396
2,464,1003,0.118593
2,464,1003,0.117328
2,464,1003,0.118387
2,464,1003,0.116989
2,465,1004,0.114041
2,465,1004,0.113147
2,465,1004,0.120855
2,465,1004,0.114285
2,465,1004,0.112919
2,465,1004,0.116510
2,465,1004,0.115619
2,465,1004,0.115415
2,466,1005,0.116317
2,466,1005,0.118460
2,466,1005,0.114092
2,466,1005,0.115333
2,466,1005,0.118761
2,466,1005,0.115160
2,466,1005,0.117172
2,466,1005,0.114194
2,467,1006,0.112323
2,467,1006,0.119766
2,467,1006,0.114403
2,467,1006,0.113368
2,467,1006,0.121714
2,467,1006,0.116496
2,467,1006,0.112367
2,467,1006,0.114094
2,468,1007,0.119759
2,468,1007,0.120282
2,468,1007,0.115928
2,468,1007,0.115304
2,468,1007,0.116940
2,468,1007,0.117020
2,468,1007,0.113029
2,468,1007,0.114205
2,469,1008,0.114330
2,469,1008,0.117485
2,469,1008,0.111605
2,469,1008,0.116078
2,469,1008,0.114819
2,469,1008,0.115735
2,469,1008,0.113851
2,469,1008,0.117090
2,470,1009,0.113566
2,470,1009,0.116053
2,470,1009,0.116682
2,470,1009,0.117610
2,470,1009,0.116181
2,470,1009,0.114047
2,470,1009,0.116243
2,470,1009,0.110277
2,471,1010,0.116920
2,471,1010,0.115069
2,471,1010,0.112873
2,471,1010,0.115371
2,471,1010,0.115225
2,471,1010,0.119285
2,471,1010,0.114805
2,471,1010,0.118419
2,472,1011,0.118878
2,472,1011,0.116076
2,472,1011,0.116621
2,472,1011,0.117991
2,472,1011,0.114603
2,472,1011,0.116081
2,472,1011,0.118001
2,472,1011,0.115323
2,473,1012,0.114583
2,473,1012,0.116358
2,473,1012,0.116917
2,473,1012,0.115325
2,473,1012,0.112506
2,473,1012,0.116919
2,473,1012,0.113901
2,473,1012,0.117556
2,474,1013,0.116934
2,474,1013,0.120036
2,474,1013,0.115786
2,474,1013,0.112146
2,474,1013,0.115418
2,474,1013,0.118329
2,474,1013,0.113092
2,474,1013,0.111893
2,475,1014,0.117440
2,475,1014,0.117786
2,475,1014,0.115778
2,475,1014,0.115738
2,475,1014,0.118160
2,475,1014,0.113517
2,475,1014,0.111828
2,475,1014,0.113116
2,476,1015,0.114365
2,476,1015,0.115493
2,476,1015,0.119870
2,476,1015,0.115486
2,476,1015,0.118742
2,476,1015,0.114652
2,476,1015,0.115385
2,476,1015,0.113377
2,477,1016,0.115048
2,477,1016,0.116056
2,477,1016,0.118101
2,477,1016,0.114356
2,477,1016,0.118201
2,477,1016,0.117147
2,477,1016,0.113961
2,477,1016,0.114521
2,478,1017,0.114769
2,478,1017,0.115038
2,478,1017,0.113280
2,478,1017,0.113565
2,478,1017,0.116539
2,478,1017,0.114913
2,478,1017,0.114459
2,478,1017,0.115820
2,479,1018,0.115864
2,479,1018,0.118289
2,479,1018,0.115989
2,479,1018,0.115999
2,479,1018,0.114230
2,479,1018,0.116698
2,479,1018,0.115394
2,479,1018,0.116745
2,480,1019,0.112503
2,480,1019,0.114808
2,480,1019,0.111680
2,480,1019,0.115041
2,480,1019,0.118904
2,480,1019,0.112451
2,480,1019,0.113824
2,480,1019,0.111868
2,481,1020,0.117615
2,481,1020,0.113968
2,481,1020,0.115213
2,481,1020,0.116645
2,481,1020,0.115405
2,481,1020,0.116558
2,481,1020,0.112510
2,481,1020,0.115271
2,482,1021,0.115558
2,482,1021,0.112608
2,482,1021,0.118595
2,482,1021,0.120481
2,482,1021,0.116825
2,482,1021,0.114569
2,482,1021,0.116897
2,482,1021,0.112919
2,483,1022,0.113327
2,483,1022,0.122264
2,483,1022,0.113269
2,483,1022,0.113157
2,483,1022,0.117033
2,483,1022,0.113397
2,483,1022,0.114929
2,483,1022,0.116462
2,484,1023,0.114449
2,484,1023,0.111734
2,484,1023,0.112836
2,484,1023,0.115408
2,484,1023,0.110847
2,484,1023,0.114937
2,484,1023,0.118629
2,484,1023,0.113327
2,485,1024,0.114210
2,485,1024,0.121824
2,485,1024,0.114602
2,485,1024,0.116426
2,485,1024,0.116138
2,485,1024,0.112802
2,485,1024,0.116423
2,485,1024,0.121785
2,486,1025,0.114537
2,486,1025,0.116746
2,486,1025,0.118429
2,486,1025,0.114283
2,486,1025,0.113203
2,486,1025,0.114070
2,486,1025,0.117469
2,486,1025,0.116665
2,487,1026,0.108571
2,487,1026,0.115329
2,487,1026,0.112174
2,487,1026,0.114135
2,487,1026,0.112286
2,487,1026,0.115086
2,487,1026,0.114123
2,487,1026,0.115890
2,488,1027,0.115122
2,488,1027,0.115520
2,488,1027,0.115348
2,488,1027,0.114319
2,488,1027,0.116430
2,488,1027,0.115697
2,488,1027,0.115745
2,488,1027,0.112758
2,489,1028,0.119010
2,489,1028,0.116471
2,489,1028,0.114579
2,489,1028,0.114115
2,489,1028,0.115203
2,489,1028,0.113647
2,489,1028,0.111812
2,489,1028,0.114632
2,490,1029,0.114986
2,490,1029,0.116644
2,490,1029,0.113405
2,490,1029,0.118030
2,490,1029,0.114441
2,490,1029,0.116623
2,490,1029,0.115406
2,490,1029,0.112596
2,491,1030,0.112651
2,491,1030,0.112984
2,491,1030,0.116599
2,491,1030,0.114092
2,491,1030,0.117749
2,491,1030,0.118813
2,491,1030,0.113947
2,491,1030,0.121011
2,492,1031,0.115990
2,492,1031,0.113014
2,492,1031,0.116968
2,492,1031,0.116898
2,492,1031,0.115994
2,492,1031,0.115171
2,492,1031,0.116720
2,492,1031,0.119132
2,493,1032,0.114123
2,493,1032,0.116373
2,493,1032,0.120054
2,493,1032,0.121375
2,493,1032,0.113317
2,493,1032,0.112570
2,493,1032,0.118920
2,493,1032,0.116047
2,494,1033,0.113010
2,494,1033,0.115957
2,494,1033,0.114021
2,494,1033,0.115730
2,494,1033,0.116521
2,494,1033,0.116233
2,494,1033,0.115592
2,494,1033,0.119179
2,495,1034,0.113698
2,495,1034,0.115304
2,495,1034,0.112027
2,495,1034,0.113089
2,495,1034,0.111376
2,495,1034,0.110588
2,495,1034,0.112839
2,495,1034,0.113323
2,496,1035,0.114975
2,496,1035,0.113439
2,496,1035,0.115040
2,496,1035,0.114291
2,496,1035,0.116711
2,496,1035,0.115271
2,496,1035,0.119201
2,496,1035,0.116427
2,497,1036,0.117471
2,497,1036,0.117874
2,497,1036,0.117149
2,497,1036,0.115924
2,497,1036,0.112173
2,497,1036,0.117439
2,497,1036,0.116075
2,497,1036,0.113690
2,498,1037,0.116444
2,498,1037,0.113972
2,498,1037,0.114325
2,498,1037,0.114424
2,498,1037,0.116435
2,498,1037,0.113409
2,498,1037,0.115858
2,498,1037,0.112688
2,499,1038,0.115848
2,499,1038,0.115311
2,499,1038,0.114312
2,499,1038,0.111281
2,499,1038,0.122277
2,499,1038,0.117612
2,499,1038,0.116710
2,499,1038,0.113157
2,500,1039,0.117018
2,500,1039,0.116132
2,500,1039,0.119947
2,500,1039,0.114991
2,500,1039,0.119805
2,500,1039,0.120963
2,500,1039,0.119369
2,500,1039,0.114774
2,501,1040,0.116059
2,501,1040,0.115153
2,501,1040,0.115704
2,501,1040,0.112174
2,501,1040,0.113818
2,501,1040,0.118787
2,501,1040,0.115795
2,501,1040,0.115859
2,502,1041,0.117093
2,502,1041,0.114534
2,502,1041,0.115154
2,502,1041,0.114469
2,502,1041,0.115249
2,502,1041,0.117911
2,502,1041,0.116979
2,502,1041,0.113526
2,503,1042,0.113079
2,503,1042,0.116129
2,503,1042,0.112517
2,503,1042,0.115525
2,503,1042,0.115267
2,503,1042,0.114004
2,503,1042,0.115021
2,503,1042,0.113917
2,504,1043,0.117160
2,504,1043,0.112726
2,504,1043,0.114247
2,504,1043,0.114194
2,504,1043,0.119608
2,504,1043,0.118522
2,504,1043,0.111988
2,504,1043,0.116019
2,505,1044,0.115293
2,505,1044,0.111389
2,505,1044,0.115811
2,505,1044,0.113257
2,505,1044,0.119987
2,505,1044,0.116675
2,505,1044,0.115248
2,505,1044,0.115003
2,506,1045,0.114853
2,506,1045,0.114241
2,506,1045,0.112025
2,506,1045,0.112846
2,506,1045,0.117501
2,506,1045,0.114061
2,506,1045,0.118830
2,506,1045,0.117977
2,507,1046,0.114809
2,507,1046,0.117840
2,507,1046,0.118134
2,507,1046,0.119256
2,507,1046,0.117647
2,507,1046,0.117216
2,507,1046,0.114739
2,507,1046,0.116509
2,508,1047,0.115674
2,508,1047,0.114166
2,508,1047,0.115533
2,508,1047,0.109799
2,508,1047,0.114767
2,508,1047,0.116509
2,508,1047,0.116228
2,508,1047,0.114829
2,509,1048,0.114209
2,509,1048,0.115827
2,509,1048,0.122142
2,509,1048,0.113420
2,509,1048,0.121310
2,509,1048,0.121414
2,509,1048,0.113226
2,509,1048,0.113341
2,510,1049,0.114813
2,510,1049,0.115718
2,510,1049,0.110210
2,510,1049,0.115287
2,510,1049,0.114105
2,510,1049,0.116849
2,510,1049,0.114801
2,510,1049,0.115532
2,511,1050,0.122405
2,511,1050,0.117429
2,511,1050,0.115955
2,511,1050,0.121244
2,511,1050,0.113836
2,511,1050,0.115512
2,511,1050,0.111960
2,511,1050,0.112460
2,512,1051,0.114465
2,512,1051,0.116812
2,512,1051,0.116376
2,512,1051,0.111563
2,512,1051,0.119012
2,512,1051,0.114374
2,512,1051,0.115471
2,512,1051,0.111659
2,513,1052,0.113836
2,513,1052,0.115974
2,513,1052,0.118877
2,513,1052,0.115565
2,513,1052,0.112981
2,513,1052,0.115404
2,513,1052,0.114860
2,513,1052,0.117811
2,514,1053,0.114390
2,514,1053,0.116106
2,514,1053,0.115331
2,514,1053,0.115347
2,514,1053,0.116998
2,514,1053,0.117977
2,514,1053,0.114702
2,514,1053,0.114013
2,515,1054,0.117274
2,515,1054,0.115554
2,515,1054,0.113031
2,515,1054,0.117739
2,515,1054,0.115463
2,515,1054,0.121342
2,515,1054,0.113749
2,515,1054,0.118501
2,516,1055,0.112400
2,516,1055,0.115600
2,516,1055,0.115516
2,516,1055,0.116771
2,516,1055,0.115724
2,516,1055,0.117312
2,516,1055,0.111403
2,516,1055,0.114963
2,517,1056,0.117328
2,517,1056,0.116356
2,517,1056,0.114125
2,517,1056,0.115265
2,517,1056,0.116204
2,517,1056,0.115661
2,517,1056,0.116614
2,517,1056,0.114629
2,518,1057,0.113951
2,518,1057,0.113141
2,518,1057,0.115877
2,518,1057,0.113319
2,518,1057,0.114784
2,518,1057,0.114444
2,518,1057,0.111621
2,518,1057,0.113822
2,519,1058,0.119318
2,519,1058,0.111700
2,519,1058,0.118906
2,519,1058,0.116843
2,519,1058,0.112452
2,519,1058,0.114769
2,519,1058,0.112700
2,519,1058,0.117818
2,520,1059,0.117808
2,520,1059,0.114987
2,520,1059,0.114298
2,520,1059,0.117535
2,520,1059,0.112341
2,520,1059,0.110678
2,520,1059,0.114174
2,520,1059,0.115560
2,521,1060,0.118167
2,521,1060,0.113594
2,521,1060,0.115515
2,521,1060,0.115853
2,521,1060,0.112702
2,521,1060,0.114135
2,521,1060,0.115940
2,521,1060,0.116637
2,522,1061,0.114398
2,522,1061,0.115170
2,522,1061,0.111755
2,522,1061,0.115645
2,522,1061,0.114852
2,522,1061,0.118727
2,522,1061,0.114072
2,522,1061,0.115658
2,523,1062,0.115288
2,523,1062,0.117168
2,523,1062,0.112630
2,523,1062,0.115086
2,523,1062,0.116252
2,523,1062,0.116999
2,523,1062,0.122823
2,523,1062,0.114878
2,524,1063,0.111611
2,524,1063,0.114145
2,524,1063,0.117282
2,524,1063,0.117120
2,524,1063,0.115383
2,524,1063,0.113630
2,524,1063,0.116404
2,524,1063,0.124020
2,525,1064,0.113809
2,525,1064,0.114446
2,525,1064,0.121368
2,525,1064,0.112552
2,525,1064,0.116456
2,525,1064,0.113908
2,525,1064,0.113375
2,525,1064,0.115520
2,526,1065,0.115065
2,526,1065,0.114932
2,526,1065,0.117607
2,526,1065,0.113609
2,526,1065,0.113575
2,526,1065,0.114106
2,526,1065,0.115940
2,526,1065,0.116140
2,527,1066,0.116394
2,527,1066,0.114610
2,527,1066,0.117583
2,527,1066,0.113942
2,527,1066,0.113465
2,527,1066,0.116561
2,527,1066,0.115247
2,527,1066,0.114921
2,528,1067,0.115477
2,528,1067,0.113505
2,528,1067,0.113050
2,528,1067,0.121362
2,528,1067,0.117296
2,528,1067,0.113066
2,528,1067,0.116528
2,528,1067,0.118506
2,529,1068,0.113856
2,529,1068,0.115663
2,529,1068,0.115267
2,529,1068,0.116159
2,529,1068,0.117779
2,529,1068,0.117431
2,529,1068,0.113520
2,529,1068,0.116814
2,530,1069,0.119863
2,530,1069,0.115052
2,530,1069,0.115743
2,530,1069,0.113189
2,530,1069,0.115388
2,530,1069,0.116222
2,530,1069,0.115108
2,530,1069,0.117210
2,531,1070,0.117990
2,531,1070,0.118707
2,531,1070,0.115834
2,531,1070,0.115880
2,531,1070,0.112888
2,531,1070,0.112481
2,531,1070,0.113844
2,531,1070,0.115849
2,532,1071,0.113839
2,532,1071,0.114107
2,532,1071,0.117079
2,532,1071,0.114859
2,532,1071,0.114222
2,532,1071,0.115333
2,532,1071,0.116468
2,532,1071,0.113836
2,533,1072,0.112397
2,533,1072,0.115912
2,533,1072,0.113081
2,533,1072,0.114494
2,533,1072,0.112296
2,533,1072,0.115459
2,533,1072,0.119014
2,533,1072,0.116433
2,534,1073,0.115228
2,534,1073,0.115455
2,534,1073,0.115152
2,534,1073,0.114442
2,534,1073,0.113212
2,534,1073,0.118745
2,534,1073,0.112798
2,534,1073,0.118024
2,535,1074,0.111975
2,535,1074,0.115818
2,535,1074,0.112906
2,535,1074,0.115117
2,535,1074,0.116403
2,535,1074,0.117555
2,535,1074,0.117832
2,535,1074,0.113115
2,536,1075,0.116337
2,536,1075,0.113129
2,536,1075,0.113130
2,536,1075,0.115395
2,536,1075,0.115656
2,536,1075,0.115923
2,536,1075,0.113059
2,536,1075,0.117159
2,537,1076,0.119164
2,537,1076,0.116532
2,537,1076,0.113809
2,537,1076,0.114820
2,537,1076,0.118123
2,537,1076,0.115737
2,537,1076,0.112732
2,537,1076,0.113992
2,538,1077,0.113281
2,538,1077,0.115046
2,538,1077,0.114438
2,538,1077,0.114827
2,538,1077,0.116310
2,538,1077,0.115056
2,538,1077,0.113954
2,538,1077,0.117342
2,539,1078,0.114563
2,539,1078,0.121215
2,539,1078,0.113263
2,539,1078,0.120363
2,539,1078,0.122367
2,539,1078,0.118465
2,539,1078,0.115817
2,539,1078,0.116256
3,1,1079,0.116161
3,1,1079,0.117322
3,1,1079,0.114909
3,1,1079,0.115974
3,1,1079,0.113785
3,1,1079,0.114470
3,1,1079,0.114479
3,1,1079,0.116089
3,2,1080,0.117785
3,2,1080,0.112995
3,2,1080,0.115780
3,2,1080,0.111579
3,2,1080,0.115547
3,2,1080,0.115212
3,2,1080,0.116811
3,2,1080,0.116821
3,3,1081,0.114091
3,3,1081,0.114047
3,3,1081,0.117969
3,3,1081,0.113722
3,3,1081,0.114742
3,3,1081,0.115389
3,3,1081,0.116485
3,3,1081,0.116052
3,4,1082,0.112353
3,4,1082,0.115672
3,4,1082,0.115050
3,4,1082,0.121333
3,4,1082,0.114505
3,4,1082,0.117720
3,4,1082,0.112666
3,4,1082,0.120067
3,5,1083,0.121553
3,5,1083,0.119718
3,5,1083,0.119493
3,5,1083,0.118067
3,5,1083,0.112258
3,5,1083,0.115626
3,5,1083,0.115322
3,5,1083,0.113273
3,6,1084,0.122535
3,6,1084,0.113306
3,6,1084,0.113318
3,6,1084,0.115549
3,6,1084,0.116026
3,6,1084,0.116357
3,6,1084,0.118750
3,6,1084,0.117136
3,7,1085,0.117637
3,7,1085,0.113762
3,7,1085,0.115141
3,7,1085,0.118481
3,7,1085,0.115275
3,7,1085,0.112833
3,7,1085,0.113181
3,7,1085,0.116639
3,8,1086,0.116188
3,8,1086,0.116730
3,8,1086,0.113344
3,8,1086,0.118100
3,8,1086,0.115729
3,8,1086,0.121074
3,8,1086,0.113528
3,8,1086,0.113587
3,9,1087,0.116541
3,9,1087,0.117127
3,9,1087,0.117237
3,9,1087,0.117378
3,9,1087,0.118130
3,9,1087,0.115623
3,9,1087,0.116481
3,9,1087,0.117408
3,10,1088,0.117326
3,10,1088,0.118222
3,10,1088,0.115890
3,10,1088,0.114095
3,10,1088,0.118035
3,10,1088,0.120232
3,10,1088,0.116835
3,10,1088,0.115851
3,11,1089,0.115497
3,11,1089,0.117180
3,11,1089,0.113836
3,11,1089,0.116228
3,11,1089,0.119601
3,11,1089,0.114802
3,11,1089,0.112415
3,11,1089,0.116326
3,12,1090,0.116508
3,12,1090,0.116599
3,12,1090,0.113311
3,12,1090,0.122065
3,12,1090,0.114341
3,12,1090,0.114031
3,12,1090,0.109921
3,12,1090,0.120077
3,13,1091,0.111792
3,13,1091,0.113855
3,13,1091,0.116558
3,13,1091,0.113568
3,13,1091,0.115650
3,13,1091,0.114893
3,13,1091,0.114738
3,13,1091,0.114867
3,14,1092,0.115783
3,14,1092,0.115529
3,14,1092,0.116518
3,14,1092,0.120648
3,14,1092,0.113517
3,14,1092,0.119603
3,14,1092,0.115219
3,14,1092,0.121226
3,15,1093,0.115564
3,15,1093,0.116322
3,15,1093,0.119286
3,15,1093,0.114602
3,15,1093,0.119012
3,15,1093,0.117478
3,15,1093,0.122086
3,15,1093,0.115377
3,16,1094,0.116411
3,16,1094,0.113717
3,16,1094,0.113963
3,16,1094,0.112242
3,16,1094,0.116140
3,16,1094,0.114798
3,16,1094,0.115066
3,16,1094,0.116517
3,17,1095,0.112235
3,17,1095,0.114774
3,17,1095,0.114488
3,17,1095,0.115897
3,17,1095,0.114785
3,17,1095,0.116761
3,17,1095,0.121724
3,17,1095,0.118409
3,18,1096,0.113858
3,18,1096,0.119188
3,18,1096,0.113002
3,18,1096,0.117182
3,18,1096,0.121740
3,18,1096,0.113164
3,18,1096,0.112070
3,18,1096,0.116566
3,19,1097,0.116020
3,19,1097,0.115251
3,19,1097,0.113782
3,19,1097,0.117656
3,19,1097,0.119485
3,19,1097,0.117609
3,19,1097,0.113229
3,19,1097,0.115120
3,20,1098,0.113222
3,20,1098,0.114849
3,20,1098,0.116329
3,20,1098,0.118720
3,20,1098,0.115863
3,20,1098,0.120695
3,20,1098,0.112661
3,20,1098,0.117193
3,21,1099,0.115465
3,21,1099,0.118096
3,21,1099,0.112947
3,21,1099,0.116004
3,21,1099,0.112950
3,21,1099,0.115558
3,21,1099,0.118758
3,21,1099,0.118906
3,22,1100,0.115584
3,22,1100,0.113514
3,22,1100,0.118401
3,22,1100,0.111411
3,22,1100,0.112702
3,22,1100,0.114283
3,22,1100,0.119064
3,22,1100,0.114936
3,23,1101,0.114959
3,23,1101,0.118784
3,23,1101,0.112953
3,23,1101,0.114893
3,23,1101,0.116644
3,23,1101,0.119676
3,23,1101,0.113574
3,23,1101,0.119966
3,24,1102,0.111259
3,24,1102,0.114172
3,24,1102,0.118593
3,24,1102,0.115878
3,24,1102,0.116634
3,24,1102,0.114107
3,24,1102,0.113845
3,24,1102,0.113022
3,25,1103,0.115330
3,25,1103,0.112969
3,25,1103,0.114235
3,25,1103,0.116657
3,25,1103,0.114370
3,25,1103,0.114790
3,25,1103,0.116909
3,25,1103,0.114766
3,26,1104,0.113323
3,26,1104,0.112622
3,26,1104,0.113198
3,26,1104,0.119958
3,26,1104,0.115082
3,26,1104,0.115080
3,26,1104,0.114644
3,26,1104,0.115649
3,27,1105,0.113495
3,27,1105,0.110545
3,27,1105,0.116614
3,27,1105,0.115439
3,27,1105,0.114793
3,27,1105,0.115365
3,27,1105,0.116369
3,27,1105,0.116079
3,28,1106,0.117183
3,28,1106,0.116178
3,28,1106,0.112441
3,28,1106,0.114454
3,28,1106,0.114464
3,28,1106,0.117800
3,28,1106,0.118358
3,28,1106,0.116995
3,29,1107,0.114445
3,29,1107,0.115977
3,29,1107,0.116066
3,29,1107,0.114347
3,29,1107,0.114364
3,29,1107,0.121038
3,29,1107,0.113300
3,29,1107,0.117129
3,30,1108,0.113618
3,30,1108,0.112156
3,30,1108,0.113460
3,30,1108,0.112525
3,30,1108,0.116572
3,30,1108,0.115337
3,30,1108,0.115214
3,30,1108,0.113260
3,31,1109,0.118720
3,31,1109,0.109057
3,31,1109,0.116727
3,31,1109,0.117741
3,31,1109,0.115024
3,31,1109,0.113104
3,31,1109,0.114120
3,31,1109,0.115712
3,32,1110,0.118167
3,32,1110,0.113490
3,32,1110,0.115457
3,32,1110,0.116173
3,32,1110,0.112205
3,32,1110,0.119338
3,32,1110,0.115850
3,32,1110,0.113106
3,33,1111,0.114352
3,33,1111,0.115419
3,33,1111,0.118362
3,33,1111,0.114788
3,33,1111,0.114751
3,33,1111,0.118226
3,33,1111,0.120200
3,33,1111,0.114886
3,34,1112,0.117219
3,34,1112,0.114263
3,34,1112,0.114055
3,34,1112,0.113078
3,34,1112,0.118019
3,34,1112,0.115619
3,34,1112,0.118879
3,34,1112,0.119463
3,35,1113,0.115526
3,35,1113,0.113072
3,35,1113,0.121049
3,35,1113,0.117935
3,35,1113,0.122735
3,35,1113,0.115936
3,35,1113,0.114951
3,35,1113,0.115914
3,36,1114,0.114618
3,36,1114,0.115468
3,36,1114,0.112772
3,36,1114,0.114972
3,36,1114,0.112594
3,36,1114,0.114800
3,36,1114,0.115525
3,36,1114,0.115823
3,37,1115,0.118298
3,37,1115,0.112130
3,37,1115,0.112398
3,37,1115,0.115479
3,37,1115,0.119079
3,37,1115,0.119829
3,37,1115,0.116881
3,37,1115,0.116980
3,38,1116,0.115761
3,38,1116,0.113919
3,38,1116,0.115121
3,38,1116,0.116146
3,38,1116,0.116063
3,38,1116,0.117969
3,38,1116,0.111665
3,38,1116,0.114906
3,39,1117,0.116938
3,39,1117,0.116048
3,39,1117,0.115647
3,39,1117,0.114980
3,39,1117,0.115051
3,39,1117,0.120073
3,39,1117,0.116201
3,39,1117,0.121381
3,40,1118,0.115649
3,40,1118,0.118962
3,40,1118,0.114952
3,40,1118,0.116128
3,40,1118,0.117167
3,40,1118,0.118378
3,40,1118,0.118904
3,40,1118,0.115262
3,41,1119,0.113302
3,41,1119,0.114676
3,41,1119,0.115555
3,41,1119,0.117924
3,41,1119,0.115485
3,41,1119,0.115500
3,41,1119,0.115468
3,41,1119,0.115254
3,42,1120,0.117563
3,42,1120,0.117578
3,42,1120,0.117296
3,42,1120,0.115144
3,42,1120,0.117015
3,42,1120,0.116439
3,42,1120,0.116106
3,42,1120,0.116790
3,43,1121,0.113051
3,43,1121,0.117861
3,43,1121,0.109964
3,43,1121,0.112970
3,43,1121,0.113782
3,43,1121,0.116550
3,43,1121,0.113696
3,43,1121,0.116774
3,44,1122,0.115286
3,44,1122,0.112148
3,44,1122,0.116454
3,44,1122,0.115663
3,44,1122,0.116731
3,44,1122,0.114135
3,44,1122,0.119752
3,44,1122,0.113610
3,45,1123,0.118682
3,45,1123,0.115487
3,45,1123,0.115548
3,45,1123,0.114002
3,45,1123,0.115218
3,45,1123,0.116314
3,45,1123,0.119533
3,45,1123,0.115110
3,46,1124,0.111245
3,46,1124,0.115401
3,46,1124,0.116679
3,46,1124,0.115504
3,46,1124,0.113577
3,46,1124,0.116007
3,46,1124,0.112144
3,46,1124,0.114689
3,47,1125,0.115155
3,47,1125,0.113471
3,47,1125,0.113292
3,47,1125,0.117168
3,47,1125,0.117559
3,47,1125,0.113652
3,47,1125,0.117586
3,47,1125,0.117025
3,48,1126,0.118172
3,48,1126,0.115827
3,48,1126,0.113425
3,48,1126,0.115355
3,48,1126,0.117262
3,48,1126,0.115013
3,48,1126,0.115642
3,48,1126,0.115737
3,49,1127,0.117041
3,49,1127,0.116156
3,49,1127,0.114952
3,49,1127,0.115539
3,49,1127,0.115656
3,49,1127,0.111709
3,49,1127,0.113313
3,49,1127,0.119379
3,50,1128,0.111631
3,50,1128,0.114688
3,50,1128,0.114244
3,50,1128,0.119235
3,50,1128,0.117094
3,50,1128,0.117913
3,50,1128,0.112951
3,50,1128,0.121054
3,51,1129,0.113225
3,51,1129,0.114515
3,51,1129,0.119016
3,51,1129,0.115139
3,51,1129,0.117736
3,51,1129,0.111091
3,51,1129,0.116016
3,51,1129,0.116171
3,52,1130,0.115033
3,52,1130,0.112654
3,52,1130,0.111979
3,52,1130,0.115078
3,52,1130,0.118263
3,52,1130,0.111996
3,52,1130,0.117611
3,52,1130,0.120919
3,53,1131,0.112320
3,53,1131,0.113864
3,53,1131,0.114477
3,53,1131,0.111000
3,53,1131,0.116504
3,53,1131,0.114811
3,53,1131,0.113629
3,53,1131,0.114604
3,54,1132,0.112320
3,54,1132,0.115019
3,54,1132,0.116243
3,54,1132,0.120614
3,54,1132,0.118841
3,54,1132,0.122301
3,54,1132,0.115973
3,54,1132,0.122275
3,55,1133,0.112766
3,55,1133,0.115838
3,55,1133,0.113813
3,55,1133,0.113573
3,55,1133,0.115903
3,55,1133,0.113111
3,55,1133,0.113605
3,55,1133,0.116876
3,56,1134,0.114809
3,56,1134,0.118875
3,56,1134,0.121829
3,56,1134,0.119374
3,56,1134,0.114470
3,56,1134,0.114651
3,56,1134,0.116104
3,56,1134,0.115531
3,57,1135,0.117521
3,57,1135,0.116407
3,57,1135,0.112019
3,57,1135,0.117758
3,57,1135,0.116191
3,57,1135,0.113496
3,57,1135,0.118350
3,57,1135,0.117318
3,58,1136,0.118554
3,58,1136,0.114375
3,58,1136,0.114873
3,58,1136,0.113698
3,58,1136,0.117829
3,58,1136,0.114321
3,58,1136,0.112495
3,58,1136,0.111208
3,59,1137,0.117550
3,59,1137,0.114450
3,59,1137,0.115774
3,59,1137,0.113725
3,59,1137,0.113566
3,59,1137,0.115077
3,59,1137,0.113900
3,59,1137,0.115633
3,60,1138,0.113960
3,60,1138,0.112710
3,60,1138,0.116217
3,60,1138,0.114719
3,60,1138,0.116956
3,60,1138,0.114667
3,60,1138,0.114852
3,60,1138,0.117076
3,61,1139,0.115231
3,61,1139,0.114699
3,61,1139,0.113839
3,61,1139,0.113715
3,61,1139,0.117941
3,61,1139,0.113990
3,61,1139,0.111835
3,61,1139,0.114427
3,62,1140,0.118384
3,62,1140,0.117229
3,62,1140,0.113436
3,62,1140,0.114657
3,62,1140,0.115698
3,62,1140,0.115963
3,62,1140,0.117015
3,62,1140,0.113139
3,63,1141,0.114981
3,63,1141,0.115584
3,63,1141,0.115259
3,63,1141,0.114649
3,63,1141,0.116500
3,63,1141,0.116292
3,63,1141,0.116445
3,63,1141,0.116717
3,64,1142,0.114637
3,64,1142,0.113961
3,64,1142,0.114065
3,64,1142,0.115509
3,64,1142,0.116412
3,64,1142,0.115978
3,64,1142,0.115310
3,64,1142,0.115638
3,65,1143,0.112828
3,65,1143,0.110444
3,65,1143,0.114850
3,65,1143,0.118007
3,65,1143,0.112758
3,65,1143,0.112258
3,65,1143,0.115911
3,65,1143,0.115028
3,66,1144,0.115484
3,66,1144,0.118506
3,66,1144,0.115020
3,66,1144,0.117201
3,66,1144,0.114620
3,66,1144,0.114460
3,66,1144,0.119921
3,66,1144,0.114469
3,67,1145,0.119578
3,67,1145,0.116508
3,67,1145,0.117751
3,67,1145,0.115522
3,67,1145,0.110884
3,67,1145,0.112398
3,67,1145,0.113087
3,67,1145,0.116504
3,68,1146,0.113122
3,68,1146,0.116170
3,68,1146,0.114674
3,68,1146,0.115764
3,68,1146,0.114520
3,68,1146,0.112546
3,68,1146,0.116877
3,68,1146,0.114448
3,69,1147,0.115036
3,69,1147,0.112410
3,69,1147,0.112984
3,69,1147,0.114731
3,69,1147,0.115426
3,69,1147,0.112584
3,69,1147,0.113877
3,69,1147,0.112230
3,70,1148,0.115920
3,70,1148,0.113384
3,70,1148,0.115124
3,70,1148,0.112502
3,70,1148,0.118983
3,70,1148,0.113555
3,70,1148,0.112408
3,70,1148,0.113893
3,71,1149,0.122007
3,71,1149,0.116434
3,71,1149,0.117212
3,71,1149,0.114983
3,71,1149,0.112036
3,71,1149,0.114345
3,71,1149,0.112977
3,71,1149,0.112192
3,72,1150,0.119380
3,72,1150,0.114420
3,72,1150,0.115703
3,72,1150,0.115944
3,72,1150,0.114475
3,72,1150,0.115409
3,72,1150,0.113764
3,72,1150,0.116806
3,73,1151,0.119869
3,73,1151,0.112692
3,73,1151,0.113801
3,73,1151,0.115563
3,73,1151,0.118866
3,73,1151,0.118199
3,73,1151,0.112667
3,73,1151,0.114530
3,74,1152,0.116347
3,74,1152,0.116398
3,74,1152,0.118975
3,74,1152,0.117691
3,74,1152,0.115359
3,74,1152,0.113459
3,74,1152,0.115263
3,74,1152,0.115581
3,75,1153,0.113362
3,75,1153,0.116075
3,75,1153,0.113915
3,75,1153,0.114519
3,75,1153,0.119142
3,75,1153,0.113136
3,75,1153,0.116416
3,75,1153,0.119622
3,76,1154,0.116645
3,76,1154,0.114969
3,76,1154,0.114574
3,76,1154,0.115590
3,76,1154,0.115387
3,76,1154,0.117041
3,76,1154,0.111320
3,76,1154,0.113555
3,77,1155,0.117520
3,77,1155,0.114266
3,77,1155,0.118529
3,77,1155,0.116282
3,77,1155,0.117465
3,77,1155,0.112829
3,77,1155,0.114098
3,77,1155,0.115166
3,78,1156,0.115232
3,78,1156,0.113779
3,78,1156,0.118613
3,78,1156,0.113187
3,78,1156,0.112721
3,78,1156,0.113951
3,78,1156,0.114763
3,78,1156,0.117495
3,79,1157,0.115336
3,79,1157,0.114880
3,79,1157,0.113782
3,79,1157,0.113355
3,79,1157,0.117658
3,79,1157,0.119042
3,79,1157,0.118132
3,79,1157,0.114472
3,80,1158,0.113784
3,80,1158,0.115106
3,80,1158,0.114685
3,80,1158,0.115535
3,80,1158,0.113795
3,80,1158,0.112903
3,80,1158,0.113365
3,80,1158,0.115335
3,81,1159,0.117139
3,81,1159,0.115360
3,81,1159,0.114874
3,81,1159,0.116683
3,81,1159,0.114294
3,81,1159,0.117715
3,81,1159,0.120334
3,81,1159,0.119583
3,82,1160,0.114198
3,82,1160,0.113636
3,82,1160,0.116934
3,82,1160,0.112918
3,82,1160,0.116439
3,82,1160,0.122516
3,82,1160,0.114725
3,82,1160,0.115566
3,83,1161,0.115207
3,83,1161,0.115224
3,83,1161,0.111507
3,83,1161,0.116031
3,83,1161,0.112134
3,83,1161,0.116564
3,83,1161,0.114834
3,83,1161,0.115556
3,84,1162,0.111814
3,84,1162,0.117109
3,84,1162,0.112419
3,84,1162,0.122203
3,84,1162,0.121319
3,84,1162,0.114000
3,84,1162,0.111343
3,84,1162,0.115912
3,85,1163,0.115040
3,85,1163,0.117068
3,85,1163,0.111532
3,85,1163,0.113872
3,85,1163,0.117449
3,85,1163,0.111034
3,85,1163,0.117730
3,85,1163,0.117028
3,86,1164,0.116964
3,86,1164,0.115261
3,86,1164,0.111745
3,86,1164,0.112672
3,86,1164,0.116966
3,86,1164,0.114540
3,86,1164,0.115401
3,86,1164,0.119697
3,87,1165,0.114273
3,87,1165,0.114265
3,87,1165,0.115250
3,87,1165,0.112704
3,87,1165,0.112404
3,87,1165,0.113709
3,87,1165,0.114512
3,87,1165,0.119337
3,88,1166,0.116003
3,88,1166,0.118821
3,88,1166,0.115403
3,88,1166,0.113946
3,88,1166,0.116610
3,88,1166,0.117574
3,88,1166,0.114297
3,88,1166,0.111803
3,89,1167,0.116161
3,89,1167,0.115800
3,89,1167,0.116680
3,89,1167,0.116567
3,89,1167,0.115654
3,89,1167,0.114200
3,89,1167,0.118375
3,89,1167,0.114364
3,90,1168,0.117462
3,90,1168,0.119011
3,90,1168,0.119554
3,90,1168,0.118952
3,90,1168,0.113734
3,90,1168,0.111430
3,90,1168,0.116067
3,90,1168,0.113249
3,91,1169,0.116146
3,91,1169,0.115826
3,91,1169,0.117332
3,91,1169,0.113064
3,91,1169,0.123128
3,91,1169,0.118201
3,91,1169,0.114386
3,91,1169,0.120462
3,92,1170,0.113306
3,92,1170,0.114776
3,92,1170,0.114431
3,92,1170,0.114743
3,92,1170,0.112782
3,92,1170,0.114252
3,92,1170,0.116928
3,92,1170,0.116230
3,93,1171,0.114898
3,93,1171,0.112949
3,93,1171,0.117793
3,93,1171,0.114259
3,93,1171,0.114813
3,93,1171,0.119782
3,93,1171,0.121515
3,93,1171,0.116627
3,94,1172,0.113199
3,94,1172,0.112826
3,94,1172,0.114486
3,94,1172,0.117637
3,94,1172,0.116461
3,94,1172,0.113065
3,94,1172,0.114319
3,94,1172,0.112984
3,95,1173,0.112095
3,95,1173,0.118090
3,95,1173,0.116825
3,95,1173,0.120532
3,95,1173,0.115296
3,95,1173,0.118546
3,95,1173,0.114736
3,95,1173,0.115700
3,96,1174,0.113482
3,96,1174,0.116789
3,96,1174,0.112752
3,96,1174,0.113600
3,96,1174,0.113294
3,96,1174,0.113889
3,96,1174,0.113690
3,96,1174,0.113351
3,97,1175,0.112936
3,97,1175,0.119305
3,97,1175,0.115436
3,97,1175,0.114929
3,97,1175,0.116605
3,97,1175,0.117901
3,97,1175,0.113568
3,97,1175,0.113388
3,98,1176,0.112478
3,98,1176,0.117646
3,98,1176,0.112833
3,98,1176,0.116989
3,98,1176,0.118113
3,98,1176,0.116605
3,98,1176,0.114467
3,98,1176,0.114470
3,99,1177,0.115218
3,99,1177,0.113827
3,99,1177,0.114605
3,99,1177,0.118793
3,99,1177,0.111927
3,99,1177,0.116808
3,99,1177,0.120105
3,99,1177,0.112434
3,100,1178,0.114529
3,100,1178,0.116842
3,100,1178,0.114217
3,100,1178,0.120214
3,100,1178,0.120336
3,100,1178,0.110717
3,100,1178,0.115358
3,100,1178,0.112605
3,101,1179,0.115484
3,101,1179,0.117502
3,101,1179,0.112673
3,101,1179,0.112921
3,101,1179,0.112275
3,101,1179,0.112650
3,101,1179,0.120538
3,101,1179,0.113063
3,102,1180,0.113934
3,102,1180,0.111296
3,102,1180,0.113361
3,102,1180,0.113505
3,102,1180,0.115597
3,102,1180,0.114691
3,102,1180,0.115812
3,102,1180,0.121322
3,103,1181,0.115260
3,103,1181,0.116030
3,103,1181,0.116526
3,103,1181,0.113674
3,103,1181,0.113193
3,103,1181,0.121843
3,103,1181,0.116970
3,103,1181,0.113473
3,104,1182,0.123304
3,104,1182,0.113983
3,104,1182,0.113443
3,104,1182,0.114490
3,104,1182,0.113118
3,104,1182,0.112758
3,104,1182,0.112535
3,104,1182,0.114325
3,105,1183,0.117840
3,105,1183,0.115990
3,105,1183,0.115432
3,105,1183,0.112410
3,105,1183,0.114107
3,105,1183,0.112798
3,105,1183,0.114107
3,105,1183,0.115348
3,106,1184,0.116439
3,106,1184,0.114663
3,106,1184,0.117908
3,106,1184,0.111354
3,106,1184,0.113633
3,106,1184,0.115928
3,106,1184,0.117216
3,106,1184,0.113574
3,107,1185,0.114837
3,107,1185,0.114736
3,107,1185,0.115728
3,107,1185,0.118659
3,107,1185,0.116565
3,107,1185,0.115663
3,107,1185,0.114185
3,107,1185,0.116839
3,108,1186,0.120871
3,108,1186,0.118059
3,108,1186,0.113994
3,108,1186,0.115050
3,108,1186,0.115262
3,108,1186,0.113770
3,108,1186,0.116330
3,108,1186,0.117036
3,109,1187,0.115208
3,109,1187,0.117349
3,109,1187,0.115394
3,109,1187,0.112418
3,109,1187,0.117208
3,109,1187,0.114709
3,109,1187,0.113805
3,109,1187,0.116086
3,110,1188,0.116235
3,110,1188,0.115937
3,110,1188,0.113495
3,110,1188,0.121124
3,110,1188,0.113052
3,110,1188,0.117332
3,110,1188,0.115562
3,110,1188,0.113935
3,111,1189,0.118808
3,111,1189,0.110543
3,111,1189,0.115300
3,111,1189,0.114909
3,111,1189,0.118008
3,111,1189,0.117253
3,111,1189,0.114916
3,111,1189,0.115848
3,112,1190,0.119194
3,112,1190,0.115590
3,112,1190,0.114076
3,112,1190,0.114725
3,112,1190,0.115477
3,112,1190,0.121041
3,112,1190,0.113158
3,112,1190,0.116573
3,113,1191,0.116156
3,113,1191,0.114021
3,113,1191,0.117555
3,113,1191,0.114475
3,113,1191,0.113239
3,113,1191,0.113813
3,113,1191,0.116732
3,113,1191,0.112897
3,114,1192,0.115975
3,114,1192,0.113878
3,114,1192,0.115928
3,114,1192,0.111559
3,114,1192,0.115046
3,114,1192,0.116795
3,114,1192,0.114430
3,114,1192,0.116297
3,115,1193,0.111263
3,115,1193,0.111510
3,115,1193,0.113381
3,115,1193,0.116405
3,115,1193,0.116885
3,115,1193,0.118474
3,115,1193,0.114250
3,115,1193,0.117334
3,116,1194,0.114115
3,116,1194,0.114727
3,116,1194,0.119917
3,116,1194,0.109213
3,116,1194,0.115274
3,116,1194,0.115206
3,116,1194,0.114431
3,116,1194,0.112677
3,117,1195,0.117289
3,117,1195,0.122229
3,117,1195,0.117643
3,117,1195,0.112900
3,117,1195,0.115890
3,117,1195,0.113142
3,117,1195,0.115663
3,117,1195,0.113942
3,118,1196,0.117601
3,118,1196,0.118187
3,118,1196,0.115837
3,118,1196,0.114509
3,118,1196,0.114077
3,118,1196,0.116375
3,118,1196,0.115786
3,118,1196,0.118481
3,119,1197,0.116459
3,119,1197,0.116896
3,119,1197,0.119878
3,119,1197,0.114870
3,119,1197,0.119660
3,119,1197,0.113399
3,119,1197,0.113959
3,119,1197,0.115509
3,120,1198,0.117241
3,120,1198,0.120979
3,120,1198,0.113535
3,120,1198,0.115015
3,120,1198,0.121417
3,120,1198,0.113842
3,120,1198,0.115144
3,120,1198,0.116422
3,121,1199,0.118297
3,121,1199,0.116813
3,121,1199,0.113648
3,121,1199,0.118192
3,121,1199,0.116959
3,121,1199,0.116660
3,121,1199,0.116562
3,121,1199,0.113773
3,122,1200,0.115282
3,122,1200,0.113286
3,122,1200,0.114036
3,122,1200,0.118096
3,122,1200,0.117812
3,122,1200,0.115315
3,122,1200,0.114780
3,122,1200,0.113401
3,123,1201,0.113998
3,123,1201,0.116667
3,123,1201,0.117887
3,123,1201,0.116437
3,123,1201,0.115494
3,123,1201,0.111132
3,123,1201,0.115773
3,123,1201,0.115481
3,124,1202,0.115747
3,124,1202,0.115752
3,124,1202,0.115086
3,124,1202,0.114014
3,124,1202,0.115846
3,124,1202,0.112937
3,124,1202,0.117797
3,124,1202,0.116895
3,125,1203,0.119653
3,125,1203,0.114524
3,125,1203,0.117620
3,125,1203,0.117478
3,125,1203,0.113400
3,125,1203,0.118018
3,125,1203,0.119019
3,125,1203,0.112313
3,126,1204,0.113658
3,126,1204,0.116133
3,126,1204,0.115795
3,126,1204,0.111655
3,126,1204,0.113705
3,126,1204,0.115097
3,126,1204,0.114893
3,126,1204,0.117032
3,127,1205,0.119988
3,127,1205,0.112973
3,127,1205,0.119504
3,127,1205,0.115372
3,127,1205,0.116785
3,127,1205,0.115964
3,127,1205,0.112405
3,127,1205,0.114525
3,128,1206,0.114141
3,128,1206,0.113242
3,128,1206,0.114620
3,128,1206,0.115543
3,128,1206,0.112928
3,128,1206,0.116933
3,128,1206,0.115024
3,128,1206,0.113870
3,129,1207,0.117146
3,129,1207,0.114449
3,129,1207,0.111654
3,129,1207,0.114051
3,129,1207,0.115746
3,129,1207,0.115127
3,129,1207,0.116637
3,129,1207,0.116107
3,130,1208,0.112379
3,130,1208,0.113530
3,130,1208,0.116200
3,130,1208,0.115564
3,130,1208,0.113652
3,130,1208,0.118181
3,130,1208,0.115144
3,130,1208,0.120701
3,131,1209,0.113432
3,131,1209,0.115362
3,131,1209,0.113497
3,131,1209,0.115763
3,131,1209,0.117396
3,131,1209,0.112918
3,131,1209,0.112688
3,131,1209,0.114397
3,132,1210,0.116022
3,132,1210,0.111530
3,132,1210,0.115836
3,132,1210,0.115413
3,132,1210,0.113317
3,132,1210,0.113580
3,132,1210,0.115184
3,132,1210,0.116096
3,133,1211,0.117118
3,133,1211,0.116020
3,133,1211,0.118800
3,133,1211,0.113993
3,133,1211,0.117054
3,133,1211,0.113407
3,133,1211,0.114186
3,133,1211,0.114649
3,134,1212,0.116773
3,134,1212,0.117263
3,134,1212,0.115588
3,134,1212,0.119692
3,134,1212,0.114291
3,134,1212,0.119590
3,134,1212,0.115813
3,134,1212,0.116953
3,135,1213,0.119264
3,135,1213,0.115501
3,135,1213,0.113151
3,135,1213,0.118856
3,135,1213,0.116456
3,135,1213,0.116616
3,135,1213,0.115682
3,135,1213,0.114104
3,136,1214,0.118612
3,136,1214,0.116761
3,136,1214,0.113029
3,136,1214,0.113769
3,136,1214,0.114732
3,136,1214,0.116467
3,136,1214,0.120256
3,136,1214,0.115208
3,137,1215,0.113322
3,137,1215,0.113332
3,137,1215,0.115335
3,137,1215,0.116194
3,137,1215,0.112473
3,137,1215,0.113398
3,137,1215,0.116781
3,137,1215,0.113016
3,138,1216,0.113838
3,138,1216,0.113009
3,138,1216,0.113561
3,138,1216,0.114066
3,138,1216,0.113566
3,138,1216,0.115023
3,138,1216,0.116901
3,138,1216,0.112092
3,139,1217,0.116436
3,139,1217,0.113933
3,139,1217,0.114721
3,139,1217,0.117173
3,139,1217,0.118858
3,139,1217,0.114634
3,139,1217,0.117612
3,139,1217,0.120411
3,140,1218,0.113766
3,140,1218,0.114426
3,140,1218,0.113884
3,140,1218,0.113124
3,140,1218,0.120387
3,140,1218,0.118351
3,140,1218,0.123772
3,140,1218,0.113929
3,141,1219,0.117825
3,141,1219,0.117655
3,141,1219,0.116739
3,141,1219,0.116198
3,141,1219,0.114361
3,141,1219,0.119131
3,141,1219,0.117177
3,141,1219,0.116055
3,142,1220,0.113735
3,142,1220,0.118979
3,142,1220,0.118819
3,142,1220,0.116207
3,142,1220,0.112913
3,142,1220,0.118869
3,142,1220,0.110828
3,142,1220,0.114857
3,143,1221,0.118141
3,143,1221,0.120621
3,143,1221,0.115136
3,143,1221,0.115188
3,143,1221,0.118427
3,143,1221,0.116049
3,143,1221,0.115666
3,143,1221,0.117574
3,144,1222,0.113226
3,144,1222,0.118437
3,144,1222,0.115329
3,144,1222,0.116791
3,144,1222,0.113522
3,144,1222,0.110839
3,144,1222,0.115623
3,144,1222,0.114207
3,145,1223,0.115228
3,145,1223,0.123777
3,145,1223,0.116649
3,145,1223,0.112753
3,145,1223,0.116314
3,145,1223,0.119095
3,145,1223,0.108976
3,145,1223,0.120334
3,146,1224,0.111398
3,146,1224,0.114760
3,146,1224,0.114994
3,146,1224,0.116499
3,146,1224,0.115863
3,146,1224,0.114960
3,146,1224,0.120702
3,146,1224,0.121052
3,147,1225,0.113712
3,147,1225,0.114770
3,147,1225,0.119111
3,147,1225,0.115813
3,147,1225,0.112941
3,147,1225,0.112953
3,147,1225,0.116920
3,147,1225,0.118400
3,148,1226,0.114978
3,148,1226,0.124395
3,148,1226,0.114285
3,148,1226,0.117767
3,148,1226,0.113326
3,148,1226,0.117782
3,148,1226,0.115451
3,148,1226,0.116415
3,149,1227,0.117229
3,149,1227,0.115132
3,149,1227,0.111622
3,149,1227,0.113018
3,149,1227,0.120200
3,149,1227,0.116445
3,149,1227,0.111597
3,149,1227,0.112786
3,150,1228,0.117219
3,150,1228,0.113764
3,150,1228,0.111703
3,150,1228,0.115242
3,150,1228,0.114741
3,150,1228,0.112869
3,150,1228,0.119016
3,150,1228,0.115455
3,151,1229,0.115367
3,151,1229,0.116473
3,151,1229,0.110707
3,151,1229,0.114873
3,151,1229,0.111809
3,151,1229,0.114320
3,151,1229,0.113944
3,151,1229,0.119593
3,152,1230,0.116204
3,152,1230,0.112315
3,152,1230,0.115026
3,152,1230,0.120900
3,152,1230,0.114994
3,152,1230,0.115371
3,152,1230,0.119236
3,152,1230,0.117777
3,153,1231,0.114256
3,153,1231,0.114789
3,153,1231,0.114868
3,153,1231,0.121657
3,153,1231,0.113039
3,153,1231,0.121079
3,153,1231,0.116335
3,153,1231,0.113682
3,154,1232,0.111198
3,154,1232,0.113929
3,154,1232,0.113959
3,154,1232,0.117315
3,154,1232,0.115496
3,154,1232,0.116149
3,154,1232,0.116293
3,154,1232,0.119627
3,155,1233,0.116566
3,155,1233,0.112094
3,155,1233,0.112007
3,155,1233,0.112192
3,155,1233,0.118378
3,155,1233,0.116900
3,155,1233,0.113530
3,155,1233,0.116419
3,156,1234,0.115258
3,156,1234,0.111834
3,156,1234,0.116078
3,156,1234,0.120675
3,156,1234,0.111394
3,156,1234,0.113866
3,156,1234,0.115938
3,156,1234,0.115610
3,157,1235,0.116538
3,157,1235,0.113941
3,157,1235,0.118211
3,157,1235,0.113211
3,157,1235,0.111527
3,157,1235,0.109597
3,157,1235,0.111510
3,157,1235,0.112276
3,158,1236,0.111957
3,158,1236,0.111018
3,158,1236,0.118355
3,158,1236,0.117387
3,158,1236,0.114987
3,158,1236,0.116448
3,158,1236,0.114451
3,158,1236,0.113169
3,159,1237,0.111715
3,159,1237,0.115991
3,159,1237,0.113485
3,159,1237,0.118866
3,159,1237,0.113790
3,159,1237,0.116473
3,159,1237,0.116485
3,159,1237,0.114015
3,160,1238,0.112453
3,160,1238,0.115886
3,160,1238,0.114184
3,160,1238,0.115399
3,160,1238,0.122527
3,160,1238,0.112314
3,160,1238,0.112279
3,160,1238,0.117382
3,161,1239,0.111353
3,161,1239,0.112509
3,161,1239,0.114385
3,161,1239,0.115157
3,161,1239,0.113205
3,161,1239,0.115962
3,161,1239,0.114453
3,161,1239,0.114656
3,162,1240,0.110433
3,162,1240,0.117855
3,162,1240,0.110904
3,162,1240,0.115990
3,162,1240,0.113486
3,162,1240,0.114770
3,162,1240,0.113350
3,162,1240,0.113403
3,163,1241,0.117081
3,163,1241,0.116756
3,163,1241,0.114350
3,163,1241,0.115924
3,163,1241,0.113780
3,163,1241,0.118291
3,163,1241,0.113964
3,163,1241,0.112392
3,164,1242,0.119066
3,164,1242,0.114414
3,164,1242,0.116642
3,164,1242,0.113565
3,164,1242,0.112059
3,164,1242,0.116712
3,164,1242,0.118742
3,164,1242,0.115058
3,165,1243,0.118177
3,165,1243,0.112257
3,165,1243,0.114510
3,165,1243,0.111722
3,165,1243,0.112403
3,165,1243,0.114532
3,165,1243,0.116001
3,165,1243,0.114623
3,166,1244,0.114857
3,166,1244,0.112547
3,166,1244,0.112438
3,166,1244,0.114224
3,166,1244,0.113752
3,166,1244,0.119954
3,166,1244,0.117933
3,166,1244,0.117943
3,167,1245,0.115039
3,167,1245,0.117878
3,167,1245,0.114146
3,167,1245,0.116907
3,167,1245,0.114283
3,167,1245,0.116209
3,167,1245,0.114044
3,167,1245,0.113043
3,168,1246,0.115828
3,168,1246,0.115334
3,168,1246,0.116092
3,168,1246,0.113158
3,168,1246,0.112202
3,168,1246,0.116974
3,168,1246,0.113000
3,168,1246,0.116621
3,169,1247,0.114393
3,169,1247,0.112935
3,169,1247,0.113725
3,169,1247,0.114225
3,169,1247,0.114803
3,169,1247,0.116608
3,169,1247,0.115817
3,169,1247,0.114599
3,170,1248,0.116051
3,170,1248,0.116742
3,170,1248,0.113895
3,170,1248,0.113602
3,170,1248,0.114995
3,170,1248,0.114905
3,170,1248,0.120013
3,170,1248,0.113998
3,171,1249,0.117301
3,171,1249,0.115860
3,171,1249,0.111541
3,171,1249,0.111496
3,171,1249,0.114065
3,171,1249,0.112830
3,171,1249,0.117165
3,171,1249,0.113260
3,172,1250,0.115893
3,172,1250,0.114385
3,172,1250,0.113530
3,172,1250,0.115107
3,172,1250,0.113236
3,172,1250,0.118043
3,172,1250,0.112263
3,172,1250,0.116143
3,173,1251,0.114355
3,173,1251,0.111286
3,173,1251,0.114145
3,173,1251,0.117260
3,173,1251,0.111421
3,173,1251,0.117309
3,173,1251,0.115811
3,173,1251,0.118042
3,174,1252,0.117945
3,174,1252,0.117839
3,174,1252,0.117350
3,174,1252,0.117039
3,174,1252,0.112992
3,174,1252,0.114295
3,174,1252,0.113289
3,174,1252,0.114705
3,175,1253,0.111594
3,175,1253,0.112482
3,175,1253,0.114853
3,175,1253,0.119959
3,175,1253,0.114231
3,175,1253,0.120155
3,175,1253,0.113970
3,175,1253,0.113670
3,176,1254,0.116637
3,176,1254,0.111500
3,176,1254,0.116592
3,176,1254,0.117402
3,176,1254,0.113497
3,176,1254,0.112799
3,176,1254,0.114809
3,176,1254,0.113076
3,177,1255,0.113707
3,177,1255,0.113879
3,177,1255,0.118626
3,177,1255,0.112863
3,177,1255,0.113806
3,177,1255,0.114427
3,177,1255,0.114653
3,177,1255,0.114381
3,178,1256,0.114653
3,178,1256,0.111875
3,178,1256,0.112740
3,178,1256,0.117158
3,178,1256,0.115395
3,178,1256,0.115819
3,178,1256,0.115383
3,178,1256,0.111069
3,179,1257,0.116429
3,179,1257,0.117500
3,179,1257,0.115307
3,179,1257,0.120620
3,179,1257,0.116047
3,179,1257,0.114330
3,179,1257,0.114060
3,179,1257,0.115976
3,180,1258,0.116779
3,180,1258,0.115010
3,180,1258,0.114044
3,180,1258,0.114563
3,180,1258,0.115478
3,180,1258,0.115566
3,180,1258,0.112819
3,180,1258,0.113513
3,181,1259,0.115138
3,181,1259,0.117097
3,181,1259,0.114467
3,181,1259,0.115827
3,181,1259,0.115515
3,181,1259,0.115083
3,181,1259,0.115633
3,181,1259,0.116957
3,182,1260,0.114015
3,182,1260,0.116075
3,182,1260,0.114337
3,182,1260,0.115979
3,182,1260,0.117394
3,182,1260,0.116184
3,182,1260,0.116628
3,182,1260,0.119552
3,183,1261,0.111488
3,183,1261,0.116172
3,183,1261,0.111437
3,183,1261,0.114177
3,183,1261,0.121880
3,183,1261,0.118546
3,183,1261,0.112705
3,183,1261,0.114101
3,184,1262,0.118871
3,184,1262,0.114362
3,184,1262,0.113503
3,184,1262,0.113256
3,184,1262,0.116262
3,184,1262,0.112386
3,184,1262,0.118687
3,184,1262,0.114819
3,185,1263,0.116637
3,185,1263,0.113236
3,185,1263,0.114199
3,185,1263,0.113430
3,185,1263,0.111316
3,185,1263,0.115592
3,185,1263,0.115647
3,185,1263,0.122113
3,186,1264,0.116591
3,186,1264,0.113830
3,186,1264,0.113704
3,186,1264,0.114624
3,186,1264,0.113793
3,186,1264,0.118911
3,186,1264,0.115586
3,186,1264,0.115826
3,187,1265,0.113228
3,187,1265,0.116383
3,187,1265,0.113320
3,187,1265,0.112383
3,187,1265,0.117694
3,187,1265,0.113648
3,187,1265,0.119591
3,187,1265,0.117903
3,188,1266,0.113489
3,188,1266,0.119563
3,188,1266,0.112790
3,188,1266,0.116566
3,188,1266,0.115323
3,188,1266,0.114916
3,188,1266,0.113419
3,188,1266,0.114066
3,189,1267,0.115465
3,189,1267,0.115162
3,189,1267,0.114583
3,189,1267,0.116997
3,189,1267,0.117706
3,189,1267,0.114860
3,189,1267,0.114661
3,189,1267,0.111492
3,190,1268,0.114705
3,190,1268,0.111432
3,190,1268,0.114878
3,190,1268,0.116666
3,190,1268,0.111797
3,190,1268,0.113031
3,190,1268,0.110747
3,190,1268,0.113747
3,191,1269,0.112402
3,191,1269,0.116328
3,191,1269,0.117050
3,191,1269,0.112410
3,191,1269,0.112406
3,191,1269,0.114781
3,191,1269,0.114770
3,191,1269,0.116671
3,192,1270,0.114178
3,192,1270,0.117053
3,192,1270,0.115456
3,192,1270,0.114714
3,192,1270,0.114130
3,192,1270,0.115036
3,192,1270,0.115480
3,192,1270,0.111793
3,193,1271,0.111838
3,193,1271,0.115054
3,193,1271,0.114320
3,193,1271,0.122453
3,193,1271,0.115953
3,193,1271,0.111580
3,193,1271,0.116097
3,193,1271,0.119560
3,194,1272,0.115650
3,194,1272,0.120492
3,194,1272,0.113216
3,194,1272,0.115585
3,194,1272,0.115527
3,194,1272,0.114288
3,194,1272,0.117107
3,194,1272,0.114441
3,195,1273,0.113305
3,195,1273,0.111338
3,195,1273,0.114287
3,195,1273,0.115049
3,195,1273,0.118256
3,195,1273,0.114158
3,195,1273,0.115033
3,195,1273,0.111027
3,196,1274,0.115165
3,196,1274,0.113543
3,196,1274,0.117409
3,196,1274,0.115031
3,196,1274,0.118191
3,196,1274,0.113866
3,196,1274,0.113994
3,196,1274,0.117531
3,197,1275,0.117091
3,197,1275,0.115915
3,197,1275,0.115671
3,197,1275,0.113894
3,197,1275,0.121657
3,197,1275,0.113818
3,197,1275,0.116712
3,197,1275,0.116708
3,198,1276,0.116312
3,198,1276,0.116077
3,198,1276,0.119750
3,198,1276,0.112084
3,198,1276,0.112332
3,198,1276,0.115340
3,198,1276,0.112665
3,198,1276,0.115093
3,199,1277,0.120377
3,199,1277,0.114501
3,199,1277,0.112145
3,199,1277,0.117392
3,199,1277,0.113956
3,199,1277,0.116385
3,199,1277,0.117302
3,199,1277,0.116677
3,200,1278,0.114459
3,200,1278,0.119197
3,200,1278,0.115154
3,200,1278,0.114297
3,200,1278,0.114564
3,200,1278,0.115956
3,200,1278,0.111626
3,200,1278,0.115451
3,201,1279,0.113452
3,201,1279,0.114693
3,201,1279,0.113780
3,201,1279,0.114277
3,201,1279,0.114629
3,201,1279,0.111475
3,201,1279,0.113504
3,201,1279,0.114353
3,202,1280,0.115335
3,202,1280,0.114598
3,202,1280,0.112990
3,202,1280,0.116600
3,202,1280,0.116242
3,202,1280,0.113766
3,202,1280,0.115818
3,202,1280,0.116485
3,203,1281,0.118147
3,203,1281,0.117850
3,203,1281,0.113983
3,203,1281,0.111534
3,203,1281,0.116586
3,203,1281,0.112244
3,203,1281,0.125032
3,203,1281,0.115808
3,204,1282,0.114425
3,204,1282,0.117657
3,204,1282,0.114154
3,204,1282,0.119441
3,204,1282,0.118032
3,204,1282,0.122104
3,204,1282,0.113323
3,204,1282,0.114401
3,205,1283,0.113729
3,205,1283,0.117496
3,205,1283,0.111972
3,205,1283,0.112598
3,205,1283,0.117992
3,205,1283,0.114624
3,205,1283,0.115554
3,205,1283,0.116261
3,206,1284,0.117086
3,206,1284,0.112985
3,206,1284,0.119181
3,206,1284,0.118210
3,206,1284,0.121387
3,206,1284,0.113360
3,206,1284,0.115323
3,206,1284,0.114172
3,207,1285,0.115644
3,207,1285,0.112769
3,207,1285,0.115765
3,207,1285,0.117777
3,207,1285,0.113391
3,207,1285,0.114859
3,207,1285,0.117234
3,207,1285,0.115883
3,208,1286,0.110913
3,208,1286,0.113932
3,208,1286,0.116356
3,208,1286,0.118959
3,208,1286,0.113615
3,208,1286,0.111576
3,208,1286,0.113649
3,208,1286,0.115834
3,209,1287,0.111890
3,209,1287,0.122431
3,209,1287,0.113925
3,209,1287,0.115936
3,209,1287,0.113147
3,209,1287,0.112754
3,209,1287,0.111993
3,209,1287,0.117712
3,210,1288,0.113696
3,210,1288,0.115540
3,210,1288,0.115190
3,210,1288,0.116504
3,210,1288,0.113506
3,210,1288,0.112200
3,210,1288,0.117619
3,210,1288,0.115351
3,211,1289,0.120320
3,211,1289,0.115953
3,211,1289,0.116751
3,211,1289,0.113608
3,211,1289,0.116218
3,211,1289,0.117499
3,211,1289,0.116599
3,211,1289,0.113318
3,212,1290,0.123071
3,212,1290,0.114919
3,212,1290,0.113559
3,212,1290,0.116434
3,212,1290,0.113885
3,212,1290,0.111139
3,212,1290,0.114302
3,212,1290,0.111858
3,213,1291,0.114176
3,213,1291,0.111988
3,213,1291,0.119425
3,213,1291,0.117313
3,213,1291,0.115063
3,213,1291,0.112423
3,213,1291,0.114362
3,213,1291,0.114082
3,214,1292,0.116653
3,214,1292,0.115676
3,214,1292,0.121473
3,214,1292,0.113594
3,214,1292,0.114519
3,214,1292,0.117891
3,214,1292,0.116022
3,214,1292,0.114789
3,215,1293,0.112998
3,215,1293,0.116977
3,215,1293,0.121962
3,215,1293,0.112760
3,215,1293,0.114255
3,215,1293,0.116349
3,215,1293,0.117835
3,215,1293,0.114670
3,216,1294,0.115409
3,216,1294,0.115364
3,216,1294,0.120653
3,216,1294,0.116769
3,216,1294,0.114812
3,216,1294,0.114200
3,216,1294,0.114199
3,216,1294,0.118060
3,217,1295,0.117130
3,217,1295,0.111713
3,217,1295,0.115106
3,217,1295,0.113633
3,217,1295,0.114739
3,217,1295,0.114738
3,217,1295,0.117319
3,217,1295,0.115417
3,218,1296,0.117236
3,218,1296,0.113385
3,218,1296,0.112821
3,218,1296,0.113380
3,218,1296,0.113126
3,218,1296,0.112639
3,218,1296,0.110114
3,218,1296,0.114933
3,219,1297,0.116966
3,219,1297,0.116721
3,219,1297,0.113476
3,219,1297,0.111852
3,219,1297,0.115109
3,219,1297,0.118451
3,219,1297,0.118626
3,219,1297,0.113509
3,220,1298,0.115797
3,220,1298,0.114143
3,220,1298,0.116133
3,220,1298,0.122858
3,220,1298,0.115560
3,220,1298,0.115663
3,220,1298,0.112798
3,220,1298,0.115459
3,221,1299,0.114727
3,221,1299,0.115685
3,221,1299,0.115434
3,221,1299,0.121617
3,221,1299,0.112266
3,221,1299,0.114792
3,221,1299,0.115301
3,221,1299,0.113114
3,222,1300,0.117884
3,222,1300,0.116128
3,222,1300,0.113129
3,222,1300,0.116405
3,222,1300,0.112638
3,222,1300,0.113783
3,222,1300,0.116984
3,222,1300,0.119288
3,223,1301,0.112696
3,223,1301,0.114992
3,223,1301,0.115050
3,223,1301,0.112349
3,223,1301,0.114552
3,223,1301,0.115769
3,223,1301,0.117500
3,223,1301,0.114987
3,224,1302,0.113060
3,224,1302,0.115118
3,224,1302,0.115809
3,224,1302,0.113656
3,224,1302,0.118034
3,224,1302,0.115249
3,224,1302,0.121258
3,224,1302,0.115640
3,225,1303,0.113826
3,225,1303,0.111528
3,225,1303,0.116549
3,225,1303,0.111720
3,225,1303,0.114024
3,225,1303,0.113888
3,225,1303,0.114562
3,225,1303,0.114811
3,226,1304,0.117355
3,226,1304,0.114583
3,226,1304,0.117656
3,226,1304,0.117621
3,226,1304,0.114598
3,226,1304,0.118347
3,226,1304,0.116537
3,226,1304,0.111545
3,227,1305,0.116091
3,227,1305,0.113886
3,227,1305,0.113944
3,227,1305,0.116315
3,227,1305,0.114669
3,227,1305,0.116375
3,227,1305,0.114034
3,227,1305,0.119092
3,228,1306,0.113539
3,228,1306,0.117476
3,228,1306,0.114997
3,228,1306,0.114087
3,228,1306,0.113563
3,228,1306,0.117922
3,228,1306,0.113745
3,228,1306,0.110699
3,229,1307,0.110776
3,229,1307,0.114063
3,229,1307,0.111274
3,229,1307,0.123715
3,229,1307,0.116492
3,229,1307,0.114738
3,229,1307,0.114166
3,229,1307,0.120415
3,230,1308,0.118535
3,230,1308,0.111561
3,230,1308,0.113789
3,230,1308,0.113247
3,230,1308,0.115938
3,230,1308,0.110738
3,230,1308,0.114551
3,230,1308,0.117911
3,231,1309,0.112622
3,231,1309,0.115203
3,231,1309,0.115800
3,231,1309,0.122677
3,231,1309,0.111548
3,231,1309,0.112395
3,231,1309,0.116120
3,231,1309,0.112454
3,232,1310,0.114187
3,232,1310,0.112732
3,232,1310,0.116866
3,232,1310,0.111640
3,232,1310,0.118034
3,232,1310,0.115081
3,232,1310,0.114132
3,232,1310,0.113794
3,233,1311,0.115811
3,233,1311,0.116984
3,233,1311,0.117981
3,233,1311,0.121069
3,233,1311,0.113815
3,233,1311,0.115549
3,233,1311,0.115598
3,233,1311,0.111670
3,234,1312,0.115134
3,234,1312,0.113473
3,234,1312,0.113093
3,234,1312,0.116729
3,234,1312,0.121487
3,234,1312,0.114609
3,234,1312,0.114069
3,234,1312,0.111571
3,235,1313,0.116586
3,235,1313,0.114425
3,235,1313,0.116462
3,235,1313,0.112146
3,235,1313,0.113111
3,235,1313,0.118866
3,235,1313,0.116169
3,235,1313,0.114687
3,236,1314,0.117400
3,236,1314,0.115200
3,236,1314,0.113192
3,236,1314,0.115967
3,236,1314,0.116098
3,236,1314,0.118898
3,236,1314,0.114083
3,236,1314,0.114031
3,237,1315,0.116922
3,237,1315,0.113684
3,237,1315,0.111441
3,237,1315,0.114976
3,237,1315,0.112981
3,237,1315,0.115299
3,237,1315,0.118254
3,237,1315,0.113547
3,238,1316,0.116822
3,238,1316,0.114774
3,238,1316,0.112570
3,238,1316,0.116577
3,238,1316,0.114781
3,238,1316,0.116984
3,238,1316,0.116779
3,238,1316,0.114243
3,239,1317,0.113427
3,239,1317,0.117568
3,239,1317,0.111911
3,239,1317,0.112417
3,239,1317,0.117535
3,239,1317,0.113296
3,239,1317,0.115689
3,239,1317,0.112188
3,240,1318,0.112327
3,240,1318,0.112316
3,240,1318,0.114919
3,240,1318,0.113350
3,240,1318,0.115504
3,240,1318,0.114479
3,240,1318,0.112594
3,240,1318,0.116065
3,241,1319,0.116519
3,241,1319,0.114928
3,241,1319,0.117452
3,241,1319,0.112806
3,241,1319,0.112094
3,241,1319,0.115061
3,241,1319,0.116388
3,241,1319,0.115076
3,242,1320,0.114599
3,242,1320,0.115278
3,242,1320,0.113769
3,242,1320,0.112626
3,242,1320,0.114638
3,242,1320,0.114696
3,242,1320,0.115597
3,242,1320,0.114235
3,243,1321,0.115206
3,243,1321,0.112187
3,243,1321,0.117255
3,243,1321,0.113295
3,243,1321,0.118908
3,243,1321,0.118506
3,243,1321,0.113879
3,243,1321,0.111929
3,244,1322,0.118807
3,244,1322,0.115041
3,244,1322,0.116131
3,244,1322,0.112496
3,244,1322,0.113132
3,244,1322,0.115114
3,244,1322,0.115268
3,244,1322,0.113622
3,245,1323,0.114676
3,245,1323,0.111578
3,245,1323,0.113447
3,245,1323,0.111746
3,245,1323,0.116012
3,245,1323,0.114227
3,245,1323,0.111369
3,245,1323,0.112057
3,246,1324,0.113532
3,246,1324,0.117339
3,246,1324,0.114324
3,246,1324,0.114768
3,246,1324,0.112794
3,246,1324,0.114219
3,246,1324,0.114241
3,246,1324,0.119644
3,247,1325,0.117418
3,247,1325,0.111526
3,247,1325,0.114140
3,247,1325,0.116846
3,247,1325,0.114073
3,247,1325,0.112252
3,247,1325,0.115284
3,247,1325,0.112852
3,248,1326,0.116875
3,248,1326,0.115931
3,248,1326,0.112738
3,248,1326,0.113898
3,248,1326,0.113337
3,248,1326,0.114366
3,248,1326,0.115149
3,248,1326,0.113936
3,249,1327,0.114757
3,249,1327,0.114355
3,249,1327,0.113548
3,249,1327,0.115542
3,249,1327,0.111465
3,249,1327,0.114866
3,249,1327,0.118600
3,249,1327,0.114479
3,250,1328,0.112414
3,250,1328,0.114025
3,250,1328,0.117472
3,250,1328,0.116630
3,250,1328,0.115581
3,250,1328,0.118438
3,250,1328,0.116788
3,250,1328,0.115734
3,251,1329,0.114648
3,251,1329,0.115597
3,251,1329,0.119008
3,251,1329,0.114577
3,251,1329,0.116067
3,251,1329,0.113545
3,251,1329,0.113615
3,251,1329,0.114709
3,252,1330,0.118341
3,252,1330,0.117883
3,252,1330,0.120844
3,252,1330,0.115579
3,252,1330,0.112288
3,252,1330,0.114218
3,252,1330,0.119477
3,252,1330,0.114784
3,253,1331,0.115005
3,253,1331,0.113704
3,253,1331,0.114196
3,253,1331,0.115643
3,253,1331,0.118800
3,253,1331,0.116744
3,253,1331,0.117831
3,253,1331,0.115679
3,254,1332,0.114076
3,254,1332,0.120196
3,254,1332,0.118302
3,254,1332,0.113627
3,254,1332,0.116354
3,254,1332,0.114397
3,254,1332,0.116113
3,254,1332,0.114481
3,255,1333,0.115540
3,255,1333,0.115352
3,255,1333,0.117142
3,255,1333,0.115775
3,255,1333,0.113667
3,255,1333,0.113650
3,255,1333,0.116423
3,255,1333,0.114804
3,256,1334,0.114606
3,256,1334,0.114592
3,256,1334,0.113551
3,256,1334,0.115149
3,256,1334,0.118575
3,256,1334,0.120526
3,256,1334,0.114394
3,256,1334,0.119216
3,257,1335,0.112693
3,257,1335,0.115081
3,257,1335,0.114082
3,257,1335,0.112963
3,257,1335,0.116560
3,257,1335,0.113713
3,257,1335,0.118209
3,257,1335,0.116566
3,258,1336,0.120014
3,258,1336,0.111588
3,258,1336,0.115601
3,258,1336,0.113399
3,258,1336,0.117095
3,258,1336,0.113994
3,258,1336,0.117127
3,258,1336,0.116240
3,259,1337,0.118115
3,259,1337,0.116103
3,259,1337,0.114264
3,259,1337,0.115047
3,259,1337,0.115789
3,259,1337,0.111300
3,259,1337,0.112572
3,259,1337,0.117772
3,260,1338,0.116552
3,260,1338,0.111370
3,260,1338,0.115793
3,260,1338,0.111249
3,260,1338,0.116182
3,260,1338,0.115749
3,260,1338,0.113987
3,260,1338,0.112536
3,261,1339,0.119068
3,261,1339,0.110740
3,261,1339,0.113675
3,261,1339,0.118711
3,261,1339,0.115154
3,261,1339,0.113078
3,261,1339,0.120049
3,261,1339,0.113228
3,262,1340,0.115421
3,262,1340,0.117706
3,262,1340,0.116463
3,262,1340,0.115735
3,262,1340,0.121874
3,262,1340,0.117463
3,262,1340,0.116320
3,262,1340,0.116536
3,263,1341,0.114159
3,263,1341,0.112607
3,263,1341,0.111622
3,263,1341,0.111850
3,263,1341,0.115270
3,263,1341,0.120048
3,263,1341,0.115435
3,263,1341,0.116557
3,264,1342,0.116792
3,264,1342,0.115498
3,264,1342,0.112596
3,264,1342,0.117072
3,264,1342,0.117812
3,264,1342,0.114455
3,264,1342,0.117908
3,264,1342,0.119174
3,265,1343,0.117778
3,265,1343,0.114441
3,265,1343,0.113711
3,265,1343,0.116878
3,265,1343,0.115405
3,265,1343,0.114229
3,265,1343,0.117088
3,265,1343,0.111733
3,266,1344,0.116020
3,266,1344,0.115594
3,266,1344,0.116392
3,266,1344,0.114641
3,266,1344,0.117364
3,266,1344,0.117077
3,266,1344,0.115134
3,266,1344,0.113485
3,267,1345,0.113291
3,267,1345,0.114534
3,267,1345,0.119775
3,267,1345,0.115295
3,267,1345,0.113672
3,267,1345,0.118438
3,267,1345,0.116922
3,267,1345,0.114849
3,268,1346,0.116736
3,268,1346,0.117927
3,268,1346,0.114902
3,268,1346,0.116098
3,268,1346,0.117411
3,268,1346,0.115315
3,268,1346,0.112549
3,268,1346,0.115074
3,269,1347,0.119400
3,269,1347,0.119187
3,269,1347,0.115734
3,269,1347,0.115489
3,269,1347,0.114243
3,269,1347,0.114175
3,269,1347,0.114013
3,269,1347,0.116598
3,270,1348,0.110738
3,270,1348,0.120048
3,270,1348,0.112443
3,270,1348,0.116118
3,270,1348,0.112544
3,270,1348,0.112661
3,270,1348,0.111466
3,270,1348,0.112177
3,271,1349,0.113964
3,271,1349,0.115251
3,271,1349,0.116421
3,271,1349,0.112111
3,271,1349,0.117534
3,271,1349,0.113930
3,271,1349,0.116603
3,271,1349,0.110910
3,272,1350,0.115922
3,272,1350,0.117510
3,272,1350,0.113588
3,272,1350,0.113245
3,272,1350,0.116917
3,272,1350,0.118079
3,272,1350,0.114992
3,272,1350,0.116721
3,273,1351,0.112825
3,273,1351,0.113478
3,273,1351,0.119299
3,273,1351,0.118073
3,273,1351,0.117082
3,273,1351,0.113715
3,273,1351,0.114415
3,273,1351,0.111498
3,274,1352,0.115956
3,274,1352,0.116301
3,274,1352,0.117489
3,274,1352,0.113440
3,274,1352,0.114099
3,274,1352,0.115533
3,274,1352,0.118825
3,274,1352,0.111711
3,275,1353,0.113737
3,275,1353,0.117700
3,275,1353,0.111826
3,275,1353,0.114826
3,275,1353,0.116982
3,275,1353,0.115107
3,275,1353,0.115587
3,275,1353,0.115337
3,276,1354,0.114026
3,276,1354,0.117409
3,276,1354,0.116545
3,276,1354,0.120323
3,276,1354,0.116897
3,276,1354,0.115560
3,276,1354,0.117754
3,276,1354,0.116300
3,277,1355,0.116294
3,277,1355,0.110600
3,277,1355,0.112795
3,277,1355,0.111782
3,277,1355,0.113781
3,277,1355,0.123055
3,277,1355,0.111947
3,277,1355,0.112297
3,278,1356,0.114993
3,278,1356,0.113231
3,278,1356,0.110872
3,278,1356,0.114511
3,278,1356,0.116327
3,278,1356,0.116631
3,278,1356,0.116173
3,278,1356,0.122253
3,279,1357,0.114642
3,279,1357,0.113867
3,279,1357,0.115147
3,279,1357,0.116481
3,279,1357,0.116845
3,279,1357,0.115286
3,279,1357,0.115381
3,279,1357,0.114114
3,280,1358,0.115888
3,280,1358,0.115041
3,280,1358,0.119301
3,280,1358,0.116897
3,280,1358,0.119382
3,280,1358,0.115128
3,280,1358,0.116519
3,280,1358,0.111711
3,281,1359,0.112823
3,281,1359,0.117584
3,281,1359,0.116660
3,281,1359,0.122753
3,281,1359,0.115930
3,281,1359,0.119311
3,281,1359,0.117156
3,281,1359,0.114162
3,282,1360,0.115420
3,282,1360,0.112047
3,282,1360,0.114562
3,282,1360,0.115265
3,282,1360,0.115263
3,282,1360,0.118071
3,282,1360,0.115164
3,282,1360,0.120954
3,283,1361,0.117965
3,283,1361,0.116876
3,283,1361,0.114601
3,283,1361,0.110676
3,283,1361,0.115353
3,283,1361,0.117979
3,283,1361,0.119441
3,283,1361,0.113929
3,284,1362,0.118681
3,284,1362,0.116439
3,284,1362,0.115844
3,284,1362,0.115773
3,284,1362,0.114002
3,284,1362,0.112990
3,284,1362,0.113527
3,284,1362,0.115524
3,285,1363,0.114364
3,285,1363,0.113238
3,285,1363,0.120643
3,285,1363,0.112986
3,285,1363,0.119550
3,285,1363,0.112182
3,285,1363,0.113520
3,285,1363,0.116317
3,286,1364,0.117002
3,286,1364,0.117258
3,286,1364,0.116834
3,286,1364,0.116280
3,286,1364,0.113950
3,286,1364,0.117183
3,286,1364,0.115473
3,286,1364,0.111968
3,287,1365,0.112519
3,287,1365,0.116537
3,287,1365,0.116399
3,287,1365,0.118412
3,287,1365,0.118825
3,287,1365,0.113517
3,287,1365,0.120055
3,287,1365,0.113192
3,288,1366,0.118709
3,288,1366,0.113580
3,288,1366,0.113641
3,288,1366,0.115294
3,288,1366,0.116050
3,288,1366,0.115369
3,288,1366,0.115845
3,288,1366,0.117229
3,289,1367,0.113096
3,289,1367,0.116885
3,289,1367,0.113463
3,289,1367,0.112613
3,289,1367,0.114587
3,289,1367,0.119797
3,289,1367,0.117673
3,289,1367,0.112809
3,290,1368,0.114223
3,290,1368,0.116618
3,290,1368,0.113140
3,290,1368,0.118429
3,290,1368,0.115661
3,290,1368,0.123292
3,290,1368,0.114094
3,290,1368,0.115913
3,291,1369,0.111287
3,291,1369,0.113555
3,291,1369,0.117195
3,291,1369,0.114260
3,291,1369,0.115133
3,291,1369,0.115793
3,291,1369,0.111258
3,291,1369,0.118227
3,292,1370,0.115836
3,292,1370,0.114316
3,292,1370,0.115816
3,292,1370,0.114111
3,292,1370,0.110405
3,292,1370,0.116591
3,292,1370,0.117842
3,292,1370,0.118705
3,293,1371,0.113270
3,293,1371,0.115381
3,293,1371,0.118210
3,293,1371,0.113552
3,293,1371,0.113034
3,293,1371,0.113188
3,293,1371,0.115864
3,293,1371,0.112193
3,294,1372,0.116245
3,294,1372,0.115646
3,294,1372,0.115379
3,294,1372,0.115195
3,294,1372,0.112853
3,294,1372,0.113064
3,294,1372,0.111548
3,294,1372,0.122269
3,295,1373,0.117816
3,295,1373,0.115980
3,295,1373,0.113849
3,295,1373,0.115862
3,295,1373,0.112851
3,295,1373,0.116967
3,295,1373,0.115423
3,295,1373,0.118176
3,296,1374,0.114256
3,296,1374,0.114180
3,296,1374,0.114100
3,296,1374,0.118788
3,296,1374,0.115010
3,296,1374,0.118103
3,296,1374,0.108802
3,296,1374,0.111769
3,297,1375,0.122189
3,297,1375,0.116881
3,297,1375,0.114904
3,297,1375,0.118289
3,297,1375,0.113357
3,297,1375,0.119318
3,297,1375,0.112709
3,297,1375,0.116351
3,298,1376,0.117998
3,298,1376,0.113855
3,298,1376,0.114763
3,298,1376,0.111195
3,298,1376,0.113219
3,298,1376,0.113237
3,298,1376,0.118815
3,298,1376,0.113505
3,299,1377,0.111517
3,299,1377,0.116958
3,299,1377,0.114364
3,299,1377,0.120478
3,299,1377,0.114182
3,299,1377,0.116017
3,299,1377,0.114709
3,299,1377,0.113674
3,300,1378,0.117077
3,300,1378,0.113686
3,300,1378,0.116064
3,300,1378,0.110348
3,300,1378,0.115796
3,300,1378,0.112654
3,300,1378,0.115055
3,300,1378,0.115178
3,301,1379,0.111083
3,301,1379,0.113555
3,301,1379,0.114263
3,301,1379,0.115827
3,301,1379,0.113016
3,301,1379,0.115314
3,301,1379,0.116729
3,301,1379,0.112439
3,302,1380,0.114144
3,302,1380,0.117238
3,302,1380,0.115915
3,302,1380,0.113393
3,302,1380,0.113910
3,302,1380,0.118207
3,302,1380,0.117166
3,302,1380,0.116305
3,303,1381,0.114400
3,303,1381,0.115265
3,303,1381,0.114982
3,303,1381,0.116902
3,303,1381,0.114256
3,303,1381,0.117560
3,303,1381,0.118776
3,303,1381,0.114922
3,304,1382,0.112798
3,304,1382,0.121164
3,304,1382,0.114184
3,304,1382,0.117806
3,304,1382,0.116443
3,304,1382,0.114070
3,304,1382,0.115758
3,304,1382,0.114422
3,305,1383,0.118544
3,305,1383,0.116966
3,305,1383,0.116417
3,305,1383,0.114430
3,305,1383,0.118058
3,305,1383,0.112541
3,305,1383,0.115025
3,305,1383,0.117486
3,306,1384,0.111794
3,306,1384,0.116306
3,306,1384,0.115031
3,306,1384,0.120289
3,306,1384,0.119237
3,306,1384,0.115071
3,306,1384,0.118488
3,306,1384,0.114723
3,307,1385,0.117183
3,307,1385,0.116196
3,307,1385,0.116148
3,307,1385,0.115456
3,307,1385,0.116815
3,307,1385,0.114092
3,307,1385,0.113547
3,307,1385,0.112961
3,308,1386,0.112299
3,308,1386,0.116699
3,308,1386,0.117638
3,308,1386,0.114205
3,308,1386,0.112063
3,308,1386,0.113873
3,308,1386,0.118977
3,308,1386,0.114960
3,309,1387,0.114299
3,309,1387,0.116427
3,309,1387,0.117097
3,309,1387,0.119048
3,309,1387,0.115596
3,309,1387,0.113496
3,309,1387,0.115631
3,309,1387,0.112471
3,310,1388,0.118932
3,310,1388,0.113474
3,310,1388,0.113800
3,310,1388,0.112619
3,310,1388,0.115175
3,310,1388,0.109892
3,310,1388,0.118170
3,310,1388,0.114837
3,311,1389,0.111690
3,311,1389,0.119070
3,311,1389,0.111036
3,311,1389,0.117274
3,311,1389,0.114181
3,311,1389,0.116289
3,311,1389,0.113585
3,311,1389,0.114449
3,312,1390,0.113530
3,312,1390,0.113390
3,312,1390,0.113860
3,312,1390,0.113930
3,312,1390,0.114486
3,312,1390,0.119388
3,312,1390,0.118663
3,312,1390,0.114725
3,313,1391,0.116603
3,313,1391,0.114904
3,313,1391,0.118567
3,313,1391,0.112533
3,313,1391,0.112610
3,313,1391,0.114367
3,313,1391,0.113774
3,313,1391,0.114907
3,314,1392,0.113221
3,314,1392,0.115554
3,314,1392,0.111780
3,314,1392,0.113872
3,314,1392,0.113889
3,314,1392,0.120647
3,314,1392,0.113358
3,314,1392,0.115296
3,315,1393,0.114201
3,315,1393,0.119047
3,315,1393,0.117250
3,315,1393,0.115834
3,315,1393,0.114328
3,315,1393,0.115865
3,315,1393,0.119422
3,315,1393,0.111878
3,316,1394,0.116370
3,316,1394,0.112919
3,316,1394,0.119158
3,316,1394,0.115443
3,316,1394,0.112342
3,316,1394,0.113822
3,316,1394,0.119211
3,316,1394,0.111689
3,317,1395,0.115198
3,317,1395,0.121125
3,317,1395,0.112359
3,317,1395,0.114096
3,317,1395,0.115734
3,317,1395,0.113264
3,317,1395,0.122106
3,317,1395,0.113692
3,318,1396,0.114918
3,318,1396,0.115868
3,318,1396,0.111086
3,318,1396,0.112970
3,318,1396,0.114059
3,318,1396,0.113807
3,318,1396,0.115893
3,318,1396,0.115778
3,319,1397,0.113157
3,319,1397,0.118625
3,319,1397,0.114571
3,319,1397,0.117478
3,319,1397,0.114549
3,319,1397,0.115793
3,319,1397,0.116245
3,319,1397,0.113775
3,320,1398,0.112518
3,320,1398,0.115132
3,320,1398,0.111516
3,320,1398,0.112200
3,320,1398,0.112441
3,320,1398,0.114985
3,320,1398,0.119855
3,320,1398,0.112292
3,321,1399,0.113253
3,321,1399,0.111921
3,321,1399,0.113531
3,321,1399,0.112725
3,321,1399,0.115414
3,321,1399,0.116366
3,321,1399,0.113673
3,321,1399,0.115506
3,322,1400,0.113002
3,322,1400,0.115312
3,322,1400,0.113929
3,322,1400,0.116785
3,322,1400,0.114327
3,322,1400,0.115161
3,322,1400,0.113369
3,322,1400,0.112440
3,323,1401,0.115364
3,323,1401,0.113516
3,323,1401,0.114283
3,323,1401,0.112407
3,323,1401,0.115079
3,323,1401,0.112608
3,323,1401,0.115970
3,323,1401,0.109971
3,324,1402,0.111193
3,324,1402,0.116493
3,324,1402,0.114846
3,324,1402,0.114644
3,324,1402,0.116796
3,324,1402,0.116562
3,324,1402,0.114282
3,324,1402,0.116645
3,325,1403,0.113245
3,325,1403,0.119549
3,325,1403,0.118422
3,325,1403,0.115154
3,325,1403,0.112524
3,325,1403,0.113818
3,325,1403,0.115533
3,325,1403,0.113928
3,326,1404,0.116371
3,326,1404,0.116961
3,326,1404,0.113762
3,326,1404,0.114757
3,326,1404,0.112030
3,326,1404,0.113668
3,326,1404,0.112548
3,326,1404,0.116042
3,327,1405,0.116223
3,327,1405,0.112447
3,327,1405,0.112391
3,327,1405,0.118065
3,327,1405,0.113031
3,327,1405,0.113950
3,327,1405,0.115697
3,327,1405,0.116106
3,328,1406,0.120106
3,328,1406,0.115349
3,328,1406,0.113418
3,328,1406,0.115788
3,328,1406,0.112546
3,328,1406,0.111313
3,328,1406,0.113466
3,328,1406,0.119760
3,329,1407,0.117247
3,329,1407,0.112686
3,329,1407,0.116760
3,329,1407,0.115516
3,329,1407,0.115268
3,329,1407,0.114670
3,329,1407,0.112287
3,329,1407,0.114678
3,330,1408,0.116624
3,330,1408,0.114626
3,330,1408,0.112012
3,330,1408,0.113433
3,330,1408,0.115481
3,330,1408,0.115227
3,330,1408,0.115536
3,330,1408,0.116256
3,331,1409,0.116406
3,331,1409,0.112251
3,331,1409,0.112945
3,331,1409,0.116645
3,331,1409,0.116673
3,331,1409,0.114386
3,331,1409,0.115899
3,331,1409,0.111783
3,332,1410,0.117252
3,332,1410,0.118079
3,332,1410,0.112695
3,332,1410,0.113780
3,332,1410,0.115045
3,332,1410,0.114866
3,332,1410,0.110574
3,332,1410,0.113328
3,333,1411,0.119099
3,333,1411,0.114111
3,333,1411,0.112566
3,333,1411,0.110846
3,333,1411,0.117746
3,333,1411,0.116095
3,333,1411,0.119614
3,333,1411,0.115040
3,334,1412,0.113475
3,334,1412,0.113947
3,334,1412,0.117502
3,334,1412,0.116091
3,334,1412,0.111738
3,334,1412,0.112677
3,334,1412,0.115509
3,334,1412,0.112664
3,335,1413,0.117505
3,335,1413,0.116654
3,335,1413,0.121010
3,335,1413,0.114452
3,335,1413,0.117895
3,335,1413,0.118036
3,335,1413,0.114651
3,335,1413,0.114366
3,336,1414,0.115359
3,336,1414,0.114231
3,336,1414,0.113914
3,336,1414,0.112376
3,336,1414,0.113332
3,336,1414,0.115893
3,336,1414,0.114848
3,336,1414,0.114431
3,337,1415,0.112199
3,337,1415,0.112097
3,337,1415,0.115353
3,337,1415,0.117801
3,337,1415,0.112545
3,337,1415,0.114605
3,337,1415,0.111664
3,337,1415,0.116061
3,338,1416,0.116297
3,338,1416,0.119492
3,338,1416,0.114312
3,338,1416,0.112448
3,338,1416,0.114849
3,338,1416,0.115935
3,338,1416,0.114395
3,338,1416,0.111428
3,339,1417,0.115403
3,339,1417,0.118095
3,339,1417,0.114347
3,339,1417,0.111174
3,339,1417,0.115550
3,339,1417,0.114276
3,339,1417,0.116787
3,339,1417,0.113017
3,340,1418,0.115540
3,340,1418,0.116922
3,340,1418,0.117244
3,340,1418,0.110664
3,340,1418,0.114225
3,340,1418,0.115857
3,340,1418,0.116329
3,340,1418,0.113803
3,341,1419,0.116503
3,341,1419,0.115471
3,341,1419,0.115018
3,341,1419,0.115212
3,341,1419,0.116807
3,341,1419,0.110937
3,341,1419,0.112335
3,341,1419,0.120465
3,342,1420,0.116480
3,342,1420,0.116308
3,342,1420,0.115846
3,342,1420,0.113384
3,342,1420,0.118661
3,342,1420,0.113556
3,342,1420,0.113392
3,342,1420,0.112700
3,343,1421,0.115250
3,343,1421,0.115584
3,343,1421,0.113997
3,343,1421,0.113729
3,343,1421,0.114319
3,343,1421,0.114459
3,343,1421,0.115872
3,343,1421,0.115044
3,344,1422,0.113110
3,344,1422,0.114347
3,344,1422,0.113347
3,344,1422,0.116319
3,344,1422,0.116052
3,344,1422,0.115019
3,344,1422,0.117713
3,344,1422,0.120654
3,345,1423,0.118143
3,345,1423,0.115522
3,345,1423,0.119851
3,345,1423,0.113282
3,345,1423,0.114630
3,345,1423,0.113735
3,345,1423,0.114353
3,345,1423,0.118854
3,346,1424,0.116292
3,346,1424,0.113495
3,346,1424,0.113225
3,346,1424,0.115674
3,346,1424,0.112676
3,346,1424,0.115240
3,346,1424,0.116984
3,346,1424,0.110925
3,347,1425,0.120752
3,347,1425,0.111966
3,347,1425,0.115688
3,347,1425,0.114270
3,347,1425,0.111420
3,347,1425,0.113489
3,347,1425,0.115236
3,347,1425,0.113519
3,348,1426,0.115265
3,348,1426,0.111986
3,348,1426,0.116044
3,348,1426,0.116535
3,348,1426,0.115770
3,348,1426,0.116837
3,348,1426,0.117609
3,348,1426,0.113844
3,349,1427,0.117578
3,349,1427,0.113630
3,349,1427,0.119224
3,349,1427,0.115732
3,349,1427,0.116979
3,349,1427,0.114542
3,349,1427,0.112593
3,349,1427,0.114622
3,350,1428,0.116154
3,350,1428,0.116392
3,350,1428,0.116632
3,350,1428,0.114767
3,350,1428,0.120734
3,350,1428,0.115492
3,350,1428,0.112710
3,350,1428,0.116171
3,351,1429,0.111172
3,351,1429,0.115626
3,351,1429,0.112457
3,351,1429,0.119741
3,351,1429,0.116243
3,351,1429,0.117172
3,351,1429,0.112099
3,351,1429,0.111447
3,352,1430,0.115465
3,352,1430,0.115958
3,352,1430,0.117192
3,352,1430,0.114892
3,352,1430,0.112702
3,352,1430,0.114311
3,352,1430,0.117439
3,352,1430,0.114809
3,353,1431,0.114396
3,353,1431,0.114235
3,353,1431,0.112965
3,353,1431,0.113588
3,353,1431,0.116234
3,353,1431,0.112901
3,353,1431,0.116796
3,353,1431,0.114345
3,354,1432,0.114437
3,354,1432,0.113726
3,354,1432,0.115702
3,354,1432,0.117375
3,354,1432,0.116377
3,354,1432,0.117923
3,354,1432,0.113635
3,354,1432,0.116247
3,355,1433,0.114537
3,355,1433,0.116778
3,355,1433,0.114837
3,355,1433,0.114564
3,355,1433,0.117503
3,355,1433,0.118455
3,355,1433,0.114972
3,355,1433,0.114352
3,356,1434,0.113516
3,356,1434,0.111559
3,356,1434,0.121812
3,356,1434,0.114014
3,356,1434,0.114776
3,356,1434,0.116629
3,356,1434,0.115893
3,356,1434,0.119951
3,357,1435,0.118387
3,357,1435,0.115229
3,357,1435,0.116835
3,357,1435,0.117922
3,357,1435,0.116366
3,357,1435,0.112974
3,357,1435,0.114876
3,357,1435,0.114185
3,358,1436,0.111897
3,358,1436,0.116818
3,358,1436,0.116915
3,358,1436,0.115479
3,358,1436,0.114332
3,358,1436,0.115602
3,358,1436,0.115322
3,358,1436,0.114437
3,359,1437,0.116778
3,359,1437,0.115581
3,359,1437,0.120130
3,359,1437,0.114040
3,359,1437,0.112099
3,359,1437,0.116357
3,359,1437,0.112227
3,359,1437,0.120953
3,360,1438,0.112760
3,360,1438,0.114824
3,360,1438,0.114814
3,360,1438,0.112626
3,360,1438,0.115438
3,360,1438,0.114980
3,360,1438,0.120474
3,360,1438,0.115820
3,361,1439,0.114525
3,361,1439,0.113624
3,361,1439,0.113459
3,361,1439,0.115585
3,361,1439,0.113690
3,361,1439,0.115420
3,361,1439,0.116270
3,361,1439,0.114003
3,362,1440,0.115943
3,362,1440,0.116901
3,362,1440,0.117270
3,362,1440,0.117597
3,362,1440,0.117820
3,362,1440,0.115220
3,362,1440,0.112806
3,362,1440,0.117726
3,363,1441,0.116329
3,363,1441,0.118503
3,363,1441,0.114779
3,363,1441,0.118608
3,363,1441,0.115413
3,363,1441,0.118711
3,363,1441,0.114976
3,363,1441,0.114310
3,364,1442,0.110003
3,364,1442,0.111598
3,364,1442,0.114995
3,364,1442,0.113842
3,364,1442,0.115722
3,364,1442,0.114759
3,364,1442,0.115551
3,364,1442,0.113843
3,365,1443,0.113117
3,365,1443,0.114088
3,365,1443,0.115088
3,365,1443,0.115353
3,365,1443,0.116707
3,365,1443,0.116006
3,365,1443,0.114473
3,365,1443,0.113395
3,366,1444,0.114543
3,366,1444,0.114068
3,366,1444,0.112045
3,366,1444,0.112697
3,366,1444,0.113967
3,366,1444,0.115647
3,366,1444,0.114566
3,366,1444,0.118659
3,367,1445,0.114267
3,367,1445,0.116325
3,367,1445,0.120659
3,367,1445,0.117928
3,367,1445,0.113212
3,367,1445,0.112660
3,367,1445,0.114709
3,367,1445,0.114240
3,368,1446,0.113554
3,368,1446,0.112818
3,368,1446,0.113844
3,368,1446,0.115544
3,368,1446,0.114726
3,368,1446,0.112272
3,368,1446,0.116140
3,368,1446,0.117867
3,369,1447,0.115337
3,369,1447,0.116788
3,369,1447,0.114221
3,369,1447,0.117521
3,369,1447,0.115120
3,369,1447,0.114449
3,369,1447,0.113775
3,369,1447,0.115134
3,370,1448,0.111866
3,370,1448,0.116485
3,370,1448,0.115251
3,370,1448,0.119902
3,370,1448,0.117616
3,370,1448,0.110771
3,370,1448,0.111130
3,370,1448,0.115795
3,371,1449,0.115456
3,371,1449,0.117515
3,371,1449,0.117792
3,371,1449,0.114853
3,371,1449,0.115748
3,371,1449,0.117658
3,371,1449,0.115896
3,371,1449,0.115661
3,372,1450,0.118403
3,372,1450,0.112802
3,372,1450,0.119406
3,372,1450,0.114257
3,372,1450,0.116499
3,372,1450,0.117362
3,372,1450,0.117666
3,372,1450,0.114314
3,373,1451,0.114574
3,373,1451,0.115549
3,373,1451,0.116516
3,373,1451,0.115071
3,373,1451,0.120667
3,373,1451,0.115068
3,373,1451,0.118781
3,373,1451,0.116224
3,374,1452,0.116575
3,374,1452,0.113472
3,374,1452,0.114654
3,374,1452,0.116356
3,374,1452,0.117026
3,374,1452,0.116554
3,374,1452,0.113109
3,374,1452,0.113354
3,375,1453,0.118715
3,375,1453,0.112547
3,375,1453,0.111246
3,375,1453,0.114586
3,375,1453,0.114977
3,375,1453,0.115946
3,375,1453,0.117117
3,375,1453,0.115497
3,376,1454,0.115488
3,376,1454,0.115031
3,376,1454,0.115942
3,376,1454,0.116457
3,376,1454,0.113042
3,376,1454,0.111909
3,376,1454,0.118159
3,376,1454,0.112121
3,377,1455,0.112999
3,377,1455,0.111372
3,377,1455,0.115815
3,377,1455,0.113849
3,377,1455,0.113521
3,377,1455,0.114623
3,377,1455,0.113693
3,377,1455,0.116087
3,378,1456,0.111559
3,378,1456,0.114890
3,378,1456,0.113567
3,378,1456,0.121425
3,378,1456,0.116578
3,378,1456,0.114737
3,378,1456,0.114591
3,378,1456,0.117695
3,379,1457,0.113086
3,379,1457,0.111526
3,379,1457,0.116146
3,379,1457,0.111912
3,379,1457,0.114716
3,379,1457,0.114778
3,379,1457,0.113831
3,379,1457,0.120037
3,380,1458,0.113672
3,380,1458,0.113781
3,380,1458,0.112012
3,380,1458,0.117499
3,380,1458,0.114826
3,380,1458,0.115546
3,380,1458,0.113254
3,380,1458,0.114406
3,381,1459,0.112970
3,381,1459,0.117399
3,381,1459,0.114763
3,381,1459,0.116638
3,381,1459,0.117154
3,381,1459,0.113778
3,381,1459,0.115029
3,381,1459,0.115237
3,382,1460,0.112600
3,382,1460,0.111635
3,382,1460,0.113804
3,382,1460,0.120682
3,382,1460,0.113439
3,382,1460,0.120827
3,382,1460,0.111601
3,382,1460,0.116508
3,383,1461,0.117429
3,383,1461,0.115051
3,383,1461,0.116183
3,383,1461,0.115434
3,383,1461,0.117098
3,383,1461,0.114549
3,383,1461,0.114083
3,383,1461,0.114351
3,384,1462,0.118137
3,384,1462,0.113033
3,384,1462,0.120976
3,384,1462,0.112888
3,384,1462,0.113536
3,384,1462,0.114186
3,384,1462,0.115197
3,384,1462,0.114205
3,385,1463,0.116143
3,385,1463,0.122162
3,385,1463,0.118237
3,385,1463,0.114381
3,385,1463,0.113552
3,385,1463,0.114295
3,385,1463,0.112499
3,385,1463,0.114318
3,386,1464,0.114291
3,386,1464,0.117092
3,386,1464,0.112390
3,386,1464,0.116390
3,386,1464,0.119281
3,386,1464,0.112972
3,386,1464,0.114862
3,386,1464,0.114066
3,387,1465,0.116609
3,387,1465,0.115731
3,387,1465,0.117182
3,387,1465,0.116063
3,387,1465,0.118802
3,387,1465,0.111462
3,387,1465,0.113042
3,387,1465,0.113118
3,388,1466,0.115165
3,388,1466,0.114684
3,388,1466,0.114278
3,388,1466,0.114831
3,388,1466,0.111371
3,388,1466,0.114084
3,388,1466,0.112777
3,388,1466,0.115486
3,389,1467,0.114670
3,389,1467,0.115487
3,389,1467,0.115345
3,389,1467,0.113375
3,389,1467,0.113125
3,389,1467,0.116328
3,389,1467,0.114213
3,389,1467,0.116763
3,390,1468,0.112032
3,390,1468,0.113757
3,390,1468,0.112350
3,390,1468,0.112286
3,390,1468,0.116861
3,390,1468,0.114760
3,390,1468,0.113513
3,390,1468,0.112660
3,391,1469,0.111788
3,391,1469,0.113440
3,391,1469,0.114266
3,391,1469,0.113502
3,391,1469,0.115550
3,391,1469,0.111749
3,391,1469,0.121953
3,391,1469,0.113312
3,392,1470,0.116578
3,392,1470,0.115184
3,392,1470,0.120067
3,392,1470,0.114670
3,392,1470,0.115051
3,392,1470,0.119638
3,392,1470,0.116447
3,392,1470,0.112744
3,393,1471,0.115342
3,393,1471,0.115035
3,393,1471,0.111577
3,393,1471,0.113505
3,393,1471,0.118074
3,393,1471,0.115384
3,393,1471,0.111355
3,393,1471,0.114623
3,394,1472,0.111896
3,394,1472,0.118355
3,394,1472,0.113540
3,394,1472,0.117016
3,394,1472,0.113177
3,394,1472,0.112759
3,394,1472,0.114729
3,394,1472,0.115046
3,395,1473,0.114811
3,395,1473,0.118751
3,395,1473,0.117876
3,395,1473,0.113814
3,395,1473,0.114622
3,395,1473,0.112211
3,395,1473,0.112639
3,395,1473,0.113153
3,396,1474,0.111404
3,396,1474,0.116789
3,396,1474,0.116474
3,396,1474,0.118002
3,396,1474,0.117300
3,396,1474,0.119030
3,396,1474,0.112274
3,396,1474,0.113674
3,397,1475,0.113903
3,397,1475,0.113737
3,397,1475,0.114684
3,397,1475,0.112202
3,397,1475,0.113522
3,397,1475,0.117139
3,397,1475,0.113354
3,397,1475,0.113499
3,398,1476,0.114155
3,398,1476,0.113920
3,398,1476,0.109526
3,398,1476,0.117647
3,398,1476,0.118848
3,398,1476,0.113431
3,398,1476,0.114836
3,398,1476,0.114564
3,399,1477,0.114126
3,399,1477,0.113981
3,399,1477,0.114038
3,399,1477,0.113805
3,399,1477,0.115787
3,399,1477,0.115860
3,399,1477,0.112561
3,399,1477,0.114160
3,400,1478,0.115083
3,400,1478,0.114141
3,400,1478,0.114460
3,400,1478,0.114954
3,400,1478,0.113660
3,400,1478,0.112788
3,400,1478,0.108674
3,400,1478,0.118070
3,401,1479,0.109664
3,401,1479,0.115990
3,401,1479,0.115420
3,401,1479,0.113039
3,401,1479,0.114758
3,401,1479,0.121155
3,401,1479,0.116940
3,401,1479,0.113423
3,402,1480,0.118253
3,402,1480,0.113005
3,402,1480,0.111955
3,402,1480,0.119335
3,402,1480,0.113658
3,402,1480,0.115432
3,402,1480,0.117504
3,402,1480,0.113489
3,403,1481,0.116681
3,403,1481,0.110545
3,403,1481,0.116707
3,403,1481,0.115553
3,403,1481,0.114333
3,403,1481,0.112683
3,403,1481,0.112687
3,403,1481,0.113191
3,404,1482,0.112533
3,404,1482,0.116467
3,404,1482,0.117211
3,404,1482,0.115876
3,404,1482,0.115208
3,404,1482,0.117203
3,404,1482,0.119185
3,404,1482,0.114885
3,405,1483,0.114471
3,405,1483,0.112986
3,405,1483,0.117088
3,405,1483,0.115883
3,405,1483,0.119674
3,405,1483,0.119037
3,405,1483,0.119401
3,405,1483,0.115477
3,406,1484,0.113512
3,406,1484,0.118456
3,406,1484,0.112971
3,406,1484,0.115188
3,406,1484,0.118760
3,406,1484,0.114823
3,406,1484,0.117062
3,406,1484,0.114845
3,407,1485,0.113261
3,407,1485,0.113582
3,407,1485,0.116590
3,407,1485,0.117823
3,407,1485,0.117001
3,407,1485,0.114219
3,407,1485,0.112754
3,407,1485,0.117574
3,408,1486,0.115805
3,408,1486,0.119947
3,408,1486,0.115073
3,408,1486,0.117519
3,408,1486,0.117793
3,408,1486,0.115832
3,408,1486,0.118149
3,408,1486,0.113188
3,409,1487,0.113474
3,409,1487,0.115112
3,409,1487,0.115448
3,409,1487,0.111581
3,409,1487,0.115396
3,409,1487,0.115387
3,409,1487,0.111923
3,409,1487,0.114466
3,410,1488,0.114210
3,410,1488,0.114179
3,410,1488,0.111794
3,410,1488,0.112743
3,410,1488,0.112515
3,410,1488,0.113894
3,410,1488,0.113173
3,410,1488,0.115941
3,411,1489,0.112988
3,411,1489,0.115836
3,411,1489,0.116443
3,411,1489,0.115665
3,411,1489,0.113819
3,411,1489,0.113498
3,411,1489,0.114880
3,411,1489,0.114942
3,412,1490,0.113116
3,412,1490,0.113516
3,412,1490,0.113075
3,412,1490,0.114692
3,412,1490,0.112766
3,412,1490,0.111420
3,412,1490,0.112614
3,412,1490,0.115723
3,413,1491,0.113949
3,413,1491,0.116539
3,413,1491,0.118183
3,413,1491,0.115678
3,413,1491,0.114815
3,413,1491,0.111920
3,413,1491,0.114695
3,413,1491,0.111339
3,414,1492,0.114665
3,414,1492,0.112457
3,414,1492,0.115848
3,414,1492,0.111080
3,414,1492,0.117919
3,414,1492,0.112886
3,414,1492,0.114191
3,414,1492,0.120433
3,415,1493,0.116137
3,415,1493,0.114119
3,415,1493,0.112449
3,415,1493,0.114159
3,415,1493,0.112823
3,415,1493,0.113636
3,415,1493,0.113301
3,415,1493,0.112799
3,416,1494,0.114022
3,416,1494,0.121166
3,416,1494,0.112961
3,416,1494,0.116792
3,416,1494,0.111656
3,416,1494,0.115242
3,416,1494,0.116917
3,416,1494,0.114747
3,417,1495,0.113414
3,417,1495,0.123292
3,417,1495,0.114258
3,417,1495,0.122015
3,417,1495,0.113325
3,417,1495,0.114205
3,417,1495,0.115204
3,417,1495,0.118961
3,418,1496,0.113921
3,418,1496,0.117001
3,418,1496,0.114578
3,418,1496,0.111923
3,418,1496,0.114126
3,418,1496,0.116947
3,418,1496,0.115431
3,418,1496,0.111248
3,419,1497,0.110810
3,419,1497,0.114580
3,419,1497,0.116000
3,419,1497,0.112336
3,419,1497,0.116080
3,419,1497,0.116600
3,419,1497,0.116778
3,419,1497,0.118691
3,420,1498,0.114510
3,420,1498,0.117317
3,420,1498,0.113655
3,420,1498,0.115715
3,420,1498,0.114868
3,420,1498,0.111016
3,420,1498,0.117063
3,420,1498,0.111759
3,421,1499,0.115545
3,421,1499,0.114292
3,421,1499,0.114873
3,421,1499,0.117073
3,421,1499,0.117739
3,421,1499,0.110384
3,421,1499,0.114076
3,421,1499,0.115331
3,422,1500,0.112176
3,422,1500,0.116191
3,422,1500,0.118934
3,422,1500,0.115498
3,422,1500,0.118171
3,422,1500,0.112075
3,422,1500,0.115527
3,422,1500,0.115882
3,423,1501,0.123888
3,423,1501,0.118966
3,423,1501,0.117425
3,423,1501,0.115869
3,423,1501,0.114306
3,423,1501,0.115621
3,423,1501,0.113897
3,423,1501,0.115145
3,424,1502,0.115451
3,424,1502,0.117402
3,424,1502,0.117195
3,424,1502,0.113051
3,424,1502,0.113062
3,424,1502,0.115950
3,424,1502,0.111684
3,424,1502,0.113557
3,425,1503,0.114033
3,425,1503,0.113179
3,425,1503,0.116057
3,425,1503,0.113890
3,425,1503,0.111391
3,425,1503,0.111534
3,425,1503,0.114151
3,425,1503,0.113811
3,426,1504,0.116945
3,426,1504,0.116784
3,426,1504,0.113304
3,426,1504,0.116438
3,426,1504,0.114702
3,426,1504,0.112751
3,426,1504,0.115601
3,426,1504,0.114281
3,427,1505,0.112930
3,427,1505,0.113979
3,427,1505,0.119444
3,427,1505,0.113662
3,427,1505,0.118609
3,427,1505,0.114975
3,427,1505,0.115572
3,427,1505,0.114669
3,428,1506,0.115040
3,428,1506,0.111189
3,428,1506,0.115061
3,428,1506,0.116143
3,428,1506,0.116096
3,428,1506,0.114630
3,428,1506,0.114533
3,428,1506,0.116027
3,429,1507,0.112652
3,429,1507,0.111853
3,429,1507,0.114452
3,429,1507,0.115046
3,429,1507,0.114409
3,429,1507,0.112462
3,429,1507,0.117868
3,429,1507,0.115189
3,430,1508,0.116351
3,430,1508,0.117274
3,430,1508,0.117039
3,430,1508,0.111575
3,430,1508,0.114339
3,430,1508,0.115120
3,430,1508,0.112569
3,430,1508,0.114293
3,431,1509,0.112944
3,431,1509,0.116336
3,431,1509,0.117863
3,431,1509,0.115705
3,431,1509,0.115933
3,431,1509,0.114993
3,431,1509,0.114369
3,431,1509,0.115006
3,432,1510,0.116822
3,432,1510,0.115796
3,432,1510,0.113358
3,432,1510,0.115994
3,432,1510,0.112158
3,432,1510,0.115740
3,432,1510,0.116037
3,432,1510,0.120076
3,433,1511,0.114914
3,433,1511,0.112696
3,433,1511,0.112979
3,433,1511,0.115678
3,433,1511,0.120674
3,433,1511,0.115155
3,433,1511,0.112577
3,433,1511,0.114315
3,434,1512,0.114726
3,434,1512,0.113097
3,434,1512,0.113832
3,434,1512,0.113789
3,434,1512,0.113024
3,434,1512,0.116245
3,434,1512,0.113636
3,434,1512,0.114118
3,435,1513,0.119296
3,435,1513,0.111972
3,435,1513,0.113659
3,435,1513,0.112120
3,435,1513,0.114696
3,435,1513,0.111823
3,435,1513,0.112940
3,435,1513,0.114541
3,436,1514,0.118713
3,436,1514,0.116777
3,436,1514,0.116183
3,436,1514,0.109728
3,436,1514,0.113963
3,436,1514,0.114559
3,436,1514,0.115283
3,436,1514,0.111594
3,437,1515,0.119097
3,437,1515,0.114766
3,437,1515,0.113521
3,437,1515,0.114323
3,437,1515,0.113461
3,437,1515,0.113632
3,437,1515,0.113556
3,437,1515,0.115420
3,438,1516,0.112323
3,438,1516,0.115082
3,438,1516,0.114551
3,438,1516,0.115195
3,438,1516,0.113360
3,438,1516,0.113240
3,438,1516,0.116938
3,438,1516,0.112207
3,439,1517,0.114586
3,439,1517,0.116185
3,439,1517,0.109265
3,439,1517,0.112776
3,439,1517,0.113618
3,439,1517,0.115716
3,439,1517,0.118567
3,439,1517,0.114368
3,440,1518,0.114344
3,440,1518,0.118267
3,440,1518,0.113794
3,440,1518,0.120831
3,440,1518,0.115379
3,440,1518,0.112684
3,440,1518,0.114013
3,440,1518,0.114593
3,441,1519,0.112980
3,441,1519,0.116023
3,441,1519,0.113716
3,441,1519,0.114454
3,441,1519,0.116620
3,441,1519,0.115386
3,441,1519,0.114497
3,441,1519,0.119808
3,442,1520,0.113231
3,442,1520,0.116253
3,442,1520,0.113270
3,442,1520,0.122259
3,442,1520,0.112150
3,442,1520,0.115505
3,442,1520,0.113920
3,442,1520,0.116685
3,443,1521,0.113932
3,443,1521,0.117310
3,443,1521,0.112596
3,443,1521,0.117628
3,443,1521,0.115976
3,443,1521,0.114220
3,443,1521,0.111426
3,443,1521,0.114127
3,444,1522,0.112889
3,444,1522,0.114553
3,444,1522,0.113193
3,444,1522,0.114363
3,444,1522,0.113173
3,444,1522,0.114849
3,444,1522,0.115461
3,444,1522,0.116697
3,445,1523,0.111243
3,445,1523,0.118697
3,445,1523,0.116533
3,445,1523,0.117059
3,445,1523,0.115513
3,445,1523,0.113626
3,445,1523,0.117478
3,445,1523,0.112583
3,446,1524,0.113984
3,446,1524,0.116628
3,446,1524,0.112408
3,446,1524,0.116225
3,446,1524,0.119415
3,446,1524,0.112376
3,446,1524,0.113128
3,446,1524,0.111560
3,447,1525,0.117631
3,447,1525,0.122472
3,447,1525,0.111476
3,447,1525,0.121121
3,447,1525,0.116093
3,447,1525,0.111451
3,447,1525,0.117897
3,447,1525,0.114051
3,448,1526,0.110715
3,448,1526,0.114232
3,448,1526,0.110751
3,448,1526,0.112904
3,448,1526,0.114422
3,448,1526,0.119475
3,448,1526,0.115337
3,448,1526,0.119006
3,449,1527,0.112639
3,449,1527,0.116106
3,449,1527,0.117952
3,449,1527,0.116993
3,449,1527,0.116612
3,449,1527,0.114451
3,449,1527,0.113326
3,449,1527,0.115388
3,450,1528,0.113672
3,450,1528,0.113802
3,450,1528,0.118221
3,450,1528,0.111909
3,450,1528,0.114554
3,450,1528,0.112499
3,450,1528,0.118356
3,450,1528,0.113125
3,451,1529,0.113938
3,451,1529,0.116979
3,451,1529,0.114419
3,451,1529,0.115987
3,451,1529,0.113997
3,451,1529,0.115813
3,451,1529,0.116274
3,451,1529,0.115040
3,452,1530,0.116510
3,452,1530,0.114482
3,452,1530,0.117000
3,452,1530,0.112955
3,452,1530,0.115418
3,452,1530,0.113977
3,452,1530,0.115694
3,452,1530,0.113913
3,453,1531,0.115374
3,453,1531,0.114966
3,453,1531,0.114084
3,453,1531,0.115073
3,453,1531,0.116991
3,453,1531,0.115699
3,453,1531,0.113043
3,453,1531,0.113520
3,454,1532,0.113892
3,454,1532,0.117254
3,454,1532,0.117619
3,454,1532,0.113898
3,454,1532,0.121258
3,454,1532,0.113646
3,454,1532,0.117734
3,454,1532,0.115766
3,455,1533,0.114507
3,455,1533,0.112925
3,455,1533,0.113593
3,455,1533,0.111510
3,455,1533,0.115777
3,455,1533,0.114075
3,455,1533,0.115881
3,455,1533,0.117487
3,456,1534,0.114743
3,456,1534,0.118696
3,456,1534,0.116401
3,456,1534,0.117355
3,456,1534,0.109817
3,456,1534,0.114912
3,456,1534,0.112588
3,456,1534,0.111358
3,457,1535,0.116120
3,457,1535,0.112147
3,457,1535,0.114746
3,457,1535,0.117658
3,457,1535,0.115443
3,457,1535,0.114825
3,457,1535,0.112891
3,457,1535,0.115383
3,458,1536,0.113479
3,458,1536,0.114627
3,458,1536,0.113209
3,458,1536,0.116554
3,458,1536,0.117226
3,458,1536,0.112198
3,458,1536,0.115568
3,458,1536,0.113217
3,459,1537,0.116459
3,459,1537,0.120101
3,459,1537,0.114574
3,459,1537,0.113244
3,459,1537,0.112818
3,459,1537,0.117649
3,459,1537,0.113023
3,459,1537,0.113191
3,460,1538,0.113266
3,460,1538,0.117957
3,460,1538,0.113480
3,460,1538,0.115735
3,460,1538,0.116555
3,460,1538,0.113231
3,460,1538,0.114082
3,460,1538,0.120296
3,461,1539,0.116140
3,461,1539,0.117801
3,461,1539,0.113176
3,461,1539,0.116170
3,461,1539,0.112560
3,461,1539,0.116183
3,461,1539,0.117275
3,461,1539,0.117185
3,462,1540,0.119075
3,462,1540,0.115862
3,462,1540,0.117761
3,462,1540,0.112180
3,462,1540,0.117765
3,462,1540,0.115174
3,462,1540,0.110626
3,462,1540,0.116000
3,463,1541,0.121238
3,463,1541,0.116968
3,463,1541,0.115715
3,463,1541,0.113570
3,463,1541,0.120607
3,463,1541,0.116455
3,463,1541,0.116145
3,463,1541,0.117159
3,464,1542,0.110815
3,464,1542,0.113136
3,464,1542,0.114033
3,464,1542,0.113066
3,464,1542,0.116530
3,464,1542,0.115120
3,464,1542,0.115896
3,464,1542,0.120202
3,465,1543,0.114731
3,465,1543,0.115621
3,465,1543,0.114118
3,465,1543,0.112128
3,465,1543,0.113629
3,465,1543,0.116646
3,465,1543,0.116468
3,465,1543,0.112070
3,466,1544,0.114291
3,466,1544,0.120859
3,466,1544,0.112526
3,466,1544,0.114831
3,466,1544,0.115565
3,466,1544,0.113369
3,466,1544,0.117159
3,466,1544,0.115820
3,467,1545,0.114547
3,467,1545,0.113467
3,467,1545,0.120709
3,467,1545,0.115762
3,467,1545,0.114088
3,467,1545,0.112298
3,467,1545,0.113029
3,467,1545,0.116910
3,468,1546,0.113443
3,468,1546,0.113023
3,468,1546,0.118338
3,468,1546,0.113011
3,468,1546,0.113757
3,468,1546,0.114199
3,468,1546,0.113594
3,468,1546,0.111573
3,469,1547,0.113358
3,469,1547,0.115575
3,469,1547,0.115671
3,469,1547,0.112082
3,469,1547,0.113260
3,469,1547,0.116620
3,469,1547,0.115603
3,469,1547,0.111577
3,470,1548,0.115826
3,470,1548,0.113197
3,470,1548,0.118121
3,470,1548,0.112571
3,470,1548,0.113891
3,470,1548,0.118429
3,470,1548,0.114398
3,470,1548,0.112148
3,471,1549,0.113217
3,471,1549,0.114821
3,471,1549,0.113304
3,471,1549,0.116869
3,471,1549,0.119443
3,471,1549,0.113585
3,471,1549,0.115202
3,471,1549,0.113622
3,472,1550,0.115659
3,472,1550,0.114418
3,472,1550,0.121364
3,472,1550,0.114339
3,472,1550,0.113784
3,472,1550,0.112571
3,472,1550,0.116391
3,472,1550,0.116177
3,473,1551,0.112474
3,473,1551,0.117630
3,473,1551,0.118513
3,473,1551,0.112738
3,473,1551,0.116098
3,473,1551,0.113528
3,473,1551,0.119305
3,473,1551,0.111279
3,474,1552,0.115307
3,474,1552,0.114264
3,474,1552,0.115579
3,474,1552,0.114040
3,474,1552,0.114061
3,474,1552,0.113573
3,474,1552,0.115482
3,474,1552,0.116325
3,475,1553,0.112547
3,475,1553,0.114892
3,475,1553,0.118924
3,475,1553,0.118528
3,475,1553,0.114898
3,475,1553,0.120947
3,475,1553,0.113231
3,475,1553,0.117865
3,476,1554,0.119146
3,476,1554,0.113211
3,476,1554,0.115838
3,476,1554,0.116517
3,476,1554,0.111858
3,476,1554,0.121674
3,476,1554,0.113643
3,476,1554,0.115024
3,477,1555,0.114973
3,477,1555,0.111791
3,477,1555,0.114368
3,477,1555,0.119583
3,477,1555,0.114254
3,477,1555,0.115863
3,477,1555,0.120029
3,477,1555,0.117491
3,478,1556,0.117941
3,478,1556,0.117687
3,478,1556,0.115547
3,478,1556,0.115468
3,478,1556,0.114910
3,478,1556,0.114855
3,478,1556,0.112954
3,478,1556,0.115202
3,479,1557,0.114950
3,479,1557,0.112043
3,479,1557,0.113074
3,479,1557,0.114565
3,479,1557,0.118337
3,479,1557,0.116770
3,479,1557,0.116206
3,479,1557,0.117912
3,480,1558,0.115418
3,480,1558,0.113875
3,480,1558,0.116206
3,480,1558,0.114211
3,480,1558,0.114502
3,480,1558,0.110160
3,480,1558,0.113456
3,480,1558,0.115285
3,481,1559,0.115369
3,481,1559,0.113048
3,481,1559,0.112627
3,481,1559,0.114780
3,481,1559,0.116172
3,481,1559,0.111877
3,481,1559,0.115181
3,481,1559,0.113846
3,482,1560,0.116666
3,482,1560,0.111796
3,482,1560,0.117995
3,482,1560,0.116087
3,482,1560,0.112731
3,482,1560,0.112192
3,482,1560,0.117434
3,482,1560,0.116521
3,483,1561,0.115806
3,483,1561,0.114113
3,483,1561,0.112661
3,483,1561,0.114626
3,483,1561,0.112344
3,483,1561,0.116861
3,483,1561,0.113356
3,483,1561,0.114885
3,484,1562,0.114695
3,484,1562,0.115236
3,484,1562,0.113745
3,484,1562,0.113325
3,484,1562,0.115069
3,484,1562,0.119411
3,484,1562,0.114160
3,484,1562,0.114349
3,485,1563,0.114732
3,485,1563,0.112545
3,485,1563,0.112192
3,485,1563,0.115663
3,485,1563,0.116302
3,485,1563,0.117776
3,485,1563,0.112604
3,485,1563,0.114536
3,486,1564,0.112997
3,486,1564,0.114003
3,486,1564,0.115481
3,486,1564,0.113758
3,486,1564,0.119694
3,486,1564,0.119896
3,486,1564,0.111871
3,486,1564,0.118184
3,487,1565,0.116125
3,487,1565,0.113404
3,487,1565,0.113517
3,487,1565,0.113910
3,487,1565,0.116696
3,487,1565,0.113649
3,487,1565,0.119389
3,487,1565,0.112137
3,488,1566,0.116712
3,488,1566,0.117174
3,488,1566,0.116158
3,488,1566,0.114869
3,488,1566,0.114739
3,488,1566,0.112829
3,488,1566,0.112980
3,488,1566,0.111531
3,489,1567,0.113632
3,489,1567,0.115772
3,489,1567,0.112480
3,489,1567,0.115794
3,489,1567,0.112760
3,489,1567,0.114514
3,489,1567,0.112945
3,489,1567,0.110980
3,490,1568,0.122645
3,490,1568,0.116724
3,490,1568,0.115719
3,490,1568,0.118445
3,490,1568,0.113004
3,490,1568,0.112071
3,490,1568,0.110647
3,490,1568,0.114389
3,491,1569,0.120459
3,491,1569,0.116463
3,491,1569,0.115058
3,491,1569,0.113658
3,491,1569,0.112574
3,491,1569,0.111703
3,491,1569,0.113342
3,491,1569,0.116523
3,492,1570,0.112064
3,492,1570,0.114079
3,492,1570,0.119917
3,492,1570,0.116010
3,492,1570,0.113807
3,492,1570,0.115011
3,492,1570,0.125651
3,492,1570,0.117509
3,493,1571,0.121957
3,493,1571,0.110534
3,493,1571,0.112735
3,493,1571,0.114062
3,493,1571,0.111319
3,493,1571,0.112627
3,493,1571,0.111833
3,493,1571,0.115678
3,494,1572,0.113590
3,494,1572,0.113597
3,494,1572,0.116263
3,494,1572,0.114510
3,494,1572,0.116482
3,494,1572,0.115710
3,494,1572,0.115414
3,494,1572,0.112283
3,495,1573,0.113356
3,495,1573,0.118996
3,495,1573,0.113393
3,495,1573,0.113206
3,495,1573,0.112736
3,495,1573,0.111996
3,495,1573,0.117140
3,495,1573,0.112457
3,496,1574,0.113404
3,496,1574,0.113782
3,496,1574,0.111432
3,496,1574,0.114450
3,496,1574,0.112963
3,496,1574,0.115615
3,496,1574,0.112881
3,496,1574,0.113553
3,497,1575,0.117429
3,497,1575,0.116290
3,497,1575,0.112630
3,497,1575,0.117394
3,497,1575,0.110915
3,497,1575,0.114799
3,497,1575,0.117462
3,497,1575,0.111253
3,498,1576,0.114751
3,498,1576,0.115845
3,498,1576,0.113422
3,498,1576,0.115571
3,498,1576,0.113411
3,498,1576,0.115533
3,498,1576,0.114315
3,498,1576,0.116261
3,499,1577,0.114484
3,499,1577,0.117990
3,499,1577,0.112608
3,499,1577,0.116074
3,499,1577,0.115193
3,499,1577,0.113450
3,499,1577,0.117575
3,499,1577,0.119585
3,500,1578,0.114599
3,500,1578,0.116558
3,500,1578,0.119342
3,500,1578,0.115238
3,500,1578,0.120307
3,500,1578,0.113628
3,500,1578,0.115464
3,500,1578,0.112191
3,501,1579,0.112219
3,501,1579,0.117251
3,501,1579,0.115019
3,501,1579,0.111997
3,501,1579,0.110669
3,501,1579,0.112067
3,501,1579,0.115270
3,501,1579,0.114681
3,502,1580,0.114637
3,502,1580,0.117988
3,502,1580,0.111558
3,502,1580,0.111684
3,502,1580,0.113987
3,502,1580,0.118574
3,502,1580,0.113866
3,502,1580,0.119827
3,503,1581,0.114937
3,503,1581,0.116613
3,503,1581,0.111113
3,503,1581,0.117520
3,503,1581,0.113077
3,503,1581,0.116435
3,503,1581,0.118749
3,503,1581,0.118729
3,504,1582,0.116468
3,504,1582,0.114371
3,504,1582,0.115357
3,504,1582,0.112424
3,504,1582,0.114192
3,504,1582,0.111297
3,504,1582,0.113992
3,504,1582,0.113540
3,505,1583,0.116349
3,505,1583,0.120758
3,505,1583,0.115604
3,505,1583,0.115536
3,505,1583,0.111298
3,505,1583,0.113086
3,505,1583,0.119827
3,505,1583,0.114255
3,506,1584,0.114866
3,506,1584,0.115810
3,506,1584,0.112823
3,506,1584,0.113724
3,506,1584,0.115219
3,506,1584,0.116836
3,506,1584,0.117258
3,506,1584,0.113410
3,507,1585,0.114834
3,507,1585,0.113469
3,507,1585,0.113371
3,507,1585,0.116952
3,507,1585,0.114270
3,507,1585,0.111350
3,507,1585,0.119087
3,507,1585,0.115080
3,508,1586,0.116543
3,508,1586,0.115258
3,508,1586,0.114704
3,508,1586,0.115263
3,508,1586,0.113090
3,508,1586,0.116142
3,508,1586,0.116948
3,508,1586,0.112997
3,509,1587,0.114951
3,509,1587,0.109704
3,509,1587,0.114170
3,509,1587,0.117276
3,509,1587,0.113706
3,509,1587,0.111070
3,509,1587,0.113967
3,509,1587,0.113385
3,510,1588,0.116901
3,510,1588,0.118241
3,510,1588,0.115301
3,510,1588,0.119990
3,510,1588,0.112921
3,510,1588,0.115140
3,510,1588,0.114228
3,510,1588,0.121711
3,511,1589,0.114395
3,511,1589,0.114646
3,511,1589,0.114761
3,511,1589,0.113492
3,511,1589,0.115276
3,511,1589,0.111156
3,511,1589,0.112741
3,511,1589,0.111983
3,512,1590,0.112904
3,512,1590,0.114804
3,512,1590,0.114738
3,512,1590,0.112698
3,512,1590,0.119779
3,512,1590,0.118662
3,512,1590,0.112529
3,512,1590,0.116397
3,513,1591,0.115992
3,513,1591,0.111997
3,513,1591,0.118179
3,513,1591,0.113961
3,513,1591,0.113815
3,513,1591,0.117070
3,513,1591,0.114062
3,513,1591,0.114983
3,514,1592,0.113842
3,514,1592,0.114913
3,514,1592,0.112487
3,514,1592,0.114098
3,514,1592,0.120885
3,514,1592,0.118264
3,514,1592,0.112352
3,514,1592,0.114084
3,515,1593,0.115353
3,515,1593,0.122553
3,515,1593,0.118600
3,515,1593,0.116063
3,515,1593,0.117745
3,515,1593,0.113320
3,515,1593,0.113919
3,515,1593,0.114388
3,516,1594,0.115896
3,516,1594,0.117334
3,516,1594,0.120290
3,516,1594,0.120314
3,516,1594,0.118627
3,516,1594,0.117865
3,516,1594,0.114461
3,516,1594,0.114266
3,517,1595,0.113158
3,517,1595,0.115902
3,517,1595,0.114119
3,517,1595,0.115987
3,517,1595,0.114114
3,517,1595,0.116237
3,517,1595,0.117426
3,517,1595,0.111403
3,518,1596,0.115145
3,518,1596,0.112849
3,518,1596,0.116998
3,518,1596,0.115303
3,518,1596,0.114735
3,518,1596,0.114086
3,518,1596,0.114384
3,518,1596,0.112268
3,519,1597,0.113764
3,519,1597,0.114483
3,519,1597,0.117565
3,519,1597,0.115036
3,519,1597,0.114275
3,519,1597,0.109040
3,519,1597,0.117505
3,519,1597,0.109995
3,520,1598,0.114970
3,520,1598,0.110298
3,520,1598,0.113115
3,520,1598,0.115703
3,520,1598,0.115803
3,520,1598,0.111657
3,520,1598,0.119179
3,520,1598,0.113393
3,521,1599,0.116433
3,521,1599,0.110318
3,521,1599,0.113586
3,521,1599,0.112319
3,521,1599,0.114883
3,521,1599,0.115618
3,521,1599,0.113646
3,521,1599,0.116614
3,522,1600,0.118172
3,522,1600,0.114788
3,522,1600,0.118757
3,522,1600,0.115730
3,522,1600,0.114036
3,522,1600,0.113942
3,522,1600,0.113363
3,522,1600,0.116032
3,523,1601,0.113431
3,523,1601,0.114433
3,523,1601,0.114451
3,523,1601,0.111349
3,523,1601,0.121201
3,523,1601,0.115372
3,523,1601,0.113969
3,523,1601,0.114474
3,524,1602,0.114768
3,524,1602,0.116195
3,524,1602,0.112224
3,524,1602,0.114228
3,524,1602,0.113111
3,524,1602,0.114269
3,524,1602,0.112940
3,524,1602,0.114306
3,525,1603,0.114212
3,525,1603,0.117252
3,525,1603,0.112615
3,525,1603,0.113741
3,525,1603,0.114713
3,525,1603,0.115678
3,525,1603,0.115546
3,525,1603,0.113701
3,526,1604,0.115139
3,526,1604,0.113398
3,526,1604,0.116014
3,526,1604,0.117213
3,526,1604,0.113455
3,526,1604,0.113463
3,526,1604,0.112743
3,526,1604,0.113956
3,527,1605,0.113173
3,527,1605,0.114636
3,527,1605,0.117483
3,527,1605,0.114271
3,527,1605,0.116085
3,527,1605,0.112834
3,527,1605,0.113642
3,527,1605,0.113346
3,528,1606,0.112942
3,528,1606,0.117518
3,528,1606,0.116212
3,528,1606,0.115314
3,528,1606,0.111965
3,528,1606,0.114215
3,528,1606,0.116598
3,528,1606,0.114830
3,529,1607,0.114119
3,529,1607,0.113876
3,529,1607,0.120757
3,529,1607,0.112507
3,529,1607,0.111372
3,529,1607,0.113525
3,529,1607,0.113315
3,529,1607,0.121698
3,530,1608,0.114068
3,530,1608,0.115412
3,530,1608,0.113991
3,530,1608,0.111939
3,530,1608,0.113075
3,530,1608,0.116736
3,530,1608,0.113870
3,530,1608,0.114466
3,531,1609,0.115927
3,531,1609,0.113038
3,531,1609,0.114163
3,531,1609,0.110515
3,531,1609,0.111595
3,531,1609,0.116373
3,531,1609,0.109336
3,531,1609,0.114999
3,532,1610,0.117939
3,532,1610,0.113397
3,532,1610,0.116601
3,532,1610,0.115117
3,532,1610,0.110953
3,532,1610,0.114475
3,532,1610,0.119951
3,532,1610,0.117615
3,533,1611,0.116400
3,533,1611,0.115068
3,533,1611,0.110763
3,533,1611,0.114385
3,533,1611,0.116869
3,533,1611,0.115582
3,533,1611,0.111933
3,533,1611,0.116867
3,534,1612,0.113284
3,534,1612,0.119144
3,534,1612,0.116567
3,534,1612,0.111704
3,534,1612,0.114634
3,534,1612,0.122679
3,534,1612,0.112136
3,534,1612,0.110885
3,535,1613,0.115965
3,535,1613,0.122647
3,535,1613,0.114863
3,535,1613,0.118867
3,535,1613,0.115412
3,535,1613,0.122768
3,535,1613,0.118094
3,535,1613,0.120495
3,536,1614,0.115254
3,536,1614,0.115399
3,536,1614,0.115940
3,536,1614,0.114450
3,536,1614,0.117197
3,536,1614,0.114647
3,536,1614,0.112290
3,536,1614,0.113508
3,537,1615,0.113132
3,537,1615,0.112778
3,537,1615,0.114596
3,537,1615,0.116978
3,537,1615,0.119636
3,537,1615,0.118826
3,537,1615,0.111357
3,537,1615,0.114506
3,538,1616,0.109901
3,538,1616,0.110557
3,538,1616,0.115481
3,538,1616,0.116326
3,538,1616,0.120143
3,538,1616,0.118349
3,538,1616,0.116201
3,538,1616,0.117176
3,539,1617,0.114545
3,539,1617,0.115626
3,539,1617,0.113127
3,539,1617,0.117356
3,539,1617,0.113979
3,539,1617,0.112422
3,539,1617,0.112414
3,539,1617,0.113704
4,1,1618,0.113499
4,1,1618,0.115301
4,1,1618,0.115651
4,1,1618,0.114131
4,1,1618,0.114163
4,1,1618,0.112294
4,1,1618,0.117111
4,1,1618,0.112225
4,2,1619,0.117388
4,2,1619,0.117415
4,2,1619,0.116037
4,2,1619,0.119721
4,2,1619,0.113833
4,2,1619,0.114735
4,2,1619,0.118299
4,2,1619,0.115531
4,3,1620,0.115917
4,3,1620,0.114637
4,3,1620,0.115375
4,3,1620,0.115684
4,3,1620,0.115300
4,3,1620,0.116083
4,3,1620,0.114781
4,3,1620,0.115806
4,4,1621,0.112091
4,4,1621,0.115274
4,4,1621,0.115076
4,4,1621,0.112596
4,4,1621,0.113298
4,4,1621,0.112815
4,4,1621,0.113181
4,4,1621,0.111565
4,5,1622,0.115611
4,5,1622,0.116545
4,5,1622,0.113532
4,5,1622,0.117497
4,5,1622,0.113756
4,5,1622,0.114266
4,5,1622,0.115149
4,5,1622,0.117971
4,6,1623,0.121586
4,6,1623,0.119681
4,6,1623,0.112306
4,6,1623,0.115760
4,6,1623,0.117994
4,6,1623,0.115492
4,6,1623,0.114955
4,6,1623,0.113477
4,7,1624,0.111370
4,7,1624,0.117485
4,7,1624,0.114874
4,7,1624,0.113919
4,7,1624,0.115492
4,7,1624,0.117198
4,7,1624,0.117211
4,7,1624,0.113899
4,8,1625,0.115113
4,8,1625,0.117074
4,8,1625,0.114681
4,8,1625,0.114338
4,8,1625,0.117233
4,8,1625,0.114896
4,8,1625,0.115322
4,8,1625,0.116065
4,9,1626,0.116011
4,9,1626,0.114397
4,9,1626,0.115011
4,9,1626,0.116309
4,9,1626,0.115300
4,9,1626,0.113539
4,9,1626,0.116210
4,9,1626,0.116464
4,10,1627,0.112422
4,10,1627,0.115399
4,10,1627,0.114869
4,10,1627,0.113484
4,10,1627,0.116814
4,10,1627,0.117363
4,10,1627,0.115816
4,10,1627,0.116834
4,11,1628,0.115260
4,11,1628,0.114314
4,11,1628,0.112608
4,11,1628,0.116134
4,11,1628,0.112779
4,11,1628,0.116508
4,11,1628,0.115750
4,11,1628,0.115687
4,12,1629,0.117150
4,12,1629,0.113135
4,12,1629,0.118161
4,12,1629,0.118468
4,12,1629,0.113971
4,12,1629,0.116612
4,12,1629,0.113955
4,12,1629,0.112916
4,13,1630,0.115878
4,13,1630,0.116129
4,13,1630,0.114535
4,13,1630,0.118243
4,13,1630,0.114278
4,13,1630,0.116075
4,13,1630,0.113584
4,13,1630,0.113551
4,14,1631,0.113203
4,14,1631,0.113862
4,14,1631,0.114716
4,14,1631,0.111955
4,14,1631,0.121276
4,14,1631,0.113490
4,14,1631,0.112310
4,14,1631,0.112456
4,15,1632,0.115329
4,15,1632,0.112888
4,15,1632,0.114746
4,15,1632,0.112523
4,15,1632,0.113626
4,15,1632,0.114880
4,15,1632,0.114953
4,15,1632,0.112642
4,16,1633,0.116709
4,16,1633,0.113015
4,16,1633,0.109938
4,16,1633,0.112307
4,16,1633,0.114253
4,16,1633,0.116279
4,16,1633,0.115120
4,16,1633,0.114678
4,17,1634,0.114818
4,17,1634,0.115069
4,17,1634,0.113069
4,17,1634,0.114395
4,17,1634,0.113240
4,17,1634,0.115780
4,17,1634,0.112734
4,17,1634,0.118939
4,18,1635,0.113826
4,18,1635,0.112536
4,18,1635,0.115024
4,18,1635,0.113411
4,18,1635,0.118234
4,18,1635,0.113327
4,18,1635,0.113765
4,18,1635,0.120164
4,19,1636,0.114459
4,19,1636,0.116253
4,19,1636,0.112254
4,19,1636,0.118595
4,19,1636,0.117254
4,19,1636,0.112487
4,19,1636,0.115323
4,19,1636,0.111293
4,20,1637,0.117827
4,20,1637,0.119157
4,20,1637,0.116138
4,20,1637,0.112895
4,20,1637,0.115744
4,20,1637,0.118050
4,20,1637,0.116894
4,20,1637,0.116702
4,21,1638,0.109130
4,21,1638,0.117236
4,21,1638,0.114462
4,21,1638,0.123318
4,21,1638,0.114865
4,21,1638,0.115775
4,21,1638,0.119259
4,21,1638,0.114293
4,22,1639,0.114465
4,22,1639,0.117507
4,22,1639,0.118557
4,22,1639,0.112500
4,22,1639,0.112360
4,22,1639,0.115323
4,22,1639,0.111692
4,22,1639,0.115454
4,23,1640,0.114223
4,23,1640,0.117252
4,23,1640,0.114908
4,23,1640,0.118586
4,23,1640,0.114163
4,23,1640,0.115156
4,23,1640,0.121010
4,23,1640,0.111250
4,24,1641,0.115782
4,24,1641,0.113310
4,24,1641,0.113647
4,24,1641,0.118245
4,24,1641,0.114036
4,24,1641,0.114141
4,24,1641,0.113818
4,24,1641,0.112609
4,25,1642,0.115126
4,25,1642,0.115966
4,25,1642,0.112360
4,25,1642,0.117855
4,25,1642,0.113411
4,25,1642,0.114878
4,25,1642,0.113010
4,25,1642,0.116389
4,26,1643,0.113520
4,26,1643,0.115069
4,26,1643,0.115937
4,26,1643,0.115954
4,26,1643,0.117413
4,26,1643,0.112672
4,26,1643,0.114928
4,26,1643,0.113480
4,27,1644,0.114170
4,27,1644,0.117072
4,27,1644,0.114424
4,27,1644,0.113035
4,27,1644,0.114495
4,27,1644,0.113739
4,27,1644,0.115596
4,27,1644,0.115280
4,28,1645,0.110460
4,28,1645,0.119101
4,28,1645,0.110485
4,28,1645,0.114438
4,28,1645,0.114240
4,28,1645,0.114408
4,28,1645,0.113808
4,28,1645,0.114153
4,29,1646,0.115319
4,29,1646,0.112635
4,29,1646,0.115654
4,29,1646,0.119197
4,29,1646,0.113812
4,29,1646,0.113920
4,29,1646,0.117706
4,29,1646,0.112192
4,30,1647,0.117421
4,30,1647,0.112967
4,30,1647,0.116059
4,30,1647,0.115594
4,30,1647,0.115106
4,30,1647,0.115474
4,30,1647,0.116129
4,30,1647,0.119516
4,31,1648,0.116233
4,31,1648,0.119763
4,31,1648,0.114173
4,31,1648,0.114020
4,31,1648,0.115896
4,31,1648,0.118105
4,31,1648,0.118719
4,31,1648,0.116113
4,32,1649,0.113747
4,32,1649,0.115746
4,32,1649,0.118240
4,32,1649,0.113493
4,32,1649,0.117301
4,32,1649,0.115002
4,32,1649,0.110833
4,32,1649,0.116828
4,33,1650,0.111956
4,33,1650,0.116800
4,33,1650,0.115525
4,33,1650,0.113041
4,33,1650,0.115006
4,33,1650,0.115392
4,33,1650,0.117129
4,33,1650,0.114047
4,34,1651,0.113974
4,34,1651,0.115459
4,34,1651,0.117159
4,34,1651,0.115117
4,34,1651,0.121948
4,34,1651,0.114866
4,34,1651,0.112579
4,34,1651,0.113303
4,35,1652,0.116810
4,35,1652,0.113649
4,35,1652,0.114222
4,35,1652,0.112622
4,35,1652,0.113943
4,35,1652,0.113715
4,35,1652,0.117281
4,35,1652,0.118225
4,36,1653,0.114498
4,36,1653,0.117373
4,36,1653,0.113899
4,36,1653,0.112567
4,36,1653,0.115415
4,36,1653,0.116878
4,36,1653,0.114896
4,36,1653,0.114400
4,37,1654,0.115723
4,37,1654,0.116325
4,37,1654,0.114776
4,37,1654,0.118266
4,37,1654,0.119763
4,37,1654,0.112924
4,37,1654,0.115281
4,37,1654,0.113484
4,38,1655,0.114427
4,38,1655,0.118930
4,38,1655,0.116849
4,38,1655,0.114754
4,38,1655,0.113258
4,38,1655,0.113696
4,38,1655,0.116111
4,38,1655,0.112016
4,39,1656,0.113784
4,39,1656,0.114108
4,39,1656,0.112039
4,39,1656,0.115231
4,39,1656,0.112392
4,39,1656,0.114424
4,39,1656,0.112458
4,39,1656,0.113155
4,40,1657,0.115290
4,40,1657,0.115544
4,40,1657,0.116909
4,40,1657,0.114943
4,40,1657,0.115850
4,40,1657,0.113268
4,40,1657,0.115096
4,40,1657,0.113337
4,41,1658,0.114216
4,41,1658,0.116321
4,41,1658,0.114628
4,41,1658,0.116982
4,41,1658,0.110225
4,41,1658,0.114161
4,41,1658,0.112838
4,41,1658,0.118540
4,42,1659,0.114720
4,42,1659,0.114644
4,42,1659,0.113398
4,42,1659,0.117859
4,42,1659,0.117915
4,42,1659,0.113118
4,42,1659,0.114790
4,42,1659,0.113888
4,43,1660,0.111412
4,43,1660,0.118376
4,43,1660,0.119162
4,43,1660,0.112064
4,43,1660,0.113063
4,43,1660,0.112872
4,43,1660,0.115811
4,43,1660,0.114386
4,44,1661,0.119519
4,44,1661,0.111819
4,44,1661,0.113543
4,44,1661,0.112191
4,44,1661,0.115518
4,44,1661,0.112196
4,44,1661,0.115482
4,44,1661,0.118280
4,45,1662,0.115072
4,45,1662,0.114681
4,45,1662,0.113995
4,45,1662,0.112559
4,45,1662,0.113847
4,45,1662,0.114011
4,45,1662,0.115078
4,45,1662,0.114062
4,46,1663,0.116085
4,46,1663,0.117590
4,46,1663,0.116339
4,46,1663,0.115179
4,46,1663,0.119207
4,46,1663,0.112465
4,46,1663,0.112264
4,46,1663,0.115630
4,47,1664,0.121585
4,47,1664,0.112273
4,47,1664,0.114745
4,47,1664,0.113573
4,47,1664,0.112826
4,47,1664,0.116833
4,47,1664,0.110495
4,47,1664,0.116718
4,48,1665,0.110532
4,48,1665,0.113277
4,48,1665,0.115761
4,48,1665,0.113084
4,48,1665,0.113928
4,48,1665,0.117008
4,48,1665,0.116313
4,48,1665,0.112310
4,49,1666,0.110911
4,49,1666,0.116186
4,49,1666,0.112218
4,49,1666,0.113110
4,49,1666,0.114945
4,49,1666,0.111891
4,49,1666,0.113172
4,49,1666,0.112921
4,50,1667,0.112458
4,50,1667,0.111641
4,50,1667,0.111054
4,50,1667,0.112843
4,50,1667,0.120635
4,50,1667,0.116636
4,50,1667,0.117177
4,50,1667,0.116751
4,51,1668,0.115062
4,51,1668,0.113530
4,51,1668,0.114527
4,51,1668,0.112025
4,51,1668,0.117060
4,51,1668,0.114915
4,51,1668,0.115617
4,51,1668,0.116418
4,52,1669,0.120058
4,52,1669,0.114056
4,52,1669,0.113897
4,52,1669,0.117060
4,52,1669,0.117365
4,52,1669,0.115239
4,52,1669,0.113260
4,52,1669,0.115732
4,53,1670,0.114336
4,53,1670,0.115338
4,53,1670,0.114660
4,53,1670,0.113603
4,53,1670,0.115293
4,53,1670,0.112928
4,53,1670,0.112693
4,53,1670,0.113794
4,54,1671,0.110416
4,54,1671,0.111686
4,54,1671,0.117170
4,54,1671,0.112204
4,54,1671,0.116336
4,54,1671,0.114065
4,54,1671,0.116263
4,54,1671,0.115637
4,55,1672,0.114097
4,55,1672,0.118302
4,55,1672,0.116525
4,55,1672,0.119677
4,55,1672,0.115125
4,55,1672,0.112246
4,55,1672,0.113804
4,55,1672,0.113592
4,56,1673,0.115851
4,56,1673,0.114504
4,56,1673,0.114651
4,56,1673,0.118093
4,56,1673,0.114825
4,56,1673,0.115642
4,56,1673,0.111440
4,56,1673,0.115196
4,57,1674,0.113087
4,57,1674,0.118288
4,57,1674,0.112881
4,57,1674,0.115410
4,57,1674,0.118827
4,57,1674,0.112958
4,57,1674,0.115880
4,57,1674,0.115359
4,58,1675,0.115263
4,58,1675,0.113755
4,58,1675,0.117767
4,58,1675,0.119591
4,58,1675,0.115883
4,58,1675,0.116499
4,58,1675,0.112666
4,58,1675,0.113217
4,59,1676,0.115051
4,59,1676,0.117516
4,59,1676,0.114453
4,59,1676,0.115154
4,59,1676,0.115005
4,59,1676,0.112053
4,59,1676,0.114428
4,59,1676,0.115844
4,60,1677,0.114082
4,60,1677,0.117989
4,60,1677,0.115398
4,60,1677,0.113701
4,60,1677,0.114275
4,60,1677,0.114597
4,60,1677,0.116640
4,60,1677,0.113075
4,61,1678,0.116448
4,61,1678,0.118163
4,61,1678,0.113890
4,61,1678,0.113083
4,61,1678,0.112772
4,61,1678,0.117000
4,61,1678,0.112456
4,61,1678,0.114265
4,62,1679,0.120272
4,62,1679,0.112198
4,62,1679,0.115057
4,62,1679,0.117516
4,62,1679,0.115880
4,62,1679,0.110153
4,62,1679,0.112198
4,62,1679,0.116483
4,63,1680,0.115458
4,63,1680,0.118025
4,63,1680,0.110604
4,63,1680,0.113854
4,63,1680,0.117068
4,63,1680,0.116756
4,63,1680,0.115520
4,63,1680,0.114083
4,64,1681,0.110328
4,64,1681,0.116443
4,64,1681,0.111326
4,64,1681,0.115597
4,64,1681,0.113869
4,64,1681,0.116327
4,64,1681,0.111823
4,64,1681,0.110828
4,65,1682,0.115187
4,65,1682,0.114463
4,65,1682,0.116670
4,65,1682,0.112956
4,65,1682,0.113441
4,65,1682,0.115718
4,65,1682,0.117566
4,65,1682,0.115311
4,66,1683,0.110704
4,66,1683,0.113233
4,66,1683,0.112335
4,66,1683,0.112848
4,66,1683,0.114065
4,66,1683,0.118075
4,66,1683,0.114465
4,66,1683,0.115603
4,67,1684,0.115565
4,67,1684,0.117887
4,67,1684,0.114351
4,67,1684,0.117292
4,67,1684,0.116622
4,67,1684,0.114814
4,67,1684,0.113500
4,67,1684,0.111789
4,68,1685,0.113331
4,68,1685,0.114869
4,68,1685,0.113668
4,68,1685,0.114544
4,68,1685,0.113315
4,68,1685,0.110647
4,68,1685,0.115796
4,68,1685,0.112847
4,69,1686,0.114562
4,69,1686,0.112070
4,69,1686,0.111645
4,69,1686,0.116622
4,69,1686,0.115911
4,69,1686,0.114068
4,69,1686,0.114275
4,69,1686,0.113056
4,70,1687,0.119542
4,70,1687,0.114726
4,70,1687,0.116271
4,70,1687,0.112291
4,70,1687,0.113567
4,70,1687,0.116835
4,70,1687,0.114771
4,70,1687,0.114721
4,71,1688,0.113525
4,71,1688,0.114612
4,71,1688,0.120101
4,71,1688,0.111236
4,71,1688,0.114487
4,71,1688,0.114233
4,71,1688,0.115193
4,71,1688,0.112285
4,72,1689,0.120219
4,72,1689,0.112749
4,72,1689,0.114792
4,72,1689,0.114127
4,72,1689,0.114674
4,72,1689,0.112938
4,72,1689,0.114009
4,72,1689,0.115795
4,73,1690,0.114762
4,73,1690,0.115728
4,73,1690,0.114471
4,73,1690,0.110869
4,73,1690,0.114432
4,73,1690,0.119969
4,73,1690,0.116160
4,73,1690,0.113301
4,74,1691,0.115306
4,74,1691,0.114050
4,74,1691,0.116396
4,74,1691,0.114084
4,74,1691,0.117353
4,74,1691,0.112227
4,74,1691,0.115123
4,74,1691,0.117131
4,75,1692,0.114260
4,75,1692,0.116402
4,75,1692,0.112187
4,75,1692,0.121961
4,75,1692,0.117246
4,75,1692,0.111601
4,75,1692,0.117141
4,75,1692,0.111458
4,76,1693,0.112364
4,76,1693,0.115295
4,76,1693,0.113817
4,76,1693,0.114791
4,76,1693,0.112219
4,76,1693,0.112634
4,76,1693,0.114775
4,76,1693,0.115977
4,77,1694,0.112641
4,77,1694,0.112563
4,77,1694,0.118317
4,77,1694,0.113743
4,77,1694,0.112164
4,77,1694,0.113012
4,77,1694,0.115612
4,77,1694,0.114476
4,78,1695,0.112931
4,78,1695,0.112238
4,78,1695,0.112774
4,78,1695,0.119156
4,78,1695,0.111471
4,78,1695,0.112318
4,78,1695,0.113948
4,78,1695,0.114917
4,79,1696,0.116040
4,79,1696,0.115589
4,79,1696,0.116941
4,79,1696,0.113351
4,79,1696,0.119171
4,79,1696,0.111291
4,79,1696,0.114729
4,79,1696,0.111965
4,80,1697,0.115721
4,80,1697,0.116950
4,80,1697,0.119286
4,80,1697,0.112033
4,80,1697,0.117964
4,80,1697,0.114801
4,80,1697,0.114931
4,80,1697,0.120272
4,81,1698,0.112959
4,81,1698,0.113617
4,81,1698,0.120740
4,81,1698,0.112960
4,81,1698,0.113001
4,81,1698,0.115802
4,81,1698,0.116736
4,81,1698,0.115447
4,82,1699,0.124240
4,82,1699,0.115353
4,82,1699,0.114853
4,82,1699,0.114875
4,82,1699,0.114998
4,82,1699,0.115773
4,82,1699,0.111155
4,82,1699,0.114652
4,83,1700,0.113164
4,83,1700,0.112418
4,83,1700,0.115424
4,83,1700,0.112247
4,83,1700,0.116314
4,83,1700,0.112485
4,83,1700,0.112072
4,83,1700,0.113205
4,84,1701,0.113467
4,84,1701,0.112579
4,84,1701,0.113562
4,84,1701,0.116167
4,84,1701,0.114379
4,84,1701,0.112968
4,84,1701,0.113278
4,84,1701,0.117127
4,85,1702,0.114142
4,85,1702,0.113515
4,85,1702,0.117347
4,85,1702,0.112142
4,85,1702,0.114791
4,85,1702,0.117738
4,85,1702,0.112475
4,85,1702,0.115459
4,86,1703,0.112033
4,86,1703,0.112108
4,86,1703,0.113104
4,86,1703,0.112686
4,86,1703,0.118142
4,86,1703,0.113389
4,86,1703,0.111362
4,86,1703,0.119900
4,87,1704,0.115499
4,87,1704,0.116983
4,87,1704,0.124086
4,87,1704,0.114708
4,87,1704,0.114574
4,87,1704,0.112845
4,87,1704,0.114592
4,87,1704,0.114856
4,88,1705,0.114136
4,88,1705,0.114574
4,88,1705,0.118891
4,88,1705,0.116819
4,88,1705,0.114401
4,88,1705,0.114806
4,88,1705,0.114070
4,88,1705,0.112957
4,89,1706,0.115983
4,89,1706,0.112934
4,89,1706,0.114968
4,89,1706,0.112152
4,89,1706,0.115640
4,89,1706,0.113462
4,89,1706,0.116022
4,89,1706,0.116168
4,90,1707,0.117318
4,90,1707,0.113865
4,90,1707,0.113795
4,90,1707,0.115317
4,90,1707,0.120271
4,90,1707,0.112733
4,90,1707,0.114047
4,90,1707,0.114277
4,91,1708,0.111397
4,91,1708,0.116711
4,91,1708,0.114867
4,91,1708,0.113880
4,91,1708,0.115592
4,91,1708,0.114745
4,91,1708,0.115502
4,91,1708,0.113611
4,92,1709,0.114801
4,92,1709,0.119365
4,92,1709,0.113243
4,92,1709,0.114376
4,92,1709,0.113981
4,92,1709,0.117426
4,92,1709,0.118648
4,92,1709,0.113740
4,93,1710,0.114966
4,93,1710,0.117197
4,93,1710,0.118010
4,93,1710,0.112660
4,93,1710,0.112866
4,93,1710,0.116481
4,93,1710,0.111801
4,93,1710,0.117129
4,94,1711,0.116167
4,94,1711,0.115182
4,94,1711,0.112865
4,94,1711,0.112276
4,94,1711,0.115256
4,94,1711,0.115727
4,94,1711,0.119899
4,94,1711,0.113412
4,95,1712,0.118697
4,95,1712,0.118284
4,95,1712,0.115524
4,95,1712,0.112415
4,95,1712,0.114433
4,95,1712,0.116815
4,95,1712,0.111885
4,95,1712,0.113877
4,96,1713,0.115232
4,96,1713,0.117527
4,96,1713,0.111941
4,96,1713,0.113975
4,96,1713,0.111186
4,96,1713,0.115366
4,96,1713,0.116599
4,96,1713,0.113780
4,97,1714,0.116800
4,97,1714,0.119761
4,97,1714,0.112476
4,97,1714,0.115931
4,97,1714,0.109651
4,97,1714,0.112760
4,97,1714,0.113313
4,97,1714,0.114137
4,98,1715,0.116057
4,98,1715,0.113178
4,98,1715,0.121192
4,98,1715,0.114907
4,98,1715,0.114263
4,98,1715,0.113281
4,98,1715,0.117448
4,98,1715,0.111950
4,99,1716,0.119757
4,99,1716,0.118386
4,99,1716,0.114747
4,99,1716,0.113498
4,99,1716,0.112930
4,99,1716,0.117967
4,99,1716,0.114444
4,99,1716,0.112855
4,100,1717,0.112942
4,100,1717,0.117032
4,100,1717,0.112489
4,100,1717,0.114254
4,100,1717,0.117793
4,100,1717,0.115404
4,100,1717,0.114350
4,100,1717,0.109232
4,101,1718,0.115107
4,101,1718,0.115563
4,101,1718,0.110433
4,101,1718,0.114424
4,101,1718,0.111982
4,101,1718,0.113913
4,101,1718,0.116814
4,101,1718,0.117747
4,102,1719,0.113257
4,102,1719,0.113152
4,102,1719,0.113389
4,102,1719,0.115869
4,102,1719,0.117101
4,102,1719,0.118950
4,102,1719,0.113626
4,102,1719,0.111191
4,103,1720,0.110767
4,103,1720,0.111977
4,103,1720,0.112797
4,103,1720,0.112385
4,103,1720,0.118894
4,103,1720,0.112996
4,103,1720,0.115927
4,103,1720,0.116115
4,104,1721,0.111424
4,104,1721,0.114068
4,104,1721,0.116703
4,104,1721,0.114794
4,104,1721,0.117478
4,104,1721,0.114028
4,104,1721,0.112069
4,104,1721,0.114704
4,105,1722,0.115419
4,105,1722,0.113975
4,105,1722,0.114267
4,105,1722,0.112933
4,105,1722,0.111385
4,105,1722,0.112218
4,105,1722,0.113669
4,105,1722,0.113639
4,106,1723,0.115330
4,106,1723,0.113465
4,106,1723,0.112763
4,106,1723,0.117149
4,106,1723,0.114859
4,106,1723,0.113906
4,106,1723,0.114056
4,106,1723,0.113998
4,107,1724,0.117209
4,107,1724,0.110674
4,107,1724,0.115708
4,107,1724,0.114594
4,107,1724,0.111422
4,107,1724,0.117908
4,107,1724,0.114732
4,107,1724,0.114183
4,108,1725,0.119373
4,108,1725,0.121382
4,108,1725,0.116340
4,108,1725,0.113068
4,108,1725,0.113822
4,108,1725,0.118634
4,108,1725,0.111210
4,108,1725,0.112315
4,109,1726,0.113571
4,109,1726,0.117387
4,109,1726,0.115775
4,109,1726,0.113126
4,109,1726,0.110216
4,109,1726,0.115516
4,109,1726,0.115130
4,109,1726,0.121894
4,110,1727,0.118474
4,110,1727,0.114194
4,110,1727,0.113155
4,110,1727,0.113905
4,110,1727,0.110472
4,110,1727,0.113253
4,110,1727,0.114447
4,110,1727,0.114575
4,111,1728,0.115461
4,111,1728,0.117727
4,111,1728,0.113553
4,111,1728,0.114931
4,111,1728,0.117295
4,111,1728,0.114423
4,111,1728,0.113044
4,111,1728,0.115980
4,112,1729,0.111698
4,112,1729,0.111647
4,112,1729,0.116880
4,112,1729,0.116028
4,112,1729,0.114775
4,112,1729,0.111394
4,112,1729,0.116120
4,112,1729,0.114807
4,113,1730,0.113489
4,113,1730,0.114556
4,113,1730,0.113358
4,113,1730,0.117026
4,113,1730,0.112263
4,113,1730,0.111483
4,113,1730,0.114085
4,113,1730,0.114573
4,114,1731,0.113966
4,114,1731,0.115788
4,114,1731,0.113945
4,114,1731,0.114871
4,114,1731,0.119318
4,114,1731,0.116886
4,114,1731,0.116791
4,114,1731,0.116464
4,115,1732,0.117743
4,115,1732,0.117859
4,115,1732,0.114973
4,115,1732,0.120251
4,115,1732,0.113396
4,115,1732,0.113255
4,115,1732,0.114272
4,115,1732,0.115362
4,116,1733,0.112618
4,116,1733,0.112403
4,116,1733,0.115773
4,116,1733,0.115677
4,116,1733,0.111943
4,116,1733,0.115108
4,116,1733,0.117292
4,116,1733,0.114294
4,117,1734,0.115078
4,117,1734,0.117073
4,117,1734,0.113009
4,117,1734,0.115007
4,117,1734,0.118135
4,117,1734,0.115047
4,117,1734,0.114554
4,117,1734,0.117435
4,118,1735,0.114577
4,118,1735,0.112980
4,118,1735,0.115167
4,118,1735,0.115888
4,118,1735,0.116049
4,118,1735,0.112740
4,118,1735,0.114877
4,118,1735,0.111770
4,119,1736,0.119858
4,119,1736,0.117097
4,119,1736,0.116490
4,119,1736,0.114612
4,119,1736,0.117478
4,119,1736,0.115201
4,119,1736,0.116132
4,119,1736,0.113717
4,120,1737,0.113399
4,120,1737,0.114797
4,120,1737,0.112141
4,120,1737,0.117087
4,120,1737,0.116117
4,120,1737,0.114303
4,120,1737,0.114818
4,120,1737,0.115238
4,121,1738,0.115234
4,121,1738,0.112072
4,121,1738,0.115595
4,121,1738,0.111914
4,121,1738,0.116520
4,121,1738,0.113722
4,121,1738,0.117747
4,121,1738,0.118711
4,122,1739,0.112270
4,122,1739,0.112917
4,122,1739,0.111242
4,122,1739,0.113231
4,122,1739,0.115415
4,122,1739,0.112609
4,122,1739,0.113753
4,122,1739,0.118144
4,123,1740,0.116053
4,123,1740,0.110516
4,123,1740,0.113811
4,123,1740,0.118417
4,123,1740,0.113403
4,123,1740,0.116850
4,123,1740,0.110700
4,123,1740,0.116577
4,124,1741,0.116788
4,124,1741,0.117487
4,124,1741,0.113884
4,124,1741,0.114942
4,124,1741,0.112547
4,124,1741,0.115198
4,124,1741,0.112626
4,124,1741,0.115201
4,125,1742,0.112677
4,125,1742,0.118680
4,125,1742,0.117239
4,125,1742,0.124595
4,125,1742,0.112957
4,125,1742,0.116018
4,125,1742,0.113168
4,125,1742,0.117562
4,126,1743,0.115972
4,126,1743,0.113711
4,126,1743,0.112135
4,126,1743,0.112935
4,126,1743,0.118529
4,126,1743,0.116659
4,126,1743,0.111653
4,126,1743,0.115975
4,127,1744,0.116648
4,127,1744,0.114468
4,127,1744,0.113920
4,127,1744,0.115401
4,127,1744,0.112871
4,127,1744,0.113180
4,127,1744,0.112436
4,127,1744,0.113301
4,128,1745,0.113753
4,128,1745,0.113294
4,128,1745,0.113508
4,128,1745,0.112143
4,128,1745,0.115278
4,128,1745,0.115974
4,128,1745,0.123693
4,128,1745,0.111302
4,129,1746,0.113578
4,129,1746,0.117176
4,129,1746,0.116842
4,129,1746,0.114073
4,129,1746,0.115879
4,129,1746,0.115313
4,129,1746,0.119787
4,129,1746,0.116158
4,130,1747,0.116074
4,130,1747,0.118370
4,130,1747,0.113511
4,130,1747,0.115378
4,130,1747,0.114319
4,130,1747,0.115771
4,130,1747,0.114535
4,130,1747,0.112416
4,131,1748,0.117111
4,131,1748,0.115010
4,131,1748,0.114453
4,131,1748,0.117766
4,131,1748,0.114152
4,131,1748,0.113676
4,131,1748,0.113672
4,131,1748,0.111796
4,132,1749,0.114784
4,132,1749,0.118269
4,132,1749,0.113131
4,132,1749,0.112522
4,132,1749,0.115616
4,132,1749,0.112308
4,132,1749,0.118878
4,132,1749,0.113512
4,133,1750,0.115944
4,133,1750,0.113312
4,133,1750,0.117137
4,133,1750,0.113336
4,133,1750,0.118386
4,133,1750,0.114835
4,133,1750,0.114263
4,133,1750,0.121370
4,134,1751,0.118081
4,134,1751,0.112317
4,134,1751,0.113086
4,134,1751,0.116451
4,134,1751,0.112900
4,134,1751,0.115140
4,134,1751,0.116189
4,134,1751,0.113212
4,135,1752,0.113668
4,135,1752,0.116092
4,135,1752,0.114841
4,135,1752,0.116536
4,135,1752,0.112793
4,135,1752,0.116512
4,135,1752,0.121848
4,135,1752,0.113449
4,136,1753,0.116363
4,136,1753,0.113448
4,136,1753,0.114422
4,136,1753,0.111563
4,136,1753,0.114849
4,136,1753,0.113459
4,136,1753,0.117001
4,136,1753,0.116508
4,137,1754,0.116282
4,137,1754,0.116141
4,137,1754,0.118364
4,137,1754,0.117558
4,137,1754,0.113628
4,137,1754,0.114747
4,137,1754,0.117540
4,137,1754,0.115676
4,138,1755,0.110497
4,138,1755,0.115880
4,138,1755,0.113018
4,138,1755,0.116240
4,138,1755,0.112398
4,138,1755,0.113998
4,138,1755,0.113206
4,138,1755,0.115845
4,139,1756,0.111663
4,139,1756,0.114660
4,139,1756,0.114400
4,139,1756,0.115516
4,139,1756,0.115415
4,139,1756,0.115592
4,139,1756,0.112696
4,139,1756,0.114701
4,140,1757,0.114561
4,140,1757,0.111761
4,140,1757,0.112284
4,140,1757,0.120108
4,140,1757,0.113353
4,140,1757,0.113265
4,140,1757,0.116988
4,140,1757,0.114830
4,141,1758,0.116718
4,141,1758,0.113577
4,141,1758,0.114814
4,141,1758,0.113715
4,141,1758,0.116656
4,141,1758,0.112142
4,141,1758,0.115625
4,141,1758,0.115516
4,142,1759,0.116178
4,142,1759,0.114206
4,142,1759,0.113939
4,142,1759,0.114726
4,142,1759,0.112071
4,142,1759,0.121034
4,142,1759,0.113324
4,142,1759,0.116077
4,143,1760,0.116903
4,143,1760,0.112316
4,143,1760,0.116289
4,143,1760,0.113556
4,143,1760,0.113264
4,143,1760,0.116776
4,143,1760,0.112433
4,143,1760,0.115739
4,144,1761,0.112660
4,144,1761,0.113881
4,144,1761,0.115107
4,144,1761,0.115548
4,144,1761,0.115162
4,144,1761,0.115428
4,144,1761,0.114590
4,144,1761,0.116197
4,145,1762,0.111935
4,145,1762,0.117884
4,145,1762,0.114496
4,145,1762,0.114172
4,145,1762,0.113522
4,145,1762,0.115658
4,145,1762,0.110951
4,145,1762,0.111861
4,146,1763,0.114003
4,146,1763,0.112930
4,146,1763,0.118092
4,146,1763,0.117493
4,146,1763,0.112365
4,146,1763,0.114744
4,146,1763,0.116347
4,146,1763,0.120634
4,147,1764,0.112205
4,147,1764,0.114787
4,147,1764,0.114553
4,147,1764,0.113231
4,147,1764,0.114358
4,147,1764,0.114869
4,147,1764,0.115688
4,147,1764,0.118459
4,148,1765,0.116147
4,148,1765,0.117801
4,148,1765,0.122581
4,148,1765,0.114096
4,148,1765,0.112663
4,148,1765,0.116057
4,148,1765,0.115393
4,148,1765,0.117678
4,149,1766,0.109983
4,149,1766,0.113329
4,149,1766,0.115940
4,149,1766,0.112477
4,149,1766,0.115030
4,149,1766,0.115442
4,149,1766,0.112617
4,149,1766,0.112200
4,150,1767,0.114912
4,150,1767,0.119116
4,150,1767,0.114338
4,150,1767,0.115632
4,150,1767,0.116679
4,150,1767,0.112996
4,150,1767,0.112304
4,150,1767,0.116413
4,151,1768,0.119477
4,151,1768,0.118052
4,151,1768,0.115256
4,151,1768,0.114492
4,151,1768,0.117371
4,151,1768,0.116000
4,151,1768,0.114013
4,151,1768,0.112045
4,152,1769,0.119173
4,152,1769,0.113682
4,152,1769,0.114583
4,152,1769,0.112988
4,152,1769,0.113298
4,152,1769,0.115259
4,152,1769,0.115754
4,152,1769,0.111149
4,153,1770,0.113389
4,153,1770,0.118798
4,153,1770,0.112304
4,153,1770,0.113797
4,153,1770,0.111557
4,153,1770,0.113441
4,153,1770,0.110121
4,153,1770,0.115708
4,154,1771,0.110470
4,154,1771,0.111892
4,154,1771,0.113476
4,154,1771,0.117102
4,154,1771,0.114715
4,154,1771,0.113399
4,154,1771,0.116403
4,154,1771,0.115899
4,155,1772,0.113556
4,155,1772,0.114821
4,155,1772,0.115000
4,155,1772,0.120328
4,155,1772,0.113888
4,155,1772,0.115906
4,155,1772,0.113207
4,155,1772,0.113996
4,156,1773,0.112043
4,156,1773,0.113230
4,156,1773,0.115620
4,156,1773,0.114325
4,156,1773,0.117841
4,156,1773,0.112679
4,156,1773,0.118581
4,156,1773,0.114432
4,157,1774,0.116178
4,157,1774,0.115166
4,157,1774,0.120269
4,157,1774,0.113926
4,157,1774,0.116523
4,157,1774,0.113770
4,157,1774,0.113330
4,157,1774,0.117460
4,158,1775,0.114903
4,158,1775,0.110661
4,158,1775,0.115004
4,158,1775,0.114843
4,158,1775,0.113409
4,158,1775,0.117650
4,158,1775,0.111241
4,158,1775,0.114259
4,159,1776,0.122051
4,159,1776,0.114278
4,159,1776,0.112693
4,159,1776,0.116050
4,159,1776,0.114054
4,159,1776,0.113719
4,159,1776,0.119538
4,159,1776,0.115052
4,160,1777,0.114118
4,160,1777,0.113671
4,160,1777,0.111914
4,160,1777,0.114081
4,160,1777,0.109730
4,160,1777,0.114587
4,160,1777,0.111800
4,160,1777,0.113785
4,161,1778,0.113787
4,161,1778,0.114100
4,161,1778,0.114818
4,161,1778,0.115704
4,161,1778,0.115398
4,161,1778,0.118359
4,161,1778,0.114067
4,161,1778,0.111496
4,162,1779,0.116524
4,162,1779,0.116681
4,162,1779,0.112042
4,162,1779,0.114894
4,162,1779,0.112720
4,162,1779,0.116453
4,162,1779,0.115385
4,162,1779,0.113771
4,163,1780,0.117056
4,163,1780,0.117639
4,163,1780,0.114581
4,163,1780,0.111146
4,163,1780,0.114562
4,163,1780,0.114219
4,163,1780,0.118831
4,163,1780,0.112219
4,164,1781,0.111196
4,164,1781,0.116061
4,164,1781,0.117805
4,164,1781,0.114336
4,164,1781,0.117665
4,164,1781,0.113068
4,164,1781,0.115294
4,164,1781,0.113768
4,165,1782,0.117762
4,165,1782,0.112177
4,165,1782,0.114845
4,165,1782,0.116765
4,165,1782,0.115284
4,165,1782,0.115915
4,165,1782,0.114636
4,165,1782,0.111531
4,166,1783,0.119041
4,166,1783,0.112916
4,166,1783,0.117405
4,166,1783,0.116223
4,166,1783,0.114320
4,166,1783,0.111810
4,166,1783,0.115204
4,166,1783,0.114269
4,167,1784,0.113704
4,167,1784,0.114232
4,167,1784,0.115732
4,167,1784,0.111555
4,167,1784,0.109948
4,167,1784,0.114472
4,167,1784,0.115095
4,167,1784,0.111129
4,168,1785,0.113880
4,168,1785,0.113502
4,168,1785,0.118656
4,168,1785,0.114397
4,168,1785,0.115402
4,168,1785,0.114242
4,168,1785,0.114142
4,168,1785,0.114053
4,169,1786,0.113056
4,169,1786,0.110617
4,169,1786,0.115338
4,169,1786,0.111463
4,169,1786,0.118270
4,169,1786,0.114730
4,169,1786,0.114464
4,169,1786,0.113663
4,170,1787,0.112759
4,170,1787,0.118186
4,170,1787,0.112810
4,170,1787,0.115983
4,170,1787,0.118445
4,170,1787,0.112576
4,170,1787,0.113332
4,170,1787,0.114269
4,171,1788,0.113447
4,171,1788,0.115164
4,171,1788,0.113918
4,171,1788,0.114542
4,171,1788,0.112854
4,171,1788,0.113844
4,171,1788,0.113272
4,171,1788,0.115091
4,172,1789,0.115974
4,172,1789,0.114228
4,172,1789,0.116240
4,172,1789,0.114373
4,172,1789,0.119172
4,172,1789,0.116776
4,172,1789,0.111667
4,172,1789,0.114615
4,173,1790,0.113632
4,173,1790,0.112096
4,173,1790,0.114874
4,173,1790,0.113214
4,173,1790,0.113684
4,173,1790,0.115409
4,173,1790,0.119039
4,173,1790,0.112871
4,174,1791,0.110193
4,174,1791,0.115828
4,174,1791,0.116337
4,174,1791,0.114371
4,174,1791,0.112210
4,174,1791,0.112984
4,174,1791,0.113749
4,174,1791,0.114592
4,175,1792,0.114105
4,175,1792,0.117840
4,175,1792,0.114136
4,175,1792,0.114866
4,175,1792,0.119230
4,175,1792,0.116604
4,175,1792,0.113395
4,175,1792,0.112143
4,176,1793,0.113559
4,176,1793,0.117004
4,176,1793,0.113257
4,176,1793,0.111849
4,176,1793,0.115027
4,176,1793,0.117687
4,176,1793,0.117655
4,176,1793,0.116113
4,177,1794,0.115427
4,177,1794,0.113661
4,177,1794,0.111687
4,177,1794,0.111903
4,177,1794,0.120139
4,177,1794,0.115712
4,177,1794,0.119176
4,177,1794,0.115493
4,178,1795,0.112945
4,178,1795,0.111213
4,178,1795,0.113325
4,178,1795,0.119638
4,178,1795,0.113889
4,178,1795,0.113034
4,178,1795,0.114012
4,178,1795,0.115670
4,179,1796,0.116821
4,179,1796,0.116554
4,179,1796,0.110982
4,179,1796,0.113120
4,179,1796,0.113406
4,179,1796,0.115411
4,179,1796,0.110912
4,179,1796,0.113630
4,180,1797,0.115115
4,180,1797,0.118329
4,180,1797,0.120610
4,180,1797,0.119676
4,180,1797,0.113089
4,180,1797,0.116203
4,180,1797,0.114929
4,180,1797,0.118601
4,181,1798,0.112012
4,181,1798,0.112599
4,181,1798,0.113918
4,181,1798,0.110062
4,181,1798,0.114298
4,181,1798,0.113573
4,181,1798,0.115467
4,181,1798,0.114056
4,182,1799,0.116152
4,182,1799,0.114285
4,182,1799,0.114275
4,182,1799,0.114844
4,182,1799,0.115810
4,182,1799,0.116478
4,182,1799,0.114714
4,182,1799,0.113875
4,183,1800,0.113784
4,183,1800,0.117204
4,183,1800,0.113336
4,183,1800,0.111355
4,183,1800,0.112231
4,183,1800,0.113469
4,183,1800,0.115385
4,183,1800,0.112127
4,184,1801,0.117662
4,184,1801,0.116080
4,184,1801,0.115672
4,184,1801,0.111888
4,184,1801,0.113054
4,184,1801,0.112994
4,184,1801,0.112986
4,184,1801,0.111372
4,185,1802,0.110643
4,185,1802,0.116729
4,185,1802,0.114374
4,185,1802,0.115641
4,185,1802,0.112569
4,185,1802,0.113889
4,185,1802,0.112884
4,185,1802,0.118299
4,186,1803,0.114229
4,186,1803,0.117847
4,186,1803,0.111816
4,186,1803,0.120579
4,186,1803,0.116475
4,186,1803,0.114837
4,186,1803,0.113700
4,186,1803,0.116465
4,187,1804,0.116340
4,187,1804,0.115507
4,187,1804,0.119383
4,187,1804,0.111165
4,187,1804,0.115046
4,187,1804,0.119483
4,187,1804,0.114415
4,187,1804,0.115945
4,188,1805,0.115239
4,188,1805,0.113167
4,188,1805,0.111650
4,188,1805,0.117878
4,188,1805,0.113826
4,188,1805,0.112388
4,188,1805,0.114257
4,188,1805,0.118093
4,189,1806,0.114513
4,189,1806,0.114895
4,189,1806,0.115184
4,189,1806,0.113141
4,189,1806,0.113151
4,189,1806,0.111625
4,189,1806,0.117047
4,189,1806,0.118925
4,190,1807,0.111625
4,190,1807,0.114657
4,190,1807,0.118054
4,190,1807,0.114814
4,190,1807,0.114438
4,190,1807,0.114330
4,190,1807,0.113657
4,190,1807,0.114045
4,191,1808,0.112425
4,191,1808,0.115038
4,191,1808,0.114521
4,191,1808,0.116119
4,191,1808,0.115841
4,191,1808,0.117165
4,191,1808,0.117861
4,191,1808,0.110726
4,192,1809,0.113240
4,192,1809,0.115842
4,192,1809,0.110369
4,192,1809,0.115392
4,192,1809,0.115616
4,192,1809,0.110428
4,192,1809,0.115332
4,192,1809,0.111746
4,193,1810,0.113314
4,193,1810,0.113531
4,193,1810,0.112146
4,193,1810,0.111356
4,193,1810,0.115766
4,193,1810,0.117441
4,193,1810,0.116179
4,193,1810,0.117888
4,194,1811,0.113664
4,194,1811,0.112368
4,194,1811,0.115226
4,194,1811,0.114270
4,194,1811,0.116379
4,194,1811,0.114032
4,194,1811,0.118172
4,194,1811,0.118014
4,195,1812,0.115186
4,195,1812,0.115304
4,195,1812,0.112968
4,195,1812,0.113756
4,195,1812,0.115910
4,195,1812,0.117129
4,195,1812,0.114595
4,195,1812,0.114562
4,196,1813,0.114608
4,196,1813,0.112508
4,196,1813,0.119183
4,196,1813,0.114382
4,196,1813,0.113320
4,196,1813,0.114403
4,196,1813,0.115137
4,196,1813,0.115056
4,197,1814,0.114700
4,197,1814,0.118309
4,197,1814,0.120270
4,197,1814,0.111692
4,197,1814,0.115108
4,197,1814,0.112854
4,197,1814,0.114307
4,197,1814,0.117360
4,198,1815,0.113550
4,198,1815,0.113424
4,198,1815,0.118031
4,198,1815,0.111313
4,198,1815,0.114162
4,198,1815,0.113436
4,198,1815,0.115136
4,198,1815,0.114560
4,199,1816,0.114506
4,199,1816,0.118634
4,199,1816,0.113733
4,199,1816,0.116530
4,199,1816,0.115176
4,199,1816,0.115771
4,199,1816,0.115126
4,199,1816,0.111708
4,200,1817,0.115740
4,200,1817,0.113999
4,200,1817,0.115894
4,200,1817,0.112988
4,200,1817,0.115497
4,200,1817,0.114245
4,200,1817,0.111822
4,200,1817,0.115214
4,201,1818,0.114237
4,201,1818,0.113684
4,201,1818,0.116389
4,201,1818,0.114289
4,201,1818,0.112198
4,201,1818,0.112438
4,201,1818,0.114694
4,201,1818,0.113540
4,202,1819,0.113467
4,202,1819,0.114634
4,202,1819,0.115306
4,202,1819,0.112864
4,202,1819,0.110884
4,202,1819,0.114376
4,202,1819,0.111971
4,202,1819,0.113424
4,203,1820,0.118513
4,203,1820,0.118931
4,203,1820,0.112749
4,203,1820,0.118189
4,203,1820,0.113296
4,203,1820,0.120533
4,203,1820,0.116565
4,203,1820,0.113765
4,204,1821,0.115193
4,204,1821,0.112717
4,204,1821,0.115056
4,204,1821,0.112967
4,204,1821,0.110269
4,204,1821,0.114226
4,204,1821,0.113622
4,204,1821,0.115197
4,205,1822,0.117861
4,205,1822,0.114789
4,205,1822,0.120134
4,205,1822,0.111614
4,205,1822,0.113791
4,205,1822,0.115535
4,205,1822,0.113729
4,205,1822,0.112993
4,206,1823,0.117305
4,206,1823,0.114048
4,206,1823,0.121775
4,206,1823,0.114736
4,206,1823,0.112342
4,206,1823,0.114360
4,206,1823,0.112600
4,206,1823,0.118462
4,207,1824,0.114530
4,207,1824,0.114612
4,207,1824,0.115505
4,207,1824,0.113888
4,207,1824,0.112512
4,207,1824,0.114498
4,207,1824,0.116682
4,207,1824,0.115680
4,208,1825,0.118453
4,208,1825,0.116648
4,208,1825,0.115921
4,208,1825,0.114933
4,208,1825,0.113934
4,208,1825,0.118352
4,208,1825,0.116049
4,208,1825,0.115851
4,209,1826,0.112746
4,209,1826,0.115376
4,209,1826,0.115635
4,209,1826,0.113764
4,209,1826,0.114167
4,209,1826,0.113565
4,209,1826,0.115797
4,209,1826,0.115239
4,210,1827,0.118458
4,210,1827,0.114904
4,210,1827,0.111282
4,210,1827,0.118842
4,210,1827,0.114678
4,210,1827,0.114337
4,210,1827,0.114744
4,210,1827,0.115311
4,211,1828,0.114405
4,211,1828,0.115309
4,211,1828,0.115583
4,211,1828,0.112260
4,211,1828,0.115213
4,211,1828,0.114666
4,211,1828,0.114170
4,211,1828,0.112736
4,212,1829,0.118420
4,212,1829,0.118368
4,212,1829,0.111141
4,212,1829,0.115270
4,212,1829,0.114002
4,212,1829,0.113784
4,212,1829,0.111999
4,212,1829,0.114339
4,213,1830,0.115605
4,213,1830,0.114047
4,213,1830,0.115838
4,213,1830,0.118771
4,213,1830,0.112702
4,213,1830,0.118745
4,213,1830,0.113846
4,213,1830,0.115448
4,214,1831,0.115809
4,214,1831,0.117366
4,214,1831,0.113750
4,214,1831,0.113777
4,214,1831,0.113710
4,214,1831,0.114759
4,214,1831,0.115092
4,214,1831,0.115061
4,215,1832,0.110227
4,215,1832,0.114140
4,215,1832,0.115452
4,215,1832,0.117059
4,215,1832,0.114237
4,215,1832,0.113192
4,215,1832,0.114675
4,215,1832,0.119618
4,216,1833,0.112512
4,216,1833,0.116074
4,216,1833,0.116081
4,216,1833,0.117152
4,216,1833,0.112650
4,216,1833,0.114359
4,216,1833,0.116040
4,216,1833,0.113611
4,217,1834,0.114983
4,217,1834,0.115088
4,217,1834,0.119508
4,217,1834,0.117481
4,217,1834,0.114845
4,217,1834,0.111873
4,217,1834,0.116613
4,217,1834,0.110162
4,218,1835,0.110913
4,218,1835,0.115444
4,218,1835,0.115751
4,218,1835,0.113142
4,218,1835,0.115691
4,218,1835,0.115793
4,218,1835,0.114238
4,218,1835,0.111899
4,219,1836,0.118362
4,219,1836,0.117421
4,219,1836,0.119507
4,219,1836,0.117942
4,219,1836,0.115372
4,219,1836,0.116174
4,219,1836,0.112994
4,219,1836,0.114385
4,220,1837,0.113325
4,220,1837,0.118698
4,220,1837,0.112467
4,220,1837,0.117619
4,220,1837,0.116148
4,220,1837,0.115714
4,220,1837,0.119015
4,220,1837,0.117423
4,221,1838,0.116073
4,221,1838,0.115163
4,221,1838,0.114113
4,221,1838,0.114848
4,221,1838,0.121458
4,221,1838,0.116346
4,221,1838,0.119511
4,221,1838,0.119131
4,222,1839,0.114441
4,222,1839,0.113814
4,222,1839,0.115221
4,222,1839,0.113157
4,222,1839,0.116272
4,222,1839,0.115602
4,222,1839,0.114882
4,222,1839,0.116256
4,223,1840,0.114027
4,223,1840,0.114963
4,223,1840,0.114269
4,223,1840,0.116966
4,223,1840,0.115020
4,223,1840,0.118907
4,223,1840,0.118790
4,223,1840,0.112316
4,224,1841,0.119993
4,224,1841,0.112757
4,224,1841,0.112476
4,224,1841,0.114028
4,224,1841,0.110546
4,224,1841,0.117638
4,224,1841,0.116944
4,224,1841,0.116860
4,225,1842,0.116398
4,225,1842,0.116819
4,225,1842,0.120441
4,225,1842,0.114196
4,225,1842,0.111316
4,225,1842,0.113639
4,225,1842,0.111976
4,225,1842,0.122225
4,226,1843,0.117741
4,226,1843,0.112656
4,226,1843,0.115408
4,226,1843,0.117653
4,226,1843,0.115207
4,226,1843,0.113314
4,226,1843,0.117936
4,226,1843,0.113707
4,227,1844,0.112370
4,227,1844,0.114392
4,227,1844,0.113106
4,227,1844,0.112175
4,227,1844,0.112072
4,227,1844,0.113474
4,227,1844,0.113190
4,227,1844,0.117898
4,228,1845,0.115429
4,228,1845,0.114695
4,228,1845,0.110815
4,228,1845,0.112702
4,228,1845,0.115767
4,228,1845,0.111495
4,228,1845,0.114006
4,228,1845,0.116139
4,229,1846,0.115982
4,229,1846,0.122826
4,229,1846,0.112633
4,229,1846,0.114540
4,229,1846,0.118275
4,229,1846,0.118329
4,229,1846,0.115733
4,229,1846,0.113166
4,230,1847,0.114137
4,230,1847,0.112039
4,230,1847,0.113747
4,230,1847,0.112330
4,230,1847,0.114422
4,230,1847,0.113474
4,230,1847,0.112440
4,230,1847,0.112516
4,231,1848,0.116714
4,231,1848,0.116038
4,231,1848,0.113018
4,231,1848,0.114067
4,231,1848,0.114046
4,231,1848,0.114917
4,231,1848,0.112111
4,231,1848,0.112068
4,232,1849,0.111998
4,232,1849,0.112282
4,232,1849,0.114468
4,232,1849,0.116199
4,232,1849,0.111536
4,232,1849,0.116042
4,232,1849,0.113913
4,232,1849,0.112312
4,233,1850,0.115235
4,233,1850,0.118379
4,233,1850,0.114184
4,233,1850,0.109958
4,233,1850,0.112369
4,233,1850,0.112184
4,233,1850,0.114300
4,233,1850,0.116008
4,234,1851,0.111818
4,234,1851,0.112187
4,234,1851,0.115333
4,234,1851,0.120810
4,234,1851,0.113064
4,234,1851,0.114475
4,234,1851,0.112244
4,234,1851,0.115753
4,235,1852,0.121889
4,235,1852,0.115957
4,235,1852,0.115240
4,235,1852,0.113645
4,235,1852,0.120448
4,235,1852,0.117197
4,235,1852,0.111926
4,235,1852,0.115667
4,236,1853,0.115087
4,236,1853,0.117520
4,236,1853,0.111923
4,236,1853,0.114552
4,236,1853,0.117543
4,236,1853,0.114750
4,236,1853,0.115473
4,236,1853,0.112730
4,237,1854,0.114122
4,237,1854,0.111928
4,237,1854,0.114807
4,237,1854,0.115387
4,237,1854,0.113065
4,237,1854,0.114028
4,237,1854,0.112690
4,237,1854,0.112656
4,238,1855,0.109761
4,238,1855,0.113095
4,238,1855,0.112010
4,238,1855,0.114836
4,238,1855,0.111823
4,238,1855,0.118137
4,238,1855,0.112704
4,238,1855,0.114103
4,239,1856,0.113990
4,239,1856,0.111549
4,239,1856,0.115611
4,239,1856,0.116472
4,239,1856,0.116178
4,239,1856,0.118131
4,239,1856,0.112380
4,239,1856,0.113264
4,240,1857,0.116552
4,240,1857,0.116179
4,240,1857,0.115221
4,240,1857,0.113504
4,240,1857,0.111584
4,240,1857,0.114081
4,240,1857,0.114660
4,240,1857,0.115141
4,241,1858,0.113905
4,241,1858,0.112820
4,241,1858,0.114706
4,241,1858,0.112857
4,241,1858,0.111696
4,241,1858,0.118701
4,241,1858,0.112806
4,241,1858,0.117172
4,242,1859,0.120105
4,242,1859,0.111852
4,242,1859,0.112501
4,242,1859,0.113319
4,242,1859,0.112826
4,242,1859,0.113486
4,242,1859,0.112662
4,242,1859,0.117025
4,243,1860,0.117814
4,243,1860,0.115769
4,243,1860,0.112212
4,243,1860,0.112739
4,243,1860,0.111644
4,243,1860,0.113775
4,243,1860,0.117323
4,243,1860,0.113522
4,244,1861,0.118900
4,244,1861,0.111630
4,244,1861,0.111807
4,244,1861,0.116658
4,244,1861,0.114534
4,244,1861,0.113782
4,244,1861,0.118597
4,244,1861,0.113454
4,245,1862,0.114531
4,245,1862,0.115396
4,245,1862,0.115083
4,245,1862,0.112190
4,245,1862,0.113076
4,245,1862,0.111805
4,245,1862,0.114115
4,245,1862,0.110439
4,246,1863,0.112611
4,246,1863,0.110421
4,246,1863,0.113418
4,246,1863,0.117776
4,246,1863,0.111281
4,246,1863,0.113669
4,246,1863,0.113852
4,246,1863,0.119123
4,247,1864,0.115634
4,247,1864,0.118041
4,247,1864,0.115819
4,247,1864,0.114392
4,247,1864,0.116219
4,247,1864,0.117723
4,247,1864,0.111531
4,247,1864,0.116137
4,248,1865,0.117478
4,248,1865,0.112476
4,248,1865,0.114339
4,248,1865,0.116729
4,248,1865,0.114312
4,248,1865,0.115501
4,248,1865,0.112278
4,248,1865,0.114681
4,249,1866,0.114934
4,249,1866,0.112105
4,249,1866,0.114782
4,249,1866,0.112708
4,249,1866,0.115135
4,249,1866,0.115414
4,249,1866,0.115044
4,249,1866,0.113946
4,250,1867,0.118658
4,250,1867,0.116724
4,250,1867,0.113155
4,250,1867,0.113297
4,250,1867,0.113169
4,250,1867,0.113682
4,250,1867,0.114075
4,250,1867,0.116203
4,251,1868,0.114439
4,251,1868,0.117676
4,251,1868,0.117417
4,251,1868,0.112530
4,251,1868,0.115006
4,251,1868,0.114096
4,251,1868,0.112666
4,251,1868,0.113464
4,252,1869,0.113669
4,252,1869,0.111035
4,252,1869,0.115029
4,252,1869,0.119379
4,252,1869,0.110976
4,252,1869,0.115942
4,252,1869,0.114237
4,252,1869,0.116056
4,253,1870,0.113753
4,253,1870,0.113217
4,253,1870,0.112822
4,253,1870,0.109171
4,253,1870,0.114686
4,253,1870,0.116933
4,253,1870,0.113150
4,253,1870,0.117955
4,254,1871,0.118224
4,254,1871,0.117421
4,254,1871,0.114618
4,254,1871,0.115460
4,254,1871,0.112229
4,254,1871,0.119189
4,254,1871,0.114012
4,254,1871,0.116057
4,255,1872,0.116059
4,255,1872,0.116001
4,255,1872,0.113975
4,255,1872,0.111424
4,255,1872,0.115538
4,255,1872,0.114017
4,255,1872,0.113904
4,255,1872,0.114426
4,256,1873,0.119934
4,256,1873,0.112951
4,256,1873,0.115217
4,256,1873,0.113125
4,256,1873,0.114934
4,256,1873,0.120722
4,256,1873,0.114217
4,256,1873,0.116587
4,257,1874,0.115783
4,257,1874,0.115163
4,257,1874,0.112347
4,257,1874,0.120732
4,257,1874,0.119231
4,257,1874,0.114169
4,257,1874,0.113678
4,257,1874,0.114140
4,258,1875,0.112854
4,258,1875,0.115109
4,258,1875,0.117220
4,258,1875,0.112652
4,258,1875,0.113480
4,258,1875,0.113876
4,258,1875,0.112457
4,258,1875,0.119767
4,259,1876,0.112825
4,259,1876,0.118144
4,259,1876,0.111313
4,259,1876,0.115875
4,259,1876,0.114610
4,259,1876,0.115026
4,259,1876,0.113235
4,259,1876,0.116112
4,260,1877,0.114211
4,260,1877,0.112941
4,260,1877,0.113283
4,260,1877,0.115278
4,260,1877,0.117296
4,260,1877,0.115000
4,260,1877,0.113649
4,260,1877,0.114859
4,261,1878,0.115381
4,261,1878,0.111384
4,261,1878,0.118282
4,261,1878,0.115654
4,261,1878,0.113088
4,261,1878,0.113417
4,261,1878,0.111114
4,261,1878,0.114695
4,262,1879,0.115066
4,262,1879,0.114526
4,262,1879,0.111333
4,262,1879,0.114724
4,262,1879,0.116313
4,262,1879,0.115387
4,262,1879,0.113433
4,262,1879,0.113821
4,263,1880,0.114851
4,263,1880,0.111724
4,263,1880,0.114320
4,263,1880,0.113604
4,263,1880,0.114546
4,263,1880,0.114932
4,263,1880,0.117153
4,263,1880,0.111847
4,264,1881,0.113463
4,264,1881,0.113066
4,264,1881,0.110343
4,264,1881,0.112135
4,264,1881,0.116279
4,264,1881,0.126012
4,264,1881,0.111805
4,264,1881,0.114547
4,265,1882,0.116202
4,265,1882,0.120534
4,265,1882,0.115378
4,265,1882,0.115844
4,265,1882,0.114388
4,265,1882,0.114344
4,265,1882,0.113623
4,265,1882,0.115475
4,266,1883,0.112670
4,266,1883,0.113713
4,266,1883,0.116579
4,266,1883,0.112373
4,266,1883,0.114891
4,266,1883,0.111138
4,266,1883,0.116207
4,266,1883,0.113823
4,267,1884,0.114929
4,267,1884,0.112819
4,267,1884,0.113051
4,267,1884,0.112343
4,267,1884,0.117707
4,267,1884,0.118046
4,267,1884,0.111930
4,267,1884,0.114841
4,268,1885,0.112033
4,268,1885,0.114587
4,268,1885,0.114949
4,268,1885,0.113276
4,268,1885,0.113339
4,268,1885,0.115516
4,268,1885,0.114741
4,268,1885,0.114595
4,269,1886,0.117082
4,269,1886,0.115044
4,269,1886,0.111733
4,269,1886,0.113748
4,269,1886,0.115631
4,269,1886,0.115367
4,269,1886,0.116014
4,269,1886,0.116709
4,270,1887,0.119595
4,270,1887,0.111965
4,270,1887,0.115055
4,270,1887,0.110601
4,270,1887,0.114555
4,270,1887,0.111400
4,270,1887,0.116137
4,270,1887,0.110198
4,271,1888,0.116309
4,271,1888,0.120210
4,271,1888,0.114356
4,271,1888,0.116580
4,271,1888,0.114051
4,271,1888,0.112699
4,271,1888,0.112347
4,271,1888,0.122408
4,272,1889,0.114850
4,272,1889,0.116990
4,272,1889,0.114120
4,272,1889,0.111417
4,272,1889,0.114994
4,272,1889,0.114561
4,272,1889,0.121344
4,272,1889,0.114877
4,273,1890,0.113274
4,273,1890,0.114006
4,273,1890,0.116715
4,273,1890,0.114668
4,273,1890,0.115975
4,273,1890,0.116525
4,273,1890,0.115506
4,273,1890,0.112515
4,274,1891,0.117718
4,274,1891,0.115601
4,274,1891,0.113869
4,274,1891,0.114959
4,274,1891,0.114953
4,274,1891,0.116178
4,274,1891,0.114664
4,274,1891,0.114797
4,275,1892,0.115674
4,275,1892,0.114394
4,275,1892,0.112656
4,275,1892,0.112428
4,275,1892,0.117745
4,275,1892,0.111774
4,275,1892,0.114671
4,275,1892,0.115247
4,276,1893,0.114192
4,276,1893,0.113831
4,276,1893,0.116550
4,276,1893,0.115712
4,276,1893,0.114367
4,276,1893,0.109709
4,276,1893,0.116398
4,276,1893,0.115167
4,277,1894,0.114307
4,277,1894,0.111910
4,277,1894,0.115316
4,277,1894,0.112377
4,277,1894,0.113478
4,277,1894,0.114074
4,277,1894,0.112406
4,277,1894,0.115353
4,278,1895,0.113303
4,278,1895,0.112837
4,278,1895,0.115572
4,278,1895,0.113372
4,278,1895,0.109159
4,278,1895,0.113756
4,278,1895,0.114006
4,278,1895,0.114764
4,279,1896,0.113608
4,279,1896,0.115307
4,279,1896,0.117561
4,279,1896,0.115710
4,279,1896,0.116296
4,279,1896,0.114215
4,279,1896,0.114267
4,279,1896,0.117974
4,280,1897,0.114916
4,280,1897,0.117989
4,280,1897,0.115529
4,280,1897,0.119592
4,280,1897,0.114682
4,280,1897,0.116781
4,280,1897,0.113367
4,280,1897,0.113591
4,281,1898,0.117057
4,281,1898,0.115457
4,281,1898,0.110702
4,281,1898,0.116697
4,281,1898,0.118157
4,281,1898,0.116325
4,281,1898,0.113256
4,281,1898,0.113850
4,282,1899,0.122962
4,282,1899,0.122076
4,282,1899,0.117478
4,282,1899,0.115842
4,282,1899,0.113021
4,282,1899,0.111756
4,282,1899,0.109137
4,282,1899,0.114645
4,283,1900,0.113956
4,283,1900,0.115372
4,283,1900,0.111683
4,283,1900,0.113324
4,283,1900,0.114514
4,283,1900,0.115636
4,283,1900,0.114201
4,283,1900,0.115084
4,284,1901,0.115273
4,284,1901,0.113700
4,284,1901,0.120601
4,284,1901,0.115568
4,284,1901,0.113583
4,284,1901,0.115366
4,284,1901,0.116021
4,284,1901,0.114945
4,285,1902,0.113718
4,285,1902,0.115565
4,285,1902,0.117370
4,285,1902,0.112515
4,285,1902,0.114381
4,285,1902,0.115013
4,285,1902,0.113621
4,285,1902,0.118641
4,286,1903,0.112331
4,286,1903,0.116710
4,286,1903,0.114371
4,286,1903,0.113679
4,286,1903,0.113883
4,286,1903,0.114530
4,286,1903,0.114229
4,286,1903,0.110886
4,287,1904,0.115660
4,287,1904,0.113782
4,287,1904,0.116139
4,287,1904,0.113338
4,287,1904,0.111531
4,287,1904,0.115784
4,287,1904,0.111804
4,287,1904,0.118091
4,288,1905,0.113995
4,288,1905,0.118212
4,288,1905,0.115882
4,288,1905,0.113219
4,288,1905,0.114054
4,288,1905,0.113508
4,288,1905,0.115918
4,288,1905,0.115566
4,289,1906,0.113308
4,289,1906,0.113191
4,289,1906,0.116006
4,289,1906,0.114616
4,289,1906,0.115982
4,289,1906,0.116579
4,289,1906,0.114688
4,289,1906,0.115623
4,290,1907,0.116727
4,290,1907,0.118255
4,290,1907,0.115024
4,290,1907,0.116861
4,290,1907,0.113436
4,290,1907,0.114230
4,290,1907,0.114922
4,290,1907,0.113635
4,291,1908,0.114465
4,291,1908,0.114544
4,291,1908,0.114243
4,291,1908,0.112703
4,291,1908,0.119936
4,291,1908,0.113899
4,291,1908,0.114476
4,291,1908,0.115847
4,292,1909,0.113178
4,292,1909,0.115796
4,292,1909,0.112263
4,292,1909,0.114965
4,292,1909,0.115620
4,292,1909,0.111556
4,292,1909,0.115446
4,292,1909,0.114804
4,293,1910,0.113195
4,293,1910,0.114419
4,293,1910,0.116108
4,293,1910,0.117857
4,293,1910,0.115026
4,293,1910,0.113610
4,293,1910,0.115803
4,293,1910,0.111657
4,294,1911,0.115668
4,294,1911,0.116253
4,294,1911,0.113126
4,294,1911,0.116432
4,294,1911,0.112842
4,294,1911,0.116437
4,294,1911,0.117170
4,294,1911,0.112050
4,295,1912,0.110999
4,295,1912,0.114719
4,295,1912,0.115680
4,295,1912,0.114891
4,295,1912,0.114174
4,295,1912,0.114953
4,295,1912,0.112719
4,295,1912,0.112727
4,296,1913,0.118262
4,296,1913,0.121606
4,296,1913,0.114562
4,296,1913,0.111679
4,296,1913,0.114238
4,296,1913,0.112232
4,296,1913,0.114935
4,296,1913,0.116830
4,297,1914,0.113223
4,297,1914,0.114321
4,297,1914,0.111254
4,297,1914,0.121130
4,297,1914,0.111919
4,297,1914,0.116115
4,297,1914,0.114818
4,297,1914,0.112739
4,298,1915,0.114347
4,298,1915,0.118421
4,298,1915,0.117216
4,298,1915,0.119742
4,298,1915,0.112563
4,298,1915,0.114648
4,298,1915,0.113944
4,298,1915,0.118387
4,299,1916,0.115125
4,299,1916,0.116498
4,299,1916,0.117571
4,299,1916,0.117856
4,299,1916,0.117791
4,299,1916,0.113430
4,299,1916,0.118783
4,299,1916,0.112969
4,300,1917,0.115204
4,300,1917,0.113988
4,300,1917,0.112742
4,300,1917,0.112726
4,300,1917,0.117440
4,300,1917,0.115016
4,300,1917,0.112647
4,300,1917,0.115321
4,301,1918,0.121536
4,301,1918,0.114602
4,301,1918,0.118931
4,301,1918,0.120001
4,301,1918,0.115682
4,301,1918,0.113570
4,301,1918,0.113893
4,301,1918,0.118610
4,302,1919,0.111118
4,302,1919,0.115099
4,302,1919,0.116948
4,302,1919,0.115225
4,302,1919,0.117465
4,302,1919,0.115091
4,302,1919,0.116493
4,302,1919,0.114725
4,303,1920,0.113414
4,303,1920,0.113958
4,303,1920,0.112777
4,303,1920,0.115294
4,303,1920,0.116658
4,303,1920,0.113715
4,303,1920,0.113322
4,303,1920,0.115245
4,304,1921,0.115382
4,304,1921,0.115134
4,304,1921,0.112563
4,304,1921,0.119295
4,304,1921,0.113779
4,304,1921,0.114125
4,304,1921,0.121707
4,304,1921,0.111754
4,305,1922,0.111003
4,305,1922,0.115130
4,305,1922,0.112875
4,305,1922,0.116468
4,305,1922,0.116947
4,305,1922,0.116269
4,305,1922,0.114580
4,305,1922,0.117142
4,306,1923,0.115166
4,306,1923,0.113489
4,306,1923,0.115706
4,306,1923,0.116333
4,306,1923,0.116289
4,306,1923,0.120153
4,306,1923,0.112210
4,306,1923,0.115291
4,307,1924,0.113749
4,307,1924,0.116213
4,307,1924,0.114099
4,307,1924,0.116420
4,307,1924,0.116273
4,307,1924,0.113629
4,307,1924,0.113822
4,307,1924,0.116106
4,308,1925,0.113141
4,308,1925,0.117627
4,308,1925,0.116977
4,308,1925,0.114762
4,308,1925,0.113277
4,308,1925,0.111729
4,308,1925,0.112587
4,308,1925,0.114538
4,309,1926,0.114642
4,309,1926,0.116845
4,309,1926,0.117736
4,309,1926,0.115611
4,309,1926,0.110934
4,309,1926,0.112910
4,309,1926,0.113450
4,309,1926,0.113782
4,310,1927,0.114176
4,310,1927,0.117546
4,310,1927,0.112364
4,310,1927,0.112493
4,310,1927,0.115964
4,310,1927,0.112774
4,310,1927,0.116875
4,310,1927,0.114739
4,311,1928,0.112592
4,311,1928,0.116580
4,311,1928,0.112634
4,311,1928,0.113637
4,311,1928,0.115115
4,311,1928,0.110444
4,311,1928,0.117603
4,311,1928,0.112749
4,312,1929,0.115233
4,312,1929,0.110535
4,312,1929,0.116025
4,312,1929,0.117426
4,312,1929,0.111612
4,312,1929,0.114941
4,312,1929,0.114806
4,312,1929,0.115780
4,313,1930,0.116931
4,313,1930,0.115676
4,313,1930,0.114657
4,313,1930,0.114913
4,313,1930,0.114965
4,313,1930,0.121993
4,313,1930,0.108941
4,313,1930,0.112369
4,314,1931,0.114794
4,314,1931,0.115861
4,314,1931,0.116559
4,314,1931,0.114639
4,314,1931,0.116749
4,314,1931,0.111996
4,314,1931,0.115803
4,314,1931,0.115902
4,315,1932,0.115133
4,315,1932,0.113804
4,315,1932,0.112001
4,315,1932,0.117293
4,315,1932,0.115348
4,315,1932,0.117150
4,315,1932,0.114339
4,315,1932,0.114874
4,316,1933,0.112647
4,316,1933,0.111738
4,316,1933,0.113729
4,316,1933,0.117573
4,316,1933,0.116568
4,316,1933,0.113702
4,316,1933,0.111882
4,316,1933,0.111733
4,317,1934,0.115550
4,317,1934,0.114915
4,317,1934,0.113657
4,317,1934,0.113092
4,317,1934,0.117977
4,317,1934,0.113245
4,317,1934,0.117658
4,317,1934,0.119608
4,318,1935,0.114771
4,318,1935,0.113902
4,318,1935,0.115038
4,318,1935,0.111241
4,318,1935,0.115828
4,318,1935,0.113552
4,318,1935,0.114390
4,318,1935,0.113834
4,319,1936,0.110679
4,319,1936,0.118822
4,319,1936,0.115209
4,319,1936,0.114460
4,319,1936,0.114740
4,319,1936,0.116744
4,319,1936,0.112707
4,319,1936,0.110250
4,320,1937,0.114117
4,320,1937,0.111678
4,320,1937,0.112097
4,320,1937,0.112684
4,320,1937,0.112383
4,320,1937,0.112188
4,320,1937,0.114161
4,320,1937,0.117588
4,321,1938,0.114514
4,321,1938,0.119702
4,321,1938,0.110282
4,321,1938,0.111990
4,321,1938,0.112589
4,321,1938,0.113269
4,321,1938,0.120316
4,321,1938,0.119320
4,322,1939,0.118272
4,322,1939,0.114735
4,322,1939,0.116809
4,322,1939,0.116207
4,322,1939,0.115909
4,322,1939,0.111600
4,322,1939,0.120169
4,322,1939,0.114913
4,323,1940,0.118966
4,323,1940,0.114426
4,323,1940,0.116524
4,323,1940,0.114184
4,323,1940,0.116396
4,323,1940,0.113758
4,323,1940,0.122161
4,323,1940,0.115921
4,324,1941,0.112030
4,324,1941,0.113839
4,324,1941,0.114277
4,324,1941,0.112377
4,324,1941,0.116725
4,324,1941,0.116481
4,324,1941,0.117256
4,324,1941,0.116264
4,325,1942,0.115350
4,325,1942,0.117540
4,325,1942,0.115768
4,325,1942,0.119600
4,325,1942,0.112442
4,325,1942,0.114276
4,325,1942,0.114893
4,325,1942,0.117971
4,326,1943,0.118007
4,326,1943,0.115853
4,326,1943,0.112807
4,326,1943,0.112817
4,326,1943,0.113114
4,326,1943,0.110756
4,326,1943,0.114383
4,326,1943,0.112955
4,327,1944,0.109887
4,327,1944,0.112312
4,327,1944,0.110318
4,327,1944,0.116806
4,327,1944,0.113064
4,327,1944,0.117217
4,327,1944,0.115528
4,327,1944,0.116233
4,328,1945,0.113197
4,328,1945,0.115516
4,328,1945,0.115820
4,328,1945,0.115422
4,328,1945,0.112301
4,328,1945,0.113184
4,328,1945,0.114559
4,328,1945,0.111555
4,329,1946,0.115053
4,329,1946,0.114812
4,329,1946,0.115530
4,329,1946,0.113620
4,329,1946,0.114444
4,329,1946,0.111191
4,329,1946,0.116058
4,329,1946,0.112459
4,330,1947,0.113087
4,330,1947,0.115454
4,330,1947,0.118986
4,330,1947,0.115337
4,330,1947,0.113323
4,330,1947,0.112009
4,330,1947,0.116230
4,330,1947,0.110487
4,331,1948,0.113840
4,331,1948,0.115947
4,331,1948,0.114806
4,331,1948,0.116487
4,331,1948,0.112635
4,331,1948,0.118456
4,331,1948,0.120750
4,331,1948,0.113917
4,332,1949,0.117305
4,332,1949,0.114036
4,332,1949,0.119961
4,332,1949,0.116326
4,332,1949,0.114413
4,332,1949,0.110340
4,332,1949,0.118297
4,332,1949,0.112712
4,333,1950,0.114209
4,333,1950,0.111984
4,333,1950,0.114864
4,333,1950,0.109986
4,333,1950,0.115440
4,333,1950,0.121834
4,333,1950,0.115882
4,333,1950,0.111793
4,334,1951,0.115528
4,334,1951,0.113604
4,334,1951,0.114120
4,334,1951,0.115283
4,334,1951,0.110916
4,334,1951,0.112780
4,334,1951,0.116425
4,334,1951,0.114100
4,335,1952,0.116653
4,335,1952,0.112771
4,335,1952,0.115274
4,335,1952,0.117277
4,335,1952,0.116747
4,335,1952,0.117085
4,335,1952,0.112445
4,335,1952,0.114931
4,336,1953,0.115914
4,336,1953,0.113812
4,336,1953,0.111627
4,336,1953,0.117608
4,336,1953,0.116798
4,336,1953,0.111222
4,336,1953,0.113975
4,336,1953,0.116236
4,337,1954,0.114113
4,337,1954,0.114357
4,337,1954,0.113996
4,337,1954,0.113125
4,337,1954,0.115113
4,337,1954,0.117731
4,337,1954,0.112083
4,337,1954,0.114740
4,338,1955,0.115101
4,338,1955,0.115701
4,338,1955,0.113214
4,338,1955,0.113587
4,338,1955,0.110071
4,338,1955,0.116234
4,338,1955,0.114001
4,338,1955,0.114683
4,339,1956,0.112939
4,339,1956,0.116078
4,339,1956,0.114421
4,339,1956,0.113911
4,339,1956,0.113471
4,339,1956,0.111874
4,339,1956,0.118295
4,339,1956,0.113561
4,340,1957,0.140418
4,340,1957,0.117759
4,340,1957,0.112706
4,340,1957,0.115289
4,340,1957,0.114326
4,340,1957,0.121773
4,340,1957,0.113129
4,340,1957,0.116005
4,341,1958,0.115825
4,341,1958,0.113323
4,341,1958,0.114846
4,341,1958,0.115732
4,341,1958,0.112805
4,341,1958,0.113940
4,341,1958,0.112810
4,341,1958,0.112008
4,342,1959,0.111800
4,342,1959,0.116363
4,342,1959,0.113534
4,342,1959,0.114485
4,342,1959,0.122476
4,342,1959,0.115968
4,342,1959,0.115450
4,342,1959,0.115768
4,343,1960,0.113270
4,343,1960,0.113930
4,343,1960,0.112807
4,343,1960,0.114115
4,343,1960,0.113170
4,343,1960,0.117741
4,343,1960,0.114730
4,343,1960,0.118646
4,344,1961,0.111835
4,344,1961,0.118820
4,344,1961,0.116250
4,344,1961,0.113471
4,344,1961,0.114265
4,344,1961,0.115025
4,344,1961,0.114645
4,344,1961,0.115477
4,345,1962,0.111708
4,345,1962,0.114775
4,345,1962,0.114699
4,345,1962,0.113441
4,345,1962,0.116650
4,345,1962,0.111447
4,345,1962,0.112971
4,345,1962,0.111463
4,346,1963,0.112804
4,346,1963,0.111042
4,346,1963,0.117174
4,346,1963,0.114659
4,346,1963,0.116130
4,346,1963,0.117022
4,346,1963,0.120258
4,346,1963,0.123551
4,347,1964,0.113670
4,347,1964,0.115602
4,347,1964,0.113180
4,347,1964,0.119089
4,347,1964,0.109471
4,347,1964,0.116027
4,347,1964,0.121626
4,347,1964,0.111886
4,348,1965,0.115869
4,348,1965,0.115608
4,348,1965,0.113859
4,348,1965,0.113077
4,348,1965,0.116318
4,348,1965,0.111406
4,348,1965,0.114817
4,348,1965,0.115871
4,349,1966,0.112863
4,349,1966,0.112682
4,349,1966,0.112433
4,349,1966,0.113958
4,349,1966,0.112477
4,349,1966,0.111862
4,349,1966,0.111827
4,349,1966,0.116401
4,350,1967,0.111806
4,350,1967,0.114383
4,350,1967,0.116144
4,350,1967,0.112448
4,350,1967,0.114862
4,350,1967,0.116506
4,350,1967,0.112566
4,350,1967,0.120087
4,351,1968,0.114510
4,351,1968,0.112758
4,351,1968,0.113768
4,351,1968,0.111625
4,351,1968,0.113519
4,351,1968,0.118049
4,351,1968,0.115786
4,351,1968,0.115603
4,352,1969,0.113798
4,352,1969,0.117127
4,352,1969,0.112953
4,352,1969,0.113654
4,352,1969,0.112730
4,352,1969,0.113342
4,352,1969,0.114450
4,352,1969,0.111987
4,353,1970,0.114077
4,353,1970,0.115025
4,353,1970,0.116511
4,353,1970,0.117138
4,353,1970,0.115952
4,353,1970,0.112914
4,353,1970,0.113712
4,353,1970,0.113836
4,354,1971,0.112108
4,354,1971,0.114182
4,354,1971,0.113004
4,354,1971,0.113834
4,354,1971,0.111931
4,354,1971,0.113699
4,354,1971,0.114796
4,354,1971,0.114044
4,355,1972,0.110919
4,355,1972,0.113181
4,355,1972,0.111539
4,355,1972,0.114208
4,355,1972,0.113815
4,355,1972,0.112256
4,355,1972,0.114422
4,355,1972,0.118292
4,356,1973,0.115984
4,356,1973,0.113757
4,356,1973,0.115791
4,356,1973,0.113825
4,356,1973,0.111712
4,356,1973,0.117792
4,356,1973,0.116177
4,356,1973,0.118707
4,357,1974,0.117055
4,357,1974,0.114094
4,357,1974,0.117060
4,357,1974,0.112126
4,357,1974,0.114789
4,357,1974,0.114751
4,357,1974,0.113156
4,357,1974,0.114547
4,358,1975,0.119271
4,358,1975,0.117282
4,358,1975,0.115383
4,358,1975,0.114662
4,358,1975,0.115335
4,358,1975,0.113296
4,358,1975,0.116183
4,358,1975,0.113822
4,359,1976,0.113649
4,359,1976,0.116631
4,359,1976,0.117582
4,359,1976,0.112956
4,359,1976,0.113770
4,359,1976,0.115023
4,359,1976,0.111527
4,359,1976,0.114807
4,360,1977,0.113409
4,360,1977,0.115307
4,360,1977,0.111174
4,360,1977,0.112554
4,360,1977,0.119704
4,360,1977,0.111648
4,360,1977,0.116327
4,360,1977,0.114194
4,361,1978,0.108916
4,361,1978,0.112130
4,361,1978,0.115722
4,361,1978,0.112873
4,361,1978,0.110161
4,361,1978,0.113916
4,361,1978,0.114865
4,361,1978,0.114400
4,362,1979,0.112764
4,362,1979,0.113649
4,362,1979,0.112494
4,362,1979,0.114881
4,362,1979,0.114958
4,362,1979,0.114505
4,362,1979,0.114316
4,362,1979,0.115568
4,363,1980,0.116402
4,363,1980,0.115081
4,363,1980,0.113922
4,363,1980,0.110582
4,363,1980,0.116839
4,363,1980,0.117509
4,363,1980,0.112518
4,363,1980,0.112896
4,364,1981,0.113742
4,364,1981,0.115221
4,364,1981,0.112580
4,364,1981,0.116331
4,364,1981,0.111893
4,364,1981,0.116993
4,364,1981,0.114523
4,364,1981,0.114672
4,365,1982,0.113574
4,365,1982,0.114877
4,365,1982,0.117111
4,365,1982,0.115179
4,365,1982,0.117757
4,365,1982,0.115723
4,365,1982,0.113708
4,365,1982,0.113470
4,366,1983,0.115173
4,366,1983,0.122849
4,366,1983,0.114577
4,366,1983,0.117234
4,366,1983,0.110429
4,366,1983,0.114884
4,366,1983,0.113956
4,366,1983,0.118951
4,367,1984,0.111331
4,367,1984,0.112402
4,367,1984,0.114643
4,367,1984,0.113925
4,367,1984,0.114509
4,367,1984,0.113362
4,367,1984,0.111518
4,367,1984,0.112972
4,368,1985,0.115013
4,368,1985,0.113101
4,368,1985,0.112357
4,368,1985,0.117240
4,368,1985,0.113234
4,368,1985,0.115032
4,368,1985,0.112755
4,368,1985,0.113150
4,369,1986,0.114301
4,369,1986,0.114499
4,369,1986,0.113152
4,369,1986,0.116997
4,369,1986,0.113949
4,369,1986,0.112257
4,369,1986,0.111711
4,369,1986,0.114379
4,370,1987,0.113929
4,370,1987,0.113530
4,370,1987,0.114814
4,370,1987,0.112794
4,370,1987,0.112415
4,370,1987,0.116247
4,370,1987,0.113976
4,370,1987,0.117586
4,371,1988,0.111909
4,371,1988,0.114517
4,371,1988,0.113580
4,371,1988,0.114498
4,371,1988,0.113701
4,371,1988,0.113810
4,371,1988,0.113624
4,371,1988,0.113591
4,372,1989,0.116831
4,372,1989,0.113309
4,372,1989,0.116281
4,372,1989,0.116402
4,372,1989,0.115034
4,372,1989,0.110859
4,372,1989,0.121247
4,372,1989,0.115375
4,373,1990,0.113410
4,373,1990,0.113982
4,373,1990,0.115621
4,373,1990,0.111029
4,373,1990,0.116545
4,373,1990,0.114623
4,373,1990,0.112510
4,373,1990,0.111106
4,374,1991,0.112880
4,374,1991,0.118944
4,374,1991,0.112270
4,374,1991,0.115476
4,374,1991,0.113987
4,374,1991,0.114899
4,374,1991,0.121532
4,374,1991,0.113141
4,375,1992,0.113497
4,375,1992,0.115999
4,375,1992,0.113527
4,375,1992,0.112091
4,375,1992,0.113637
4,375,1992,0.117266
4,375,1992,0.112629
4,375,1992,0.112644
4,376,1993,0.112590
4,376,1993,0.114732
4,376,1993,0.119691
4,376,1993,0.112059
4,376,1993,0.112877
4,376,1993,0.112270
4,376,1993,0.111451
4,376,1993,0.115808
4,377,1994,0.114130
4,377,1994,0.112871
4,377,1994,0.113101
4,377,1994,0.118820
4,377,1994,0.116865
4,377,1994,0.116082
4,377,1994,0.115145
4,377,1994,0.113324
4,378,1995,0.115871
4,378,1995,0.112685
4,378,1995,0.115007
4,378,1995,0.116751
4,378,1995,0.113041
4,378,1995,0.114877
4,378,1995,0.113867
4,378,1995,0.116080
4,379,1996,0.118206
4,379,1996,0.111301
4,379,1996,0.111931
4,379,1996,0.116738
4,379,1996,0.118065
4,379,1996,0.113114
4,379,1996,0.118652
4,379,1996,0.120994
4,380,1997,0.115429
4,380,1997,0.112960
4,380,1997,0.113440
4,380,1997,0.114850
4,380,1997,0.114672
4,380,1997,0.111889
4,380,1997,0.111584
4,380,1997,0.117920
4,381,1998,0.112169
4,381,1998,0.118083
4,381,1998,0.117442
4,381,1998,0.109460
4,381,1998,0.115998
4,381,1998,0.113804
4,381,1998,0.112595
4,381,1998,0.119549
4,382,1999,0.112928
4,382,1999,0.116759
4,382,1999,0.113912
4,382,1999,0.118147
4,382,1999,0.116680
4,382,1999,0.113754
4,382,1999,0.116055
4,382,1999,0.114470
4,383,2000,0.113540
4,383,2000,0.113396
4,383,2000,0.109611
4,383,2000,0.114971
4,383,2000,0.113589
4,383,2000,0.111215
4,383,2000,0.112860
4,383,2000,0.115784
4,384,2001,0.113746
4,384,2001,0.115033
4,384,2001,0.122334
4,384,2001,0.118102
4,384,2001,0.114455
4,384,2001,0.114591
4,384,2001,0.119449
4,384,2001,0.115329
4,385,2002,0.115012
4,385,2002,0.113557
4,385,2002,0.114394
4,385,2002,0.114968
4,385,2002,0.112460
4,385,2002,0.113588
4,385,2002,0.114694
4,385,2002,0.116946
4,386,2003,0.113295
4,386,2003,0.113727
4,386,2003,0.116007
4,386,2003,0.113444
4,386,2003,0.116984
4,386,2003,0.112902
4,386,2003,0.117073
4,386,2003,0.111853
4,387,2004,0.114380
4,387,2004,0.116007
4,387,2004,0.115358
4,387,2004,0.113303
4,387,2004,0.119989
4,387,2004,0.115249
4,387,2004,0.114646
4,387,2004,0.116219
4,388,2005,0.112198
4,388,2005,0.112838
4,388,2005,0.118314
4,388,2005,0.111563
4,388,2005,0.117386
4,388,2005,0.115480
4,388,2005,0.117573
4,388,2005,0.115624
4,389,2006,0.115805
4,389,2006,0.113802
4,389,2006,0.114393
4,389,2006,0.112519
4,389,2006,0.112967
4,389,2006,0.111986
4,389,2006,0.114414
4,389,2006,0.112157
4,390,2007,0.114847
4,390,2007,0.112165
4,390,2007,0.117086
4,390,2007,0.114134
4,390,2007,0.119399
4,390,2007,0.113800
4,390,2007,0.112644
4,390,2007,0.114211
4,391,2008,0.113527
4,391,2008,0.114510
4,391,2008,0.112395
4,391,2008,0.115534
4,391,2008,0.116376
4,391,2008,0.113641
4,391,2008,0.111371
4,391,2008,0.119388
4,392,2009,0.110468
4,392,2009,0.115337
4,392,2009,0.116747
4,392,2009,0.120088
4,392,2009,0.116214
4,392,2009,0.113198
4,392,2009,0.114891
4,392,2009,0.113431
4,393,2010,0.111928
4,393,2010,0.115360
4,393,2010,0.116168
4,393,2010,0.112221
4,393,2010,0.117793
4,393,2010,0.114940
4,393,2010,0.115381
4,393,2010,0.117990
4,394,2011,0.121021
4,394,2011,0.115917
4,394,2011,0.116155
4,394,2011,0.113121
4,394,2011,0.115863
4,394,2011,0.112888
4,394,2011,0.117385
4,394,2011,0.116158
4,395,2012,0.112363
4,395,2012,0.114121
4,395,2012,0.116027
4,395,2012,0.112466
4,395,2012,0.114377
4,395,2012,0.120713
4,395,2012,0.112320
4,395,2012,0.117042
4,396,2013,0.114932
4,396,2013,0.119823
4,396,2013,0.113845
4,396,2013,0.115896
4,396,2013,0.117127
4,396,2013,0.117909
4,396,2013,0.115814
4,396,2013,0.112478
4,397,2014,0.110936
4,397,2014,0.114257
4,397,2014,0.111106
4,397,2014,0.111711
4,397,2014,0.112242
4,397,2014,0.115564
4,397,2014,0.115911
4,397,2014,0.109379
4,398,2015,0.114333
4,398,2015,0.113130
4,398,2015,0.118115
4,398,2015,0.116844
4,398,2015,0.117676
4,398,2015,0.116394
4,398,2015,0.116680
4,398,2015,0.114171
4,399,2016,0.114434
4,399,2016,0.112072
4,399,2016,0.113899
4,399,2016,0.115346
4,399,2016,0.116461
4,399,2016,0.109506
4,399,2016,0.111913
4,399,2016,0.114294
4,400,2017,0.112995
4,400,2017,0.115608
4,400,2017,0.111333
4,400,2017,0.114226
4,400,2017,0.114248
4,400,2017,0.112552
4,400,2017,0.117033
4,400,2017,0.114931
4,401,2018,0.114239
4,401,2018,0.114652
4,401,2018,0.113477
4,401,2018,0.112028
4,401,2018,0.112349
4,401,2018,0.113964
4,401,2018,0.115373
4,401,2018,0.113726
4,402,2019,0.117568
4,402,2019,0.114710
4,402,2019,0.111169
4,402,2019,0.113629
4,402,2019,0.117547
4,402,2019,0.115873
4,402,2019,0.115735
4,402,2019,0.114681
4,403,2020,0.118069
4,403,2020,0.116896
4,403,2020,0.117152
4,403,2020,0.119888
4,403,2020,0.113449
4,403,2020,0.114138
4,403,2020,0.113161
4,403,2020,0.116451
4,404,2021,0.113526
4,404,2021,0.119769
4,404,2021,0.112863
4,404,2021,0.113963
4,404,2021,0.112642
4,404,2021,0.115247
4,404,2021,0.110876
4,404,2021,0.110772
4,405,2022,0.115798
4,405,2022,0.117102
4,405,2022,0.118402
4,405,2022,0.118938
4,405,2022,0.117403
4,405,2022,0.110650
4,405,2022,0.120762
4,405,2022,0.118341
4,406,2023,0.113580
4,406,2023,0.117617
4,406,2023,0.117392
4,406,2023,0.116349
4,406,2023,0.115661
4,406,2023,0.116881
4,406,2023,0.116369
4,406,2023,0.113837
4,407,2024,0.116864
4,407,2024,0.121181
4,407,2024,0.111511
4,407,2024,0.113060
4,407,2024,0.117124
4,407,2024,0.113634
4,407,2024,0.110396
4,407,2024,0.114475
4,408,2025,0.111408
4,408,2025,0.115753
4,408,2025,0.114455
4,408,2025,0.115232
4,408,2025,0.113117
4,408,2025,0.115975
4,408,2025,0.114916
4,408,2025,0.113649
4,409,2026,0.112552
4,409,2026,0.116685
4,409,2026,0.115303
4,409,2026,0.112937
4,409,2026,0.113913
4,409,2026,0.119577
4,409,2026,0.113504
4,409,2026,0.113510
4,410,2027,0.118595
4,410,2027,0.121126
4,410,2027,0.114606
4,410,2027,0.115624
4,410,2027,0.115941
4,410,2027,0.118610
4,410,2027,0.113804
4,410,2027,0.115498
4,411,2028,0.110082
4,411,2028,0.115316
4,411,2028,0.112162
4,411,2028,0.118675
4,411,2028,0.115245
4,411,2028,0.112143
4,411,2028,0.119203
4,411,2028,0.116365
4,412,2029,0.112040
4,412,2029,0.111657
4,412,2029,0.114793
4,412,2029,0.118857
4,412,2029,0.113087
4,412,2029,0.114634
4,412,2029,0.113498
4,412,2029,0.116673
4,413,2030,0.112361
4,413,2030,0.118938
4,413,2030,0.115305
4,413,2030,0.116198
4,413,2030,0.111409
4,413,2030,0.116453
4,413,2030,0.112178
4,413,2030,0.112838
4,414,2031,0.116765
4,414,2031,0.116346
4,414,2031,0.120895
4,414,2031,0.116002
4,414,2031,0.113976
4,414,2031,0.116992
4,414,2031,0.119875
4,414,2031,0.114972
4,415,2032,0.112808
4,415,2032,0.115975
4,415,2032,0.114896
4,415,2032,0.115089
4,415,2032,0.111994
4,415,2032,0.118067
4,415,2032,0.114622
4,415,2032,0.111529
4,416,2033,0.117044
4,416,2033,0.113031
4,416,2033,0.114033
4,416,2033,0.113260
4,416,2033,0.112592
4,416,2033,0.112963
4,416,2033,0.111975
4,416,2033,0.115289
4,417,2034,0.110415
4,417,2034,0.117475
4,417,2034,0.115434
4,417,2034,0.114759
4,417,2034,0.114106
4,417,2034,0.115335
4,417,2034,0.112256
4,417,2034,0.113111
4,418,2035,0.115303
4,418,2035,0.112894
4,418,2035,0.114890
4,418,2035,0.112462
4,418,2035,0.113686
4,418,2035,0.113119
4,418,2035,0.112601
4,418,2035,0.112211
4,419,2036,0.113775
4,419,2036,0.118508
4,419,2036,0.113903
4,419,2036,0.113097
4,419,2036,0.112816
4,419,2036,0.122316
4,419,2036,0.114017
4,419,2036,0.112303
4,420,2037,0.122455
4,420,2037,0.117112
4,420,2037,0.112240
4,420,2037,0.116948
4,420,2037,0.118056
4,420,2037,0.120898
4,420,2037,0.118409
4,420,2037,0.115873
4,421,2038,0.116734
4,421,2038,0.111240
4,421,2038,0.116771
4,421,2038,0.110734
4,421,2038,0.113692
4,421,2038,0.116233
4,421,2038,0.112570
4,421,2038,0.114307
4,422,2039,0.112888
4,422,2039,0.114602
4,422,2039,0.113403
4,422,2039,0.118907
4,422,2039,0.121066
4,422,2039,0.114761
4,422,2039,0.111532
4,422,2039,0.114449
4,423,2040,0.112151
4,423,2040,0.110864
4,423,2040,0.115384
4,423,2040,0.115905
4,423,2040,0.114050
4,423,2040,0.121024
4,423,2040,0.112299
4,423,2040,0.118726
4,424,2041,0.113778
4,424,2041,0.111256
4,424,2041,0.115858
4,424,2041,0.113639
4,424,2041,0.114456
4,424,2041,0.112923
4,424,2041,0.112243
4,424,2041,0.117142
4,425,2042,0.111392
4,425,2042,0.113002
4,425,2042,0.113453
4,425,2042,0.115574
4,425,2042,0.114364
4,425,2042,0.114352
4,425,2042,0.120059
4,425,2042,0.112527
4,426,2043,0.113284
4,426,2043,0.113171
4,426,2043,0.112592
4,426,2043,0.117679
4,426,2043,0.119086
4,426,2043,0.112802
4,426,2043,0.112233
4,426,2043,0.113445
4,427,2044,0.112816
4,427,2044,0.119269
4,427,2044,0.112296
4,427,2044,0.113870
4,427,2044,0.112567
4,427,2044,0.111256
4,427,2044,0.115169
4,427,2044,0.115572
4,428,2045,0.113047
4,428,2045,0.110836
4,428,2045,0.116635
4,428,2045,0.113154
4,428,2045,0.118078
4,428,2045,0.113290
4,428,2045,0.112024
4,428,2045,0.110972
4,429,2046,0.110337
4,429,2046,0.112018
4,429,2046,0.112583
4,429,2046,0.114050
4,429,2046,0.115421
4,429,2046,0.112713
4,429,2046,0.111577
4,429,2046,0.116039
4,430,2047,0.116105
4,430,2047,0.113848
4,430,2047,0.112199
4,430,2047,0.113896
4,430,2047,0.114481
4,430,2047,0.117489
4,430,2047,0.112015
4,430,2047,0.113374
4,431,2048,0.113680
4,431,2048,0.112659
4,431,2048,0.117040
4,431,2048,0.115613
4,431,2048,0.110953
4,431,2048,0.114840
4,431,2048,0.114414
4,431,2048,0.112073
4,432,2049,0.115865
4,432,2049,0.117341
4,432,2049,0.114612
4,432,2049,0.115854
4,432,2049,0.113371
4,432,2049,0.113223
4,432,2049,0.112847
4,432,2049,0.115946
4,433,2050,0.117360
4,433,2050,0.112355
4,433,2050,0.114762
4,433,2050,0.113986
4,433,2050,0.112663
4,433,2050,0.113463
4,433,2050,0.112934
4,433,2050,0.117856
4,434,2051,0.115185
4,434,2051,0.111759
4,434,2051,0.111897
4,434,2051,0.112699
4,434,2051,0.113990
4,434,2051,0.110994
4,434,2051,0.113043
4,434,2051,0.114788
4,435,2052,0.120034
4,435,2052,0.114150
4,435,2052,0.113450
4,435,2052,0.110628
4,435,2052,0.113779
4,435,2052,0.114877
4,435,2052,0.111523
4,435,2052,0.115385
4,436,2053,0.114303
4,436,2053,0.115259
4,436,2053,0.114097
4,436,2053,0.116164
4,436,2053,0.115208
4,436,2053,0.114271
4,436,2053,0.117565
4,436,2053,0.114071
4,437,2054,0.113455
4,437,2054,0.121336
4,437,2054,0.112884
4,437,2054,0.114625
4,437,2054,0.116226
4,437,2054,0.113434
4,437,2054,0.116502
4,437,2054,0.113683
4,438,2055,0.113464
4,438,2055,0.114484
4,438,2055,0.112706
4,438,2055,0.115594
4,438,2055,0.113613
4,438,2055,0.114785
4,438,2055,0.115673
4,438,2055,0.113633
4,439,2056,0.115424
4,439,2056,0.112892
4,439,2056,0.119059
4,439,2056,0.117908
4,439,2056,0.112007
4,439,2056,0.118754
4,439,2056,0.118205
4,439,2056,0.115373
4,440,2057,0.111138
4,440,2057,0.116399
4,440,2057,0.115202
4,440,2057,0.114647
4,440,2057,0.112972
4,440,2057,0.115515
4,440,2057,0.113738
4,440,2057,0.112122
4,441,2058,0.115793
4,441,2058,0.115841
4,441,2058,0.114402
4,441,2058,0.112776
4,441,2058,0.113858
4,441,2058,0.115937
4,441,2058,0.114175
4,441,2058,0.112170
4,442,2059,0.117911
4,442,2059,0.112250
4,442,2059,0.113261
4,442,2059,0.115155
4,442,2059,0.117948
4,442,2059,0.114223
4,442,2059,0.113529
4,442,2059,0.114926
4,443,2060,0.112449
4,443,2060,0.114924
4,443,2060,0.122614
4,443,2060,0.110170
4,443,2060,0.112954
4,443,2060,0.120223
4,443,2060,0.114578
4,443,2060,0.113865
4,444,2061,0.117437
4,444,2061,0.114203
4,444,2061,0.114433
4,444,2061,0.115233
4,444,2061,0.111867
4,444,2061,0.110667
4,444,2061,0.113362
4,444,2061,0.116307
4,445,2062,0.120347
4,445,2062,0.118024
4,445,2062,0.115881
4,445,2062,0.113463
4,445,2062,0.115919
4,445,2062,0.116873
4,445,2062,0.120297
4,445,2062,0.111929
4,446,2063,0.111100
4,446,2063,0.118082
4,446,2063,0.112992
4,446,2063,0.113919
4,446,2063,0.115030
4,446,2063,0.115738
4,446,2063,0.113358
4,446,2063,0.113466
4,447,2064,0.114471
4,447,2064,0.112372
4,447,2064,0.113330
4,447,2064,0.115683
4,447,2064,0.111004
4,447,2064,0.116024
4,447,2064,0.113003
4,447,2064,0.113090
4,448,2065,0.112188
4,448,2065,0.115085
4,448,2065,0.115011
4,448,2065,0.115658
4,448,2065,0.114621
4,448,2065,0.116834
4,448,2065,0.112788
4,448,2065,0.114256
4,449,2066,0.113520
4,449,2066,0.111327
4,449,2066,0.113080
4,449,2066,0.117055
4,449,2066,0.109251
4,449,2066,0.113091
4,449,2066,0.114660
4,449,2066,0.113995
4,450,2067,0.113611
4,450,2067,0.113367
4,450,2067,0.112606
4,450,2067,0.112790
4,450,2067,0.116721
4,450,2067,0.113213
4,450,2067,0.115659
4,450,2067,0.114752
4,451,2068,0.117580
4,451,2068,0.112299
4,451,2068,0.110184
4,451,2068,0.114548
4,451,2068,0.119021
4,451,2068,0.114336
4,451,2068,0.111848
4,451,2068,0.111286
4,452,2069,0.112686
4,452,2069,0.114030
4,452,2069,0.113598
4,452,2069,0.110125
4,452,2069,0.112859
4,452,2069,0.113242
4,452,2069,0.113789
4,452,2069,0.115922
4,453,2070,0.112334
4,453,2070,0.117843
4,453,2070,0.110672
4,453,2070,0.116822
4,453,2070,0.114143
4,453,2070,0.114031
4,453,2070,0.115506
4,453,2070,0.118214
4,454,2071,0.117513
4,454,2071,0.113284
4,454,2071,0.112467
4,454,2071,0.118136
4,454,2071,0.115209
4,454,2071,0.111015
4,454,2071,0.114676
4,454,2071,0.113977
4,455,2072,0.111884
4,455,2072,0.122611
4,455,2072,0.117316
4,455,2072,0.115062
4,455,2072,0.113444
4,455,2072,0.120859
4,455,2072,0.119580
4,455,2072,0.113827
4,456,2073,0.112618
4,456,2073,0.111492
4,456,2073,0.114154
4,456,2073,0.111754
4,456,2073,0.116226
4,456,2073,0.114910
4,456,2073,0.113981
4,456,2073,0.113710
4,457,2074,0.112580
4,457,2074,0.114604
4,457,2074,0.111880
4,457,2074,0.111982
4,457,2074,0.115128
4,457,2074,0.113740
4,457,2074,0.122430
4,457,2074,0.115950
4,458,2075,0.116133
4,458,2075,0.114310
4,458,2075,0.115711
4,458,2075,0.111981
4,458,2075,0.111662
4,458,2075,0.118148
4,458,2075,0.112296
4,458,2075,0.114375
4,459,2076,0.112178
4,459,2076,0.111720
4,459,2076,0.114311
4,459,2076,0.109143
4,459,2076,0.112179
4,459,2076,0.114645
4,459,2076,0.113871
4,459,2076,0.112637
4,460,2077,0.117644
4,460,2077,0.112578
4,460,2077,0.113097
4,460,2077,0.117164
4,460,2077,0.114212
4,460,2077,0.119938
4,460,2077,0.114544
4,460,2077,0.112353
4,461,2078,0.112500
4,461,2078,0.113893
4,461,2078,0.113937
4,461,2078,0.111006
4,461,2078,0.116108
4,461,2078,0.112795
4,461,2078,0.114157
4,461,2078,0.114284
4,462,2079,0.112241
4,462,2079,0.116028
4,462,2079,0.114709
4,462,2079,0.115154
4,462,2079,0.112892
4,462,2079,0.116002
4,462,2079,0.118778
4,462,2079,0.114053
4,463,2080,0.119846
4,463,2080,0.112463
4,463,2080,0.114029
4,463,2080,0.120089
4,463,2080,0.115388
4,463,2080,0.114199
4,463,2080,0.115749
4,463,2080,0.110671
4,464,2081,0.112975
4,464,2081,0.115337
4,464,2081,0.116690
4,464,2081,0.113213
4,464,2081,0.112465
4,464,2081,0.115917
4,464,2081,0.115899
4,464,2081,0.113275
4,465,2082,0.115324
4,465,2082,0.119569
4,465,2082,0.116099
4,465,2082,0.114460
4,465,2082,0.113357
4,465,2082,0.112734
4,465,2082,0.115382
4,465,2082,0.112720
4,466,2083,0.114461
4,466,2083,0.113882
4,466,2083,0.117357
4,466,2083,0.116430
4,466,2083,0.115712
4,466,2083,0.116386
4,466,2083,0.113057
4,466,2083,0.118508
4,467,2084,0.118215
4,467,2084,0.112477
4,467,2084,0.111313
4,467,2084,0.110735
4,467,2084,0.111945
4,467,2084,0.112918
4,467,2084,0.114198
4,467,2084,0.114100
4,468,2085,0.112172
4,468,2085,0.116017
4,468,2085,0.113872
4,468,2085,0.114467
4,468,2085,0.112079
4,468,2085,0.116486
4,468,2085,0.111325
4,468,2085,0.114546
4,469,2086,0.114791
4,469,2086,0.113289
4,469,2086,0.115888
4,469,2086,0.113736
4,469,2086,0.115410
4,469,2086,0.114033
4,469,2086,0.116586
4,469,2086,0.114450
4,470,2087,0.113936
4,470,2087,0.119992
4,470,2087,0.114251
4,470,2087,0.113510
4,470,2087,0.116234
4,470,2087,0.113662
4,470,2087,0.114751
4,470,2087,0.118954
4,471,2088,0.110373
4,471,2088,0.113709
4,471,2088,0.116324
4,471,2088,0.118618
4,471,2088,0.119039
4,471,2088,0.118030
4,471,2088,0.120233
4,471,2088,0.115327
4,472,2089,0.111823
4,472,2089,0.115711
4,472,2089,0.113479
4,472,2089,0.116752
4,472,2089,0.118271
4,472,2089,0.114718
4,472,2089,0.114208
4,472,2089,0.113586
4,473,2090,0.114423
4,473,2090,0.113413
4,473,2090,0.117092
4,473,2090,0.116948
4,473,2090,0.114922
4,473,2090,0.112394
4,473,2090,0.110255
4,473,2090,0.116219
4,474,2091,0.114903
4,474,2091,0.111496
4,474,2091,0.111961
4,474,2091,0.116271
4,474,2091,0.113115
4,474,2091,0.117043
4,474,2091,0.112909
4,474,2091,0.115346
4,475,2092,0.111217
4,475,2092,0.115144
4,475,2092,0.112625
4,475,2092,0.116534
4,475,2092,0.115193
4,475,2092,0.113546
4,475,2092,0.111847
4,475,2092,0.112370
4,476,2093,0.113647
4,476,2093,0.118921
4,476,2093,0.116195
4,476,2093,0.109981
4,476,2093,0.116370
4,476,2093,0.121970
4,476,2093,0.114161
4,476,2093,0.124114
4,477,2094,0.114033
4,477,2094,0.115548
4,477,2094,0.114171
4,477,2094,0.115422
4,477,2094,0.112241
4,477,2094,0.115270
4,477,2094,0.113910
4,477,2094,0.115404
4,478,2095,0.113328
4,478,2095,0.116358
4,478,2095,0.114271
4,478,2095,0.117029
4,478,2095,0.111512
4,478,2095,0.117006
4,478,2095,0.113616
4,478,2095,0.113759
4,479,2096,0.114131
4,479,2096,0.117574
4,479,2096,0.117498
4,479,2096,0.115676
4,479,2096,0.112889
4,479,2096,0.118361
4,479,2096,0.115547
4,479,2096,0.112933
4,480,2097,0.117398
4,480,2097,0.115324
4,480,2097,0.114314
4,480,2097,0.114938
4,480,2097,0.112640
4,480,2097,0.114102
4,480,2097,0.116857
4,480,2097,0.114801
4,481,2098,0.114415
4,481,2098,0.113497
4,481,2098,0.114212
4,481,2098,0.116307
4,481,2098,0.114791
4,481,2098,0.113374
4,481,2098,0.112691
4,481,2098,0.113524
4,482,2099,0.117917
4,482,2099,0.118650
4,482,2099,0.111683
4,482,2099,0.115066
4,482,2099,0.113258
4,482,2099,0.114317
4,482,2099,0.117940
4,482,2099,0.113922
4,483,2100,0.115353
4,483,2100,0.112863
4,483,2100,0.115287
4,483,2100,0.119245
4,483,2100,0.116600
4,483,2100,0.117757
4,483,2100,0.114768
4,483,2100,0.113228
4,484,2101,0.112448
4,484,2101,0.112678
4,484,2101,0.112451
4,484,2101,0.116905
4,484,2101,0.112450
4,484,2101,0.119302
4,484,2101,0.115015
4,484,2101,0.115223
4,485,2102,0.121880
4,485,2102,0.118980
4,485,2102,0.113390
4,485,2102,0.115002
4,485,2102,0.115652
4,485,2102,0.116691
4,485,2102,0.112661
4,485,2102,0.113097
4,486,2103,0.114278
4,486,2103,0.111273
4,486,2103,0.114400
4,486,2103,0.114004
4,486,2103,0.115753
4,486,2103,0.116236
4,486,2103,0.112634
4,486,2103,0.114896
4,487,2104,0.114910
4,487,2104,0.117252
4,487,2104,0.116427
4,487,2104,0.112737
4,487,2104,0.113585
4,487,2104,0.113064
4,487,2104,0.114550
4,487,2104,0.118141
4,488,2105,0.114903
4,488,2105,0.113464
4,488,2105,0.115072
4,488,2105,0.111243
4,488,2105,0.116624
4,488,2105,0.112609
4,488,2105,0.112741
4,488,2105,0.119314
4,489,2106,0.114234
4,489,2106,0.112162
4,489,2106,0.112688
4,489,2106,0.116335
4,489,2106,0.111751
4,489,2106,0.116633
4,489,2106,0.110469
4,489,2106,0.118925
4,490,2107,0.113013
4,490,2107,0.113642
4,490,2107,0.112250
4,490,2107,0.111844
4,490,2107,0.122623
4,490,2107,0.113594
4,490,2107,0.113551
4,490,2107,0.118420
4,491,2108,0.118423
4,491,2108,0.112201
4,491,2108,0.119959
4,491,2108,0.116185
4,491,2108,0.116070
4,491,2108,0.113401
4,491,2108,0.114958
4,491,2108,0.111158
4,492,2109,0.114645
4,492,2109,0.118052
4,492,2109,0.115979
4,492,2109,0.119456
4,492,2109,0.114619
4,492,2109,0.112421
4,492,2109,0.115359
4,492,2109,0.114341
4,493,2110,0.115015
4,493,2110,0.113730
4,493,2110,0.113397
4,493,2110,0.114052
4,493,2110,0.110533
4,493,2110,0.112808
4,493,2110,0.113619
4,493,2110,0.114086
4,494,2111,0.114341
4,494,2111,0.113256
4,494,2111,0.114100
4,494,2111,0.114427
4,494,2111,0.113898
4,494,2111,0.115355
4,494,2111,0.110848
4,494,2111,0.114674
4,495,2112,0.112903
4,495,2112,0.118455
4,495,2112,0.113645
4,495,2112,0.111521
4,495,2112,0.116587
4,495,2112,0.112467
4,495,2112,0.118934
4,495,2112,0.114258
4,496,2113,0.112182
4,496,2113,0.114918
4,496,2113,0.115518
4,496,2113,0.116317
4,496,2113,0.110904
4,496,2113,0.119342
4,496,2113,0.114456
4,496,2113,0.117127
4,497,2114,0.115461
4,497,2114,0.114658
4,497,2114,0.117095
4,497,2114,0.112373
4,497,2114,0.118354
4,497,2114,0.113188
4,497,2114,0.112871
4,497,2114,0.115458
4,498,2115,0.113507
4,498,2115,0.118882
4,498,2115,0.114092
4,498,2115,0.117225
4,498,2115,0.113982
4,498,2115,0.113030
4,498,2115,0.113891
4,498,2115,0.119805
4,499,2116,0.117128
4,499,2116,0.114488
4,499,2116,0.115072
4,499,2116,0.110844
4,499,2116,0.112415
4,499,2116,0.118868
4,499,2116,0.115953
4,499,2116,0.114022
4,500,2117,0.114793
4,500,2117,0.110702
4,500,2117,0.112605
4,500,2117,0.112657
4,500,2117,0.120733
4,500,2117,0.113331
4,500,2117,0.114344
4,500,2117,0.116555
4,501,2118,0.116476
4,501,2118,0.110457
4,501,2118,0.112901
4,501,2118,0.116527
4,501,2118,0.118977
4,501,2118,0.112562
4,501,2118,0.113481
4,501,2118,0.115764
4,502,2119,0.113972
4,502,2119,0.115148
4,502,2119,0.118008
4,502,2119,0.112967
4,502,2119,0.111291
4,502,2119,0.113052
4,502,2119,0.116104
4,502,2119,0.120839
4,503,2120,0.115718
4,503,2120,0.111930
4,503,2120,0.113736
4,503,2120,0.116502
4,503,2120,0.115135
4,503,2120,0.111990
4,503,2120,0.119283
4,503,2120,0.110847
4,504,2121,0.112929
4,504,2121,0.117008
4,504,2121,0.117029
4,504,2121,0.116710
4,504,2121,0.112193
4,504,2121,0.112631
4,504,2121,0.110212
4,504,2121,0.117488
4,505,2122,0.111909
4,505,2122,0.115413
4,505,2122,0.119936
4,505,2122,0.115040
4,505,2122,0.116882
4,505,2122,0.112023
4,505,2122,0.122505
4,505,2122,0.113481
4,506,2123,0.111516
4,506,2123,0.115104
4,506,2123,0.113390
4,506,2123,0.117924
4,506,2123,0.112745
4,506,2123,0.116706
4,506,2123,0.113516
4,506,2123,0.111125
4,507,2124,0.112964
4,507,2124,0.115143
4,507,2124,0.115281
4,507,2124,0.115205
4,507,2124,0.111100
4,507,2124,0.115125
4,507,2124,0.114296
4,507,2124,0.114459
4,508,2125,0.117416
4,508,2125,0.112853
4,508,2125,0.113638
4,508,2125,0.122444
4,508,2125,0.121223
4,508,2125,0.114476
4,508,2125,0.115632
4,508,2125,0.113470
4,509,2126,0.113344
4,509,2126,0.114555
4,509,2126,0.114286
4,509,2126,0.114653
4,509,2126,0.110606
4,509,2126,0.117265
4,509,2126,0.112049
4,509,2126,0.112670
4,510,2127,0.115419
4,510,2127,0.119479
4,510,2127,0.111637
4,510,2127,0.114662
4,510,2127,0.116113
4,510,2127,0.117287
4,510,2127,0.115437
4,510,2127,0.114223
4,511,2128,0.113282
4,511,2128,0.114887
4,511,2128,0.115052
4,511,2128,0.115248
4,511,2128,0.113173
4,511,2128,0.111709
4,511,2128,0.113950
4,511,2128,0.112287
4,512,2129,0.114698
4,512,2129,0.112550
4,512,2129,0.113755
4,512,2129,0.116997
4,512,2129,0.116156
4,512,2129,0.113404
4,512,2129,0.112362
4,512,2129,0.111322
4,513,2130,0.117222
4,513,2130,0.117274
4,513,2130,0.109875
4,513,2130,0.114039
4,513,2130,0.121124
4,513,2130,0.115029
4,513,2130,0.113587
4,513,2130,0.118845
4,514,2131,0.117722
4,514,2131,0.112449
4,514,2131,0.111103
4,514,2131,0.116865
4,514,2131,0.112689
4,514,2131,0.119428
4,514,2131,0.111792
4,514,2131,0.117406
4,515,2132,0.114440
4,515,2132,0.114794
4,515,2132,0.113743
4,515,2132,0.114287
4,515,2132,0.116387
4,515,2132,0.115829
4,515,2132,0.114704
4,515,2132,0.112812
4,516,2133,0.117348
4,516,2133,0.116937
4,516,2133,0.117980
4,516,2133,0.114204
4,516,2133,0.113958
4,516,2133,0.113925
4,516,2133,0.114115
4,516,2133,0.112039
4,517,2134,0.109740
4,517,2134,0.115773
4,517,2134,0.113894
4,517,2134,0.115996
4,517,2134,0.118111
4,517,2134,0.115580
4,517,2134,0.112703
4,517,2134,0.114162
4,518,2135,0.117188
4,518,2135,0.113249
4,518,2135,0.116511
4,518,2135,0.115052
4,518,2135,0.110074
4,518,2135,0.114687
4,518,2135,0.115269
4,518,2135,0.117919
4,519,2136,0.112223
4,519,2136,0.121921
4,519,2136,0.115095
4,519,2136,0.112815
4,519,2136,0.115290
4,519,2136,0.114641
4,519,2136,0.115206
4,519,2136,0.114941
4,520,2137,0.110251
4,520,2137,0.115866
4,520,2137,0.114897
4,520,2137,0.118252
4,520,2137,0.115302
4,520,2137,0.112890
4,520,2137,0.117542
4,520,2137,0.108721
4,521,2138,0.115557
4,521,2138,0.114260
4,521,2138,0.115877
4,521,2138,0.114084
4,521,2138,0.115069
4,521,2138,0.117562
4,521,2138,0.114281
4,521,2138,0.114459
4,522,2139,0.117933
4,522,2139,0.113458
4,522,2139,0.110901
4,522,2139,0.113508
4,522,2139,0.115055
4,522,2139,0.118924
4,522,2139,0.114388
4,522,2139,0.110955
4,523,2140,0.113035
4,523,2140,0.113014
4,523,2140,0.115966
4,523,2140,0.115782
4,523,2140,0.115144
4,523,2140,0.116480
4,523,2140,0.113054
4,523,2140,0.115087
4,524,2141,0.113336
4,524,2141,0.111003
4,524,2141,0.113809
4,524,2141,0.112196
4,524,2141,0.114790
4,524,2141,0.115635
4,524,2141,0.112967
4,524,2141,0.114881
4,525,2142,0.112218
4,525,2142,0.111697
4,525,2142,0.116467
4,525,2142,0.116222
4,525,2142,0.112109
4,525,2142,0.115476
4,525,2142,0.112539
4,525,2142,0.115026
4,526,2143,0.115594
4,526,2143,0.111018
4,526,2143,0.112784
4,526,2143,0.114343
4,526,2143,0.113246
4,526,2143,0.113756
4,526,2143,0.117280
4,526,2143,0.113996
4,527,2144,0.113147
4,527,2144,0.114579
4,527,2144,0.114740
4,527,2144,0.115878
4,527,2144,0.113423
4,527,2144,0.113659
4,527,2144,0.113534
4,527,2144,0.112656
4,528,2145,0.112602
4,528,2145,0.116601
4,528,2145,0.117688
4,528,2145,0.117152
4,528,2145,0.121809
4,528,2145,0.119536
4,528,2145,0.111619
4,528,2145,0.114101
4,529,2146,0.118560
4,529,2146,0.113546
4,529,2146,0.112817
4,529,2146,0.114770
4,529,2146,0.113894
4,529,2146,0.110252
4,529,2146,0.117173
4,529,2146,0.115074
4,530,2147,0.114199
4,530,2147,0.114273
4,530,2147,0.116942
4,530,2147,0.113198
4,530,2147,0.119235
4,530,2147,0.112873
4,530,2147,0.113135
4,530,2147,0.112447
4,531,2148,0.117330
4,531,2148,0.115486
4,531,2148,0.115256
4,531,2148,0.116533
4,531,2148,0.111909
4,531,2148,0.113268
4,531,2148,0.115493
4,531,2148,0.112973
4,532,2149,0.116980
4,532,2149,0.109867
4,532,2149,0.110893
4,532,2149,0.121685
4,532,2149,0.113585
4,532,2149,0.113831
4,532,2149,0.113164
4,532,2149,0.111409
4,533,2150,0.113215
4,533,2150,0.117518
4,533,2150,0.114173
4,533,2150,0.119142
4,533,2150,0.121141
4,533,2150,0.111700
4,533,2150,0.115009
4,533,2150,0.111846
4,534,2151,0.120384
4,534,2151,0.112966
4,534,2151,0.117592
4,534,2151,0.114139
4,534,2151,0.111245
4,534,2151,0.112597
4,534,2151,0.114779
4,534,2151,0.117641
4,535,2152,0.112364
4,535,2152,0.114274
4,535,2152,0.110872
4,535,2152,0.112802
4,535,2152,0.114672
4,535,2152,0.113952
4,535,2152,0.116412
4,535,2152,0.115665
4,536,2153,0.111143
4,536,2153,0.118087
4,536,2153,0.114722
4,536,2153,0.113375
4,536,2153,0.113542
4,536,2153,0.116365
4,536,2153,0.120637
4,536,2153,0.114208
4,537,2154,0.115078
4,537,2154,0.110027
4,537,2154,0.113773
4,537,2154,0.114984
4,537,2154,0.120274
4,537,2154,0.114132
4,537,2154,0.118223
4,537,2154,0.112954
4,538,2155,0.111860
4,538,2155,0.112828
4,538,2155,0.112460
4,538,2155,0.113717
4,538,2155,0.113426
4,538,2155,0.116225
4,538,2155,0.112436
4,538,2155,0.115983
4,539,2156,0.113844
4,539,2156,0.110936
4,539,2156,0.117526
4,539,2156,0.111341
4,539,2156,0.113463
4,539,2156,0.115586
4,539,2156,0.116039
4,539,2156,0.113578
5,1,2157,0.113178
5,1,2157,0.112414
5,1,2157,0.116403
5,1,2157,0.116428
5,1,2157,0.117083
5,1,2157,0.121292
5,1,2157,0.113005
5,1,2157,0.122268
5,2,2158,0.116629
5,2,2158,0.115416
5,2,2158,0.114729
5,2,2158,0.112575
5,2,2158,0.115794
5,2,2158,0.111589
5,2,2158,0.117539
5,2,2158,0.115909
5,3,2159,0.115115
5,3,2159,0.115554
5,3,2159,0.113325
5,3,2159,0.110567
5,3,2159,0.112477
5,3,2159,0.116608
5,3,2159,0.114613
5,3,2159,0.115072
5,4,2160,0.114458
5,4,2160,0.114729
5,4,2160,0.111480
5,4,2160,0.122385
5,4,2160,0.112921
5,4,2160,0.116254
5,4,2160,0.116263
5,4,2160,0.118764
5,5,2161,0.117282
5,5,2161,0.117566
5,5,2161,0.114026
5,5,2161,0.117375
5,5,2161,0.113093
5,5,2161,0.114973
5,5,2161,0.113242
5,5,2161,0.114029
5,6,2162,0.113810
5,6,2162,0.118814
5,6,2162,0.113835
5,6,2162,0.114733
5,6,2162,0.117292
5,6,2162,0.111547
5,6,2162,0.116517
5,6,2162,0.113340
5,7,2163,0.114155
5,7,2163,0.113080
5,7,2163,0.115829
5,7,2163,0.110435
5,7,2163,0.111312
5,7,2163,0.118708
5,7,2163,0.112560
5,7,2163,0.117377
5,8,2164,0.115437
5,8,2164,0.115013
5,8,2164,0.114026
5,8,2164,0.112999
5,8,2164,0.112842
5,8,2164,0.112854
5,8,2164,0.112059
5,8,2164,0.112858
5,9,2165,0.116626
5,9,2165,0.113237
5,9,2165,0.114866
5,9,2165,0.109730
5,9,2165,0.111312
5,9,2165,0.114647
5,9,2165,0.115236
5,9,2165,0.112885
5,10,2166,0.113071
5,10,2166,0.112872
5,10,2166,0.112676
5,10,2166,0.112774
5,10,2166,0.114534
5,10,2166,0.115884
5,10,2166,0.116705
5,10,2166,0.112005
5,11,2167,0.114287
5,11,2167,0.113954
5,11,2167,0.115360
5,11,2167,0.118082
5,11,2167,0.119483
5,11,2167,0.116743
5,11,2167,0.116266
5,11,2167,0.110431
5,12,2168,0.116430
5,12,2168,0.110666
5,12,2168,0.112731
5,12,2168,0.114677
5,12,2168,0.111636
5,12,2168,0.118523
5,12,2168,0.113712
5,12,2168,0.115134
5,13,2169,0.114899
5,13,2169,0.112299
5,13,2169,0.110943
5,13,2169,0.112419
5,13,2169,0.121100
5,13,2169,0.111467
5,13,2169,0.111554
5,13,2169,0.115406
5,14,2170,0.113824
5,14,2170,0.114441
5,14,2170,0.112798
5,14,2170,0.112549
5,14,2170,0.110987
5,14,2170,0.116043
5,14,2170,0.115605
5,14,2170,0.112381
5,15,2171,0.118797
5,15,2171,0.115291
5,15,2171,0.111249
5,15,2171,0.114629
5,15,2171,0.114289
5,15,2171,0.111765
5,15,2171,0.112152
5,15,2171,0.114200
5,16,2172,0.112112
5,16,2172,0.115439
5,16,2172,0.116702
5,16,2172,0.111863
5,16,2172,0.113285
5,16,2172,0.117934
5,16,2172,0.114134
5,16,2172,0.116041
5,17,2173,0.116697
5,17,2173,0.115333
5,17,2173,0.115397
5,17,2173,0.112621
5,17,2173,0.113316
5,17,2173,0.115383
5,17,2173,0.113196
5,17,2173,0.111530
5,18,2174,0.114875
5,18,2174,0.112778
5,18,2174,0.115911
5,18,2174,0.112162
5,18,2174,0.119934
5,18,2174,0.115100
5,18,2174,0.111436
5,18,2174,0.115639
5,19,2175,0.115311
5,19,2175,0.117213
5,19,2175,0.113238
5,19,2175,0.117235
5,19,2175,0.114179
5,19,2175,0.116067
5,19,2175,0.116103
5,19,2175,0.111668
5,20,2176,0.112241
5,20,2176,0.122636
5,20,2176,0.112920
5,20,2176,0.115408
5,20,2176,0.116299
5,20,2176,0.114003
5,20,2176,0.116388
5,20,2176,0.111314
5,21,2177,0.115734
5,21,2177,0.112372
5,21,2177,0.115785
5,21,2177,0.114892
5,21,2177,0.117063
5,21,2177,0.112762
5,21,2177,0.115207
5,21,2177,0.116159
5,22,2178,0.114930
5,22,2178,0.111302
5,22,2178,0.116212
5,22,2178,0.114536
5,22,2178,0.114921
5,22,2178,0.112589
5,22,2178,0.117235
5,22,2178,0.115788
5,23,2179,0.120122
5,23,2179,0.115731
5,23,2179,0.113549
5,23,2179,0.119221
5,23,2179,0.113112
5,23,2179,0.118795
5,23,2179,0.113513
5,23,2179,0.116593
5,24,2180,0.112242
5,24,2180,0.114225
5,24,2180,0.117789
5,24,2180,0.116223
5,24,2180,0.110360
5,24,2180,0.114609
5,24,2180,0.115946
5,24,2180,0.113186
5,25,2181,0.114587
5,25,2181,0.115154
5,25,2181,0.120093
5,25,2181,0.114883
5,25,2181,0.113790
5,25,2181,0.114428
5,25,2181,0.114375
5,25,2181,0.112317
5,26,2182,0.115355
5,26,2182,0.114540
5,26,2182,0.115745
5,26,2182,0.111909
5,26,2182,0.119804
5,26,2182,0.117034
5,26,2182,0.111458
5,26,2182,0.115524
5,27,2183,0.111793
5,27,2183,0.115904
5,27,2183,0.120411
5,27,2183,0.114914
5,27,2183,0.115708
5,27,2183,0.114165
5,27,2183,0.113968
5,27,2183,0.117557
5,28,2184,0.113337
5,28,2184,0.116453
5,28,2184,0.112451
5,28,2184,0.114117
5,28,2184,0.114717
5,28,2184,0.115219
5,28,2184,0.110277
5,28,2184,0.116882
5,29,2185,0.115230
5,29,2185,0.118936
5,29,2185,0.116061
5,29,2185,0.113816
5,29,2185,0.114289
5,29,2185,0.111569
5,29,2185,0.115645
5,29,2185,0.118769
5,30,2186,0.114079
5,30,2186,0.114452
5,30,2186,0.113842
5,30,2186,0.111248
5,30,2186,0.114755
5,30,2186,0.112546
5,30,2186,0.114526
5,30,2186,0.112095
5,31,2187,0.109968
5,31,2187,0.113706
5,31,2187,0.115011
5,31,2187,0.112397
5,31,2187,0.116264
5,31,2187,0.114213
5,31,2187,0.115407
5,31,2187,0.113553
5,32,2188,0.118316
5,32,2188,0.114234
5,32,2188,0.115657
5,32,2188,0.114500
5,32,2188,0.115970
5,32,2188,0.120163
5,32,2188,0.110927
5,32,2188,0.114146
5,33,2189,0.111664
5,33,2189,0.112975
5,33,2189,0.120316
5,33,2189,0.116666
5,33,2189,0.117703
5,33,2189,0.114601
5,33,2189,0.115687
5,33,2189,0.108905
5,34,2190,0.115798
5,34,2190,0.115250
5,34,2190,0.112876
5,34,2190,0.114169
5,34,2190,0.113121
5,34,2190,0.112984
5,34,2190,0.117250
5,34,2190,0.116485
5,35,2191,0.112798
5,35,2191,0.113756
5,35,2191,0.114980
5,35,2191,0.114908
5,35,2191,0.111635
5,35,2191,0.113077
5,35,2191,0.118058
5,35,2191,0.112869
5,36,2192,0.118101
5,36,2192,0.113305
5,36,2192,0.114341
5,36,2192,0.111926
5,36,2192,0.114034
5,36,2192,0.114135
5,36,2192,0.111535
5,36,2192,0.115729
5,37,2193,0.118673
5,37,2193,0.115205
5,37,2193,0.116091
5,37,2193,0.112130
5,37,2193,0.115677
5,37,2193,0.112915
5,37,2193,0.110868
5,37,2193,0.116255
5,38,2194,0.110827
5,38,2194,0.111399
5,38,2194,0.113677
5,38,2194,0.114282
5,38,2194,0.118455
5,38,2194,0.112724
5,38,2194,0.113343
5,38,2194,0.114135
5,39,2195,0.114646
5,39,2195,0.118053
5,39,2195,0.121003
5,39,2195,0.119415
5,39,2195,0.112391
5,39,2195,0.114943
5,39,2195,0.112725
5,39,2195,0.111811
5,40,2196,0.114865
5,40,2196,0.113781
5,40,2196,0.111022
5,40,2196,0.118241
5,40,2196,0.114183
5,40,2196,0.116382
5,40,2196,0.115171
5,40,2196,0.114568
5,41,2197,0.113131
5,41,2197,0.112016
5,41,2197,0.113983
5,41,2197,0.116392
5,41,2197,0.113049
5,41,2197,0.114542
5,41,2197,0.121682
5,41,2197,0.114107
5,42,2198,0.120458
5,42,2198,0.114674
5,42,2198,0.115381
5,42,2198,0.115806
5,42,2198,0.111496
5,42,2198,0.114136
5,42,2198,0.114768
5,42,2198,0.111868
5,43,2199,0.114465
5,43,2199,0.111867
5,43,2199,0.117303
5,43,2199,0.117034
5,43,2199,0.117946
5,43,2199,0.111973
5,43,2199,0.114497
5,43,2199,0.116072
5,44,2200,0.112283
5,44,2200,0.116066
5,44,2200,0.113276
5,44,2200,0.118302
5,44,2200,0.114616
5,44,2200,0.114273
5,44,2200,0.118232
5,44,2200,0.114652
5,45,2201,0.110659
5,45,2201,0.116334
5,45,2201,0.116611
5,45,2201,0.112264
5,45,2201,0.111178
5,45,2201,0.114922
5,45,2201,0.113532
5,45,2201,0.113732
5,46,2202,0.114144
5,46,2202,0.112681
5,46,2202,0.112786
5,46,2202,0.111030
5,46,2202,0.117587
5,46,2202,0.113851
5,46,2202,0.111398
5,46,2202,0.119485
5,47,2203,0.114498
5,47,2203,0.117898
5,47,2203,0.116976
5,47,2203,0.111735
5,47,2203,0.116092
5,47,2203,0.115632
5,47,2203,0.115575
5,47,2203,0.113286
5,48,2204,0.113420
5,48,2204,0.112128
5,48,2204,0.113755
5,48,2204,0.114990
5,48,2204,0.115163
5,48,2204,0.118801
5,48,2204,0.113744
5,48,2204,0.112465
5,49,2205,0.112361
5,49,2205,0.114415
5,49,2205,0.113446
5,49,2205,0.112913
5,49,2205,0.111580
5,49,2205,0.112876
5,49,2205,0.114831
5,49,2205,0.115835
5,50,2206,0.115745
5,50,2206,0.112416
5,50,2206,0.112065
5,50,2206,0.117590
5,50,2206,0.113050
5,50,2206,0.112164
5,50,2206,0.113724
5,50,2206,0.115276
5,51,2207,0.117761
5,51,2207,0.110265
5,51,2207,0.110506
5,51,2207,0.113927
5,51,2207,0.112906
5,51,2207,0.113657
5,51,2207,0.112176
5,51,2207,0.113527
5,52,2208,0.109937
5,52,2208,0.116122
5,52,2208,0.113506
5,52,2208,0.113568
5,52,2208,0.115440
5,52,2208,0.111011
5,52,2208,0.114808
5,52,2208,0.114436
5,53,2209,0.108893
5,53,2209,0.115380
5,53,2209,0.111209
5,53,2209,0.114223
5,53,2209,0.113627
5,53,2209,0.119120
5,53,2209,0.114891
5,53,2209,0.113770
5,54,2210,0.112729
5,54,2210,0.111057
5,54,2210,0.116660
5,54,2210,0.112421
5,54,2210,0.113121
5,54,2210,0.115734
5,54,2210,0.115892
5,54,2210,0.112051
5,55,2211,0.117435
5,55,2211,0.116156
5,55,2211,0.113805
5,55,2211,0.109507
5,55,2211,0.111680
5,55,2211,0.112333
5,55,2211,0.113674
5,55,2211,0.112025
5,56,2212,0.115931
5,56,2212,0.110682
5,56,2212,0.114099
5,56,2212,0.111929
5,56,2212,0.117076
5,56,2212,0.110485
5,56,2212,0.114152
5,56,2212,0.114985
5,57,2213,0.117259
5,57,2213,0.114130
5,57,2213,0.115027
5,57,2213,0.114990
5,57,2213,0.115629
5,57,2213,0.114221
5,57,2213,0.111171
5,57,2213,0.113873
5,58,2214,0.110462
5,58,2214,0.111103
5,58,2214,0.113666
5,58,2214,0.113478
5,58,2214,0.115883
5,58,2214,0.114958
5,58,2214,0.112068
5,58,2214,0.112721
5,59,2215,0.122563
5,59,2215,0.113869
5,59,2215,0.119627
5,59,2215,0.118414
5,59,2215,0.115233
5,59,2215,0.118261
5,59,2215,0.114335
5,59,2215,0.114576
5,60,2216,0.118857
5,60,2216,0.115168
5,60,2216,0.118767
5,60,2216,0.114056
5,60,2216,0.119587
5,60,2216,0.116008
5,60,2216,0.115550
5,60,2216,0.112007
5,61,2217,0.113694
5,61,2217,0.111271
5,61,2217,0.115224
5,61,2217,0.116598
5,61,2217,0.120091
5,61,2217,0.114190
5,61,2217,0.114206
5,61,2217,0.114434
5,62,2218,0.125980
5,62,2218,0.115010
5,62,2218,0.114500
5,62,2218,0.113493
5,62,2218,0.111976
5,62,2218,0.113106
5,62,2218,0.112558
5,62,2218,0.116575
5,63,2219,0.111759
5,63,2219,0.113235
5,63,2219,0.115471
5,63,2219,0.112302
5,63,2219,0.112844
5,63,2219,0.114132
5,63,2219,0.116321
5,63,2219,0.113784
5,64,2220,0.118984
5,64,2220,0.113088
5,64,2220,0.116911
5,64,2220,0.116389
5,64,2220,0.114629
5,64,2220,0.112945
5,64,2220,0.110056
5,64,2220,0.115736
5,65,2221,0.117235
5,65,2221,0.116174
5,65,2221,0.114707
5,65,2221,0.113867
5,65,2221,0.114915
5,65,2221,0.115901
5,65,2221,0.116019
5,65,2221,0.111835
5,66,2222,0.113114
5,66,2222,0.113274
5,66,2222,0.116271
5,66,2222,0.114761
5,66,2222,0.110402
5,66,2222,0.115195
5,66,2222,0.111991
5,66,2222,0.113676
5,67,2223,0.116376
5,67,2223,0.112615
5,67,2223,0.117320
5,67,2223,0.112599
5,67,2223,0.118191
5,67,2223,0.116036
5,67,2223,0.113314
5,67,2223,0.113324
5,68,2224,0.113334
5,68,2224,0.116357
5,68,2224,0.118642
5,68,2224,0.112959
5,68,2224,0.114891
5,68,2224,0.116169
5,68,2224,0.112041
5,68,2224,0.110320
5,69,2225,0.115335
5,69,2225,0.112549
5,69,2225,0.111874
5,69,2225,0.112648
5,69,2225,0.116233
5,69,2225,0.117851
5,69,2225,0.111666
5,69,2225,0.114740
5,70,2226,0.116246
5,70,2226,0.113712
5,70,2226,0.113961
5,70,2226,0.114846
5,70,2226,0.113123
5,70,2226,0.111730
5,70,2226,0.113209
5,70,2226,0.112443
5,71,2227,0.121001
5,71,2227,0.113053
5,71,2227,0.116547
5,71,2227,0.113031
5,71,2227,0.114500
5,71,2227,0.115209
5,71,2227,0.113721
5,71,2227,0.113387
5,72,2228,0.121259
5,72,2228,0.115758
5,72,2228,0.114289
5,72,2228,0.114003
5,72,2228,0.114768
5,72,2228,0.113720
5,72,2228,0.114913
5,72,2228,0.116124
5,73,2229,0.113938
5,73,2229,0.118034
5,73,2229,0.111407
5,73,2229,0.113135
5,73,2229,0.118713
5,73,2229,0.116654
5,73,2229,0.112968
5,73,2229,0.113282
5,74,2230,0.116719
5,74,2230,0.113586
5,74,2230,0.115342
5,74,2230,0.114020
5,74,2230,0.115491
5,74,2230,0.112469
5,74,2230,0.115110
5,74,2230,0.113671
5,75,2231,0.114293
5,75,2231,0.115185
5,75,2231,0.112739
5,75,2231,0.116918
5,75,2231,0.113125
5,75,2231,0.117139
5,75,2231,0.113590
5,75,2231,0.112915
5,76,2232,0.115400
5,76,2232,0.114619
5,76,2232,0.113453
5,76,2232,0.116659
5,76,2232,0.114927
5,76,2232,0.114781
5,76,2232,0.117469
5,76,2232,0.116656
5,77,2233,0.112439
5,77,2233,0.113431
5,77,2233,0.116134
5,77,2233,0.114208
5,77,2233,0.118415
5,77,2233,0.114155
5,77,2233,0.112511
5,77,2233,0.113253
5,78,2234,0.115258
5,78,2234,0.111633
5,78,2234,0.116502
5,78,2234,0.113130
5,78,2234,0.117244
5,78,2234,0.115042
5,78,2234,0.113754
5,78,2234,0.113143
5,79,2235,0.113324
5,79,2235,0.114676
5,79,2235,0.115111
5,79,2235,0.112800
5,79,2235,0.114296
5,79,2235,0.115243
5,79,2235,0.113968
5,79,2235,0.116558
5,80,2236,0.110408
5,80,2236,0.113979
5,80,2236,0.115982
5,80,2236,0.112858
5,80,2236,0.117299
5,80,2236,0.116851
5,80,2236,0.114614
5,80,2236,0.116862
5,81,2237,0.113230
5,81,2237,0.115031
5,81,2237,0.117738
5,81,2237,0.111523
5,81,2237,0.118222
5,81,2237,0.114224
5,81,2237,0.114882
5,81,2237,0.114002
5,82,2238,0.115457
5,82,2238,0.117590
5,82,2238,0.117142
5,82,2238,0.118192
5,82,2238,0.112032
5,82,2238,0.116113
5,82,2238,0.116157
5,82,2238,0.113824
5,83,2239,0.112945
5,83,2239,0.115833
5,83,2239,0.116800
5,83,2239,0.113123
5,83,2239,0.114224
5,83,2239,0.116340
5,83,2239,0.114856
5,83,2239,0.118893
5,84,2240,0.112026
5,84,2240,0.112732
5,84,2240,0.115937
5,84,2240,0.120492
5,84,2240,0.113674
5,84,2240,0.112015
5,84,2240,0.114184
5,84,2240,0.111789
5,85,2241,0.112976
5,85,2241,0.112708
5,85,2241,0.113250
5,85,2241,0.112171
5,85,2241,0.118689
5,85,2241,0.114714
5,85,2241,0.113241
5,85,2241,0.115479
5,86,2242,0.120020
5,86,2242,0.116065
5,86,2242,0.113418
5,86,2242,0.114524
5,86,2242,0.111264
5,86,2242,0.114920
5,86,2242,0.111929
5,86,2242,0.116152
5,87,2243,0.115349
5,87,2243,0.115145
5,87,2243,0.113105
5,87,2243,0.113891
5,87,2243,0.113476
5,87,2243,0.119458
5,87,2243,0.116134
5,87,2243,0.115106
5,88,2244,0.117614
5,88,2244,0.113540
5,88,2244,0.118526
5,88,2244,0.114872
5,88,2244,0.119587
5,88,2244,0.111635
5,88,2244,0.116660
5,88,2244,0.114784
5,89,2245,0.113526
5,89,2245,0.116165
5,89,2245,0.111272
5,89,2245,0.115580
5,89,2245,0.114999
5,89,2245,0.112218
5,89,2245,0.111424
5,89,2245,0.113136
5,90,2246,0.116868
5,90,2246,0.116416
5,90,2246,0.112065
5,90,2246,0.114782
5,90,2246,0.119138
5,90,2246,0.112647
5,90,2246,0.111838
5,90,2246,0.113171
5,91,2247,0.115497
5,91,2247,0.115976
5,91,2247,0.115400
5,91,2247,0.113640
5,91,2247,0.116164
5,91,2247,0.115684
5,91,2247,0.112063
5,91,2247,0.119921
5,92,2248,0.113587
5,92,2248,0.113062
5,92,2248,0.117964
5,92,2248,0.115764
5,92,2248,0.114082
5,92,2248,0.117351
5,92,2248,0.116421
5,92,2248,0.114892
5,93,2249,0.112152
5,93,2249,0.120658
5,93,2249,0.111400
5,93,2249,0.114920
5,93,2249,0.115767
5,93,2249,0.116669
5,93,2249,0.114208
5,93,2249,0.114304
5,94,2250,0.113021
5,94,2250,0.115365
5,94,2250,0.115972
5,94,2250,0.115345
5,94,2250,0.114951
5,94,2250,0.111437
5,94,2250,0.112160
5,94,2250,0.114789
5,95,2251,0.111905
5,95,2251,0.115124
5,95,2251,0.114985
5,95,2251,0.121129
5,95,2251,0.112169
5,95,2251,0.118088
5,95,2251,0.115568
5,95,2251,0.114615
5,96,2252,0.114718
5,96,2252,0.114916
5,96,2252,0.115825
5,96,2252,0.115519
5,96,2252,0.119256
5,96,2252,0.114441
5,96,2252,0.112913
5,96,2252,0.115294
5,97,2253,0.116907
5,97,2253,0.112645
5,97,2253,0.114886
5,97,2253,0.117115
5,97,2253,0.114456
5,97,2253,0.112069
5,97,2253,0.113370
5,97,2253,0.115273
5,98,2254,0.114285
5,98,2254,0.115221
5,98,2254,0.114582
5,98,2254,0.116564
5,98,2254,0.112498
5,98,2254,0.112481
5,98,2254,0.113432
5,98,2254,0.114303
5,99,2255,0.114225
5,99,2255,0.115770
5,99,2255,0.112128
5,99,2255,0.113240
5,99,2255,0.116769
5,99,2255,0.112832
5,99,2255,0.111830
5,99,2255,0.112979
5,100,2256,0.117069
5,100,2256,0.116485
5,100,2256,0.113037
5,100,2256,0.115715
5,100,2256,0.115533
5,100,2256,0.115428
5,100,2256,0.114601
5,100,2256,0.115868
5,101,2257,0.116532
5,101,2257,0.116701
5,101,2257,0.110695
5,101,2257,0.110018
5,101,2257,0.115557
5,101,2257,0.115073
5,101,2257,0.115187
5,101,2257,0.113817
5,102,2258,0.118931
5,102,2258,0.114053
5,102,2258,0.116368
5,102,2258,0.114596
5,102,2258,0.117532
5,102,2258,0.115463
5,102,2258,0.115334
5,102,2258,0.114751
5,103,2259,0.111510
5,103,2259,0.114954
5,103,2259,0.113288
5,103,2259,0.113739
5,103,2259,0.115645
5,103,2259,0.112196
5,103,2259,0.109914
5,103,2259,0.113869
5,104,2260,0.113598
5,104,2260,0.115084
5,104,2260,0.114898
5,104,2260,0.116206
5,104,2260,0.114015
5,104,2260,0.116168
5,104,2260,0.112045
5,104,2260,0.119095
5,105,2261,0.113904
5,105,2261,0.117410
5,105,2261,0.112735
5,105,2261,0.113924
5,105,2261,0.115142
5,105,2261,0.115005
5,105,2261,0.115457
5,105,2261,0.121561
5,106,2262,0.115842
5,106,2262,0.116411
5,106,2262,0.115709
5,106,2262,0.117972
5,106,2262,0.113936
5,106,2262,0.114259
5,106,2262,0.115235
5,106,2262,0.113588
5,107,2263,0.115534
5,107,2263,0.116155
5,107,2263,0.118690
5,107,2263,0.117648
5,107,2263,0.114910
5,107,2263,0.116970
5,107,2263,0.112634
5,107,2263,0.119119
5,108,2264,0.113682
5,108,2264,0.115317
5,108,2264,0.113529
5,108,2264,0.111665
5,108,2264,0.112572
5,108,2264,0.114883
5,108,2264,0.111537
5,108,2264,0.114303
5,109,2265,0.113869
5,109,2265,0.116871
5,109,2265,0.110759
5,109,2265,0.118155
5,109,2265,0.113400
5,109,2265,0.114586
5,109,2265,0.114631
5,109,2265,0.120474
5,110,2266,0.115335
5,110,2266,0.112706
5,110,2266,0.116390
5,110,2266,0.114192
5,110,2266,0.111008
5,110,2266,0.116451
5,110,2266,0.120935
5,110,2266,0.115143
5,111,2267,0.117346
5,111,2267,0.114424
5,111,2267,0.112223
5,111,2267,0.113971
5,111,2267,0.116019
5,111,2267,0.112383
5,111,2267,0.119977
5,111,2267,0.115663
5,112,2268,0.113750
5,112,2268,0.113540
5,112,2268,0.113518
5,112,2268,0.110943
5,112,2268,0.115406
5,112,2268,0.113378
5,112,2268,0.112112
5,112,2268,0.110349
5,113,2269,0.114304
5,113,2269,0.119130
5,113,2269,0.114796
5,113,2269,0.115274
5,113,2269,0.113223
5,113,2269,0.113400
5,113,2269,0.115227
5,113,2269,0.112369
5,114,2270,0.118528
5,114,2270,0.113984
5,114,2270,0.114449
5,114,2270,0.113616
5,114,2270,0.111828
5,114,2270,0.114361
5,114,2270,0.114054
5,114,2270,0.111838
5,115,2271,0.114657
5,115,2271,0.114342
5,115,2271,0.115237
5,115,2271,0.112568
5,115,2271,0.112825
5,115,2271,0.111101
5,115,2271,0.115190
5,115,2271,0.114038
5,116,2272,0.111912
5,116,2272,0.115087
5,116,2272,0.115974
5,116,2272,0.111893
5,116,2272,0.115361
5,116,2272,0.114357
5,116,2272,0.114613
5,116,2272,0.116051
5,117,2273,0.113157
5,117,2273,0.113642
5,117,2273,0.115437
5,117,2273,0.114117
5,117,2273,0.114701
5,117,2273,0.112142
5,117,2273,0.116937
5,117,2273,0.110654
5,118,2274,0.113320
5,118,2274,0.115443
5,118,2274,0.116497
5,118,2274,0.113403
5,118,2274,0.111967
5,118,2274,0.115029
5,118,2274,0.115623
5,118,2274,0.112879
5,119,2275,0.119323
5,119,2275,0.115099
5,119,2275,0.115993
5,119,2275,0.114580
5,119,2275,0.111528
5,119,2275,0.114576
5,119,2275,0.111674
5,119,2275,0.113377
5,120,2276,0.115991
5,120,2276,0.116257
5,120,2276,0.119603
5,120,2276,0.112401
5,120,2276,0.115462
5,120,2276,0.113168
5,120,2276,0.116157
5,120,2276,0.114652
5,121,2277,0.112799
5,121,2277,0.113982
5,121,2277,0.116345
5,121,2277,0.113099
5,121,2277,0.117534
5,121,2277,0.114128
5,121,2277,0.116689
5,121,2277,0.114513
5,122,2278,0.112166
5,122,2278,0.114659
5,122,2278,0.116586
5,122,2278,0.113280
5,122,2278,0.117243
5,122,2278,0.112120
5,122,2278,0.113548
5,122,2278,0.115844
5,123,2279,0.116673
5,123,2279,0.111226
5,123,2279,0.111627
5,123,2279,0.112269
5,123,2279,0.114541
5,123,2279,0.114276
5,123,2279,0.112428
5,123,2279,0.112366
5,124,2280,0.115713
5,124,2280,0.109869
5,124,2280,0.113024
5,124,2280,0.117323
5,124,2280,0.110985
5,124,2280,0.112618
5,124,2280,0.112386
5,124,2280,0.114061
5,125,2281,0.112964
5,125,2281,0.122107
5,125,2281,0.116268
5,125,2281,0.112979
5,125,2281,0.113063
5,125,2281,0.111903
5,125,2281,0.113288
5,125,2281,0.114887
5,126,2282,0.113545
5,126,2282,0.115698
5,126,2282,0.121176
5,126,2282,0.113260
5,126,2282,0.111562
5,126,2282,0.112031
5,126,2282,0.118099
5,126,2282,0.112877
5,127,2283,0.111666
5,127,2283,0.118068
5,127,2283,0.112866
5,127,2283,0.115148
5,127,2283,0.118015
5,127,2283,0.113790
5,127,2283,0.115489
5,127,2283,0.112201
5,128,2284,0.124370
5,128,2284,0.120172
5,128,2284,0.115877
5,128,2284,0.111844
5,128,2284,0.114999
5,128,2284,0.117314
5,128,2284,0.114523
5,128,2284,0.114747
5,129,2285,0.113400
5,129,2285,0.115961
5,129,2285,0.111911
5,129,2285,0.113853
5,129,2285,0.119881
5,129,2285,0.116507
5,129,2285,0.114231
5,129,2285,0.113879
5,130,2286,0.117144
5,130,2286,0.112280
5,130,2286,0.117157
5,130,2286,0.116263
5,130,2286,0.114744
5,130,2286,0.112648
5,130,2286,0.115572
5,130,2286,0.113557
5,131,2287,0.113877
5,131,2287,0.110915
5,131,2287,0.115100
5,131,2287,0.114039
5,131,2287,0.114497
5,131,2287,0.113885
5,131,2287,0.113106
5,131,2287,0.114854
5,132,2288,0.117613
5,132,2288,0.112942
5,132,2288,0.113143
5,132,2288,0.114309
5,132,2288,0.116465
5,132,2288,0.118284
5,132,2288,0.120454
5,132,2288,0.116248
5,133,2289,0.117873
5,133,2289,0.113107
5,133,2289,0.113693
5,133,2289,0.115417
5,133,2289,0.112491
5,133,2289,0.114211
5,133,2289,0.119050
5,133,2289,0.114457
5,134,2290,0.115404
5,134,2290,0.115400
5,134,2290,0.113634
5,134,2290,0.116285
5,134,2290,0.114629
5,134,2290,0.113667
5,134,2290,0.112961
5,134,2290,0.114808
5,135,2291,0.114423
5,135,2291,0.111636
5,135,2291,0.119315
5,135,2291,0.112579
5,135,2291,0.115549
5,135,2291,0.118026
5,135,2291,0.114040
5,135,2291,0.112147
5,136,2292,0.115503
5,136,2292,0.113412
5,136,2292,0.113301
5,136,2292,0.114280
5,136,2292,0.115726
5,136,2292,0.117623
5,136,2292,0.112604
5,136,2292,0.114991
5,137,2293,0.116533
5,137,2293,0.113388
5,137,2293,0.111416
5,137,2293,0.119238
5,137,2293,0.114501
5,137,2293,0.112218
5,137,2293,0.118782
5,137,2293,0.117891
5,138,2294,0.112344
5,138,2294,0.111721
5,138,2294,0.111528
5,138,2294,0.110503
5,138,2294,0.115745
5,138,2294,0.116449
5,138,2294,0.113089
5,138,2294,0.115718
5,139,2295,0.114685
5,139,2295,0.110473
5,139,2295,0.115823
5,139,2295,0.115261
5,139,2295,0.115748
5,139,2295,0.113641
5,139,2295,0.113230
5,139,2295,0.112670
5,140,2296,0.114582
5,140,2296,0.114624
5,140,2296,0.116219
5,140,2296,0.113202
5,140,2296,0.116292
5,140,2296,0.111644
5,140,2296,0.114238
5,140,2296,0.112017
5,141,2297,0.113464
5,141,2297,0.119622
5,141,2297,0.110192
5,141,2297,0.112953
5,141,2297,0.115121
5,141,2297,0.115336
5,141,2297,0.114277
5,141,2297,0.116521
5,142,2298,0.112968
5,142,2298,0.115674
5,142,2298,0.112373
5,142,2298,0.115150
5,142,2298,0.114297
5,142,2298,0.113710
5,142,2298,0.115573
5,142,2298,0.115057
5,143,2299,0.118094
5,143,2299,0.116938
5,143,2299,0.122675
5,143,2299,0.112692
5,143,2299,0.113272
5,143,2299,0.117817
5,143,2299,0.112667
5,143,2299,0.116910
5,144,2300,0.112254
5,144,2300,0.121850
5,144,2300,0.113662
5,144,2300,0.116985
5,144,2300,0.118535
5,144,2300,0.118824
5,144,2300,0.113893
5,144,2300,0.113968
5,145,2301,0.121175
5,145,2301,0.116842
5,145,2301,0.115353
5,145,2301,0.115659
5,145,2301,0.114388
5,145,2301,0.111926
5,145,2301,0.112213
5,145,2301,0.115495
5,146,2302,0.120751
5,146,2302,0.119917
5,146,2302,0.113547
5,146,2302,0.113842
5,146,2302,0.113562
5,146,2302,0.114793
5,146,2302,0.118754
5,146,2302,0.115356
5,147,2303,0.113244
5,147,2303,0.113459
5,147,2303,0.115764
5,147,2303,0.113149
5,147,2303,0.116450
5,147,2303,0.112058
5,147,2303,0.111773
5,147,2303,0.114794
5,148,2304,0.113566
5,148,2304,0.115357
5,148,2304,0.116317
5,148,2304,0.114852
5,148,2304,0.110185
5,148,2304,0.115067
5,148,2304,0.114744
5,148,2304,0.116715
5,149,2305,0.112811
5,149,2305,0.117591
5,149,2305,0.112649
5,149,2305,0.108845
5,149,2305,0.118422
5,149,2305,0.114841
5,149,2305,0.114242
5,149,2305,0.114004
5,150,2306,0.112778
5,150,2306,0.114316
5,150,2306,0.115237
5,150,2306,0.116387
5,150,2306,0.113593
5,150,2306,0.114546
5,150,2306,0.116359
5,150,2306,0.109875
5,151,2307,0.114364
5,151,2307,0.114724
5,151,2307,0.114409
5,151,2307,0.115511
5,151,2307,0.116124
5,151,2307,0.112925
5,151,2307,0.116676
5,151,2307,0.112756
5,152,2308,0.114477
5,152,2308,0.114286
5,152,2308,0.114498
5,152,2308,0.113686
5,152,2308,0.114526
5,152,2308,0.115484
5,152,2308,0.113280
5,152,2308,0.118961
5,153,2309,0.112000
5,153,2309,0.116853
5,153,2309,0.114170
5,153,2309,0.113800
5,153,2309,0.112595
5,153,2309,0.118576
5,153,2309,0.118199
5,153,2309,0.116095
5,154,2310,0.121692
5,154,2310,0.115667
5,154,2310,0.117089
5,154,2310,0.113517
5,154,2310,0.111915
5,154,2310,0.114419
5,154,2310,0.116089
5,154,2310,0.118544
5,155,2311,0.114402
5,155,2311,0.116817
5,155,2311,0.112789
5,155,2311,0.113674
5,155,2311,0.110941
5,155,2311,0.112230
5,155,2311,0.119674
5,155,2311,0.115431
5,156,2312,0.110745
5,156,2312,0.114687
5,156,2312,0.113594
5,156,2312,0.111447
5,156,2312,0.115546
5,156,2312,0.113200
5,156,2312,0.114058
5,156,2312,0.111677
5,157,2313,0.113227
5,157,2313,0.114210
5,157,2313,0.118300
5,157,2313,0.110750
5,157,2313,0.116402
5,157,2313,0.110435
5,157,2313,0.120965
5,157,2313,0.110421
5,158,2314,0.111056
5,158,2314,0.111181
5,158,2314,0.114806
5,158,2314,0.114057
5,158,2314,0.113829
5,158,2314,0.113909
5,158,2314,0.113603
5,158,2314,0.117260
5,159,2315,0.119193
5,159,2315,0.113926
5,159,2315,0.113375
5,159,2315,0.121455
5,159,2315,0.113297
5,159,2315,0.113271
5,159,2315,0.115273
5,159,2315,0.111921
5,160,2316,0.110600
5,160,2316,0.115914
5,160,2316,0.110869
5,160,2316,0.111941
5,160,2316,0.119198
5,160,2316,0.116606
5,160,2316,0.116188
5,160,2316,0.117577
5,161,2317,0.114493
5,161,2317,0.114298
5,161,2317,0.114793
5,161,2317,0.114538
5,161,2317,0.116498
5,161,2317,0.116751
5,161,2317,0.115057
5,161,2317,0.113554
5,162,2318,0.113734
5,162,2318,0.115799
5,162,2318,0.113579
5,162,2318,0.115012
5,162,2318,0.113066
5,162,2318,0.117428
5,162,2318,0.112368
5,162,2318,0.112693
5,163,2319,0.114847
5,163,2319,0.113712
5,163,2319,0.114208
5,163,2319,0.113448
5,163,2319,0.114499
5,163,2319,0.117681
5,163,2319,0.117029
5,163,2319,0.114295
5,164,2320,0.115310
5,164,2320,0.110030
5,164,2320,0.115963
5,164,2320,0.115927
5,164,2320,0.119335
5,164,2320,0.117556
5,164,2320,0.115207
5,164,2320,0.113003
5,165,2321,0.115271
5,165,2321,0.115193
5,165,2321,0.113375
5,165,2321,0.112149
5,165,2321,0.114397
5,165,2321,0.114122
5,165,2321,0.113407
5,165,2321,0.114674
5,166,2322,0.111091
5,166,2322,0.115175
5,166,2322,0.108577
5,166,2322,0.115777
5,166,2322,0.115062
5,166,2322,0.116722
5,166,2322,0.112986
5,166,2322,0.116103
5,167,2323,0.114553
5,167,2323,0.121091
5,167,2323,0.118534
5,167,2323,0.114209
5,167,2323,0.118362
5,167,2323,0.112770
5,167,2323,0.111055
5,167,2323,0.114197
5,168,2324,0.115441
5,168,2324,0.112485
5,168,2324,0.110293
5,168,2324,0.111645
5,168,2324,0.116411
5,168,2324,0.112555
5,168,2324,0.118012
5,168,2324,0.118218
5,169,2325,0.114925
5,169,2325,0.114062
5,169,2325,0.115074
5,169,2325,0.120065
5,169,2325,0.112529
5,169,2325,0.116362
5,169,2325,0.112122
5,169,2325,0.117411
5,170,2326,0.120233
5,170,2326,0.114123
5,170,2326,0.117550
5,170,2326,0.114196
5,170,2326,0.114691
5,170,2326,0.117465
5,170,2326,0.117197
5,170,2326,0.116860
5,171,2327,0.112114
5,171,2327,0.110218
5,171,2327,0.114734
5,171,2327,0.112683
5,171,2327,0.112548
5,171,2327,0.112963
5,171,2327,0.115364
5,171,2327,0.112927
5,172,2328,0.114228
5,172,2328,0.117753
5,172,2328,0.114049
5,172,2328,0.113633
5,172,2328,0.112923
5,172,2328,0.118446
5,172,2328,0.117361
5,172,2328,0.114970
5,173,2329,0.113873
5,173,2329,0.114053
5,173,2329,0.111836
5,173,2329,0.117720
5,173,2329,0.116614
5,173,2329,0.112962
5,173,2329,0.116185
5,173,2329,0.117424
5,174,2330,0.113544
5,174,2330,0.117445
5,174,2330,0.113776
5,174,2330,0.113364
5,174,2330,0.116227
5,174,2330,0.113329
5,174,2330,0.114183
5,174,2330,0.112529
5,175,2331,0.118523
5,175,2331,0.114183
5,175,2331,0.113528
5,175,2331,0.116365
5,175,2331,0.118601
5,175,2331,0.114813
5,175,2331,0.114716
5,175,2331,0.117137
5,176,2332,0.114591
5,176,2332,0.115501
5,176,2332,0.112665
5,176,2332,0.113855
5,176,2332,0.117389
5,176,2332,0.110338
5,176,2332,0.114720
5,176,2332,0.113881
5,177,2333,0.114393
5,177,2333,0.116812
5,177,2333,0.115506
5,177,2333,0.119885
5,177,2333,0.117088
5,177,2333,0.117211
5,177,2333,0.114013
5,177,2333,0.115698
5,178,2334,0.113735
5,178,2334,0.112611
5,178,2334,0.112331
5,178,2334,0.116665
5,178,2334,0.117180
5,178,2334,0.114749
5,178,2334,0.115896
5,178,2334,0.116480
5,179,2335,0.114298
5,179,2335,0.114069
5,179,2335,0.114199
5,179,2335,0.114877
5,179,2335,0.113807
5,179,2335,0.113581
5,179,2335,0.110982
5,179,2335,0.109332
5,180,2336,0.114913
5,180,2336,0.112196
5,180,2336,0.115319
5,180,2336,0.114135
5,180,2336,0.115048
5,180,2336,0.113625
5,180,2336,0.113536
5,180,2336,0.108852
5,181,2337,0.113674
5,181,2337,0.115681
5,181,2337,0.115463
5,181,2337,0.113809
5,181,2337,0.113481
5,181,2337,0.114051
5,181,2337,0.119636
5,181,2337,0.113653
5,182,2338,0.110993
5,182,2338,0.115166
5,182,2338,0.112378
5,182,2338,0.114189
5,182,2338,0.115102
5,182,2338,0.113835
5,182,2338,0.112035
5,182,2338,0.112268
5,183,2339,0.119544
5,183,2339,0.113562
5,183,2339,0.112796
5,183,2339,0.113849
5,183,2339,0.114060
5,183,2339,0.111479
5,183,2339,0.116893
5,183,2339,0.117293
5,184,2340,0.109809
5,184,2340,0.112023
5,184,2340,0.116429
5,184,2340,0.115843
5,184,2340,0.112038
5,184,2340,0.117769
5,184,2340,0.115329
5,184,2340,0.112607
5,185,2341,0.117256
5,185,2341,0.113388
5,185,2341,0.115392
5,185,2341,0.113364
5,185,2341,0.113136
5,185,2341,0.112504
5,185,2341,0.114252
5,185,2341,0.115231
5,186,2342,0.116806
5,186,2342,0.116095
5,186,2342,0.114233
5,186,2342,0.112442
5,186,2342,0.115625
5,186,2342,0.118945
5,186,2342,0.119798
5,186,2342,0.114189
5,187,2343,0.116771
5,187,2343,0.114001
5,187,2343,0.112111
5,187,2343,0.114897
5,187,2343,0.113818
5,187,2343,0.117269
5,187,2343,0.115847
5,187,2343,0.116419
5,188,2344,0.118127
5,188,2344,0.113807
5,188,2344,0.114524
5,188,2344,0.115580
5,188,2344,0.111471
5,188,2344,0.114292
5,188,2344,0.111225
5,188,2344,0.114356
5,189,2345,0.114964
5,189,2345,0.115126
5,189,2345,0.111946
5,189,2345,0.115983
5,189,2345,0.115713
5,189,2345,0.117447
5,189,2345,0.115654
5,189,2345,0.117679
5,190,2346,0.115287
5,190,2346,0.112223
5,190,2346,0.113692
5,190,2346,0.116657
5,190,2346,0.111877
5,190,2346,0.118096
5,190,2346,0.113650
5,190,2346,0.116208
5,191,2347,0.113787
5,191,2347,0.112658
5,191,2347,0.118479
5,191,2347,0.114094
5,191,2347,0.116272
5,191,2347,0.116432
5,191,2347,0.117637
5,191,2347,0.113822
5,192,2348,0.114659
5,192,2348,0.116302
5,192,2348,0.115323
5,192,2348,0.114268
5,192,2348,0.114127
5,192,2348,0.117421
5,192,2348,0.114956
5,192,2348,0.115326
5,193,2349,0.111218
5,193,2349,0.112372
5,193,2349,0.112816
5,193,2349,0.115613
5,193,2349,0.115545
5,193,2349,0.114527
5,193,2349,0.112393
5,193,2349,0.114222
5,194,2350,0.115271
5,194,2350,0.114040
5,194,2350,0.115995
5,194,2350,0.120449
5,194,2350,0.112982
5,194,2350,0.115172
5,194,2350,0.114669
5,194,2350,0.116925
5,195,2351,0.113346
5,195,2351,0.113028
5,195,2351,0.116960
5,195,2351,0.114147
5,195,2351,0.114899
5,195,2351,0.115107
5,195,2351,0.115722
5,195,2351,0.115317
5,196,2352,0.115381
5,196,2352,0.114966
5,196,2352,0.114081
5,196,2352,0.118379
5,196,2352,0.112535
5,196,2352,0.112483
5,196,2352,0.110839
5,196,2352,0.112292
5,197,2353,0.110468
5,197,2353,0.114168
5,197,2353,0.113288
5,197,2353,0.116854
5,197,2353,0.116799
5,197,2353,0.110249
5,197,2353,0.119846
5,197,2353,0.114775
5,198,2354,0.112403
5,198,2354,0.112664
5,198,2354,0.115841
5,198,2354,0.119074
5,198,2354,0.115462
5,198,2354,0.115053
5,198,2354,0.115763
5,198,2354,0.112160
5,199,2355,0.115179
5,199,2355,0.116887
5,199,2355,0.111502
5,199,2355,0.112202
5,199,2355,0.111644
5,199,2355,0.112450
5,199,2355,0.114438
5,199,2355,0.114370
5,200,2356,0.111283
5,200,2356,0.112417
5,200,2356,0.114942
5,200,2356,0.113574
5,200,2356,0.118576
5,200,2356,0.114535
5,200,2356,0.117230
5,200,2356,0.110519
5,201,2357,0.116058
5,201,2357,0.113531
5,201,2357,0.113221
5,201,2357,0.114694
5,201,2357,0.115736
5,201,2357,0.115988
5,201,2357,0.115916
5,201,2357,0.114456
5,202,2358,0.112640
5,202,2358,0.110279
5,202,2358,0.117149
5,202,2358,0.117767
5,202,2358,0.119354
5,202,2358,0.111537
5,202,2358,0.114794
5,202,2358,0.113415
5,203,2359,0.111201
5,203,2359,0.117250
5,203,2359,0.114324
5,203,2359,0.113936
5,203,2359,0.112567
5,203,2359,0.115994
5,203,2359,0.114379
5,203,2359,0.113122
5,204,2360,0.112940
5,204,2360,0.113631
5,204,2360,0.116789
5,204,2360,0.113052
5,204,2360,0.113420
5,204,2360,0.114653
5,204,2360,0.116440
5,204,2360,0.117255
5,205,2361,0.119453
5,205,2361,0.116105
5,205,2361,0.116149
5,205,2361,0.113486
5,205,2361,0.113096
5,205,2361,0.116577
5,205,2361,0.117102
5,205,2361,0.113615
5,206,2362,0.119108
5,206,2362,0.115422
5,206,2362,0.113466
5,206,2362,0.115211
5,206,2362,0.113785
5,206,2362,0.116601
5,206,2362,0.115374
5,206,2362,0.113740
5,207,2363,0.111058
5,207,2363,0.112795
5,207,2363,0.113892
5,207,2363,0.114903
5,207,2363,0.114373
5,207,2363,0.114970
5,207,2363,0.114179
5,207,2363,0.116976
5,208,2364,0.116896
5,208,2364,0.114092
5,208,2364,0.113960
5,208,2364,0.113848
5,208,2364,0.112736
5,208,2364,0.112922
5,208,2364,0.116797
5,208,2364,0.113750
5,209,2365,0.112456
5,209,2365,0.120735
5,209,2365,0.112150
5,209,2365,0.117110
5,209,2365,0.115135
5,209,2365,0.110639
5,209,2365,0.116208
5,209,2365,0.116424
5,210,2366,0.116144
5,210,2366,0.116823
5,210,2366,0.115277
5,210,2366,0.113062
5,210,2366,0.114626
5,210,2366,0.109580
5,210,2366,0.115780
5,210,2366,0.115900
5,211,2367,0.111602
5,211,2367,0.114961
5,211,2367,0.119066
5,211,2367,0.120927
5,211,2367,0.114641
5,211,2367,0.114810
5,211,2367,0.115450
5,211,2367,0.113563
5,212,2368,0.111748
5,212,2368,0.113982
5,212,2368,0.117998
5,212,2368,0.121212
5,212,2368,0.116573
5,212,2368,0.113698
5,212,2368,0.117954
5,212,2368,0.111843
5,213,2369,0.109798
5,213,2369,0.113833
5,213,2369,0.115794
5,213,2369,0.113603
5,213,2369,0.111737
5,213,2369,0.108918
5,213,2369,0.111896
5,213,2369,0.114575
5,214,2370,0.114719
5,214,2370,0.114246
5,214,2370,0.112549
5,214,2370,0.113941
5,214,2370,0.114483
5,214,2370,0.116798
5,214,2370,0.119464
5,214,2370,0.117802
5,215,2371,0.114053
5,215,2371,0.115797
5,215,2371,0.115990
5,215,2371,0.117607
5,215,2371,0.114661
5,215,2371,0.112647
5,215,2371,0.115591
5,215,2371,0.113003
5,216,2372,0.111171
5,216,2372,0.110106
5,216,2372,0.111972
5,216,2372,0.116116
5,216,2372,0.113378
5,216,2372,0.112882
5,216,2372,0.112265
5,216,2372,0.114533
5,217,2373,0.112670
5,217,2373,0.116105
5,217,2373,0.111605
5,217,2373,0.114843
5,217,2373,0.114589
5,217,2373,0.117338
5,217,2373,0.114641
5,217,2373,0.109039
5,218,2374,0.121117
5,218,2374,0.113845
5,218,2374,0.112889
5,218,2374,0.114125
5,218,2374,0.115196
5,218,2374,0.118590
5,218,2374,0.114682
5,218,2374,0.115449
5,219,2375,0.111440
5,219,2375,0.115111
5,219,2375,0.115929
5,219,2375,0.114213
5,219,2375,0.117732
5,219,2375,0.117490
5,219,2375,0.110734
5,219,2375,0.110789
5,220,2376,0.110649
5,220,2376,0.110882
5,220,2376,0.113814
5,220,2376,0.112944
5,220,2376,0.113976
5,220,2376,0.114072
5,220,2376,0.116821
5,220,2376,0.112358
5,221,2377,0.116236
5,221,2377,0.112609
5,221,2377,0.111395
5,221,2377,0.115203
5,221,2377,0.111798
5,221,2377,0.112605
5,221,2377,0.116114
5,221,2377,0.112100
5,222,2378,0.118228
5,222,2378,0.114215
5,222,2378,0.113873
5,222,2378,0.114320
5,222,2378,0.112932
5,222,2378,0.110271
5,222,2378,0.116377
5,222,2378,0.113351
5,223,2379,0.115130
5,223,2379,0.116562
5,223,2379,0.119915
5,223,2379,0.116664
5,223,2379,0.115555
5,223,2379,0.112111
5,223,2379,0.114943
5,223,2379,0.113892
5,224,2380,0.110611
5,224,2380,0.112609
5,224,2380,0.113488
5,224,2380,0.119201
5,224,2380,0.114067
5,224,2380,0.114747
5,224,2380,0.112682
5,224,2380,0.119330
5,225,2381,0.114594
5,225,2381,0.118636
5,225,2381,0.114468
5,225,2381,0.111950
5,225,2381,0.113523
5,225,2381,0.113713
5,225,2381,0.116206
5,225,2381,0.113666
5,226,2382,0.116914
5,226,2382,0.118225
5,226,2382,0.113169
5,226,2382,0.120331
5,226,2382,0.114359
5,226,2382,0.116390
5,226,2382,0.113757
5,226,2382,0.113884
5,227,2383,0.115857
5,227,2383,0.119015
5,227,2383,0.113604
5,227,2383,0.114120
5,227,2383,0.113822
5,227,2383,0.117693
5,227,2383,0.118521
5,227,2383,0.110844
5,228,2384,0.109910
5,228,2384,0.114726
5,228,2384,0.112873
5,228,2384,0.117166
5,228,2384,0.111882
5,228,2384,0.111151
5,228,2384,0.116043
5,228,2384,0.114011
5,229,2385,0.113420
5,229,2385,0.113483
5,229,2385,0.116794
5,229,2385,0.114198
5,229,2385,0.114341
5,229,2385,0.113601
5,229,2385,0.120692
5,229,2385,0.110414
5,230,2386,0.111804
5,230,2386,0.111986
5,230,2386,0.110896
5,230,2386,0.111886
5,230,2386,0.114633
5,230,2386,0.113791
5,230,2386,0.116037
5,230,2386,0.117594
5,231,2387,0.116888
5,231,2387,0.118220
5,231,2387,0.116693
5,231,2387,0.114349
5,231,2387,0.111761
5,231,2387,0.113722
5,231,2387,0.117603
5,231,2387,0.115804
5,232,2388,0.113984
5,232,2388,0.113666
5,232,2388,0.117004
5,232,2388,0.117038
5,232,2388,0.113456
5,232,2388,0.115900
5,232,2388,0.115019
5,232,2388,0.114638
5,233,2389,0.113109
5,233,2389,0.116765
5,233,2389,0.115479
5,233,2389,0.115982
5,233,2389,0.111885
5,233,2389,0.112531
5,233,2389,0.111003
5,233,2389,0.119731
5,234,2390,0.114429
5,234,2390,0.114252
5,234,2390,0.116386
5,234,2390,0.113387
5,234,2390,0.115707
5,234,2390,0.114251
5,234,2390,0.112888
5,234,2390,0.110317
5,235,2391,0.113234
5,235,2391,0.112000
5,235,2391,0.114682
5,235,2391,0.113148
5,235,2391,0.114858
5,235,2391,0.112251
5,235,2391,0.113679
5,235,2391,0.117262
5,236,2392,0.119508
5,236,2392,0.111842
5,236,2392,0.113990
5,236,2392,0.113675
5,236,2392,0.115713
5,236,2392,0.117687
5,236,2392,0.113622
5,236,2392,0.112844
5,237,2393,0.113557
5,237,2393,0.113809
5,237,2393,0.114172
5,237,2393,0.113844
5,237,2393,0.110884
5,237,2393,0.113323
5,237,2393,0.111633
5,237,2393,0.111617
5,238,2394,0.115740
5,238,2394,0.114345
5,238,2394,0.115700
5,238,2394,0.118470
5,238,2394,0.111213
5,238,2394,0.118645
5,238,2394,0.116759
5,238,2394,0.114758
5,239,2395,0.117099
5,239,2395,0.114383
5,239,2395,0.114296
5,239,2395,0.121048
5,239,2395,0.118162
5,239,2395,0.114787
5,239,2395,0.112143
5,239,2395,0.113763
5,240,2396,0.118347
5,240,2396,0.114755
5,240,2396,0.115068
5,240,2396,0.117028
5,240,2396,0.112814
5,240,2396,0.113559
5,240,2396,0.112270
5,240,2396,0.118585
5,241,2397,0.113419
5,241,2397,0.118584
5,241,2397,0.112852
5,241,2397,0.115287
5,241,2397,0.114184
5,241,2397,0.114823
5,241,2397,0.117641
5,241,2397,0.114012
5,242,2398,0.114909
5,242,2398,0.115371
5,242,2398,0.116447
5,242,2398,0.112142
5,242,2398,0.112793
5,242,2398,0.111722
5,242,2398,0.115104
5,242,2398,0.114034
5,243,2399,0.114850
5,243,2399,0.114082
5,243,2399,0.111783
5,243,2399,0.114549
5,243,2399,0.114283
5,243,2399,0.116529
5,243,2399,0.117274
5,243,2399,0.115561
5,244,2400,0.112484
5,244,2400,0.114332
5,244,2400,0.111250
5,244,2400,0.114920
5,244,2400,0.112895
5,244,2400,0.115160
5,244,2400,0.113023
5,244,2400,0.113184
5,245,2401,0.110324
5,245,2401,0.112746
5,245,2401,0.114736
5,245,2401,0.112712
5,245,2401,0.115968
5,245,2401,0.113728
5,245,2401,0.117353
5,245,2401,0.114481
5,246,2402,0.115615
5,246,2402,0.114019
5,246,2402,0.114477
5,246,2402,0.116410
5,246,2402,0.111987
5,246,2402,0.112114
5,246,2402,0.112388
5,246,2402,0.116478
5,247,2403,0.109952
5,247,2403,0.115969
5,247,2403,0.118037
5,247,2403,0.115218
5,247,2403,0.117174
5,247,2403,0.121131
5,247,2403,0.114843
5,247,2403,0.114805
5,248,2404,0.116560
5,248,2404,0.115291
5,248,2404,0.113100
5,248,2404,0.114605
5,248,2404,0.112490
5,248,2404,0.115160
5,248,2404,0.113514
5,248,2404,0.114806
5,249,2405,0.116146
5,249,2405,0.113286
5,249,2405,0.115382
5,249,2405,0.114927
5,249,2405,0.111810
5,249,2405,0.113116
5,249,2405,0.115028
5,249,2405,0.114807
5,250,2406,0.113728
5,250,2406,0.112561
5,250,2406,0.119334
5,250,2406,0.112298
5,250,2406,0.115527
5,250,2406,0.115077
5,250,2406,0.113518
5,250,2406,0.113596
5,251,2407,0.114886
5,251,2407,0.114388
5,251,2407,0.114244
5,251,2407,0.113614
5,251,2407,0.114801
5,251,2407,0.113395
5,251,2407,0.113757
5,251,2407,0.114692
5,252,2408,0.118089
5,252,2408,0.115835
5,252,2408,0.115976
5,252,2408,0.121959
5,252,2408,0.110574
5,252,2408,0.115904
5,252,2408,0.114747
5,252,2408,0.114154
5,253,2409,0.117266
5,253,2409,0.116061
5,253,2409,0.112912
5,253,2409,0.116710
5,253,2409,0.111882
5,253,2409,0.111424
5,253,2409,0.113839
5,253,2409,0.115727
5,254,2410,0.112438
5,254,2410,0.114417
5,254,2410,0.115886
5,254,2410,0.113230
5,254,2410,0.116062
5,254,2410,0.113591
5,254,2410,0.111927
5,254,2410,0.112955
5,255,2411,0.117464
5,255,2411,0.113526
5,255,2411,0.113471
5,255,2411,0.112439
5,255,2411,0.114893
5,255,2411,0.110767
5,255,2411,0.114142
5,255,2411,0.118831
5,256,2412,0.116491
5,256,2412,0.110259
5,256,2412,0.115150
5,256,2412,0.114222
5,256,2412,0.114400
5,256,2412,0.113094
5,256,2412,0.114546
5,256,2412,0.113302
5,257,2413,0.115373
5,257,2413,0.116667
5,257,2413,0.115238
5,257,2413,0.116755
5,257,2413,0.115197
5,257,2413,0.113560
5,257,2413,0.113433
5,257,2413,0.115132
5,258,2414,0.115587
5,258,2414,0.110814
5,258,2414,0.114490
5,258,2414,0.112265
5,258,2414,0.112472
5,258,2414,0.114349
5,258,2414,0.111797
5,258,2414,0.114466
5,259,2415,0.114772
5,259,2415,0.113844
5,259,2415,0.114855
5,259,2415,0.113803
5,259,2415,0.116401
5,259,2415,0.114304
5,259,2415,0.112461
5,259,2415,0.120459
5,260,2416,0.111223
5,260,2416,0.110934
5,260,2416,0.111553
5,260,2416,0.116420
5,260,2416,0.115495
5,260,2416,0.115416
5,260,2416,0.112781
5,260,2416,0.116259
5,261,2417,0.114928
5,261,2417,0.112444
5,261,2417,0.116885
5,261,2417,0.115913
5,261,2417,0.113767
5,261,2417,0.112881
5,261,2417,0.113670
5,261,2417,0.117114
5,262,2418,0.114607
5,262,2418,0.111361
5,262,2418,0.112239
5,262,2418,0.112018
5,262,2418,0.114707
5,262,2418,0.119202
5,262,2418,0.112384
5,262,2418,0.113719
5,263,2419,0.116381
5,263,2419,0.114614
5,263,2419,0.112804
5,263,2419,0.113016
5,263,2419,0.114127
5,263,2419,0.113931
5,263,2419,0.115908
5,263,2419,0.112806
5,264,2420,0.116482
5,264,2420,0.115843
5,264,2420,0.121466
5,264,2420,0.117713
5,264,2420,0.114946
5,264,2420,0.112762
5,264,2420,0.118242
5,264,2420,0.114248
5,265,2421,0.116294
5,265,2421,0.111963
5,265,2421,0.111340
5,265,2421,0.115098
5,265,2421,0.112587
5,265,2421,0.114265
5,265,2421,0.116024
5,265,2421,0.114698
5,266,2422,0.118079
5,266,2422,0.115880
5,266,2422,0.116194
5,266,2422,0.111358
5,266,2422,0.109171
5,266,2422,0.117085
5,266,2422,0.115698
5,266,2422,0.117430
5,267,2423,0.113510
5,267,2423,0.113149
5,267,2423,0.113147
5,267,2423,0.115819
5,267,2423,0.115606
5,267,2423,0.116446
5,267,2423,0.116021
5,267,2423,0.114413
5,268,2424,0.112879
5,268,2424,0.114383
5,268,2424,0.113981
5,268,2424,0.114871
5,268,2424,0.111925
5,268,2424,0.114609
5,268,2424,0.114182
5,268,2424,0.115478
5,269,2425,0.116669
5,269,2425,0.117650
5,269,2425,0.114936
5,269,2425,0.113432
5,269,2425,0.110973
5,269,2425,0.115941
5,269,2425,0.113002
5,269,2425,0.113446
5,270,2426,0.116973
5,270,2426,0.113684
5,270,2426,0.114704
5,270,2426,0.112254
5,270,2426,0.113113
5,270,2426,0.117581
5,270,2426,0.114692
5,270,2426,0.115619
5,271,2427,0.112055
5,271,2427,0.113592
5,271,2427,0.118627
5,271,2427,0.118191
5,271,2427,0.117097
5,271,2427,0.113526
5,271,2427,0.114295
5,271,2427,0.116341
5,272,2428,0.114264
5,272,2428,0.115529
5,272,2428,0.113475
5,272,2428,0.117668
5,272,2428,0.116346
5,272,2428,0.113697
5,272,2428,0.112021
5,272,2428,0.115182
5,273,2429,0.117127
5,273,2429,0.110819
5,273,2429,0.115599
5,273,2429,0.113720
5,273,2429,0.116037
5,273,2429,0.116474
5,273,2429,0.111324
5,273,2429,0.119261
5,274,2430,0.112787
5,274,2430,0.113715
5,274,2430,0.113471
5,274,2430,0.117569
5,274,2430,0.116656
5,274,2430,0.113010
5,274,2430,0.116889
5,274,2430,0.117928
5,275,2431,0.122190
5,275,2431,0.113090
5,275,2431,0.115469
5,275,2431,0.112284
5,275,2431,0.113561
5,275,2431,0.117534
5,275,2431,0.113575
5,275,2431,0.112545
5,276,2432,0.112335
5,276,2432,0.113882
5,276,2432,0.113475
5,276,2432,0.113179
5,276,2432,0.116022
5,276,2432,0.113684
5,276,2432,0.116582
5,276,2432,0.114383
5,277,2433,0.114636
5,277,2433,0.115210
5,277,2433,0.113874
5,277,2433,0.112165
5,277,2433,0.115686
5,277,2433,0.113693
5,277,2433,0.112511
5,277,2433,0.119473
5,278,2434,0.115607
5,278,2434,0.114231
5,278,2434,0.117922
5,278,2434,0.113314
5,278,2434,0.114865
5,278,2434,0.115366
5,278,2434,0.113049
5,278,2434,0.115640
5,279,2435,0.111669
5,279,2435,0.115057
5,279,2435,0.110567
5,279,2435,0.113939
5,279,2435,0.113997
5,279,2435,0.114639
5,279,2435,0.111747
5,279,2435,0.114381
5,280,2436,0.111647
5,280,2436,0.113671
5,280,2436,0.119372
5,280,2436,0.117130
5,280,2436,0.112969
5,280,2436,0.114021
5,280,2436,0.116092
5,280,2436,0.113680
5,281,2437,0.116697
5,281,2437,0.115923
5,281,2437,0.111404
5,281,2437,0.114965
5,281,2437,0.118775
5,281,2437,0.120455
5,281,2437,0.115179
5,281,2437,0.114678
5,282,2438,0.115784
5,282,2438,0.112624
5,282,2438,0.113488
5,282,2438,0.114040
5,282,2438,0.117361
5,282,2438,0.117585
5,282,2438,0.114829
5,282,2438,0.112557
5,283,2439,0.113128
5,283,2439,0.112559
5,283,2439,0.111353
5,283,2439,0.113126
5,283,2439,0.113113
5,283,2439,0.114560
5,283,2439,0.116583
5,283,2439,0.117319
5,284,2440,0.116384
5,284,2440,0.115576
5,284,2440,0.113025
5,284,2440,0.114054
5,284,2440,0.110283
5,284,2440,0.115711
5,284,2440,0.116101
5,284,2440,0.112330
5,285,2441,0.122549
5,285,2441,0.113607
5,285,2441,0.115370
5,285,2441,0.113677
5,285,2441,0.113841
5,285,2441,0.114021
5,285,2441,0.114569
5,285,2441,0.116091
5,286,2442,0.111797
5,286,2442,0.118492
5,286,2442,0.112002
5,286,2442,0.117303
5,286,2442,0.117586
5,286,2442,0.113800
5,286,2442,0.112454
5,286,2442,0.113026
5,287,2443,0.115490
5,287,2443,0.114857
5,287,2443,0.116870
5,287,2443,0.112148
5,287,2443,0.114430
5,287,2443,0.112967
5,287,2443,0.114002
5,287,2443,0.112723
5,288,2444,0.115606
5,288,2444,0.117058
5,288,2444,0.115019
5,288,2444,0.117383
5,288,2444,0.115225
5,288,2444,0.116311
5,288,2444,0.121762
5,288,2444,0.112561
5,289,2445,0.116683
5,289,2445,0.116620
5,289,2445,0.116087
5,289,2445,0.114110
5,289,2445,0.118418
5,289,2445,0.115368
5,289,2445,0.115822
5,289,2445,0.116477
5,290,2446,0.113914
5,290,2446,0.112992
5,290,2446,0.114275
5,290,2446,0.116544
5,290,2446,0.114305
5,290,2446,0.115831
5,290,2446,0.116339
5,290,2446,0.113311
5,291,2447,0.113312
5,291,2447,0.117186
5,291,2447,0.112275
5,291,2447,0.117633
5,291,2447,0.121089
5,291,2447,0.114080
5,291,2447,0.120215
5,291,2447,0.113606
5,292,2448,0.114709
5,292,2448,0.113213
5,292,2448,0.118976
5,292,2448,0.113784
5,292,2448,0.114127
5,292,2448,0.111091
5,292,2448,0.116231
5,292,2448,0.112056
5,293,2449,0.113724
5,293,2449,0.111966
5,293,2449,0.112062
5,293,2449,0.113494
5,293,2449,0.115639
5,293,2449,0.114556
5,293,2449,0.115912
5,293,2449,0.113646
5,294,2450,0.113114
5,294,2450,0.115209
5,294,2450,0.113407
5,294,2450,0.113783
5,294,2450,0.111974
5,294,2450,0.121208
5,294,2450,0.111292
5,294,2450,0.115643
5,295,2451,0.116033
5,295,2451,0.113914
5,295,2451,0.114383
5,295,2451,0.116857
5,295,2451,0.118749
5,295,2451,0.114508
5,295,2451,0.111858
5,295,2451,0.116671
5,296,2452,0.112663
5,296,2452,0.112933
5,296,2452,0.116358
5,296,2452,0.115619
5,296,2452,0.113120
5,296,2452,0.113056
5,296,2452,0.114445
5,296,2452,0.115462
5,297,2453,0.118775
5,297,2453,0.113302
5,297,2453,0.115138
5,297,2453,0.118205
5,297,2453,0.114971
5,297,2453,0.113986
5,297,2453,0.113926
5,297,2453,0.120545
5,298,2454,0.113367
5,298,2454,0.112187
5,298,2454,0.114054
5,298,2454,0.114288
5,298,2454,0.115865
5,298,2454,0.115373
5,298,2454,0.112971
5,298,2454,0.113684
5,299,2455,0.113450
5,299,2455,0.116009
5,299,2455,0.113930
5,299,2455,0.114204
5,299,2455,0.112675
5,299,2455,0.114333
5,299,2455,0.111432
5,299,2455,0.115071
5,300,2456,0.114260
5,300,2456,0.120135
5,300,2456,0.111724
5,300,2456,0.114012
5,300,2456,0.114498
5,300,2456,0.112468
5,300,2456,0.116816
5,300,2456,0.112709
5,301,2457,0.113545
5,301,2457,0.112433
5,301,2457,0.112971
5,301,2457,0.112105
5,301,2457,0.112390
5,301,2457,0.116726
5,301,2457,0.111514
5,301,2457,0.113330
5,302,2458,0.117106
5,302,2458,0.114817
5,302,2458,0.115444
5,302,2458,0.115758
5,302,2458,0.114317
5,302,2458,0.111863
5,302,2458,0.120348
5,302,2458,0.118973
5,303,2459,0.109555
5,303,2459,0.115399
5,303,2459,0.114300
5,303,2459,0.115491
5,303,2459,0.112631
5,303,2459,0.111166
5,303,2459,0.117942
5,303,2459,0.114918
5,304,2460,0.113257
5,304,2460,0.120764
5,304,2460,0.119554
5,304,2460,0.115502
5,304,2460,0.116453
5,304,2460,0.113652
5,304,2460,0.114773
5,304,2460,0.121004
5,305,2461,0.114260
5,305,2461,0.117306
5,305,2461,0.114028
5,305,2461,0.112535
5,305,2461,0.116415
5,305,2461,0.117056
5,305,2461,0.112642
5,305,2461,0.113156
5,306,2462,0.114694
5,306,2462,0.114737
5,306,2462,0.113979
5,306,2462,0.111233
5,306,2462,0.114008
5,306,2462,0.110875
5,306,2462,0.111981
5,306,2462,0.115567
5,307,2463,0.112693
5,307,2463,0.115639
5,307,2463,0.114913
5,307,2463,0.113329
5,307,2463,0.116098
5,307,2463,0.116474
5,307,2463,0.115104
5,307,2463,0.116224
5,308,2464,0.114127
5,308,2464,0.118548
5,308,2464,0.119078
5,308,2464,0.119827
5,308,2464,0.113541
5,308,2464,0.113444
5,308,2464,0.113926
5,308,2464,0.115631
5,309,2465,0.115319
5,309,2465,0.116140
5,309,2465,0.116793
5,309,2465,0.113563
5,309,2465,0.111492
5,309,2465,0.116110
5,309,2465,0.113309
5,309,2465,0.116501
5,310,2466,0.113865
5,310,2466,0.114775
5,310,2466,0.114218
5,310,2466,0.116886
5,310,2466,0.111679
5,310,2466,0.113801
5,310,2466,0.115702
5,310,2466,0.116301
5,311,2467,0.110854
5,311,2467,0.115859
5,311,2467,0.114551
5,311,2467,0.113993
5,311,2467,0.111290
5,311,2467,0.113888
5,311,2467,0.114441
5,311,2467,0.115211
5,312,2468,0.115778
5,312,2468,0.114575
5,312,2468,0.116758
5,312,2468,0.114561
5,312,2468,0.113041
5,312,2468,0.112426
5,312,2468,0.115084
5,312,2468,0.114367
5,313,2469,0.120308
5,313,2469,0.115549
5,313,2469,0.113967
5,313,2469,0.113529
5,313,2469,0.113707
5,313,2469,0.115303
5,313,2469,0.113666
5,313,2469,0.115942
5,314,2470,0.113627
5,314,2470,0.113548
5,314,2470,0.113282
5,314,2470,0.114801
5,314,2470,0.113744
5,314,2470,0.113167
5,314,2470,0.113134
5,314,2470,0.112355
5,315,2471,0.120429
5,315,2471,0.114545
5,315,2471,0.112435
5,315,2471,0.113122
5,315,2471,0.112717
5,315,2471,0.112249
5,315,2471,0.113487
5,315,2471,0.112830
5,316,2472,0.111750
5,316,2472,0.111663
5,316,2472,0.113985
5,316,2472,0.119162
5,316,2472,0.112099
5,316,2472,0.113804
5,316,2472,0.115560
5,316,2472,0.116306
5,317,2473,0.112605
5,317,2473,0.117792
5,317,2473,0.116472
5,317,2473,0.115852
5,317,2473,0.111370
5,317,2473,0.115826
5,317,2473,0.115326
5,317,2473,0.115080
5,318,2474,0.115118
5,318,2474,0.119181
5,318,2474,0.112779
5,318,2474,0.112778
5,318,2474,0.112996
5,318,2474,0.115275
5,318,2474,0.111313
5,318,2474,0.118181
5,319,2475,0.113826
5,319,2475,0.115427
5,319,2475,0.118687
5,319,2475,0.111094
5,319,2475,0.115576
5,319,2475,0.111249
5,319,2475,0.113109
5,319,2475,0.114377
5,320,2476,0.113031
5,320,2476,0.112463
5,320,2476,0.115012
5,320,2476,0.117378
5,320,2476,0.112945
5,320,2476,0.119016
5,320,2476,0.111209
5,320,2476,0.114047
5,321,2477,0.114719
5,321,2477,0.112718
5,321,2477,0.114467
5,321,2477,0.117090
5,321,2477,0.111059
5,321,2477,0.112358
5,321,2477,0.111063
5,321,2477,0.110761
5,322,2478,0.118963
5,322,2478,0.113615
5,322,2478,0.112646
5,322,2478,0.113644
5,322,2478,0.113490
5,322,2478,0.113699
5,322,2478,0.112829
5,322,2478,0.114409
5,323,2479,0.119949
5,323,2479,0.113912
5,323,2479,0.114877
5,323,2479,0.114642
5,323,2479,0.113463
5,323,2479,0.109913
5,323,2479,0.117852
5,323,2479,0.114084
5,324,2480,0.112637
5,324,2480,0.115607
5,324,2480,0.119342
5,324,2480,0.114982
5,324,2480,0.111329
5,324,2480,0.112303
5,324,2480,0.116471
5,324,2480,0.117917
5,325,2481,0.112256
5,325,2481,0.113653
5,325,2481,0.113927
5,325,2481,0.115284
5,325,2481,0.115991
5,325,2481,0.115367
5,325,2481,0.115120
5,325,2481,0.114214
5,326,2482,0.113822
5,326,2482,0.116231
5,326,2482,0.114793
5,326,2482,0.115038
5,326,2482,0.114368
5,326,2482,0.116656
5,326,2482,0.113781
5,326,2482,0.115390
5,327,2483,0.114395
5,327,2483,0.116113
5,327,2483,0.116304
5,327,2483,0.110813
5,327,2483,0.112060
5,327,2483,0.112894
5,327,2483,0.118611
5,327,2483,0.115608
5,328,2484,0.115809
5,328,2484,0.112953
5,328,2484,0.114836
5,328,2484,0.113821
5,328,2484,0.116454
5,328,2484,0.112754
5,328,2484,0.114774
5,328,2484,0.118935
5,329,2485,0.113490
5,329,2485,0.114867
5,329,2485,0.114732
5,329,2485,0.113583
5,329,2485,0.114882
5,329,2485,0.115766
5,329,2485,0.115376
5,329,2485,0.113130
5,330,2486,0.115836
5,330,2486,0.115851
5,330,2486,0.115235
5,330,2486,0.113719
5,330,2486,0.111009
5,330,2486,0.118872
5,330,2486,0.113116
5,330,2486,0.113901
5,331,2487,0.117536
5,331,2487,0.117279
5,331,2487,0.113301
5,331,2487,0.115757
5,331,2487,0.115766
5,331,2487,0.116962
5,331,2487,0.111053
5,331,2487,0.113274
5,332,2488,0.116996
5,332,2488,0.114558
5,332,2488,0.114033
5,332,2488,0.113430
5,332,2488,0.114112
5,332,2488,0.119423
5,332,2488,0.112130
5,332,2488,0.115974
5,333,2489,0.117213
5,333,2489,0.114088
5,333,2489,0.113108
5,333,2489,0.113752
5,333,2489,0.114880
5,333,2489,0.115869
5,333,2489,0.113347
5,333,2489,0.115272
5,334,2490,0.114022
5,334,2490,0.116523
5,334,2490,0.116681
5,334,2490,0.116218
5,334,2490,0.119005
5,334,2490,0.115080
5,334,2490,0.116224
5,334,2490,0.113608
5,335,2491,0.114780
5,335,2491,0.116333
5,335,2491,0.114151
5,335,2491,0.111453
5,335,2491,0.115425
5,335,2491,0.113878
5,335,2491,0.111367
5,335,2491,0.114272
5,336,2492,0.114635
5,336,2492,0.113509
5,336,2492,0.110547
5,336,2492,0.112276
5,336,2492,0.114181
5,336,2492,0.114745
5,336,2492,0.117023
5,336,2492,0.116177
5,337,2493,0.113558
5,337,2493,0.111906
5,337,2493,0.114466
5,337,2493,0.111925
5,337,2493,0.113437
5,337,2493,0.115272
5,337,2493,0.115604
5,337,2493,0.115685
5,338,2494,0.112686
5,338,2494,0.113102
5,338,2494,0.117182
5,338,2494,0.114056
5,338,2494,0.112724
5,338,2494,0.114022
5,338,2494,0.113963
5,338,2494,0.114186
5,339,2495,0.110172
5,339,2495,0.111876
5,339,2495,0.110795
5,339,2495,0.122391
5,339,2495,0.114642
5,339,2495,0.115542
5,339,2495,0.115134
5,339,2495,0.115017
5,340,2496,0.115767
5,340,2496,0.116757
5,340,2496,0.115793
5,340,2496,0.114845
5,340,2496,0.112015
5,340,2496,0.115005
5,340,2496,0.115398
5,340,2496,0.115997
5,341,2497,0.118774
5,341,2497,0.116606
5,341,2497,0.113737
5,341,2497,0.114990
5,341,2497,0.113537
5,341,2497,0.113806
5,341,2497,0.117400
5,341,2497,0.117025
5,342,2498,0.119847
5,342,2498,0.114897
5,342,2498,0.119967
5,342,2498,0.114385
5,342,2498,0.116284
5,342,2498,0.118721
5,342,2498,0.109411
5,342,2498,0.114796
5,343,2499,0.110595
5,343,2499,0.114354
5,343,2499,0.114493
5,343,2499,0.114860
5,343,2499,0.115531
5,343,2499,0.114395
5,343,2499,0.115786
5,343,2499,0.116279
5,344,2500,0.113999
5,344,2500,0.114290
5,344,2500,0.115832
5,344,2500,0.112704
5,344,2500,0.113978
5,344,2500,0.117970
5,344,2500,0.114733
5,344,2500,0.116255
5,345,2501,0.116852
5,345,2501,0.120891
5,345,2501,0.114270
5,345,2501,0.113752
5,345,2501,0.113550
5,345,2501,0.115589
5,345,2501,0.112692
5,345,2501,0.109575
5,346,2502,0.115491
5,346,2502,0.112954
5,346,2502,0.113149
5,346,2502,0.115651
5,346,2502,0.115792
5,346,2502,0.113828
5,346,2502,0.114896
5,346,2502,0.116886
5,347,2503,0.113106
5,347,2503,0.113204
5,347,2503,0.117431
5,347,2503,0.115523
5,347,2503,0.114931
5,347,2503,0.116503
5,347,2503,0.112815
5,347,2503,0.113775
5,348,2504,0.114572
5,348,2504,0.114503
5,348,2504,0.111703
5,348,2504,0.121743
5,348,2504,0.115595
5,348,2504,0.110915
5,348,2504,0.117893
5,348,2504,0.113133
5,349,2505,0.116751
5,349,2505,0.117953
5,349,2505,0.112714
5,349,2505,0.115972
5,349,2505,0.114370
5,349,2505,0.114074
5,349,2505,0.116384
5,349,2505,0.116058
5,350,2506,0.112123
5,350,2506,0.115314
5,350,2506,0.117437
5,350,2506,0.114931
5,350,2506,0.112934
5,350,2506,0.119469
5,350,2506,0.113286
5,350,2506,0.121233
5,351,2507,0.110011
5,351,2507,0.116013
5,351,2507,0.112407
5,351,2507,0.115533
5,351,2507,0.120483
5,351,2507,0.114255
5,351,2507,0.114444
5,351,2507,0.115392
5,352,2508,0.113644
5,352,2508,0.115128
5,352,2508,0.112353
5,352,2508,0.116067
5,352,2508,0.119723
5,352,2508,0.113772
5,352,2508,0.114156
5,352,2508,0.111516
5,353,2509,0.115650
5,353,2509,0.111774
5,353,2509,0.112461
5,353,2509,0.113009
5,353,2509,0.117652
5,353,2509,0.112762
5,353,2509,0.115786
5,353,2509,0.111786
5,354,2510,0.120926
5,354,2510,0.120189
5,354,2510,0.120577
5,354,2510,0.113323
5,354,2510,0.117594
5,354,2510,0.114402
5,354,2510,0.114874
5,354,2510,0.111228
5,355,2511,0.116786
5,355,2511,0.114475
5,355,2511,0.118091
5,355,2511,0.113426
5,355,2511,0.115707
5,355,2511,0.114100
5,355,2511,0.114125
5,355,2511,0.113601
5,356,2512,0.118172
5,356,2512,0.117386
5,356,2512,0.118532
5,356,2512,0.117263
5,356,2512,0.115145
5,356,2512,0.116775
5,356,2512,0.117754
5,356,2512,0.116689
5,357,2513,0.111403
5,357,2513,0.115738
5,357,2513,0.114936
5,357,2513,0.120476
5,357,2513,0.118501
5,357,2513,0.113790
5,357,2513,0.112877
5,357,2513,0.114184
5,358,2514,0.111471
5,358,2514,0.120134
5,358,2514,0.115521
5,358,2514,0.117161
5,358,2514,0.113098
5,358,2514,0.112226
5,358,2514,0.120028
5,358,2514,0.116849
5,359,2515,0.110152
5,359,2515,0.112359
5,359,2515,0.113314
5,359,2515,0.114793
5,359,2515,0.111916
5,359,2515,0.112156
5,359,2515,0.113248
5,359,2515,0.110157
5,360,2516,0.113866
5,360,2516,0.117964
5,360,2516,0.113271
5,360,2516,0.113257
5,360,2516,0.114140
5,360,2516,0.117342
5,360,2516,0.113361
5,360,2516,0.115731
5,361,2517,0.109978
5,361,2517,0.113865
5,361,2517,0.115752
5,361,2517,0.116207
5,361,2517,0.111916
5,361,2517,0.113134
5,361,2517,0.115409
5,361,2517,0.115551
5,362,2518,0.116456
5,362,2518,0.118281
5,362,2518,0.115222
5,362,2518,0.113777
5,362,2518,0.115812
5,362,2518,0.113913
5,362,2518,0.112246
5,362,2518,0.112125
5,363,2519,0.118866
5,363,2519,0.115247
5,363,2519,0.116195
5,363,2519,0.116747
5,363,2519,0.113589
5,363,2519,0.112972
5,363,2519,0.112867
5,363,2519,0.113941
5,364,2520,0.112885
5,364,2520,0.112861
5,364,2520,0.117311
5,364,2520,0.115463
5,364,2520,0.113701
5,364,2520,0.114887
5,364,2520,0.114763
5,364,2520,0.114434
5,365,2521,0.115212
5,365,2521,0.113909
5,365,2521,0.115138
5,365,2521,0.117107
5,365,2521,0.112473
5,365,2521,0.114736
5,365,2521,0.114527
5,365,2521,0.112174
5,366,2522,0.112658
5,366,2522,0.111788
5,366,2522,0.113354
5,366,2522,0.111733
5,366,2522,0.115821
5,366,2522,0.114363
5,366,2522,0.112065
5,366,2522,0.115419
5,367,2523,0.116030
5,367,2523,0.114945
5,367,2523,0.115011
5,367,2523,0.112789
5,367,2523,0.115412
5,367,2523,0.117913
5,367,2523,0.114273
5,367,2523,0.118684
5,368,2524,0.113481
5,368,2524,0.111949
5,368,2524,0.115063
5,368,2524,0.115212
5,368,2524,0.109396
5,368,2524,0.119873
5,368,2524,0.112637
5,368,2524,0.116330
5,369,2525,0.113355
5,369,2525,0.115900
5,369,2525,0.113729
5,369,2525,0.113545
5,369,2525,0.120261
5,369,2525,0.112744
5,369,2525,0.118033
5,369,2525,0.114184
5,370,2526,0.113032
5,370,2526,0.116202
5,370,2526,0.111943
5,370,2526,0.114417
5,370,2526,0.114442
5,370,2526,0.116913
5,370,2526,0.113266
5,370,2526,0.113987
5,371,2527,0.117200
5,371,2527,0.116492
5,371,2527,0.115196
5,371,2527,0.118706
5,371,2527,0.114296
5,371,2527,0.112723
5,371,2527,0.117043
5,371,2527,0.117259
5,372,2528,0.110849
5,372,2528,0.114419
5,372,2528,0.115977
5,372,2528,0.112615
5,372,2528,0.115552
5,372,2528,0.114968
5,372,2528,0.115611
5,372,2528,0.111097
5,373,2529,0.113639
5,373,2529,0.113490
5,373,2529,0.114235
5,373,2529,0.110650
5,373,2529,0.114701
5,373,2529,0.109929
5,373,2529,0.116287
5,373,2529,0.112030
5,374,2530,0.112988
5,374,2530,0.114921
5,374,2530,0.113233
5,374,2530,0.113810
5,374,2530,0.111988
5,374,2530,0.113196
5,374,2530,0.115013
5,374,2530,0.114122
5,375,2531,0.115292
5,375,2531,0.113208
5,375,2531,0.113771
5,375,2531,0.114667
5,375,2531,0.118700
5,375,2531,0.112279
5,375,2531,0.116538
5,375,2531,0.115635
5,376,2532,0.116309
5,376,2532,0.117356
5,376,2532,0.114138
5,376,2532,0.111840
5,376,2532,0.115853
5,376,2532,0.115891
5,376,2532,0.113069
5,376,2532,0.112796
5,377,2533,0.113479
5,377,2533,0.112581
5,377,2533,0.117442
5,377,2533,0.114801
5,377,2533,0.115974
5,377,2533,0.114943
5,377,2533,0.114611
5,377,2533,0.113566
5,378,2534,0.113796
5,378,2534,0.113186
5,378,2534,0.116670
5,378,2534,0.122092
5,378,2534,0.114397
5,378,2534,0.111654
5,378,2534,0.112909
5,378,2534,0.114848
5,379,2535,0.115108
5,379,2535,0.111000
5,379,2535,0.121677
5,379,2535,0.116287
5,379,2535,0.112885
5,379,2535,0.112440
5,379,2535,0.116928
5,379,2535,0.113677
5,380,2536,0.114784
5,380,2536,0.116415
5,380,2536,0.110696
5,380,2536,0.114591
5,380,2536,0.117924
5,380,2536,0.111517
5,380,2536,0.114970
5,380,2536,0.118283
5,381,2537,0.112760
5,381,2537,0.116987
5,381,2537,0.113821
5,381,2537,0.114473
5,381,2537,0.114661
5,381,2537,0.117316
5,381,2537,0.113505
5,381,2537,0.115094
5,382,2538,0.112810
5,382,2538,0.123410
5,382,2538,0.114890
5,382,2538,0.112528
5,382,2538,0.114776
5,382,2538,0.115257
5,382,2538,0.113597
5,382,2538,0.115236
5,383,2539,0.114587
5,383,2539,0.115726
5,383,2539,0.110672
5,383,2539,0.113916
5,383,2539,0.111699
5,383,2539,0.113390
5,383,2539,0.115786
5,383,2539,0.116162
5,384,2540,0.115999
5,384,2540,0.111263
5,384,2540,0.109847
5,384,2540,0.112711
5,384,2540,0.111571
5,384,2540,0.116197
5,384,2540,0.113851
5,384,2540,0.115570
5,385,2541,0.115946
5,385,2541,0.112880
5,385,2541,0.112072
5,385,2541,0.114751
5,385,2541,0.114847
5,385,2541,0.111340
5,385,2541,0.117458
5,385,2541,0.113685
5,386,2542,0.118466
5,386,2542,0.111352
5,386,2542,0.114786
5,386,2542,0.109639
5,386,2542,0.110424
5,386,2542,0.113904
5,386,2542,0.110528
5,386,2542,0.114035
5,387,2543,0.113507
5,387,2543,0.115331
5,387,2543,0.116539
5,387,2543,0.115621
5,387,2543,0.110571
5,387,2543,0.113447
5,387,2543,0.115913
5,387,2543,0.110388
5,388,2544,0.119883
5,388,2544,0.114001
5,388,2544,0.113436
5,388,2544,0.115747
5,388,2544,0.111948
5,388,2544,0.112538
5,388,2544,0.116522
5,388,2544,0.113286
5,389,2545,0.110040
5,389,2545,0.116576
5,389,2545,0.113371
5,389,2545,0.118291
5,389,2545,0.114098
5,389,2545,0.112438
5,389,2545,0.113205
5,389,2545,0.112951
5,390,2546,0.112338
5,390,2546,0.114245
5,390,2546,0.113227
5,390,2546,0.113804
5,390,2546,0.115017
5,390,2546,0.112173
5,390,2546,0.117004
5,390,2546,0.115876
5,391,2547,0.114632
5,391,2547,0.114564
5,391,2547,0.115722
5,391,2547,0.112837
5,391,2547,0.114751
5,391,2547,0.113831
5,391,2547,0.115084
5,391,2547,0.113764
5,392,2548,0.108463
5,392,2548,0.112338
5,392,2548,0.114279
5,392,2548,0.118966
5,392,2548,0.117282
5,392,2548,0.117668
5,392,2548,0.115515
5,392,2548,0.114521
5,393,2549,0.117149
5,393,2549,0.120536
5,393,2549,0.117760
5,393,2549,0.119609
5,393,2549,0.114298
5,393,2549,0.113580
5,393,2549,0.110119
5,393,2549,0.114909
5,394,2550,0.113411
5,394,2550,0.115756
5,394,2550,0.112849
5,394,2550,0.115462
5,394,2550,0.114974
5,394,2550,0.113564
5,394,2550,0.114243
5,394,2550,0.114413
5,395,2551,0.111110
5,395,2551,0.118944
5,395,2551,0.113365
5,395,2551,0.111115
5,395,2551,0.111171
5,395,2551,0.116331
5,395,2551,0.115209
5,395,2551,0.118268
5,396,2552,0.113881
5,396,2552,0.118479
5,396,2552,0.112881
5,396,2552,0.113403
5,396,2552,0.112950
5,396,2552,0.113561
5,396,2552,0.109858
5,396,2552,0.115090
5,397,2553,0.113790
5,397,2553,0.114138
5,397,2553,0.116064
5,397,2553,0.113112
5,397,2553,0.114960
5,397,2553,0.112451
5,397,2553,0.119970
5,397,2553,0.113124
5,398,2554,0.114864
5,398,2554,0.114274
5,398,2554,0.118267
5,398,2554,0.112514
5,398,2554,0.114421
5,398,2554,0.113976
5,398,2554,0.115650
5,398,2554,0.112379
5,399,2555,0.109290
5,399,2555,0.115905
5,399,2555,0.111891
5,399,2555,0.118229
5,399,2555,0.116153
5,399,2555,0.113909
5,399,2555,0.110100
5,399,2555,0.112953
5,400,2556,0.114447
5,400,2556,0.118632
5,400,2556,0.117015
5,400,2556,0.113791
5,400,2556,0.115005
5,400,2556,0.112592
5,400,2556,0.114917
5,400,2556,0.113593
5,401,2557,0.113079
5,401,2557,0.113482
5,401,2557,0.116867
5,401,2557,0.116700
5,401,2557,0.122359
5,401,2557,0.115839
5,401,2557,0.112935
5,401,2557,0.116044
5,402,2558,0.111431
5,402,2558,0.114776
5,402,2558,0.117189
5,402,2558,0.109766
5,402,2558,0.112549
5,402,2558,0.118959
5,402,2558,0.115525
5,402,2558,0.111587
5,403,2559,0.116904
5,403,2559,0.112735
5,403,2559,0.114305
5,403,2559,0.112701
5,403,2559,0.114660
5,403,2559,0.114179
5,403,2559,0.116751
5,403,2559,0.111512
5,404,2560,0.115227
5,404,2560,0.113612
5,404,2560,0.111952
5,404,2560,0.116995
5,404,2560,0.113913
5,404,2560,0.116818
5,404,2560,0.115622
5,404,2560,0.114637
5,405,2561,0.114188
5,405,2561,0.113086
5,405,2561,0.113980
5,405,2561,0.112922
5,405,2561,0.116076
5,405,2561,0.112116
5,405,2561,0.115177
5,405,2561,0.113022
5,406,2562,0.116553
5,406,2562,0.113075
5,406,2562,0.111444
5,406,2562,0.112794
5,406,2562,0.110184
5,406,2562,0.115120
5,406,2562,0.112111
5,406,2562,0.112665
5,407,2563,0.111012
5,407,2563,0.112856
5,407,2563,0.110770
5,407,2563,0.117775
5,407,2563,0.115187
5,407,2563,0.113750
5,407,2563,0.114808
5,407,2563,0.112286
5,408,2564,0.113911
5,408,2564,0.113672
5,408,2564,0.118511
5,408,2564,0.117559
5,408,2564,0.111077
5,408,2564,0.114096
5,408,2564,0.115514
5,408,2564,0.112299
5,409,2565,0.115036
5,409,2565,0.117308
5,409,2565,0.112872
5,409,2565,0.109824
5,409,2565,0.115372
5,409,2565,0.119573
5,409,2565,0.112912
5,409,2565,0.114637
5,410,2566,0.113496
5,410,2566,0.115537
5,410,2566,0.111322
5,410,2566,0.113869
5,410,2566,0.113055
5,410,2566,0.107435
5,410,2566,0.112347
5,410,2566,0.116176
5,411,2567,0.117419
5,411,2567,0.116964
5,411,2567,0.115966
5,411,2567,0.113434
5,411,2567,0.114467
5,411,2567,0.112148
5,411,2567,0.114929
5,411,2567,0.112679
5,412,2568,0.116168
5,412,2568,0.110945
5,412,2568,0.112126
5,412,2568,0.114249
5,412,2568,0.113559
5,412,2568,0.114617
5,412,2568,0.111141
5,412,2568,0.111605
5,413,2569,0.118113
5,413,2569,0.113557
5,413,2569,0.113088
5,413,2569,0.116312
5,413,2569,0.117271
5,413,2569,0.113643
5,413,2569,0.114895
5,413,2569,0.114299
5,414,2570,0.112617
5,414,2570,0.115606
5,414,2570,0.113425
5,414,2570,0.112398
5,414,2570,0.115201
5,414,2570,0.119074
5,414,2570,0.112551
5,414,2570,0.117786
5,415,2571,0.111589
5,415,2571,0.111823
5,415,2571,0.111410
5,415,2571,0.111944
5,415,2571,0.114858
5,415,2571,0.114842
5,415,2571,0.113125
5,415,2571,0.114011
5,416,2572,0.111243
5,416,2572,0.114434
5,416,2572,0.114645
5,416,2572,0.116359
5,416,2572,0.110719
5,416,2572,0.113954
5,416,2572,0.115482
5,416,2572,0.116823
5,417,2573,0.115016
5,417,2573,0.113172
5,417,2573,0.113121
5,417,2573,0.111612
5,417,2573,0.114742
5,417,2573,0.113908
5,417,2573,0.115258
5,417,2573,0.111947
5,418,2574,0.111804
5,418,2574,0.114570
5,418,2574,0.114733
5,418,2574,0.114408
5,418,2574,0.114555
5,418,2574,0.110072
5,418,2574,0.111037
5,418,2574,0.116940
5,419,2575,0.114911
5,419,2575,0.115304
5,419,2575,0.112678
5,419,2575,0.117660
5,419,2575,0.114380
5,419,2575,0.112519
5,419,2575,0.115125
5,419,2575,0.116949
5,420,2576,0.110720
5,420,2576,0.112006
5,420,2576,0.113028
5,420,2576,0.113524
5,420,2576,0.117626
5,420,2576,0.114969
5,420,2576,0.114808
5,420,2576,0.113516
5,421,2577,0.112693
5,421,2577,0.113508
5,421,2577,0.111413
5,421,2577,0.113357
5,421,2577,0.113679
5,421,2577,0.112130
5,421,2577,0.113092
5,421,2577,0.111967
5,422,2578,0.113028
5,422,2578,0.113791
5,422,2578,0.111616
5,422,2578,0.111990
5,422,2578,0.109571
5,422,2578,0.112263
5,422,2578,0.113737
5,422,2578,0.114648
5,423,2579,0.115177
5,423,2579,0.113959
5,423,2579,0.114030
5,423,2579,0.111803
5,423,2579,0.116480
5,423,2579,0.117845
5,423,2579,0.113539
5,423,2579,0.114165
5,424,2580,0.114379
5,424,2580,0.116677
5,424,2580,0.118182
5,424,2580,0.113754
5,424,2580,0.112052
5,424,2580,0.114778
5,424,2580,0.117299
5,424,2580,0.115896
5,425,2581,0.112412
5,425,2581,0.112748
5,425,2581,0.113721
5,425,2581,0.113984
5,425,2581,0.117500
5,425,2581,0.115435
5,425,2581,0.117842
5,425,2581,0.118522
5,426,2582,0.114842
5,426,2582,0.113625
5,426,2582,0.117284
5,426,2582,0.115317
5,426,2582,0.116308
5,426,2582,0.113445
5,426,2582,0.112927
5,426,2582,0.116172
5,427,2583,0.115048
5,427,2583,0.111698
5,427,2583,0.118263
5,427,2583,0.116637
5,427,2583,0.113232
5,427,2583,0.114018
5,427,2583,0.116661
5,427,2583,0.118714
5,428,2584,0.118646
5,428,2584,0.112011
5,428,2584,0.114359
5,428,2584,0.114913
5,428,2584,0.114433
5,428,2584,0.113033
5,428,2584,0.111257
5,428,2584,0.114644
5,429,2585,0.114184
5,429,2585,0.112857
5,429,2585,0.115388
5,429,2585,0.113183
5,429,2585,0.112358
5,429,2585,0.114848
5,429,2585,0.113327
5,429,2585,0.111947
5,430,2586,0.113718
5,430,2586,0.115112
5,430,2586,0.114878
5,430,2586,0.114524
5,430,2586,0.115979
5,430,2586,0.114505
5,430,2586,0.114936
5,430,2586,0.113936
5,431,2587,0.113023
5,431,2587,0.119783
5,431,2587,0.111672
5,431,2587,0.121219
5,431,2587,0.117517
5,431,2587,0.113632
5,431,2587,0.111707
5,431,2587,0.115712
5,432,2588,0.111900
5,432,2588,0.114944
5,432,2588,0.113401
5,432,2588,0.114996
5,432,2588,0.113976
5,432,2588,0.114144
5,432,2588,0.114693
5,432,2588,0.115389
5,433,2589,0.117759
5,433,2589,0.113929
5,433,2589,0.114777
5,433,2589,0.114760
5,433,2589,0.114934
5,433,2589,0.113650
5,433,2589,0.116067
5,433,2589,0.115846
5,434,2590,0.112480
5,434,2590,0.118336
5,434,2590,0.113680
5,434,2590,0.112973
5,434,2590,0.118807
5,434,2590,0.115381
5,434,2590,0.113437
5,434,2590,0.116114
5,435,2591,0.113562
5,435,2591,0.114166
5,435,2591,0.115977
5,435,2591,0.115558
5,435,2591,0.113888
5,435,2591,0.115683
5,435,2591,0.109950
5,435,2591,0.114262
5,436,2592,0.115438
5,436,2592,0.111692
5,436,2592,0.113990
5,436,2592,0.116085
5,436,2592,0.116035
5,436,2592,0.112338
5,436,2592,0.113929
5,436,2592,0.116381
5,437,2593,0.115363
5,437,2593,0.119275
5,437,2593,0.120315
5,437,2593,0.112759
5,437,2593,0.113989
5,437,2593,0.112843
5,437,2593,0.116390
5,437,2593,0.114306
5,438,2594,0.110536
5,438,2594,0.112278
5,438,2594,0.115215
5,438,2594,0.112547
5,438,2594,0.113883
5,438,2594,0.113679
5,438,2594,0.116099
5,438,2594,0.114753
5,439,2595,0.112957
5,439,2595,0.114631
5,439,2595,0.115199
5,439,2595,0.115180
5,439,2595,0.116715
5,439,2595,0.114548
5,439,2595,0.112310
5,439,2595,0.113065
5,440,2596,0.119342
5,440,2596,0.112265
5,440,2596,0.115590
5,440,2596,0.112424
5,440,2596,0.111752
5,440,2596,0.113007
5,440,2596,0.118583
5,440,2596,0.112025
5,441,2597,0.111797
5,441,2597,0.113776
5,441,2597,0.111698
5,441,2597,0.119397
5,441,2597,0.115848
5,441,2597,0.113026
5,441,2597,0.113338
5,441,2597,0.115405
5,442,2598,0.114489
5,442,2598,0.114861
5,442,2598,0.116177
5,442,2598,0.115858
5,442,2598,0.115389
5,442,2598,0.115288
5,442,2598,0.115403
5,442,2598,0.114777
5,443,2599,0.115852
5,443,2599,0.109037
5,443,2599,0.115230
5,443,2599,0.115242
5,443,2599,0.112914
5,443,2599,0.114547
5,443,2599,0.112791
5,443,2599,0.116082
5,444,2600,0.116617
5,444,2600,0.111166
5,444,2600,0.119237
5,444,2600,0.113502
5,444,2600,0.114300
5,444,2600,0.121294
5,444,2600,0.111975
5,444,2600,0.113988
5,445,2601,0.111904
5,445,2601,0.112425
5,445,2601,0.115006
5,445,2601,0.115281
5,445,2601,0.112027
5,445,2601,0.113897
5,445,2601,0.117398
5,445,2601,0.114849
5,446,2602,0.114213
5,446,2602,0.117178
5,446,2602,0.115034
5,446,2602,0.111605
5,446,2602,0.111829
5,446,2602,0.117337
5,446,2602,0.111981
5,446,2602,0.115381
5,447,2603,0.114977
5,447,2603,0.114448
5,447,2603,0.111414
5,447,2603,0.115211
5,447,2603,0.113122
5,447,2603,0.112723
5,447,2603,0.115408
5,447,2603,0.114187
5,448,2604,0.114712
5,448,2604,0.114648
5,448,2604,0.114404
5,448,2604,0.110766
5,448,2604,0.111723
5,448,2604,0.111278
5,448,2604,0.118175
5,448,2604,0.118731
5,449,2605,0.117081
5,449,2605,0.121538
5,449,2605,0.115958
5,449,2605,0.113318
5,449,2605,0.122641
5,449,2605,0.121078
5,449,2605,0.114546
5,449,2605,0.112259
5,450,2606,0.113931
5,450,2606,0.115839
5,450,2606,0.111334
5,450,2606,0.113875
5,450,2606,0.115663
5,450,2606,0.118407
5,450,2606,0.113004
5,450,2606,0.112027
5,451,2607,0.110725
5,451,2607,0.117376
5,451,2607,0.116546
5,451,2607,0.113269
5,451,2607,0.114143
5,451,2607,0.113647
5,451,2607,0.113750
5,451,2607,0.114274
5,452,2608,0.113733
5,452,2608,0.112997
5,452,2608,0.111845
5,452,2608,0.118646
5,452,2608,0.113163
5,452,2608,0.111144
5,452,2608,0.111711
5,452,2608,0.114942
5,453,2609,0.115510
5,453,2609,0.112636
5,453,2609,0.112432
5,453,2609,0.114317
5,453,2609,0.111369
5,453,2609,0.112501
5,453,2609,0.117046
5,453,2609,0.115146
5,454,2610,0.116288
5,454,2610,0.114529
5,454,2610,0.113842
5,454,2610,0.116863
5,454,2610,0.121505
5,454,2610,0.116162
5,454,2610,0.117602
5,454,2610,0.111013
5,455,2611,0.111857
5,455,2611,0.113533
5,455,2611,0.112829
5,455,2611,0.113821
5,455,2611,0.117772
5,455,2611,0.111777
5,455,2611,0.115489
5,455,2611,0.117551
5,456,2612,0.114722
5,456,2612,0.116417
5,456,2612,0.114594
5,456,2612,0.114902
5,456,2612,0.117184
5,456,2612,0.110854
5,456,2612,0.118415
5,456,2612,0.117594
5,457,2613,0.116634
5,457,2613,0.112476
5,457,2613,0.112605
5,457,2613,0.113095
5,457,2613,0.113280
5,457,2613,0.118430
5,457,2613,0.115725
5,457,2613,0.113325
5,458,2614,0.108134
5,458,2614,0.116005
5,458,2614,0.116567
5,458,2614,0.112472
5,458,2614,0.122428
5,458,2614,0.113227
5,458,2614,0.112016
5,458,2614,0.110792
5,459,2615,0.114916
5,459,2615,0.114730
5,459,2615,0.113365
5,459,2615,0.112333
5,459,2615,0.114020
5,459,2615,0.112100
5,459,2615,0.113169
5,459,2615,0.115419
5,460,2616,0.117847
5,460,2616,0.113321
5,460,2616,0.110817
5,460,2616,0.113588
5,460,2616,0.116830
5,460,2616,0.112253
5,460,2616,0.116917
5,460,2616,0.111837
5,461,2617,0.111971
5,461,2617,0.113432
5,461,2617,0.113959
5,461,2617,0.117139
5,461,2617,0.112856
5,461,2617,0.117582
5,461,2617,0.121432
5,461,2617,0.111840
5,462,2618,0.113978
5,462,2618,0.112927
5,462,2618,0.112810
5,462,2618,0.115903
5,462,2618,0.113238
5,462,2618,0.113386
5,462,2618,0.116253
5,462,2618,0.114478
5,463,2619,0.111240
5,463,2619,0.111692
5,463,2619,0.115047
5,463,2619,0.111925
5,463,2619,0.118407
5,463,2619,0.111586
5,463,2619,0.115019
5,463,2619,0.115726
5,464,2620,0.112526
5,464,2620,0.114932
5,464,2620,0.116888
5,464,2620,0.113331
5,464,2620,0.117772
5,464,2620,0.110123
5,464,2620,0.112021
5,464,2620,0.116535
5,465,2621,0.114052
5,465,2621,0.111571
5,465,2621,0.111536
5,465,2621,0.109805
5,465,2621,0.114118
5,465,2621,0.111340
5,465,2621,0.114019
5,465,2621,0.116272
5,466,2622,0.119661
5,466,2622,0.111453
5,466,2622,0.116383
5,466,2622,0.114312
5,466,2622,0.115313
5,466,2622,0.115185
5,466,2622,0.112116
5,466,2622,0.111557
5,467,2623,0.112017
5,467,2623,0.114674
5,467,2623,0.114965
5,467,2623,0.115328
5,467,2623,0.111687
5,467,2623,0.116024
5,467,2623,0.111753
5,467,2623,0.113210
5,468,2624,0.112397
5,468,2624,0.115985
5,468,2624,0.116467
5,468,2624,0.113533
5,468,2624,0.111345
5,468,2624,0.113835
5,468,2624,0.115878
5,468,2624,0.113802
5,469,2625,0.111296
5,469,2625,0.115940
5,469,2625,0.111439
5,469,2625,0.111848
5,469,2625,0.117725
5,469,2625,0.111552
5,469,2625,0.111185
5,469,2625,0.112080
5,470,2626,0.115190
5,470,2626,0.121631
5,470,2626,0.111586
5,470,2626,0.114437
5,470,2626,0.116048
5,470,2626,0.115259
5,470,2626,0.120259
5,470,2626,0.114955
5,471,2627,0.115540
5,471,2627,0.115311
5,471,2627,0.113593
5,471,2627,0.121742
5,471,2627,0.110864
5,471,2627,0.116805
5,471,2627,0.114722
5,471,2627,0.113524
5,472,2628,0.113654
5,472,2628,0.116494
5,472,2628,0.112595
5,472,2628,0.113898
5,472,2628,0.114927
5,472,2628,0.109896
5,472,2628,0.114762
5,472,2628,0.111742
5,473,2629,0.110877
5,473,2629,0.109692
5,473,2629,0.115204
5,473,2629,0.117695
5,473,2629,0.115280
5,473,2629,0.114145
5,473,2629,0.113959
5,473,2629,0.115139
5,474,2630,0.115511
5,474,2630,0.113945
5,474,2630,0.115933
5,474,2630,0.112473
5,474,2630,0.117868
5,474,2630,0.112499
5,474,2630,0.113403
5,474,2630,0.115903
5,475,2631,0.116679
5,475,2631,0.115915
5,475,2631,0.118049
5,475,2631,0.117167
5,475,2631,0.120988
5,475,2631,0.115085
5,475,2631,0.114954
5,475,2631,0.110838
5,476,2632,0.113851
5,476,2632,0.118393
5,476,2632,0.115919
5,476,2632,0.112296
5,476,2632,0.113029
5,476,2632,0.115079
5,476,2632,0.112558
5,476,2632,0.112841
5,477,2633,0.112473
5,477,2633,0.119376
5,477,2633,0.115154
5,477,2633,0.114339
5,477,2633,0.114550
5,477,2633,0.115439
5,477,2633,0.114544
5,477,2633,0.112297
5,478,2634,0.112562
5,478,2634,0.112890
5,478,2634,0.111321
5,478,2634,0.115354
5,478,2634,0.113536
5,478,2634,0.117016
5,478,2634,0.117483
5,478,2634,0.112587
5,479,2635,0.114361
5,479,2635,0.111965
5,479,2635,0.115241
5,479,2635,0.115143
5,479,2635,0.116537
5,479,2635,0.115913
5,479,2635,0.111903
5,479,2635,0.115244
5,480,2636,0.113682
5,480,2636,0.115032
5,480,2636,0.114461
5,480,2636,0.111920
5,480,2636,0.114166
5,480,2636,0.113526
5,480,2636,0.112830
5,480,2636,0.114776
5,481,2637,0.114390
5,481,2637,0.114410
5,481,2637,0.113441
5,481,2637,0.113942
5,481,2637,0.116475
5,481,2637,0.114844
5,481,2637,0.118084
5,481,2637,0.111901
5,482,2638,0.115173
5,482,2638,0.114376
5,482,2638,0.116398
5,482,2638,0.120681
5,482,2638,0.112657
5,482,2638,0.115994
5,482,2638,0.116294
5,482,2638,0.112051
5,483,2639,0.115549
5,483,2639,0.114148
5,483,2639,0.114910
5,483,2639,0.111551
5,483,2639,0.113930
5,483,2639,0.116469
5,483,2639,0.116959
5,483,2639,0.115081
5,484,2640,0.115229
5,484,2640,0.113912
5,484,2640,0.115534
5,484,2640,0.113929
5,484,2640,0.114569
5,484,2640,0.114193
5,484,2640,0.112599
5,484,2640,0.112758
5,485,2641,0.116273
5,485,2641,0.113316
5,485,2641,0.112492
5,485,2641,0.114262
5,485,2641,0.121254
5,485,2641,0.114309
5,485,2641,0.111873
5,485,2641,0.111935
5,486,2642,0.113041
5,486,2642,0.115015
5,486,2642,0.116908
5,486,2642,0.113736
5,486,2642,0.116254
5,486,2642,0.110089
5,486,2642,0.111634
5,486,2642,0.115681
5,487,2643,0.114026
5,487,2643,0.115118
5,487,2643,0.110576
5,487,2643,0.109584
5,487,2643,0.116660
5,487,2643,0.113013
5,487,2643,0.113808
5,487,2643,0.116751
5,488,2644,0.112708
5,488,2644,0.119306
5,488,2644,0.114755
5,488,2644,0.116154
5,488,2644,0.115468
5,488,2644,0.114020
5,488,2644,0.113655
5,488,2644,0.115808
5,489,2645,0.115997
5,489,2645,0.116346
5,489,2645,0.115926
5,489,2645,0.116649
5,489,2645,0.120419
5,489,2645,0.118336
5,489,2645,0.115615
5,489,2645,0.113310
5,490,2646,0.114353
5,490,2646,0.112433
5,490,2646,0.113990
5,490,2646,0.113405
5,490,2646,0.115922
5,490,2646,0.111536
5,490,2646,0.113212
5,490,2646,0.113544
5,491,2647,0.114122
5,491,2647,0.114617
5,491,2647,0.113378
5,491,2647,0.113175
5,491,2647,0.113794
5,491,2647,0.117579
5,491,2647,0.116391
5,491,2647,0.114586
5,492,2648,0.111041
5,492,2648,0.114049
5,492,2648,0.112580
5,492,2648,0.123472
5,492,2648,0.113330
5,492,2648,0.116909
5,492,2648,0.112801
5,492,2648,0.119208
5,493,2649,0.114111
5,493,2649,0.112621
5,493,2649,0.114704
5,493,2649,0.115452
5,493,2649,0.112960
5,493,2649,0.118718
5,493,2649,0.118109
5,493,2649,0.115040
5,494,2650,0.112527
5,494,2650,0.118334
5,494,2650,0.112473
5,494,2650,0.112897
5,494,2650,0.115132
5,494,2650,0.113990
5,494,2650,0.115319
5,494,2650,0.113226
5,495,2651,0.112637
5,495,2651,0.122093
5,495,2651,0.118089
5,495,2651,0.111996
5,495,2651,0.114794
5,495,2651,0.113763
5,495,2651,0.114480
5,495,2651,0.118544
5,496,2652,0.115167
5,496,2652,0.113459
5,496,2652,0.111568
5,496,2652,0.111456
5,496,2652,0.111060
5,496,2652,0.115238
5,496,2652,0.117320
5,496,2652,0.113563
5,497,2653,0.113593
5,497,2653,0.113427
5,497,2653,0.116132
5,497,2653,0.110690
5,497,2653,0.112747
5,497,2653,0.114176
5,497,2653,0.115691
5,497,2653,0.112873
5,498,2654,0.112943
5,498,2654,0.115040
5,498,2654,0.114990
5,498,2654,0.111762
5,498,2654,0.114065
5,498,2654,0.114226
5,498,2654,0.112928
5,498,2654,0.114979
5,499,2655,0.115400
5,499,2655,0.114054
5,499,2655,0.109607
5,499,2655,0.115485
5,499,2655,0.115883
5,499,2655,0.113258
5,499,2655,0.115688
5,499,2655,0.117925
5,500,2656,0.113411
5,500,2656,0.116878
5,500,2656,0.115998
5,500,2656,0.115780
5,500,2656,0.114944
5,500,2656,0.113712
5,500,2656,0.111503
5,500,2656,0.112118
5,501,2657,0.113938
5,501,2657,0.115891
5,501,2657,0.115609
5,501,2657,0.112331
5,501,2657,0.113739
5,501,2657,0.112586
5,501,2657,0.115935
5,501,2657,0.115770
5,502,2658,0.112086
5,502,2658,0.115577
5,502,2658,0.113663
5,502,2658,0.113325
5,502,2658,0.117078
5,502,2658,0.114953
5,502,2658,0.115730
5,502,2658,0.119074
5,503,2659,0.114075
5,503,2659,0.112457
5,503,2659,0.114611
5,503,2659,0.113224
5,503,2659,0.112982
5,503,2659,0.113561
5,503,2659,0.114376
5,503,2659,0.112205
5,504,2660,0.113592
5,504,2660,0.113664
5,504,2660,0.111742
5,504,2660,0.116393
5,504,2660,0.112272
5,504,2660,0.114041
5,504,2660,0.118586
5,504,2660,0.111392
5,505,2661,0.113660
5,505,2661,0.114938
5,505,2661,0.115601
5,505,2661,0.114986
5,505,2661,0.123570
5,505,2661,0.114838
5,505,2661,0.112983
5,505,2661,0.112384
5,506,2662,0.112413
5,506,2662,0.113711
5,506,2662,0.114539
5,506,2662,0.113818
5,506,2662,0.113523
5,506,2662,0.115728
5,506,2662,0.115831
5,506,2662,0.120667
5,507,2663,0.112830
5,507,2663,0.113441
5,507,2663,0.111936
5,507,2663,0.116080
5,507,2663,0.117546
5,507,2663,0.113552
5,507,2663,0.112939
5,507,2663,0.113293
5,508,2664,0.117108
5,508,2664,0.118625
5,508,2664,0.113710
5,508,2664,0.115023
5,508,2664,0.121972
5,508,2664,0.118279
5,508,2664,0.114957
5,508,2664,0.118391
5,509,2665,0.115159
5,509,2665,0.115007
5,509,2665,0.112432
5,509,2665,0.113412
5,509,2665,0.114911
5,509,2665,0.112907
5,509,2665,0.113299
5,509,2665,0.115008
5,510,2666,0.113760
5,510,2666,0.113015
5,510,2666,0.114599
5,510,2666,0.113398
5,510,2666,0.114344
5,510,2666,0.117645
5,510,2666,0.111130
5,510,2666,0.111392
5,511,2667,0.114240
5,511,2667,0.119000
5,511,2667,0.113184
5,511,2667,0.114956
5,511,2667,0.114111
5,511,2667,0.113715
5,511,2667,0.117230
5,511,2667,0.113494
5,512,2668,0.115514
5,512,2668,0.116058
5,512,2668,0.113482
5,512,2668,0.117995
5,512,2668,0.116216
5,512,2668,0.110909
5,512,2668,0.116337
5,512,2668,0.112637
5,513,2669,0.115063
5,513,2669,0.115226
5,513,2669,0.119787
5,513,2669,0.114703
5,513,2669,0.113971
5,513,2669,0.116481
5,513,2669,0.117944
5,513,2669,0.109486
5,514,2670,0.117690
5,514,2670,0.115212
5,514,2670,0.111326
5,514,2670,0.114156
5,514,2670,0.113629
5,514,2670,0.115650
5,514,2670,0.117377
5,514,2670,0.114552
5,515,2671,0.113759
5,515,2671,0.114266
5,515,2671,0.113229
5,515,2671,0.122502
5,515,2671,0.112582
5,515,2671,0.118396
5,515,2671,0.110709
5,515,2671,0.115726
5,516,2672,0.112172
5,516,2672,0.113923
5,516,2672,0.115127
5,516,2672,0.111201
5,516,2672,0.110814
5,516,2672,0.114129
5,516,2672,0.115805
5,516,2672,0.113407
5,517,2673,0.113162
5,517,2673,0.113599
5,517,2673,0.116986
5,517,2673,0.116372
5,517,2673,0.112314
5,517,2673,0.113326
5,517,2673,0.118021
5,517,2673,0.115571
5,518,2674,0.114707
5,518,2674,0.114279
5,518,2674,0.113054
5,518,2674,0.112012
5,518,2674,0.114713
5,518,2674,0.117024
5,518,2674,0.116699
5,518,2674,0.117527
5,519,2675,0.111418
5,519,2675,0.115665
5,519,2675,0.115423
5,519,2675,0.114677
5,519,2675,0.116190
5,519,2675,0.113462
5,519,2675,0.114408
5,519,2675,0.112559
5,520,2676,0.110817
5,520,2676,0.118890
5,520,2676,0.111706
5,520,2676,0.111120
5,520,2676,0.116050
5,520,2676,0.114268
5,520,2676,0.116785
5,520,2676,0.112884
5,521,2677,0.112871
5,521,2677,0.119458
5,521,2677,0.115677
5,521,2677,0.113398
5,521,2677,0.114080
5,521,2677,0.114073
5,521,2677,0.111974
5,521,2677,0.112440
5,522,2678,0.112788
5,522,2678,0.115253
5,522,2678,0.115065
5,522,2678,0.117650
5,522,2678,0.112437
5,522,2678,0.118091
5,522,2678,0.115535
5,522,2678,0.112242
5,523,2679,0.111154
5,523,2679,0.114310
5,523,2679,0.116692
5,523,2679,0.115326
5,523,2679,0.112380
5,523,2679,0.111121
5,523,2679,0.111512
5,523,2679,0.113572
5,524,2680,0.110826
5,524,2680,0.110577
5,524,2680,0.114219
5,524,2680,0.118516
5,524,2680,0.115108
5,524,2680,0.113557
5,524,2680,0.114917
5,524,2680,0.113882
5,525,2681,0.114244
5,525,2681,0.115187
5,525,2681,0.115610
5,525,2681,0.112047
5,525,2681,0.111684
5,525,2681,0.112922
5,525,2681,0.113416
5,525,2681,0.116086
5,526,2682,0.109899
5,526,2682,0.114780
5,526,2682,0.115315
5,526,2682,0.118732
5,526,2682,0.111165
5,526,2682,0.116156
5,526,2682,0.117140
5,526,2682,0.112325
5,527,2683,0.115573
5,527,2683,0.112972
5,527,2683,0.116340
5,527,2683,0.118443
5,527,2683,0.115888
5,527,2683,0.117577
5,527,2683,0.111968
5,527,2683,0.116971
5,528,2684,0.112696
5,528,2684,0.117084
5,528,2684,0.119601
5,528,2684,0.111717
5,528,2684,0.115945
5,528,2684,0.113904
5,528,2684,0.120934
5,528,2684,0.114710
5,529,2685,0.114711
5,529,2685,0.112559
5,529,2685,0.113028
5,529,2685,0.112832
5,529,2685,0.114525
5,529,2685,0.116307
5,529,2685,0.111130
5,529,2685,0.111684
5,530,2686,0.115361
5,530,2686,0.112624
5,530,2686,0.113571
5,530,2686,0.111477
5,530,2686,0.110179
5,530,2686,0.112441
5,530,2686,0.114903
5,530,2686,0.116340
5,531,2687,0.117064
5,531,2687,0.117344
5,531,2687,0.112938
5,531,2687,0.117158
5,531,2687,0.115003
5,531,2687,0.116142
5,531,2687,0.114084
5,531,2687,0.114664
5,532,2688,0.112884
5,532,2688,0.117125
5,532,2688,0.113990
5,532,2688,0.114070
5,532,2688,0.113899
5,532,2688,0.113508
5,532,2688,0.115582
5,532,2688,0.115596
5,533,2689,0.110325
5,533,2689,0.114977
5,533,2689,0.116043
5,533,2689,0.115441
5,533,2689,0.119107
5,533,2689,0.118040
5,533,2689,0.111956
5,533,2689,0.110166
5,534,2690,0.119270
5,534,2690,0.114726
5,534,2690,0.111113
5,534,2690,0.113223
5,534,2690,0.115352
5,534,2690,0.113824
5,534,2690,0.116243
5,534,2690,0.114113
5,535,2691,0.114522
5,535,2691,0.113003
5,535,2691,0.114269
5,535,2691,0.112950
5,535,2691,0.119896
5,535,2691,0.113346
5,535,2691,0.113641
5,535,2691,0.113383
5,536,2692,0.116469
5,536,2692,0.114805
5,536,2692,0.112445
5,536,2692,0.117862
5,536,2692,0.112035
5,536,2692,0.109959
5,536,2692,0.118212
5,536,2692,0.112202
5,537,2693,0.113041
5,537,2693,0.114704
5,537,2693,0.112403
5,537,2693,0.112518
5,537,2693,0.113277
5,537,2693,0.112503
5,537,2693,0.113258
5,537,2693,0.114809
5,538,2694,0.114852
5,538,2694,0.116868
5,538,2694,0.114331
5,538,2694,0.115159
5,538,2694,0.113378
5,538,2694,0.115459
5,538,2694,0.115609
5,538,2694,0.116097
5,539,2695,0.114123
5,539,2695,0.116324
5,539,2695,0.113686
5,539,2695,0.111256
5,539,2695,0.110156
5,539,2695,0.112065
5,539,2695,0.111370
5,539,2695,0.116455
